ISO-10303-21;
HEADER;
/* Generated by software containing ST-Developer
 * from STEP Tools, Inc. (www.steptools.com) 
 */

FILE_DESCRIPTION(
/* description */ (''),
/* implementation_level */ '2;1');

FILE_NAME(
/* name */ 'Hopper.step',
/* time_stamp */ '2026-02-22T13:07:09+05:30',
/* author */ (''),
/* organization */ (''),
/* preprocessor_version */ 'ST-DEVELOPER v20.1',
/* originating_system */ 'Autodesk Translation Framework v14.24.0.0',
/* authorisation */ '');

FILE_SCHEMA (('AUTOMOTIVE_DESIGN { 1 0 10303 214 3 1 1 }'));
ENDSEC;

DATA;
#10=MECHANICAL_DESIGN_GEOMETRIC_PRESENTATION_REPRESENTATION('',(#13),#2613);
#11=SHAPE_REPRESENTATION_RELATIONSHIP('SRR','None',#2620,#12);
#12=ADVANCED_BREP_SHAPE_REPRESENTATION('',(#14),#2612);
#13=STYLED_ITEM('',(#2630),#14);
#14=MANIFOLD_SOLID_BREP('Body7',#242);
#15=B_SPLINE_SURFACE_WITH_KNOTS('',3,1,((#988,#989),(#990,#991),(#992,#993),
(#994,#995),(#996,#997),(#998,#999),(#1000,#1001),(#1002,#1003),(#1004,
#1005),(#1006,#1007),(#1008,#1009),(#1010,#1011),(#1012,#1013),(#1014,#1015),
(#1016,#1017),(#1018,#1019),(#1020,#1021),(#1022,#1023),(#1024,#1025),(#1026,
#1027),(#1028,#1029),(#1030,#1031),(#1032,#1033),(#1034,#1035),(#1036,#1037),
(#1038,#1039),(#1040,#1041),(#1042,#1043),(#1044,#1045),(#1046,#1047),(#1048,
#1049),(#1050,#1051),(#1052,#1053),(#1054,#1055),(#1056,#1057),(#1058,#1059),
(#1060,#1061),(#1062,#1063),(#1064,#1065),(#1066,#1067),(#1068,#1069),(#1070,
#1071),(#1072,#1073),(#1074,#1075),(#1076,#1077),(#1078,#1079),(#1080,#1081),
(#1082,#1083),(#1084,#1085),(#1086,#1087),(#1088,#1089),(#1090,#1091),(#1092,
#1093),(#1094,#1095),(#1096,#1097),(#1098,#1099),(#1100,#1101),(#1102,#1103),
(#1104,#1105),(#1106,#1107),(#1108,#1109),(#1110,#1111),(#1112,#1113),(#1114,
#1115),(#1116,#1117),(#1118,#1119),(#1120,#1121),(#1122,#1123),(#1124,#1125)),
 .UNSPECIFIED.,.T.,.F.,.F.,(4,3,2,2,2,2,2,2,2,2,2,2,2,2,2,2,2,2,2,2,2,2,
2,2,2,2,2,2,2,2,2,2,2,4),(2,2),(-2.47554083965439,0.,2.46852447607164,2.58230608022203,
2.67115466386214,2.83880623936504,3.47433095603608,4.08822116393515,4.65521441793044,
4.89723927759309,5.36410918619699,5.7585561830867,6.12189741434853,6.46698899181929,
6.50445386189465,7.50890628889404,8.45384141431856,8.7972467165247,8.94684998568435,
9.82772223021743,10.6871631969578,11.5306274117421,12.3603051296749,13.1780294037866,
14.0254590190483,14.8775832156488,15.7041031097555,15.8303607286164,15.8687020262495,
15.9699578155078,16.3698615996027,17.4679945122037,20.5309755169675,21.0472680624427),
(0.,1.5),.UNSPECIFIED.);
#16=B_SPLINE_SURFACE_WITH_KNOTS('',3,3,((#1197,#1198,#1199,#1200,#1201,
#1202,#1203,#1204),(#1205,#1206,#1207,#1208,#1209,#1210,#1211,#1212),(#1213,
#1214,#1215,#1216,#1217,#1218,#1219,#1220),(#1221,#1222,#1223,#1224,#1225,
#1226,#1227,#1228),(#1229,#1230,#1231,#1232,#1233,#1234,#1235,#1236),(#1237,
#1238,#1239,#1240,#1241,#1242,#1243,#1244),(#1245,#1246,#1247,#1248,#1249,
#1250,#1251,#1252),(#1253,#1254,#1255,#1256,#1257,#1258,#1259,#1260),(#1261,
#1262,#1263,#1264,#1265,#1266,#1267,#1268),(#1269,#1270,#1271,#1272,#1273,
#1274,#1275,#1276),(#1277,#1278,#1279,#1280,#1281,#1282,#1283,#1284),(#1285,
#1286,#1287,#1288,#1289,#1290,#1291,#1292),(#1293,#1294,#1295,#1296,#1297,
#1298,#1299,#1300),(#1301,#1302,#1303,#1304,#1305,#1306,#1307,#1308),(#1309,
#1310,#1311,#1312,#1313,#1314,#1315,#1316),(#1317,#1318,#1319,#1320,#1321,
#1322,#1323,#1324),(#1325,#1326,#1327,#1328,#1329,#1330,#1331,#1332),(#1333,
#1334,#1335,#1336,#1337,#1338,#1339,#1340),(#1341,#1342,#1343,#1344,#1345,
#1346,#1347,#1348),(#1349,#1350,#1351,#1352,#1353,#1354,#1355,#1356),(#1357,
#1358,#1359,#1360,#1361,#1362,#1363,#1364),(#1365,#1366,#1367,#1368,#1369,
#1370,#1371,#1372),(#1373,#1374,#1375,#1376,#1377,#1378,#1379,#1380),(#1381,
#1382,#1383,#1384,#1385,#1386,#1387,#1388),(#1389,#1390,#1391,#1392,#1393,
#1394,#1395,#1396),(#1397,#1398,#1399,#1400,#1401,#1402,#1403,#1404),(#1405,
#1406,#1407,#1408,#1409,#1410,#1411,#1412),(#1413,#1414,#1415,#1416,#1417,
#1418,#1419,#1420),(#1421,#1422,#1423,#1424,#1425,#1426,#1427,#1428),(#1429,
#1430,#1431,#1432,#1433,#1434,#1435,#1436),(#1437,#1438,#1439,#1440,#1441,
#1442,#1443,#1444),(#1445,#1446,#1447,#1448,#1449,#1450,#1451,#1452),(#1453,
#1454,#1455,#1456,#1457,#1458,#1459,#1460),(#1461,#1462,#1463,#1464,#1465,
#1466,#1467,#1468),(#1469,#1470,#1471,#1472,#1473,#1474,#1475,#1476),(#1477,
#1478,#1479,#1480,#1481,#1482,#1483,#1484),(#1485,#1486,#1487,#1488,#1489,
#1490,#1491,#1492),(#1493,#1494,#1495,#1496,#1497,#1498,#1499,#1500),(#1501,
#1502,#1503,#1504,#1505,#1506,#1507,#1508),(#1509,#1510,#1511,#1512,#1513,
#1514,#1515,#1516),(#1517,#1518,#1519,#1520,#1521,#1522,#1523,#1524),(#1525,
#1526,#1527,#1528,#1529,#1530,#1531,#1532),(#1533,#1534,#1535,#1536,#1537,
#1538,#1539,#1540),(#1541,#1542,#1543,#1544,#1545,#1546,#1547,#1548),(#1549,
#1550,#1551,#1552,#1553,#1554,#1555,#1556),(#1557,#1558,#1559,#1560,#1561,
#1562,#1563,#1564),(#1565,#1566,#1567,#1568,#1569,#1570,#1571,#1572),(#1573,
#1574,#1575,#1576,#1577,#1578,#1579,#1580),(#1581,#1582,#1583,#1584,#1585,
#1586,#1587,#1588),(#1589,#1590,#1591,#1592,#1593,#1594,#1595,#1596),(#1597,
#1598,#1599,#1600,#1601,#1602,#1603,#1604),(#1605,#1606,#1607,#1608,#1609,
#1610,#1611,#1612),(#1613,#1614,#1615,#1616,#1617,#1618,#1619,#1620),(#1621,
#1622,#1623,#1624,#1625,#1626,#1627,#1628),(#1629,#1630,#1631,#1632,#1633,
#1634,#1635,#1636),(#1637,#1638,#1639,#1640,#1641,#1642,#1643,#1644),(#1645,
#1646,#1647,#1648,#1649,#1650,#1651,#1652),(#1653,#1654,#1655,#1656,#1657,
#1658,#1659,#1660),(#1661,#1662,#1663,#1664,#1665,#1666,#1667,#1668),(#1669,
#1670,#1671,#1672,#1673,#1674,#1675,#1676),(#1677,#1678,#1679,#1680,#1681,
#1682,#1683,#1684),(#1685,#1686,#1687,#1688,#1689,#1690,#1691,#1692),(#1693,
#1694,#1695,#1696,#1697,#1698,#1699,#1700),(#1701,#1702,#1703,#1704,#1705,
#1706,#1707,#1708),(#1709,#1710,#1711,#1712,#1713,#1714,#1715,#1716),(#1717,
#1718,#1719,#1720,#1721,#1722,#1723,#1724),(#1725,#1726,#1727,#1728,#1729,
#1730,#1731,#1732),(#1733,#1734,#1735,#1736,#1737,#1738,#1739,#1740),(#1741,
#1742,#1743,#1744,#1745,#1746,#1747,#1748),(#1749,#1750,#1751,#1752,#1753,
#1754,#1755,#1756),(#1757,#1758,#1759,#1760,#1761,#1762,#1763,#1764),(#1765,
#1766,#1767,#1768,#1769,#1770,#1771,#1772),(#1773,#1774,#1775,#1776,#1777,
#1778,#1779,#1780),(#1781,#1782,#1783,#1784,#1785,#1786,#1787,#1788),(#1789,
#1790,#1791,#1792,#1793,#1794,#1795,#1796),(#1797,#1798,#1799,#1800,#1801,
#1802,#1803,#1804),(#1805,#1806,#1807,#1808,#1809,#1810,#1811,#1812),(#1813,
#1814,#1815,#1816,#1817,#1818,#1819,#1820),(#1821,#1822,#1823,#1824,#1825,
#1826,#1827,#1828),(#1829,#1830,#1831,#1832,#1833,#1834,#1835,#1836),(#1837,
#1838,#1839,#1840,#1841,#1842,#1843,#1844),(#1845,#1846,#1847,#1848,#1849,
#1850,#1851,#1852),(#1853,#1854,#1855,#1856,#1857,#1858,#1859,#1860),(#1861,
#1862,#1863,#1864,#1865,#1866,#1867,#1868),(#1869,#1870,#1871,#1872,#1873,
#1874,#1875,#1876),(#1877,#1878,#1879,#1880,#1881,#1882,#1883,#1884),(#1885,
#1886,#1887,#1888,#1889,#1890,#1891,#1892),(#1893,#1894,#1895,#1896,#1897,
#1898,#1899,#1900),(#1901,#1902,#1903,#1904,#1905,#1906,#1907,#1908),(#1909,
#1910,#1911,#1912,#1913,#1914,#1915,#1916),(#1917,#1918,#1919,#1920,#1921,
#1922,#1923,#1924),(#1925,#1926,#1927,#1928,#1929,#1930,#1931,#1932),(#1933,
#1934,#1935,#1936,#1937,#1938,#1939,#1940),(#1941,#1942,#1943,#1944,#1945,
#1946,#1947,#1948),(#1949,#1950,#1951,#1952,#1953,#1954,#1955,#1956),(#1957,
#1958,#1959,#1960,#1961,#1962,#1963,#1964),(#1965,#1966,#1967,#1968,#1969,
#1970,#1971,#1972),(#1973,#1974,#1975,#1976,#1977,#1978,#1979,#1980),(#1981,
#1982,#1983,#1984,#1985,#1986,#1987,#1988),(#1989,#1990,#1991,#1992,#1993,
#1994,#1995,#1996),(#1997,#1998,#1999,#2000,#2001,#2002,#2003,#2004),(#2005,
#2006,#2007,#2008,#2009,#2010,#2011,#2012),(#2013,#2014,#2015,#2016,#2017,
#2018,#2019,#2020),(#2021,#2022,#2023,#2024,#2025,#2026,#2027,#2028),(#2029,
#2030,#2031,#2032,#2033,#2034,#2035,#2036),(#2037,#2038,#2039,#2040,#2041,
#2042,#2043,#2044),(#2045,#2046,#2047,#2048,#2049,#2050,#2051,#2052),(#2053,
#2054,#2055,#2056,#2057,#2058,#2059,#2060),(#2061,#2062,#2063,#2064,#2065,
#2066,#2067,#2068),(#2069,#2070,#2071,#2072,#2073,#2074,#2075,#2076),(#2077,
#2078,#2079,#2080,#2081,#2082,#2083,#2084),(#2085,#2086,#2087,#2088,#2089,
#2090,#2091,#2092),(#2093,#2094,#2095,#2096,#2097,#2098,#2099,#2100),(#2101,
#2102,#2103,#2104,#2105,#2106,#2107,#2108),(#2109,#2110,#2111,#2112,#2113,
#2114,#2115,#2116),(#2117,#2118,#2119,#2120,#2121,#2122,#2123,#2124),(#2125,
#2126,#2127,#2128,#2129,#2130,#2131,#2132),(#2133,#2134,#2135,#2136,#2137,
#2138,#2139,#2140),(#2141,#2142,#2143,#2144,#2145,#2146,#2147,#2148),(#2149,
#2150,#2151,#2152,#2153,#2154,#2155,#2156),(#2157,#2158,#2159,#2160,#2161,
#2162,#2163,#2164),(#2165,#2166,#2167,#2168,#2169,#2170,#2171,#2172),(#2173,
#2174,#2175,#2176,#2177,#2178,#2179,#2180),(#2181,#2182,#2183,#2184,#2185,
#2186,#2187,#2188),(#2189,#2190,#2191,#2192,#2193,#2194,#2195,#2196),(#2197,
#2198,#2199,#2200,#2201,#2202,#2203,#2204),(#2205,#2206,#2207,#2208,#2209,
#2210,#2211,#2212),(#2213,#2214,#2215,#2216,#2217,#2218,#2219,#2220),(#2221,
#2222,#2223,#2224,#2225,#2226,#2227,#2228),(#2229,#2230,#2231,#2232,#2233,
#2234,#2235,#2236),(#2237,#2238,#2239,#2240,#2241,#2242,#2243,#2244),(#2245,
#2246,#2247,#2248,#2249,#2250,#2251,#2252),(#2253,#2254,#2255,#2256,#2257,
#2258,#2259,#2260),(#2261,#2262,#2263,#2264,#2265,#2266,#2267,#2268),(#2269,
#2270,#2271,#2272,#2273,#2274,#2275,#2276),(#2277,#2278,#2279,#2280,#2281,
#2282,#2283,#2284),(#2285,#2286,#2287,#2288,#2289,#2290,#2291,#2292),(#2293,
#2294,#2295,#2296,#2297,#2298,#2299,#2300),(#2301,#2302,#2303,#2304,#2305,
#2306,#2307,#2308),(#2309,#2310,#2311,#2312,#2313,#2314,#2315,#2316),(#2317,
#2318,#2319,#2320,#2321,#2322,#2323,#2324),(#2325,#2326,#2327,#2328,#2329,
#2330,#2331,#2332),(#2333,#2334,#2335,#2336,#2337,#2338,#2339,#2340),(#2341,
#2342,#2343,#2344,#2345,#2346,#2347,#2348)),.UNSPECIFIED.,.T.,.F.,.F.,(4,
1,1,1,1,1,1,2,1,1,1,1,1,1,2,1,1,1,1,1,2,1,1,1,1,1,1,1,1,1,1,1,2,1,1,1,1,
1,1,1,1,2,1,1,1,1,1,1,1,2,1,1,1,1,1,2,1,1,1,1,1,1,1,1,1,1,2,1,1,1,1,1,2,
1,1,1,1,1,1,2,1,1,1,1,1,2,1,1,1,1,1,1,1,1,1,1,1,2,1,1,1,1,1,1,1,1,2,1,1,
1,2,1,1,1,1,1,1,1,1,2,1,1,1,1,1,1,4),(4,1,1,1,1,4),(0.,0.0423881752390578,
0.047097972487842,0.0518077697366262,0.0565175669854104,0.0612273642341946,
0.0659371614829787,0.0753567559805471,0.0784732762025017,0.0815897964244562,
0.0878228368683652,0.0940558773122742,0.100288917756183,0.112754998644001,
0.125221079531819,0.12558633379761,0.125951588063401,0.126682096594983,
0.128143113658146,0.131065147784473,0.136909216037127,0.13758624939164,
0.138263282746152,0.139617349455178,0.142325482873229,0.147741749709331,
0.153158016545433,0.158574283381534,0.169406817053738,0.17482308388984,
0.180239350725942,0.201904418070349,0.223569485414756,0.236058294828379,
0.248547104242001,0.273524723069246,0.298502341896491,0.310991151310114,
0.317235556016925,0.32035775837033,0.321918859547033,0.323479960723736,
0.324630148026961,0.325780335330187,0.328080709936637,0.332681459149539,
0.341882957575341,0.346483706788242,0.351084456001144,0.360285954426946,
0.362670459457515,0.365054964488084,0.369823974549222,0.379361994671498,
0.388900014793774,0.39843803491605,0.399231487768268,0.400024940620486,
0.401611846324923,0.404785657733796,0.411133280551543,0.41748090336929,
0.420654714778164,0.423828526187037,0.436523771822531,0.449219017458025,
0.5,0.550780982541975,0.576171473812963,0.588866719448456,0.595214342266203,
0.598388153675077,0.60156196508395,0.602754217599235,0.603946470114519,
0.606330975145088,0.611099985206226,0.620638005328502,0.630176025450778,
0.639714045573054,0.642014420179504,0.644314794785955,0.648915543998856,
0.658117042424659,0.667318540850461,0.676520039276264,0.678081140452967,
0.67964224162967,0.682764443983075,0.689008848689886,0.692131051043292,
0.695253253396698,0.698375455750103,0.699936556926806,0.701497658103509,
0.713986467517131,0.726475276930754,0.776430514585244,0.787263048257447,
0.798095581929651,0.808928115601855,0.819760649274059,0.841425716618466,
0.852258250290669,0.857674517126771,0.860382650544822,0.863090783962873,
0.863821292494455,0.864551801026037,0.8660128180892,0.874778920468181,0.877895440690135,
0.88101196091209,0.887245001355999,0.893478041799908,0.896594562021862,
0.89815282213284,0.899711082243817,0.912177163131635,0.924643244019453,
0.926998142643845,0.929353041268237,0.934062838517021,0.94348243301459,
0.962321622009726,0.971741216507295,1.),(0.0653051550756022,0.331922932302949,
0.598540709530297,0.73184959814397,0.865158486757644,0.998467375371317),
 .UNSPECIFIED.);
#17=B_SPLINE_SURFACE_WITH_KNOTS('',3,3,((#2357,#2358,#2359,#2360),(#2361,
#2362,#2363,#2364),(#2365,#2366,#2367,#2368),(#2369,#2370,#2371,#2372),
(#2373,#2374,#2375,#2376),(#2377,#2378,#2379,#2380),(#2381,#2382,#2383,
#2384),(#2385,#2386,#2387,#2388),(#2389,#2390,#2391,#2392),(#2393,#2394,
#2395,#2396),(#2397,#2398,#2399,#2400),(#2401,#2402,#2403,#2404),(#2405,
#2406,#2407,#2408),(#2409,#2410,#2411,#2412),(#2413,#2414,#2415,#2416),
(#2417,#2418,#2419,#2420),(#2421,#2422,#2423,#2424),(#2425,#2426,#2427,
#2428),(#2429,#2430,#2431,#2432),(#2433,#2434,#2435,#2436),(#2437,#2438,
#2439,#2440),(#2441,#2442,#2443,#2444),(#2445,#2446,#2447,#2448),(#2449,
#2450,#2451,#2452),(#2453,#2454,#2455,#2456),(#2457,#2458,#2459,#2460),
(#2461,#2462,#2463,#2464),(#2465,#2466,#2467,#2468),(#2469,#2470,#2471,
#2472),(#2473,#2474,#2475,#2476),(#2477,#2478,#2479,#2480),(#2481,#2482,
#2483,#2484),(#2485,#2486,#2487,#2488),(#2489,#2490,#2491,#2492),(#2493,
#2494,#2495,#2496),(#2497,#2498,#2499,#2500),(#2501,#2502,#2503,#2504),
(#2505,#2506,#2507,#2508),(#2509,#2510,#2511,#2512),(#2513,#2514,#2515,
#2516),(#2517,#2518,#2519,#2520),(#2521,#2522,#2523,#2524),(#2525,#2526,
#2527,#2528),(#2529,#2530,#2531,#2532),(#2533,#2534,#2535,#2536),(#2537,
#2538,#2539,#2540),(#2541,#2542,#2543,#2544),(#2545,#2546,#2547,#2548),
(#2549,#2550,#2551,#2552),(#2553,#2554,#2555,#2556),(#2557,#2558,#2559,
#2560),(#2561,#2562,#2563,#2564),(#2565,#2566,#2567,#2568),(#2569,#2570,
#2571,#2572),(#2573,#2574,#2575,#2576),(#2577,#2578,#2579,#2580),(#2581,
#2582,#2583,#2584),(#2585,#2586,#2587,#2588),(#2589,#2590,#2591,#2592),
(#2593,#2594,#2595,#2596),(#2597,#2598,#2599,#2600),(#2601,#2602,#2603,
#2604),(#2605,#2606,#2607,#2608)),.UNSPECIFIED.,.T.,.F.,.F.,(4,2,1,1,1,
2,2,1,1,1,2,1,2,1,1,2,1,1,1,2,1,1,2,1,1,1,2,1,1,1,2,1,1,2,1,2,1,1,1,2,2,
1,1,1,2,4),(4,4),(0.,0.0753567559805471,0.0878228368683652,0.100288917756183,
0.112754998644001,0.125221079531819,0.136909216037127,0.158574283381534,
0.180239350725942,0.201904418070349,0.223569485414756,0.273524723069246,
0.323479960723736,0.341882957575341,0.351084456001144,0.360285954426946,
0.369823974549222,0.379361994671498,0.388900014793774,0.39843803491605,
0.411133280551543,0.423828526187037,0.5,0.576171473812963,0.588866719448456,
0.595214342266203,0.60156196508395,0.611099985206226,0.620638005328502,
0.630176025450778,0.639714045573054,0.648915543998856,0.658117042424659,
0.676520039276264,0.726475276930754,0.776430514585244,0.798095581929651,
0.819760649274059,0.841425716618466,0.863090783962873,0.874778920468181,
0.887245001355999,0.899711082243817,0.912177163131635,0.924643244019453,
1.),(0.0621651937826243,1.),.UNSPECIFIED.);
#18=CYLINDRICAL_SURFACE('',#260,23.);
#19=CYLINDRICAL_SURFACE('',#263,23.);
#20=CYLINDRICAL_SURFACE('',#266,25.);
#21=CYLINDRICAL_SURFACE('',#269,25.);
#22=CIRCLE('',#258,23.);
#23=CIRCLE('',#259,23.);
#24=CIRCLE('',#261,23.);
#25=CIRCLE('',#264,23.);
#26=CIRCLE('',#267,25.);
#27=CIRCLE('',#270,25.);
#28=LINE('',#873,#44);
#29=LINE('',#877,#45);
#30=LINE('',#881,#46);
#31=LINE('',#884,#47);
#32=LINE('',#887,#48);
#33=LINE('',#888,#49);
#34=LINE('',#892,#50);
#35=LINE('',#894,#51);
#36=LINE('',#915,#52);
#37=LINE('',#918,#53);
#38=LINE('',#931,#54);
#39=LINE('',#933,#55);
#40=LINE('',#963,#56);
#41=LINE('',#986,#57);
#42=LINE('',#1127,#58);
#43=LINE('',#2609,#59);
#44=VECTOR('',#279,10.);
#45=VECTOR('',#282,10.);
#46=VECTOR('',#287,10.);
#47=VECTOR('',#290,10.);
#48=VECTOR('',#293,10.);
#49=VECTOR('',#294,10.);
#50=VECTOR('',#299,10.);
#51=VECTOR('',#302,10.);
#52=VECTOR('',#305,10.);
#53=VECTOR('',#308,10.);
#54=VECTOR('',#311,10.);
#55=VECTOR('',#312,10.);
#56=VECTOR('',#317,10.);
#57=VECTOR('',#320,10.);
#58=VECTOR('',#323,10.);
#59=VECTOR('',#324,10.);
#60=FACE_BOUND('',#78,.T.);
#61=FACE_BOUND('',#80,.T.);
#62=FACE_BOUND('',#90,.T.);
#63=FACE_OUTER_BOUND('',#77,.T.);
#64=FACE_OUTER_BOUND('',#79,.T.);
#65=FACE_OUTER_BOUND('',#81,.T.);
#66=FACE_OUTER_BOUND('',#82,.T.);
#67=FACE_OUTER_BOUND('',#83,.T.);
#68=FACE_OUTER_BOUND('',#84,.T.);
#69=FACE_OUTER_BOUND('',#85,.T.);
#70=FACE_OUTER_BOUND('',#86,.T.);
#71=FACE_OUTER_BOUND('',#87,.T.);
#72=FACE_OUTER_BOUND('',#88,.T.);
#73=FACE_OUTER_BOUND('',#89,.T.);
#74=FACE_OUTER_BOUND('',#91,.T.);
#75=FACE_OUTER_BOUND('',#92,.T.);
#76=FACE_OUTER_BOUND('',#93,.T.);
#77=EDGE_LOOP('',(#157));
#78=EDGE_LOOP('',(#158));
#79=EDGE_LOOP('',(#159));
#80=EDGE_LOOP('',(#160,#161,#162,#163));
#81=EDGE_LOOP('',(#164,#165,#166,#167));
#82=EDGE_LOOP('',(#168,#169,#170,#171));
#83=EDGE_LOOP('',(#172,#173,#174,#175));
#84=EDGE_LOOP('',(#176,#177,#178,#179));
#85=EDGE_LOOP('',(#180,#181,#182,#183));
#86=EDGE_LOOP('',(#184,#185,#186,#187,#188));
#87=EDGE_LOOP('',(#189,#190,#191,#192));
#88=EDGE_LOOP('',(#193,#194,#195,#196));
#89=EDGE_LOOP('',(#197,#198,#199,#200));
#90=EDGE_LOOP('',(#201,#202,#203,#204));
#91=EDGE_LOOP('',(#205,#206,#207,#208));
#92=EDGE_LOOP('',(#209,#210,#211,#212));
#93=EDGE_LOOP('',(#213,#214,#215,#216,#217,#218,#219,#220));
#94=B_SPLINE_CURVE_WITH_KNOTS('',3,(#328,#329,#330,#331,#332,#333,#334,
#335,#336,#337,#338,#339,#340,#341,#342,#343,#344,#345,#346,#347,#348,#349,
#350,#351,#352,#353,#354,#355,#356,#357,#358,#359,#360,#361,#362,#363,#364,
#365,#366,#367,#368,#369,#370,#371,#372,#373,#374,#375,#376,#377,#378,#379,
#380,#381,#382,#383,#384,#385,#386,#387,#388,#389,#390,#391,#392,#393,#394,
#395,#396,#397,#398,#399,#400,#401,#402,#403,#404,#405,#406,#407,#408,#409,
#410,#411,#412,#413,#414,#415,#416,#417,#418,#419,#420,#421,#422,#423,#424,
#425,#426,#427,#428,#429,#430,#431,#432,#433,#434,#435,#436,#437,#438,#439,
#440,#441,#442,#443,#444,#445,#446,#447,#448,#449,#450,#451,#452,#453,#454,
#455,#456,#457,#458,#459,#460,#461,#462,#463),.UNSPECIFIED.,.T.,.F.,(4,
3,3,3,3,3,3,3,3,3,3,3,3,3,3,3,3,3,3,3,3,3,3,3,3,3,3,3,3,3,3,3,3,3,3,3,3,
3,3,3,3,3,3,3,3,4),(-6.57514160107056,22.9541211373037,27.839073694832,
32.7240262523603,37.6089788098886,42.4939313674168,47.0740390073516,55.5637020446342,
64.0533650819169,72.5430281191995,81.0326911564821,100.60812694406,120.183562731638,
127.394952369281,131.000647188102,134.606342006924,138.343906058477,142.081470110031,
145.819034161585,149.556598213138,152.043974686692,154.531351160246,159.506104107353,
189.354621789999,219.203139472645,224.177892419752,229.15264536686,232.890209418413,
236.627773469967,240.365337521521,244.102901573074,247.708596391896,251.314291210717,
258.52568084836,278.101116635938,297.676552423516,306.166215460798,314.655878498081,
323.145541535364,331.635204572646,336.215312212581,341.100264770109,345.985217327638,
350.870169885166,355.755122442694,385.284385181067),.UNSPECIFIED.);
#95=B_SPLINE_CURVE_WITH_KNOTS('',3,(#465,#466,#467,#468,#469,#470,#471,
#472,#473,#474,#475,#476,#477,#478,#479,#480,#481,#482,#483,#484,#485,#486,
#487,#488,#489,#490,#491,#492,#493,#494,#495,#496,#497,#498,#499,#500,#501,
#502,#503,#504,#505,#506,#507,#508,#509,#510,#511,#512,#513,#514,#515,#516,
#517,#518,#519,#520,#521,#522,#523,#524,#525,#526,#527,#528,#529,#530,#531,
#532,#533,#534,#535,#536,#537,#538,#539,#540,#541,#542,#543,#544,#545,#546,
#547,#548,#549,#550,#551,#552,#553,#554,#555,#556,#557,#558,#559,#560,#561,
#562,#563,#564,#565,#566,#567,#568,#569,#570,#571,#572,#573,#574,#575,#576,
#577,#578,#579,#580,#581,#582,#583,#584,#585,#586,#587,#588,#589,#590,#591,
#592,#593,#594,#595,#596,#597,#598,#599,#600,#601,#602,#603,#604,#605,#606,
#607,#608,#609,#610,#611,#612,#613,#614,#615,#616,#617,#618,#619,#620,#621,
#622,#623,#624,#625,#626,#627,#628,#629,#630,#631,#632,#633,#634,#635,#636,
#637,#638,#639,#640,#641,#642,#643,#644,#645,#646,#647,#648,#649,#650,#651,
#652,#653,#654,#655,#656,#657,#658,#659,#660,#661,#662,#663,#664,#665,#666,
#667,#668,#669,#670,#671,#672,#673,#674,#675,#676,#677,#678,#679,#680,#681,
#682,#683,#684,#685,#686,#687,#688,#689,#690,#691,#692,#693,#694,#695,#696,
#697,#698,#699,#700,#701,#702,#703,#704,#705,#706,#707,#708,#709,#710,#711,
#712,#713,#714,#715,#716,#717,#718,#719,#720,#721,#722,#723,#724,#725,#726,
#727,#728,#729,#730,#731,#732,#733,#734,#735,#736,#737,#738,#739,#740,#741,
#742,#743,#744,#745,#746,#747,#748,#749,#750,#751,#752,#753,#754,#755,#756,
#757,#758,#759,#760,#761,#762,#763,#764,#765,#766,#767,#768),
 .UNSPECIFIED.,.T.,.F.,(4,3,3,3,3,3,3,3,3,3,3,3,3,3,3,3,3,3,3,3,3,3,3,3,
3,3,3,3,3,3,3,3,3,3,3,3,3,3,3,3,3,3,3,3,3,3,3,3,3,3,3,3,3,3,3,3,3,3,3,3,
3,3,3,3,3,3,3,3,3,3,3,3,3,3,3,3,3,3,3,3,3,3,3,3,3,3,3,3,3,3,3,3,3,3,3,3,
3,3,3,3,3,4),(-263.268942398545,-260.000905139446,-257.321814782512,-255.982269604045,
-255.312497014812,-254.977610720195,-254.790034669421,-254.676060171241,
-254.642724425578,-254.544432580783,-254.466838656879,-254.046300220888,
-253.339227119845,-252.689402554549,-252.294585212052,-252.141042920286,
-252.010770580408,-251.773079765775,-251.692964950921,-251.204785879703,
-246.504766875813,-245.329762124841,-244.816259916647,-244.539528439381,
-243.172138155652,-242.289465452911,-241.804747871924,-241.073925395997,
-237.512436071362,-234.7177670349,-233.09473703675,-232.31000502174,-231.745012448779,
-231.352148777071,-228.225647042299,-226.778705377133,-217.159169157326,
-206.428819372381,-197.380402786724,-192.856194493895,-190.594090347481,
-189.319711052758,-188.331986201067,-187.771091341449,-185.386877767678,
-173.843723852243,-154.195140059071,-136.548083941134,-121.768466783603,
-116.512387493853,-103.326563471476,-95.04037606474,-73.5563112959624,-62.8142789115736,
-57.4432627193792,-54.757754623282,-53.4150005752334,-52.7436235512091,
-52.2963780248928,-52.0722465271848,-51.2578934657877,-50.76247177915,-49.5352877389241,
-47.3272520880437,-46.8586705025747,-45.1440349934514,-43.979748555143,
-43.6418913420732,-43.3933007398,-42.8154621168346,-42.3278066030032,-41.5807457052045,
-37.4297286863662,-35.3542201769471,-33.979221437116,-33.278711667528,-31.736472439096,
-31.1570084003696,-30.8012420267755,-19.7020630196956,-18.8030528802612,
-18.087087686594,-13.3449858496048,-10.9739349311103,-9.78840947186299,
-9.19564674223934,-8.86865015459793,-8.66030301890948,-8.6028840126157,
-8.43246086568939,-8.25719443922693,-7.45616033021186,-7.3969435573927,
-6.08047697696953,-4.81673351780171,-3.89163264227006,-3.64623756965691,
-2.96653176673842,-2.6723323717285,-2.10840234095449,-5.6843418860808E-13,
6.61967328343087),.UNSPECIFIED.);
#96=B_SPLINE_CURVE_WITH_KNOTS('',3,(#771,#772,#773,#774,#775,#776,#777,
#778,#779,#780,#781,#782,#783,#784,#785,#786,#787,#788,#789,#790,#791,#792,
#793,#794,#795,#796,#797,#798,#799,#800,#801,#802,#803,#804,#805,#806,#807,
#808,#809,#810,#811,#812,#813,#814,#815,#816,#817,#818,#819,#820,#821,#822,
#823,#824,#825,#826,#827,#828,#829,#830,#831,#832,#833,#834,#835,#836,#837,
#838,#839,#840,#841,#842,#843,#844,#845,#846,#847,#848,#849,#850,#851,#852,
#853,#854,#855,#856,#857,#858,#859,#860,#861,#862,#863,#864,#865,#866,#867,
#868,#869,#870),.UNSPECIFIED.,.T.,.F.,(4,3,3,3,3,3,3,3,3,3,3,3,3,3,3,3,
3,3,3,3,3,3,3,3,3,3,3,3,3,3,3,3,3,4),(55.3628109198789,56.6562553854171,
64.3298037706921,67.0809067077331,68.0827676503685,68.3364392196517,68.432493946104,
68.7488014732587,70.8194445457937,72.954232924405,75.0772601797854,77.1258679816132,
79.2044222079829,81.317515124109,83.4706338774779,85.677443446051,86.0522377796451,
86.9125556197298,89.2798590390502,91.7962684739435,91.8901275259011,92.7546699154733,
93.6649323409068,94.6531226402759,95.8227507991607,96.4290847817,97.849547449242,
99.3874989436304,100.979650398644,101.399660341405,101.622248697149,101.907300626444,
108.09158383875,114.293444830792),.UNSPECIFIED.);
#97=B_SPLINE_CURVE_WITH_KNOTS('',3,(#898,#899,#900,#901,#902,#903,#904,
#905,#906,#907,#908,#909,#910,#911,#912,#913),.UNSPECIFIED.,.F.,.F.,(4,
1,1,2,1,2,1,1,1,2,4),(0.639714045573054,0.648915543998856,0.658117042424659,
0.676520039276264,0.726475276930754,0.776430514585244,0.798095581929651,
0.819760649274059,0.841425716618466,0.863090783962873,0.874778920468181),
 .UNSPECIFIED.);
#98=B_SPLINE_CURVE_WITH_KNOTS('',3,(#921,#922,#923,#924,#925,#926,#927,
#928,#929),.UNSPECIFIED.,.F.,.F.,(4,1,1,1,2,4),(0.874778920468181,0.887245001355999,
0.899711082243817,0.912177163131635,0.924643244019453,1.),.UNSPECIFIED.);
#99=B_SPLINE_CURVE_WITH_KNOTS('',3,(#934,#935,#936,#937,#938,#939,#940,
#941,#942),.UNSPECIFIED.,.F.,.F.,(4,2,1,1,1,4),(0.,0.0753567559805471,0.0878228368683652,
0.100288917756183,0.112754998644001,0.125221079531819),.UNSPECIFIED.);
#100=B_SPLINE_CURVE_WITH_KNOTS('',3,(#945,#946,#947,#948,#949,#950,#951,
#952,#953,#954,#955,#956,#957,#958,#959,#960),.UNSPECIFIED.,.F.,.F.,(4,
2,1,1,1,2,1,2,1,1,4),(0.125221079531819,0.136909216037127,0.158574283381534,
0.180239350725942,0.201904418070349,0.223569485414756,0.273524723069246,
0.323479960723736,0.341882957575341,0.351084456001144,0.360285954426946),
 .UNSPECIFIED.);
#101=B_SPLINE_CURVE_WITH_KNOTS('',3,(#965,#966,#967,#968,#969,#970,#971,
#972,#973,#974,#975,#976,#977,#978,#979,#980,#981,#982,#983,#984,#985),
 .UNSPECIFIED.,.F.,.F.,(4,1,1,1,2,1,1,2,1,1,1,2,1,1,1,4),(0.360285954426946,
0.369823974549222,0.379361994671498,0.388900014793774,0.39843803491605,
0.411133280551543,0.423828526187037,0.5,0.576171473812963,0.588866719448456,
0.595214342266203,0.60156196508395,0.611099985206226,0.620638005328502,
0.630176025450778,0.639714045573054),.UNSPECIFIED.);
#102=B_SPLINE_CURVE_WITH_KNOTS('',3,(#1128,#1129,#1130,#1131,#1132,#1133,
#1134,#1135,#1136,#1137,#1138,#1139,#1140,#1141,#1142,#1143,#1144,#1145,
#1146,#1147,#1148,#1149,#1150,#1151,#1152,#1153,#1154,#1155,#1156,#1157,
#1158,#1159,#1160,#1161,#1162,#1163,#1164,#1165,#1166,#1167,#1168,#1169,
#1170,#1171,#1172,#1173,#1174,#1175,#1176,#1177,#1178,#1179,#1180,#1181,
#1182,#1183,#1184,#1185,#1186,#1187,#1188,#1189,#1190,#1191,#1192,#1193,
#1194,#1195,#1196),.UNSPECIFIED.,.T.,.F.,(4,3,2,2,2,2,2,2,2,2,2,2,2,2,2,
2,2,2,2,2,2,2,2,2,2,2,2,2,2,2,2,2,2,4),(-2.47554083965439,0.,2.46852447607164,
2.58230608022203,2.67115466386214,2.83880623936504,3.47433095603608,4.08822116393515,
4.65521441793044,4.89723927759309,5.36410918619699,5.7585561830867,6.12189741434853,
6.46698899181929,6.50445386189465,7.50890628889404,8.45384141431856,8.7972467165247,
8.94684998568435,9.82772223021743,10.6871631969578,11.5306274117421,12.3603051296749,
13.1780294037866,14.0254590190483,14.8775832156488,15.7041031097555,15.8303607286164,
15.8687020262495,15.9699578155078,16.3698615996027,17.4679945122037,20.5309755169675,
21.0472680624427),.UNSPECIFIED.);
#103=B_SPLINE_CURVE_WITH_KNOTS('',3,(#2349,#2350,#2351,#2352,#2353,#2354,
#2355,#2356),.UNSPECIFIED.,.F.,.F.,(4,1,1,1,1,4),(0.0772099541623906,0.331922932302949,
0.598540709530297,0.73184959814397,0.865158486757644,0.998467375371317),
 .UNSPECIFIED.);
#104=VERTEX_POINT('',#327);
#105=VERTEX_POINT('',#464);
#106=VERTEX_POINT('',#770);
#107=VERTEX_POINT('',#871);
#108=VERTEX_POINT('',#872);
#109=VERTEX_POINT('',#874);
#110=VERTEX_POINT('',#876);
#111=VERTEX_POINT('',#880);
#112=VERTEX_POINT('',#882);
#113=VERTEX_POINT('',#886);
#114=VERTEX_POINT('',#890);
#115=VERTEX_POINT('',#896);
#116=VERTEX_POINT('',#897);
#117=VERTEX_POINT('',#914);
#118=VERTEX_POINT('',#916);
#119=VERTEX_POINT('',#920);
#120=VERTEX_POINT('',#930);
#121=VERTEX_POINT('',#932);
#122=VERTEX_POINT('',#944);
#123=VERTEX_POINT('',#961);
#124=VERTEX_POINT('',#1126);
#125=EDGE_CURVE('',#104,#104,#94,.T.);
#126=EDGE_CURVE('',#105,#105,#95,.T.);
#127=EDGE_CURVE('',#106,#106,#96,.T.);
#128=EDGE_CURVE('',#107,#108,#28,.T.);
#129=EDGE_CURVE('',#108,#109,#22,.T.);
#130=EDGE_CURVE('',#109,#110,#29,.T.);
#131=EDGE_CURVE('',#110,#107,#23,.T.);
#132=EDGE_CURVE('',#108,#111,#30,.T.);
#133=EDGE_CURVE('',#112,#111,#24,.T.);
#134=EDGE_CURVE('',#109,#112,#31,.T.);
#135=EDGE_CURVE('',#113,#112,#32,.T.);
#136=EDGE_CURVE('',#110,#113,#33,.T.);
#137=EDGE_CURVE('',#114,#113,#25,.T.);
#138=EDGE_CURVE('',#107,#114,#34,.T.);
#139=EDGE_CURVE('',#111,#114,#35,.T.);
#140=EDGE_CURVE('',#115,#116,#97,.T.);
#141=EDGE_CURVE('',#115,#117,#36,.T.);
#142=EDGE_CURVE('',#118,#117,#26,.T.);
#143=EDGE_CURVE('',#116,#118,#37,.T.);
#144=EDGE_CURVE('',#116,#119,#98,.T.);
#145=EDGE_CURVE('',#120,#118,#38,.T.);
#146=EDGE_CURVE('',#121,#120,#39,.T.);
#147=EDGE_CURVE('',#119,#121,#99,.T.);
#148=EDGE_CURVE('',#121,#122,#100,.T.);
#149=EDGE_CURVE('',#123,#120,#27,.T.);
#150=EDGE_CURVE('',#122,#123,#40,.T.);
#151=EDGE_CURVE('',#122,#115,#101,.T.);
#152=EDGE_CURVE('',#117,#123,#41,.T.);
#153=EDGE_CURVE('',#124,#106,#42,.T.);
#154=EDGE_CURVE('',#124,#124,#102,.F.);
#155=EDGE_CURVE('',#105,#124,#103,.T.);
#156=EDGE_CURVE('',#104,#119,#43,.T.);
#157=ORIENTED_EDGE('',*,*,#125,.F.);
#158=ORIENTED_EDGE('',*,*,#126,.F.);
#159=ORIENTED_EDGE('',*,*,#127,.T.);
#160=ORIENTED_EDGE('',*,*,#128,.T.);
#161=ORIENTED_EDGE('',*,*,#129,.T.);
#162=ORIENTED_EDGE('',*,*,#130,.T.);
#163=ORIENTED_EDGE('',*,*,#131,.T.);
#164=ORIENTED_EDGE('',*,*,#129,.F.);
#165=ORIENTED_EDGE('',*,*,#132,.T.);
#166=ORIENTED_EDGE('',*,*,#133,.F.);
#167=ORIENTED_EDGE('',*,*,#134,.F.);
#168=ORIENTED_EDGE('',*,*,#130,.F.);
#169=ORIENTED_EDGE('',*,*,#134,.T.);
#170=ORIENTED_EDGE('',*,*,#135,.F.);
#171=ORIENTED_EDGE('',*,*,#136,.F.);
#172=ORIENTED_EDGE('',*,*,#131,.F.);
#173=ORIENTED_EDGE('',*,*,#136,.T.);
#174=ORIENTED_EDGE('',*,*,#137,.F.);
#175=ORIENTED_EDGE('',*,*,#138,.F.);
#176=ORIENTED_EDGE('',*,*,#128,.F.);
#177=ORIENTED_EDGE('',*,*,#138,.T.);
#178=ORIENTED_EDGE('',*,*,#139,.F.);
#179=ORIENTED_EDGE('',*,*,#132,.F.);
#180=ORIENTED_EDGE('',*,*,#140,.F.);
#181=ORIENTED_EDGE('',*,*,#141,.T.);
#182=ORIENTED_EDGE('',*,*,#142,.F.);
#183=ORIENTED_EDGE('',*,*,#143,.F.);
#184=ORIENTED_EDGE('',*,*,#144,.F.);
#185=ORIENTED_EDGE('',*,*,#143,.T.);
#186=ORIENTED_EDGE('',*,*,#145,.F.);
#187=ORIENTED_EDGE('',*,*,#146,.F.);
#188=ORIENTED_EDGE('',*,*,#147,.F.);
#189=ORIENTED_EDGE('',*,*,#148,.F.);
#190=ORIENTED_EDGE('',*,*,#146,.T.);
#191=ORIENTED_EDGE('',*,*,#149,.F.);
#192=ORIENTED_EDGE('',*,*,#150,.F.);
#193=ORIENTED_EDGE('',*,*,#151,.F.);
#194=ORIENTED_EDGE('',*,*,#150,.T.);
#195=ORIENTED_EDGE('',*,*,#152,.F.);
#196=ORIENTED_EDGE('',*,*,#141,.F.);
#197=ORIENTED_EDGE('',*,*,#152,.T.);
#198=ORIENTED_EDGE('',*,*,#149,.T.);
#199=ORIENTED_EDGE('',*,*,#145,.T.);
#200=ORIENTED_EDGE('',*,*,#142,.T.);
#201=ORIENTED_EDGE('',*,*,#139,.T.);
#202=ORIENTED_EDGE('',*,*,#137,.T.);
#203=ORIENTED_EDGE('',*,*,#135,.T.);
#204=ORIENTED_EDGE('',*,*,#133,.T.);
#205=ORIENTED_EDGE('',*,*,#127,.F.);
#206=ORIENTED_EDGE('',*,*,#153,.F.);
#207=ORIENTED_EDGE('',*,*,#154,.T.);
#208=ORIENTED_EDGE('',*,*,#153,.T.);
#209=ORIENTED_EDGE('',*,*,#126,.T.);
#210=ORIENTED_EDGE('',*,*,#155,.T.);
#211=ORIENTED_EDGE('',*,*,#154,.F.);
#212=ORIENTED_EDGE('',*,*,#155,.F.);
#213=ORIENTED_EDGE('',*,*,#125,.T.);
#214=ORIENTED_EDGE('',*,*,#156,.T.);
#215=ORIENTED_EDGE('',*,*,#147,.T.);
#216=ORIENTED_EDGE('',*,*,#148,.T.);
#217=ORIENTED_EDGE('',*,*,#151,.T.);
#218=ORIENTED_EDGE('',*,*,#140,.T.);
#219=ORIENTED_EDGE('',*,*,#144,.T.);
#220=ORIENTED_EDGE('',*,*,#156,.F.);
#221=PLANE('',#256);
#222=PLANE('',#257);
#223=PLANE('',#262);
#224=PLANE('',#265);
#225=PLANE('',#268);
#226=PLANE('',#271);
#227=PLANE('',#272);
#228=ADVANCED_FACE('',(#63,#60),#221,.F.);
#229=ADVANCED_FACE('',(#64,#61),#222,.T.);
#230=ADVANCED_FACE('',(#65),#18,.F.);
#231=ADVANCED_FACE('',(#66),#223,.T.);
#232=ADVANCED_FACE('',(#67),#19,.F.);
#233=ADVANCED_FACE('',(#68),#224,.T.);
#234=ADVANCED_FACE('',(#69),#20,.T.);
#235=ADVANCED_FACE('',(#70),#225,.T.);
#236=ADVANCED_FACE('',(#71),#21,.T.);
#237=ADVANCED_FACE('',(#72),#226,.T.);
#238=ADVANCED_FACE('',(#73,#62),#227,.F.);
#239=ADVANCED_FACE('',(#74),#15,.F.);
#240=ADVANCED_FACE('',(#75),#16,.T.);
#241=ADVANCED_FACE('',(#76),#17,.F.);
#242=CLOSED_SHELL('',(#228,#229,#230,#231,#232,#233,#234,#235,#236,#237,
#238,#239,#240,#241));
#243=DERIVED_UNIT_ELEMENT(#245,1.);
#244=DERIVED_UNIT_ELEMENT(#2615,-3.);
#245=(
MASS_UNIT()
NAMED_UNIT(*)
SI_UNIT(.KILO.,.GRAM.)
);
#246=DERIVED_UNIT((#243,#244));
#247=MEASURE_REPRESENTATION_ITEM('density measure',
POSITIVE_RATIO_MEASURE(7850.),#246);
#248=PROPERTY_DEFINITION_REPRESENTATION(#253,#250);
#249=PROPERTY_DEFINITION_REPRESENTATION(#254,#251);
#250=REPRESENTATION('material name',(#252),#2612);
#251=REPRESENTATION('density',(#247),#2612);
#252=DESCRIPTIVE_REPRESENTATION_ITEM('Steel','Steel');
#253=PROPERTY_DEFINITION('material property','material name',#2622);
#254=PROPERTY_DEFINITION('material property','density of part',#2622);
#255=AXIS2_PLACEMENT_3D('',#325,#273,#274);
#256=AXIS2_PLACEMENT_3D('',#326,#275,#276);
#257=AXIS2_PLACEMENT_3D('',#769,#277,#278);
#258=AXIS2_PLACEMENT_3D('',#875,#280,#281);
#259=AXIS2_PLACEMENT_3D('',#878,#283,#284);
#260=AXIS2_PLACEMENT_3D('',#879,#285,#286);
#261=AXIS2_PLACEMENT_3D('',#883,#288,#289);
#262=AXIS2_PLACEMENT_3D('',#885,#291,#292);
#263=AXIS2_PLACEMENT_3D('',#889,#295,#296);
#264=AXIS2_PLACEMENT_3D('',#891,#297,#298);
#265=AXIS2_PLACEMENT_3D('',#893,#300,#301);
#266=AXIS2_PLACEMENT_3D('',#895,#303,#304);
#267=AXIS2_PLACEMENT_3D('',#917,#306,#307);
#268=AXIS2_PLACEMENT_3D('',#919,#309,#310);
#269=AXIS2_PLACEMENT_3D('',#943,#313,#314);
#270=AXIS2_PLACEMENT_3D('',#962,#315,#316);
#271=AXIS2_PLACEMENT_3D('',#964,#318,#319);
#272=AXIS2_PLACEMENT_3D('',#987,#321,#322);
#273=DIRECTION('axis',(0.,0.,1.));
#274=DIRECTION('refdir',(1.,0.,0.));
#275=DIRECTION('center_axis',(0.,0.,-1.));
#276=DIRECTION('ref_axis',(-1.,0.,0.));
#277=DIRECTION('center_axis',(0.,0.,1.));
#278=DIRECTION('ref_axis',(1.,0.,0.));
#279=DIRECTION('',(1.,0.,0.));
#280=DIRECTION('center_axis',(0.,0.,-1.));
#281=DIRECTION('ref_axis',(0.,-1.,0.));
#282=DIRECTION('',(-1.,0.,0.));
#283=DIRECTION('center_axis',(0.,0.,-1.));
#284=DIRECTION('ref_axis',(0.,1.,0.));
#285=DIRECTION('center_axis',(0.,0.,-1.));
#286=DIRECTION('ref_axis',(0.,-1.,0.));
#287=DIRECTION('',(0.,0.,-1.));
#288=DIRECTION('center_axis',(0.,0.,1.));
#289=DIRECTION('ref_axis',(0.,-1.,0.));
#290=DIRECTION('',(0.,0.,-1.));
#291=DIRECTION('center_axis',(0.,1.,0.));
#292=DIRECTION('ref_axis',(1.,0.,0.));
#293=DIRECTION('',(1.,0.,0.));
#294=DIRECTION('',(0.,0.,-1.));
#295=DIRECTION('center_axis',(0.,0.,-1.));
#296=DIRECTION('ref_axis',(0.,1.,0.));
#297=DIRECTION('center_axis',(0.,0.,1.));
#298=DIRECTION('ref_axis',(0.,1.,0.));
#299=DIRECTION('',(0.,0.,-1.));
#300=DIRECTION('center_axis',(0.,-1.,0.));
#301=DIRECTION('ref_axis',(-1.,0.,0.));
#302=DIRECTION('',(-1.,0.,0.));
#303=DIRECTION('center_axis',(0.,0.,-1.));
#304=DIRECTION('ref_axis',(0.,1.,0.));
#305=DIRECTION('',(0.,0.,-1.));
#306=DIRECTION('center_axis',(0.,0.,-1.));
#307=DIRECTION('ref_axis',(0.,1.,0.));
#308=DIRECTION('',(0.,0.,-1.));
#309=DIRECTION('center_axis',(0.,-1.,0.));
#310=DIRECTION('ref_axis',(-1.,0.,0.));
#311=DIRECTION('',(-1.,0.,0.));
#312=DIRECTION('',(0.,0.,-1.));
#313=DIRECTION('center_axis',(0.,0.,-1.));
#314=DIRECTION('ref_axis',(0.,-1.,0.));
#315=DIRECTION('center_axis',(0.,0.,-1.));
#316=DIRECTION('ref_axis',(0.,-1.,0.));
#317=DIRECTION('',(0.,0.,-1.));
#318=DIRECTION('center_axis',(0.,1.,0.));
#319=DIRECTION('ref_axis',(1.,0.,0.));
#320=DIRECTION('',(1.,0.,0.));
#321=DIRECTION('center_axis',(0.,0.,1.));
#322=DIRECTION('ref_axis',(1.,0.,0.));
#323=DIRECTION('',(0.,0.,-1.));
#324=DIRECTION('',(0.,0.907547262241256,-0.419949957493034));
#325=CARTESIAN_POINT('',(0.,0.,0.));
#326=CARTESIAN_POINT('Origin',(-3.09447483033367,-170.593948075958,122.5));
#327=CARTESIAN_POINT('',(0.,-315.791867708613,122.5));
#328=CARTESIAN_POINT('Ctrl Pts',(1.77635683940025E-13,-315.791867708613,
122.5));
#329=CARTESIAN_POINT('Ctrl Pts',(-31.8846664299833,-315.791867708613,122.5));
#330=CARTESIAN_POINT('Ctrl Pts',(-64.1248029434217,-316.242164164531,122.5));
#331=CARTESIAN_POINT('Ctrl Pts',(-96.6156703989688,-316.965093754348,122.5));
#332=CARTESIAN_POINT('Ctrl Pts',(-101.990553865566,-317.084686199983,122.5));
#333=CARTESIAN_POINT('Ctrl Pts',(-107.371776770679,-316.336788257195,122.5));
#334=CARTESIAN_POINT('Ctrl Pts',(-112.486213779471,-314.765228876051,122.5));
#335=CARTESIAN_POINT('Ctrl Pts',(-117.600650788264,-313.193669494907,122.5));
#336=CARTESIAN_POINT('Ctrl Pts',(-122.448301900736,-310.798448675407,122.5));
#337=CARTESIAN_POINT('Ctrl Pts',(-126.781558557872,-307.704710928561,122.5));
#338=CARTESIAN_POINT('Ctrl Pts',(-131.114815215009,-304.610973181715,122.5));
#339=CARTESIAN_POINT('Ctrl Pts',(-134.93367741681,-300.818718507523,122.5));
#340=CARTESIAN_POINT('Ctrl Pts',(-138.044517329243,-296.526386364403,122.5));
#341=CARTESIAN_POINT('Ctrl Pts',(-141.155357241675,-292.234054221284,122.5));
#342=CARTESIAN_POINT('Ctrl Pts',(-143.558174864739,-287.441644609235,122.5));
#343=CARTESIAN_POINT('Ctrl Pts',(-145.13040424562,-282.395925067875,122.5));
#344=CARTESIAN_POINT('Ctrl Pts',(-146.604518827962,-277.66508308974,122.5));
#345=CARTESIAN_POINT('Ctrl Pts',(-147.348785500569,-272.711123856635,122.5));
#346=CARTESIAN_POINT('Ctrl Pts',(-147.32863650262,-267.757712820426,122.5));
#347=CARTESIAN_POINT('Ctrl Pts',(-147.291288427731,-258.576096603396,122.5));
#348=CARTESIAN_POINT('Ctrl Pts',(-147.268641495274,-249.084367878568,122.5));
#349=CARTESIAN_POINT('Ctrl Pts',(-147.253317794836,-239.514591568718,122.5));
#350=CARTESIAN_POINT('Ctrl Pts',(-147.237994094398,-229.944815258868,122.5));
#351=CARTESIAN_POINT('Ctrl Pts',(-147.229993625978,-220.296991363995,122.5));
#352=CARTESIAN_POINT('Ctrl Pts',(-147.224813791597,-210.805789980518,122.5));
#353=CARTESIAN_POINT('Ctrl Pts',(-147.219633957216,-201.314588597041,122.5));
#354=CARTESIAN_POINT('Ctrl Pts',(-147.217274756873,-191.98000972496,122.5));
#355=CARTESIAN_POINT('Ctrl Pts',(-147.215667295376,-183.037342346423,122.5));
#356=CARTESIAN_POINT('Ctrl Pts',(-147.21405983388,-174.094674967886,122.5));
#357=CARTESIAN_POINT('Ctrl Pts',(-147.213204111228,-165.543919082893,122.5));
#358=CARTESIAN_POINT('Ctrl Pts',(-147.212891672337,-157.619368398081,122.5));
#359=CARTESIAN_POINT('Ctrl Pts',(-147.212171251817,-139.346966726222,122.5));
#360=CARTESIAN_POINT('Ctrl Pts',(-146.986451827978,-120.825596211416,122.5));
#361=CARTESIAN_POINT('Ctrl Pts',(-146.740161779612,-102.49633802309,122.5));
#362=CARTESIAN_POINT('Ctrl Pts',(-146.493871731245,-84.1670798347642,122.5));
#363=CARTESIAN_POINT('Ctrl Pts',(-146.227011058351,-66.0299339729194,122.5));
#364=CARTESIAN_POINT('Ctrl Pts',(-146.175100318961,-48.5200567081281,122.5));
#365=CARTESIAN_POINT('Ctrl Pts',(-146.155976935339,-42.0695976310511,122.5));
#366=CARTESIAN_POINT('Ctrl Pts',(-144.78596318528,-35.4974560763498,122.5));
#367=CARTESIAN_POINT('Ctrl Pts',(-142.208348499639,-29.4959974872555,122.5));
#368=CARTESIAN_POINT('Ctrl Pts',(-140.919541156818,-26.4952681927084,122.5));
#369=CARTESIAN_POINT('Ctrl Pts',(-139.328833580102,-23.637209639563,122.5));
#370=CARTESIAN_POINT('Ctrl Pts',(-137.50102784866,-20.9903058775765,122.5));
#371=CARTESIAN_POINT('Ctrl Pts',(-135.673222117218,-18.34340211559,122.5));
#372=CARTESIAN_POINT('Ctrl Pts',(-133.608318231051,-15.9076531447625,122.5));
#373=CARTESIAN_POINT('Ctrl Pts',(-131.375930440814,-13.7303927146314,122.5));
#374=CARTESIAN_POINT('Ctrl Pts',(-129.06189867352,-11.4735044521945,122.5));
#375=CARTESIAN_POINT('Ctrl Pts',(-126.465978698046,-9.39186925122777,122.5));
#376=CARTESIAN_POINT('Ctrl Pts',(-123.663817152812,-7.58141523862795,122.5));
#377=CARTESIAN_POINT('Ctrl Pts',(-120.861655607578,-5.77096122602818,122.5));
#378=CARTESIAN_POINT('Ctrl Pts',(-117.853252492586,-4.23168840179529,122.5));
#379=CARTESIAN_POINT('Ctrl Pts',(-114.748232236729,-3.01812574425594,122.5));
#380=CARTESIAN_POINT('Ctrl Pts',(-111.643211980872,-1.80456308671656,122.5));
#381=CARTESIAN_POINT('Ctrl Pts',(-108.441574584151,-0.916710595870727,122.5));
#382=CARTESIAN_POINT('Ctrl Pts',(-105.266035387756,-0.353906204170601,122.5));
#383=CARTESIAN_POINT('Ctrl Pts',(-102.090496191362,0.208898187529528,122.5));
#384=CARTESIAN_POINT('Ctrl Pts',(-98.9410551952932,0.446654480083934,122.5));
#385=CARTESIAN_POINT('Ctrl Pts',(-95.9303798407753,0.40944458222861,122.5));
#386=CARTESIAN_POINT('Ctrl Pts',(-93.9267531622645,0.384681120457245,122.5));
#387=CARTESIAN_POINT('Ctrl Pts',(-91.9238922044046,0.363566448005666,122.5));
#388=CARTESIAN_POINT('Ctrl Pts',(-89.9217296610834,0.345750670048363,122.5));
#389=CARTESIAN_POINT('Ctrl Pts',(-87.9195671177622,0.32793489209106,122.5));
#390=CARTESIAN_POINT('Ctrl Pts',(-85.9181029889797,0.313418008628034,122.5));
#391=CARTESIAN_POINT('Ctrl Pts',(-83.9172469565568,0.301837798784484,122.5));
#392=CARTESIAN_POINT('Ctrl Pts',(-79.9155348917112,0.278677379097386,122.5));
#393=CARTESIAN_POINT('Ctrl Pts',(-75.916255212304,0.267263653888193,122.5));
#394=CARTESIAN_POINT('Ctrl Pts',(-71.9187128544201,0.264714054051082,122.5));
#395=CARTESIAN_POINT('Ctrl Pts',(-47.9334587071163,0.249416455028418,122.5));
#396=CARTESIAN_POINT('Ctrl Pts',(-24.0107481346504,0.553227369400714,122.5));
#397=CARTESIAN_POINT('Ctrl Pts',(-4.99858776592527E-7,0.553226394568116,
122.5));
#398=CARTESIAN_POINT('Ctrl Pts',(24.0107471349329,0.553225419735517,122.5));
#399=CARTESIAN_POINT('Ctrl Pts',(47.9334720370177,0.249423760849194,122.5));
#400=CARTESIAN_POINT('Ctrl Pts',(71.9187174589422,0.264716670170712,122.5));
#401=CARTESIAN_POINT('Ctrl Pts',(75.9162583625962,0.267265488390965,122.5));
#402=CARTESIAN_POINT('Ctrl Pts',(79.9155359473569,0.278678044616992,122.5));
#403=CARTESIAN_POINT('Ctrl Pts',(83.9172536798439,0.301841504364717,122.5));
#404=CARTESIAN_POINT('Ctrl Pts',(87.9189714123308,0.325004964112442,122.5));
#405=CARTESIAN_POINT('Ctrl Pts',(91.9231292925441,0.359919327381865,122.5));
#406=CARTESIAN_POINT('Ctrl Pts',(95.9303831838434,0.409446539897344,122.5));
#407=CARTESIAN_POINT('Ctrl Pts',(98.9410589397673,0.446656654859764,122.5));
#408=CARTESIAN_POINT('Ctrl Pts',(102.090499383353,0.208900045615753,122.5));
#409=CARTESIAN_POINT('Ctrl Pts',(105.266038286025,-0.35390451553849,122.5));
#410=CARTESIAN_POINT('Ctrl Pts',(108.441577188696,-0.916709076692729,122.5));
#411=CARTESIAN_POINT('Ctrl Pts',(111.643214550454,-1.80456158975721,122.5));
#412=CARTESIAN_POINT('Ctrl Pts',(114.748234701598,-3.01812430885134,122.5));
#413=CARTESIAN_POINT('Ctrl Pts',(117.853254852741,-4.23168702794548,122.5));
#414=CARTESIAN_POINT('Ctrl Pts',(120.861657793271,-5.77095995306928,122.5));
#415=CARTESIAN_POINT('Ctrl Pts',(123.663819196913,-7.5814140480346,122.5));
#416=CARTESIAN_POINT('Ctrl Pts',(126.465980600554,-9.39186814299992,122.5));
#417=CARTESIAN_POINT('Ctrl Pts',(129.061900467307,-11.4735034078067,122.5));
#418=CARTESIAN_POINT('Ctrl Pts',(131.375932120288,-13.7303917367481,122.5));
#419=CARTESIAN_POINT('Ctrl Pts',(133.608319800246,-15.9076522310372,122.5));
#420=CARTESIAN_POINT('Ctrl Pts',(135.673223551889,-18.3434012802111,122.5));
#421=CARTESIAN_POINT('Ctrl Pts',(137.501029195205,-20.9903050935167,122.5));
#422=CARTESIAN_POINT('Ctrl Pts',(139.32883483852,-23.6372089068223,122.5));
#423=CARTESIAN_POINT('Ctrl Pts',(140.919542373509,-26.4952674842596,122.5));
#424=CARTESIAN_POINT('Ctrl Pts',(142.208349680625,-29.495996799595,122.5));
#425=CARTESIAN_POINT('Ctrl Pts',(144.785964294855,-35.4974554302658,122.5));
#426=CARTESIAN_POINT('Ctrl Pts',(146.155977997591,-42.0695970125291,122.5));
#427=CARTESIAN_POINT('Ctrl Pts',(146.175101258778,-48.5200561608958,122.5));
#428=CARTESIAN_POINT('Ctrl Pts',(146.227011665819,-66.0299336192038,122.5));
#429=CARTESIAN_POINT('Ctrl Pts',(146.493872114484,-84.1670796116132,122.5));
#430=CARTESIAN_POINT('Ctrl Pts',(146.740162057373,-102.496337861356,122.5));
#431=CARTESIAN_POINT('Ctrl Pts',(146.986452000262,-120.825596111099,122.5));
#432=CARTESIAN_POINT('Ctrl Pts',(147.212171437375,-139.346966618176,122.5));
#433=CARTESIAN_POINT('Ctrl Pts',(147.212891786386,-157.619368331672,122.5));
#434=CARTESIAN_POINT('Ctrl Pts',(147.213204194265,-165.543919034543,122.5));
#435=CARTESIAN_POINT('Ctrl Pts',(147.214059895967,-174.094674931734,122.5));
#436=CARTESIAN_POINT('Ctrl Pts',(147.215667345396,-183.037342317298,122.5));
#437=CARTESIAN_POINT('Ctrl Pts',(147.217274794825,-191.980009702862,122.5));
#438=CARTESIAN_POINT('Ctrl Pts',(147.21963399198,-201.314588576799,122.5));
#439=CARTESIAN_POINT('Ctrl Pts',(147.224813822263,-210.805789962663,122.5));
#440=CARTESIAN_POINT('Ctrl Pts',(147.229993652545,-220.296991348526,122.5));
#441=CARTESIAN_POINT('Ctrl Pts',(147.237994115953,-229.944815246317,122.5));
#442=CARTESIAN_POINT('Ctrl Pts',(147.253317812871,-239.514591558217,122.5));
#443=CARTESIAN_POINT('Ctrl Pts',(147.268641509788,-249.084367870117,122.5));
#444=CARTESIAN_POINT('Ctrl Pts',(147.291288440215,-258.576096596127,122.5));
#445=CARTESIAN_POINT('Ctrl Pts',(147.328636513423,-267.757712814136,122.5));
#446=CARTESIAN_POINT('Ctrl Pts',(147.348785510466,-272.711123850873,122.5));
#447=CARTESIAN_POINT('Ctrl Pts',(146.604518837556,-277.665083084154,122.5));
#448=CARTESIAN_POINT('Ctrl Pts',(145.130404254708,-282.395925062584,122.5));
#449=CARTESIAN_POINT('Ctrl Pts',(143.558174873287,-287.441644604259,122.5));
#450=CARTESIAN_POINT('Ctrl Pts',(141.155357249155,-292.234054216929,122.5));
#451=CARTESIAN_POINT('Ctrl Pts',(138.044517336099,-296.526386360412,122.5));
#452=CARTESIAN_POINT('Ctrl Pts',(134.933677423043,-300.818718503894,122.5));
#453=CARTESIAN_POINT('Ctrl Pts',(131.114815221063,-304.61097317819,122.5));
#454=CARTESIAN_POINT('Ctrl Pts',(126.781558563648,-307.704710925198,122.5));
#455=CARTESIAN_POINT('Ctrl Pts',(122.448301906232,-310.798448672207,122.5));
#456=CARTESIAN_POINT('Ctrl Pts',(117.60065079338,-313.193669491928,122.5));
#457=CARTESIAN_POINT('Ctrl Pts',(112.486213784363,-314.765228873203,122.5));
#458=CARTESIAN_POINT('Ctrl Pts',(107.371776775347,-316.336788254478,122.5));
#459=CARTESIAN_POINT('Ctrl Pts',(101.990553870166,-317.084686197306,122.5));
#460=CARTESIAN_POINT('Ctrl Pts',(96.6156704033117,-316.96509375182,122.5));
#461=CARTESIAN_POINT('Ctrl Pts',(64.1248029462113,-316.242164162908,122.5));
#462=CARTESIAN_POINT('Ctrl Pts',(31.8846664299857,-315.791867708613,122.5));
#463=CARTESIAN_POINT('Ctrl Pts',(3.40616423954999E-12,-315.791867708613,
122.5));
#464=CARTESIAN_POINT('',(1.56187550145426E-13,-311.029395503736,122.5));
#465=CARTESIAN_POINT('Ctrl Pts',(-2.75335310107039E-13,-311.029395503736,
122.5));
#466=CARTESIAN_POINT('Ctrl Pts',(11.4675010197945,-311.029395503736,122.5));
#467=CARTESIAN_POINT('Ctrl Pts',(23.0756102214289,-311.099115196235,122.5));
#468=CARTESIAN_POINT('Ctrl Pts',(34.9933350173086,-311.234907049368,122.5));
#469=CARTESIAN_POINT('Ctrl Pts',(44.7633159097665,-311.346227274762,122.5));
#470=CARTESIAN_POINT('Ctrl Pts',(54.7142970861283,-311.502058144399,122.5));
#471=CARTESIAN_POINT('Ctrl Pts',(64.8419791999554,-311.699500193443,122.5));
#472=CARTESIAN_POINT('Ctrl Pts',(69.905820256869,-311.798221217965,122.5));
#473=CARTESIAN_POINT('Ctrl Pts',(75.0138367340881,-311.907327178649,122.5));
#474=CARTESIAN_POINT('Ctrl Pts',(80.1654940606043,-312.026348093323,122.5));
#475=CARTESIAN_POINT('Ctrl Pts',(82.7413227238623,-312.08585855066,122.5));
#476=CARTESIAN_POINT('Ctrl Pts',(85.3280616428317,-312.147846622948,122.5));
#477=CARTESIAN_POINT('Ctrl Pts',(87.9256442975951,-312.212246805615,122.5));
#478=CARTESIAN_POINT('Ctrl Pts',(89.2244356249768,-312.244446896949,122.5));
#479=CARTESIAN_POINT('Ctrl Pts',(90.5259378897768,-312.277249945368,122.5));
#480=CARTESIAN_POINT('Ctrl Pts',(91.830142798932,-312.310647339195,122.5));
#481=CARTESIAN_POINT('Ctrl Pts',(92.5606522589815,-312.329353841495,122.5));
#482=CARTESIAN_POINT('Ctrl Pts',(93.2920096276827,-312.348246804416,122.5));
#483=CARTESIAN_POINT('Ctrl Pts',(94.0242134498459,-312.367324675873,122.5));
#484=CARTESIAN_POINT('Ctrl Pts',(94.4691133336682,-312.37891672516,122.5));
#485=CARTESIAN_POINT('Ctrl Pts',(94.9143257273538,-312.390577041965,122.5));
#486=CARTESIAN_POINT('Ctrl Pts',(95.3598503047415,-312.402305273082,122.5));
#487=CARTESIAN_POINT('Ctrl Pts',(95.4901592267856,-312.405735595969,122.5));
#488=CARTESIAN_POINT('Ctrl Pts',(95.6238417555403,-312.409259572926,122.5));
#489=CARTESIAN_POINT('Ctrl Pts',(95.7700251731342,-312.41311978821,122.5));
#490=CARTESIAN_POINT('Ctrl Pts',(96.2010531135029,-312.424501794946,122.5));
#491=CARTESIAN_POINT('Ctrl Pts',(96.7221217878871,-312.433475032363,122.5));
#492=CARTESIAN_POINT('Ctrl Pts',(97.3826933357593,-312.429233271451,122.5));
#493=CARTESIAN_POINT('Ctrl Pts',(97.9041642525495,-312.425884724336,122.5));
#494=CARTESIAN_POINT('Ctrl Pts',(98.5035647918107,-312.412638978675,122.5));
#495=CARTESIAN_POINT('Ctrl Pts',(99.0805322329437,-312.388964228278,122.5));
#496=CARTESIAN_POINT('Ctrl Pts',(102.207542353145,-312.260653376043,122.5));
#497=CARTESIAN_POINT('Ctrl Pts',(105.498192416585,-311.822965317414,122.5));
#498=CARTESIAN_POINT('Ctrl Pts',(108.833486230722,-310.997416406695,122.5));
#499=CARTESIAN_POINT('Ctrl Pts',(114.441288843316,-309.609378171884,122.5));
#500=CARTESIAN_POINT('Ctrl Pts',(120.041249445463,-307.17032864647,122.5));
#501=CARTESIAN_POINT('Ctrl Pts',(125.223140918893,-303.491762342902,122.5));
#502=CARTESIAN_POINT('Ctrl Pts',(129.98547789532,-300.111033044044,122.5));
#503=CARTESIAN_POINT('Ctrl Pts',(134.340491403426,-295.716860195051,122.5));
#504=CARTESIAN_POINT('Ctrl Pts',(137.794026687189,-290.280824287348,122.5));
#505=CARTESIAN_POINT('Ctrl Pts',(139.89230935573,-286.978023246245,122.5));
#506=CARTESIAN_POINT('Ctrl Pts',(141.636616054554,-283.316344535872,122.5));
#507=CARTESIAN_POINT('Ctrl Pts',(142.880322538454,-279.345511149492,122.5));
#508=CARTESIAN_POINT('Ctrl Pts',(143.363993145766,-277.801275897537,122.5));
#509=CARTESIAN_POINT('Ctrl Pts',(143.771862678149,-276.2101141349,122.5));
#510=CARTESIAN_POINT('Ctrl Pts',(144.093629074234,-274.574561304553,122.5));
#511=CARTESIAN_POINT('Ctrl Pts',(144.366630478797,-273.186883084093,122.5));
#512=CARTESIAN_POINT('Ctrl Pts',(144.559168923231,-271.846568160316,122.5));
#513=CARTESIAN_POINT('Ctrl Pts',(144.684211515005,-270.660392895437,122.5));
#514=CARTESIAN_POINT('Ctrl Pts',(144.91236029571,-268.496134809096,122.5));
#515=CARTESIAN_POINT('Ctrl Pts',(144.928192310076,-266.795878926533,122.5));
#516=CARTESIAN_POINT('Ctrl Pts',(144.924929655051,-265.928696561204,122.5));
#517=CARTESIAN_POINT('Ctrl Pts',(144.923829961722,-265.63640863771,122.5));
#518=CARTESIAN_POINT('Ctrl Pts',(144.922918805994,-265.39050741496,122.5));
#519=CARTESIAN_POINT('Ctrl Pts',(144.921898530432,-265.111392406945,122.5));
#520=CARTESIAN_POINT('Ctrl Pts',(144.915681488339,-263.410607032551,122.5));
#521=CARTESIAN_POINT('Ctrl Pts',(144.908991415588,-261.404690751378,122.5));
#522=CARTESIAN_POINT('Ctrl Pts',(144.903146378422,-259.439376734274,122.5));
#523=CARTESIAN_POINT('Ctrl Pts',(144.846872385169,-240.51801411636,122.5));
#524=CARTESIAN_POINT('Ctrl Pts',(144.843878866217,-220.947793292437,122.5));
#525=CARTESIAN_POINT('Ctrl Pts',(144.842013043023,-200.655290700222,122.5));
#526=CARTESIAN_POINT('Ctrl Pts',(144.841546587225,-195.582165052168,122.5));
#527=CARTESIAN_POINT('Ctrl Pts',(144.841398369379,-190.463896694865,122.5));
#528=CARTESIAN_POINT('Ctrl Pts',(144.841270407652,-185.299338700915,122.5));
#529=CARTESIAN_POINT('Ctrl Pts',(144.841214485641,-183.042316393522,122.5));
#530=CARTESIAN_POINT('Ctrl Pts',(144.841165403228,-180.776453334853,122.5));
#531=CARTESIAN_POINT('Ctrl Pts',(144.841113093749,-178.501653766983,122.5));
#532=CARTESIAN_POINT('Ctrl Pts',(144.841084903647,-177.275741521904,122.5));
#533=CARTESIAN_POINT('Ctrl Pts',(144.841057869124,-176.132039142154,122.5));
#534=CARTESIAN_POINT('Ctrl Pts',(144.841032590464,-175.093113445312,122.5));
#535=CARTESIAN_POINT('Ctrl Pts',(144.840907683119,-169.959556115967,122.5));
#536=CARTESIAN_POINT('Ctrl Pts',(144.840825788955,-167.084995306254,122.5));
#537=CARTESIAN_POINT('Ctrl Pts',(144.840768472627,-164.607415211727,122.5));
#538=CARTESIAN_POINT('Ctrl Pts',(144.840731474003,-163.008096901281,122.5));
#539=CARTESIAN_POINT('Ctrl Pts',(144.840701058762,-161.574196993451,122.5));
#540=CARTESIAN_POINT('Ctrl Pts',(144.840678168288,-159.804868597398,122.5));
#541=CARTESIAN_POINT('Ctrl Pts',(144.84066559804,-158.83324618578,122.5));
#542=CARTESIAN_POINT('Ctrl Pts',(144.840655651209,-157.739416907436,122.5));
#543=CARTESIAN_POINT('Ctrl Pts',(144.840655651209,-156.56045544794,122.5));
#544=CARTESIAN_POINT('Ctrl Pts',(144.840655651209,-154.782901741108,122.5));
#545=CARTESIAN_POINT('Ctrl Pts',(144.837906081627,-152.734607880265,122.5));
#546=CARTESIAN_POINT('Ctrl Pts',(144.832122209874,-150.71818272333,122.5));
#547=CARTESIAN_POINT('Ctrl Pts',(144.803935888048,-140.891614840018,122.5));
#548=CARTESIAN_POINT('Ctrl Pts',(144.705742035283,-130.596491104024,122.5));
#549=CARTESIAN_POINT('Ctrl Pts',(144.565847811143,-119.885095023464,122.5));
#550=CARTESIAN_POINT('Ctrl Pts',(144.456074056135,-111.479957667988,122.5));
#551=CARTESIAN_POINT('Ctrl Pts',(144.322256243774,-102.910603608414,122.5));
#552=CARTESIAN_POINT('Ctrl Pts',(144.187484162008,-94.2185639691575,122.5));
#553=CARTESIAN_POINT('Ctrl Pts',(144.109214023839,-89.170581222161,122.5));
#554=CARTESIAN_POINT('Ctrl Pts',(144.03069172903,-84.0787973227904,122.5));
#555=CARTESIAN_POINT('Ctrl Pts',(143.957509143647,-78.9470305532192,122.5));
#556=CARTESIAN_POINT('Ctrl Pts',(143.922125498393,-76.465830771185,122.5));
#557=CARTESIAN_POINT('Ctrl Pts',(143.888004399386,-73.9752838716965,122.5));
#558=CARTESIAN_POINT('Ctrl Pts',(143.855867825454,-71.4758204365972,122.5));
#559=CARTESIAN_POINT('Ctrl Pts',(143.832730085124,-69.6762528769597,122.5));
#560=CARTESIAN_POINT('Ctrl Pts',(143.810622299885,-67.8720632044904,122.5));
#561=CARTESIAN_POINT('Ctrl Pts',(143.789835861154,-66.0634122216255,122.5));
#562=CARTESIAN_POINT('Ctrl Pts',(143.775382154978,-64.8057792898476,122.5));
#563=CARTESIAN_POINT('Ctrl Pts',(143.762064870385,-63.5867733684577,122.5));
#564=CARTESIAN_POINT('Ctrl Pts',(143.75051203942,-62.478117339974,122.5));
#565=CARTESIAN_POINT('Ctrl Pts',(143.658571886498,-53.6551712496689,122.5));
#566=CARTESIAN_POINT('Ctrl Pts',(143.64960030727,-50.3016244094121,122.5));
#567=CARTESIAN_POINT('Ctrl Pts',(143.639978975895,-48.2808434520587,122.5));
#568=CARTESIAN_POINT('Ctrl Pts',(143.635526234006,-47.3456281822729,122.5));
#569=CARTESIAN_POINT('Ctrl Pts',(143.610149212539,-46.6710194561047,122.5));
#570=CARTESIAN_POINT('Ctrl Pts',(143.568746331954,-45.929677038466,122.5));
#571=CARTESIAN_POINT('Ctrl Pts',(143.293492312408,-41.0010953206034,122.5));
#572=CARTESIAN_POINT('Ctrl Pts',(142.213445682729,-35.8737279821068,122.5));
#573=CARTESIAN_POINT('Ctrl Pts',(140.136342998197,-30.8259654929539,122.5));
#574=CARTESIAN_POINT('Ctrl Pts',(137.819387395037,-25.1953138791665,122.5));
#575=CARTESIAN_POINT('Ctrl Pts',(134.294541065553,-19.7504589165516,122.5));
#576=CARTESIAN_POINT('Ctrl Pts',(129.461153940045,-15.0515806456396,122.5));
#577=CARTESIAN_POINT('Ctrl Pts',(125.385378116529,-11.0892300296183,122.5));
#578=CARTESIAN_POINT('Ctrl Pts',(120.411324683045,-7.69058511769856,122.5));
#579=CARTESIAN_POINT('Ctrl Pts',(114.637180058893,-5.28649665752357,122.5));
#580=CARTESIAN_POINT('Ctrl Pts',(111.750107746817,-4.08445242743607,122.5));
#581=CARTESIAN_POINT('Ctrl Pts',(108.680494075544,-3.13997152639665,122.5));
#582=CARTESIAN_POINT('Ctrl Pts',(105.463083281908,-2.51135352790333,122.5));
#583=CARTESIAN_POINT('Ctrl Pts',(103.854377885089,-2.19704452865667,122.5));
#584=CARTESIAN_POINT('Ctrl Pts',(102.208660335752,-1.96169396978321,122.5));
#585=CARTESIAN_POINT('Ctrl Pts',(100.530070433567,-1.81337363071069,122.5));
#586=CARTESIAN_POINT('Ctrl Pts',(99.5844198015801,-1.72981586463702,122.5));
#587=CARTESIAN_POINT('Ctrl Pts',(98.6270106574913,-1.67386037252594,122.5));
#588=CARTESIAN_POINT('Ctrl Pts',(97.6626542931977,-1.64723835684092,122.5));
#589=CARTESIAN_POINT('Ctrl Pts',(96.9152168930115,-1.62660460470522,122.5));
#590=CARTESIAN_POINT('Ctrl Pts',(96.179661210934,-1.62751144676698,122.5));
#591=CARTESIAN_POINT('Ctrl Pts',(95.7443359967734,-1.63312567898573,122.5));
#592=CARTESIAN_POINT('Ctrl Pts',(95.4971298295228,-1.63631380773112,122.5));
#593=CARTESIAN_POINT('Ctrl Pts',(95.3424584984878,-1.63826978118989,122.5));
#594=CARTESIAN_POINT('Ctrl Pts',(95.1478711712018,-1.64070683385265,122.5));
#595=CARTESIAN_POINT('Ctrl Pts',(94.3207326459617,-1.65106609092004,122.5));
#596=CARTESIAN_POINT('Ctrl Pts',(93.4089962855409,-1.66179205537614,122.5));
#597=CARTESIAN_POINT('Ctrl Pts',(92.5166768201643,-1.67153755717957,122.5));
#598=CARTESIAN_POINT('Ctrl Pts',(88.1965181548952,-1.7187203383438,122.5));
#599=CARTESIAN_POINT('Ctrl Pts',(83.6634044435504,-1.75130998721467,122.5));
#600=CARTESIAN_POINT('Ctrl Pts',(78.9371157758328,-1.76891663863958,122.5));
#601=CARTESIAN_POINT('Ctrl Pts',(70.892097958458,-1.79888641712248,122.5));
#602=CARTESIAN_POINT('Ctrl Pts',(62.5206887184819,-1.78426619249555,122.5));
#603=CARTESIAN_POINT('Ctrl Pts',(53.7365557454253,-1.74372190363652,122.5));
#604=CARTESIAN_POINT('Ctrl Pts',(45.8472295143502,-1.70730770970332,122.5));
#605=CARTESIAN_POINT('Ctrl Pts',(37.7061815809197,-1.65047967779691,122.5));
#606=CARTESIAN_POINT('Ctrl Pts',(29.3499335447003,-1.5979284414559,122.5));
#607=CARTESIAN_POINT('Ctrl Pts',(22.3514774836263,-1.55391616263249,122.5));
#608=CARTESIAN_POINT('Ctrl Pts',(15.1901948899769,-1.51293964573567,122.5));
#609=CARTESIAN_POINT('Ctrl Pts',(7.85628363378712,-1.49414225798335,122.5));
#610=CARTESIAN_POINT('Ctrl Pts',(5.2481227690191,-1.48745733783871,122.5));
#611=CARTESIAN_POINT('Ctrl Pts',(2.61703207858485,-1.48365494732628,122.5));
#612=CARTESIAN_POINT('Ctrl Pts',(-2.66453525910038E-14,-1.48365494732628,
122.5));
#613=CARTESIAN_POINT('Ctrl Pts',(-6.56529754344225,-1.48365494732628,122.5));
#614=CARTESIAN_POINT('Ctrl Pts',(-13.0855105080704,-1.50745642389169,122.5));
#615=CARTESIAN_POINT('Ctrl Pts',(-19.4124259365801,-1.54014773235825,122.5));
#616=CARTESIAN_POINT('Ctrl Pts',(-23.3883630382909,-1.5606914851086,122.5));
#617=CARTESIAN_POINT('Ctrl Pts',(-27.2859561400695,-1.58466473835533,122.5));
#618=CARTESIAN_POINT('Ctrl Pts',(-31.2498541650449,-1.60997410436882,122.5));
#619=CARTESIAN_POINT('Ctrl Pts',(-41.5272758217379,-1.67559512305935,122.5));
#620=CARTESIAN_POINT('Ctrl Pts',(-52.0083992169906,-1.75018873233854,122.5));
#621=CARTESIAN_POINT('Ctrl Pts',(-62.7413902821395,-1.77595829313047,122.5));
#622=CARTESIAN_POINT('Ctrl Pts',(-68.107885814714,-1.78884307352644,122.5));
#623=CARTESIAN_POINT('Ctrl Pts',(-73.5373555927984,-1.78928092824848,122.5));
#624=CARTESIAN_POINT('Ctrl Pts',(-79.0358383504671,-1.76854661864994,122.5));
#625=CARTESIAN_POINT('Ctrl Pts',(-81.7850797293015,-1.75817946385068,122.5));
#626=CARTESIAN_POINT('Ctrl Pts',(-84.5515742729714,-1.7425032082077,122.5));
#627=CARTESIAN_POINT('Ctrl Pts',(-87.3360736860965,-1.72033609273394,122.5));
#628=CARTESIAN_POINT('Ctrl Pts',(-88.7283233926591,-1.70925253499706,122.5));
#629=CARTESIAN_POINT('Ctrl Pts',(-90.125074261746,-1.6965453576292,122.5));
#630=CARTESIAN_POINT('Ctrl Pts',(-91.5264198299542,-1.68206174636251,122.5));
#631=CARTESIAN_POINT('Ctrl Pts',(-92.2270926140583,-1.67481994072916,122.5));
#632=CARTESIAN_POINT('Ctrl Pts',(-92.9289140677061,-1.66713397630593,122.5));
#633=CARTESIAN_POINT('Ctrl Pts',(-93.6318958484677,-1.65898446315232,122.5));
#634=CARTESIAN_POINT('Ctrl Pts',(-93.9833867388485,-1.65490970657552,122.5));
#635=CARTESIAN_POINT('Ctrl Pts',(-94.3351677106234,-1.65071905992671,122.5));
#636=CARTESIAN_POINT('Ctrl Pts',(-94.6872402185867,-1.64641008261365,122.5));
#637=CARTESIAN_POINT('Ctrl Pts',(-94.9217773690863,-1.64353960781737,122.5));
#638=CARTESIAN_POINT('Ctrl Pts',(-95.1564438949008,-1.64061662105813,122.5));
#639=CARTESIAN_POINT('Ctrl Pts',(-95.3912402256864,-1.63764039818326,122.5));
#640=CARTESIAN_POINT('Ctrl Pts',(-95.5089054681065,-1.63614890134046,122.5));
#641=CARTESIAN_POINT('Ctrl Pts',(-95.6262258849518,-1.63464890248298,122.5));
#642=CARTESIAN_POINT('Ctrl Pts',(-95.744335996765,-1.63312567898586,122.5));
#643=CARTESIAN_POINT('Ctrl Pts',(-96.1734739453379,-1.62759124169891,122.5));
#644=CARTESIAN_POINT('Ctrl Pts',(-97.2534826735684,-1.61084971082125,122.5));
#645=CARTESIAN_POINT('Ctrl Pts',(-98.8476496471566,-1.6947854979533,122.5));
#646=CARTESIAN_POINT('Ctrl Pts',(-99.8174807048088,-1.74584886493921,122.5));
#647=CARTESIAN_POINT('Ctrl Pts',(-101.004321359132,-1.84339114807298,122.5));
#648=CARTESIAN_POINT('Ctrl Pts',(-102.15815432946,-1.9855477373893,122.5));
#649=CARTESIAN_POINT('Ctrl Pts',(-105.016255709486,-2.33767664560469,122.5));
#650=CARTESIAN_POINT('Ctrl Pts',(-108.001753959568,-2.97296282074535,122.5));
#651=CARTESIAN_POINT('Ctrl Pts',(-110.9920822186,-3.9405207402994,122.5));
#652=CARTESIAN_POINT('Ctrl Pts',(-116.37249068819,-5.68141885389747,122.5));
#653=CARTESIAN_POINT('Ctrl Pts',(-121.676577867735,-8.45345941905325,122.5));
#654=CARTESIAN_POINT('Ctrl Pts',(-126.483342569086,-12.3927143522005,122.5));
#655=CARTESIAN_POINT('Ctrl Pts',(-127.503417323694,-13.2286892248909,122.5));
#656=CARTESIAN_POINT('Ctrl Pts',(-128.497663400641,-14.1149031889678,122.5));
#657=CARTESIAN_POINT('Ctrl Pts',(-129.461153940045,-15.0515806456396,122.5));
#658=CARTESIAN_POINT('Ctrl Pts',(-132.986762164516,-18.4790743364069,122.5));
#659=CARTESIAN_POINT('Ctrl Pts',(-136.115739397793,-22.600624314981,122.5));
#660=CARTESIAN_POINT('Ctrl Pts',(-138.550534544053,-27.3766197484041,122.5));
#661=CARTESIAN_POINT('Ctrl Pts',(-140.203829925937,-30.6196569320913,122.5));
#662=CARTESIAN_POINT('Ctrl Pts',(-141.52482846157,-34.1426112236706,122.5));
#663=CARTESIAN_POINT('Ctrl Pts',(-142.409142701708,-37.9034849672248,122.5));
#664=CARTESIAN_POINT('Ctrl Pts',(-142.665756482321,-38.994830086344,122.5));
#665=CARTESIAN_POINT('Ctrl Pts',(-142.885504057332,-40.1062590277077,122.5));
#666=CARTESIAN_POINT('Ctrl Pts',(-143.065416819485,-41.2367997814315,122.5));
#667=CARTESIAN_POINT('Ctrl Pts',(-143.197794108382,-42.0686358233764,122.5));
#668=CARTESIAN_POINT('Ctrl Pts',(-143.305345489671,-42.9004545411506,122.5));
#669=CARTESIAN_POINT('Ctrl Pts',(-143.383528302367,-43.6386015838017,122.5));
#670=CARTESIAN_POINT('Ctrl Pts',(-143.565261032465,-45.3543940022251,122.5));
#671=CARTESIAN_POINT('Ctrl Pts',(-143.632676973089,-46.7471941423787,122.5));
#672=CARTESIAN_POINT('Ctrl Pts',(-143.639978975895,-48.2808434520572,122.5));
#673=CARTESIAN_POINT('Ctrl Pts',(-143.646141357206,-49.575136551245,122.5));
#674=CARTESIAN_POINT('Ctrl Pts',(-143.654245996791,-51.0176499225943,122.5));
#675=CARTESIAN_POINT('Ctrl Pts',(-143.664713095233,-52.5748915131488,122.5));
#676=CARTESIAN_POINT('Ctrl Pts',(-143.680748103017,-54.9604982944377,122.5));
#677=CARTESIAN_POINT('Ctrl Pts',(-143.701551986866,-57.498707925372,122.5));
#678=CARTESIAN_POINT('Ctrl Pts',(-143.727134807719,-60.1497654097543,122.5));
#679=CARTESIAN_POINT('Ctrl Pts',(-143.869284831988,-74.8802710057722,122.5));
#680=CARTESIAN_POINT('Ctrl Pts',(-144.136880815328,-90.5264333518196,122.5));
#681=CARTESIAN_POINT('Ctrl Pts',(-144.382071265764,-106.887555860598,122.5));
#682=CARTESIAN_POINT('Ctrl Pts',(-144.504666490982,-115.068117114987,122.5));
#683=CARTESIAN_POINT('Ctrl Pts',(-144.62084700395,-123.427440353843,122.5));
#684=CARTESIAN_POINT('Ctrl Pts',(-144.706239092417,-131.940523269968,122.5));
#685=CARTESIAN_POINT('Ctrl Pts',(-144.762810295812,-137.580335503272,122.5));
#686=CARTESIAN_POINT('Ctrl Pts',(-144.80533440396,-143.369569486699,122.5));
#687=CARTESIAN_POINT('Ctrl Pts',(-144.825584870983,-148.74875651992,122.5));
#688=CARTESIAN_POINT('Ctrl Pts',(-144.835901716794,-151.489248536426,122.5));
#689=CARTESIAN_POINT('Ctrl Pts',(-144.840655651209,-154.119726350115,122.5));
#690=CARTESIAN_POINT('Ctrl Pts',(-144.840655651209,-156.56045544794,122.5));
#691=CARTESIAN_POINT('Ctrl Pts',(-144.840655651209,-161.933953897298,122.5));
#692=CARTESIAN_POINT('Ctrl Pts',(-144.840810274521,-166.387721383701,122.5));
#693=CARTESIAN_POINT('Ctrl Pts',(-144.840879727676,-169.071054414038,122.5));
#694=CARTESIAN_POINT('Ctrl Pts',(-144.840905823243,-170.07926051225,122.5));
#695=CARTESIAN_POINT('Ctrl Pts',(-144.840925485271,-170.837527652263,122.5));
#696=CARTESIAN_POINT('Ctrl Pts',(-144.840937402526,-171.300728331172,122.5));
#697=CARTESIAN_POINT('Ctrl Pts',(-144.840944719216,-171.585113926771,122.5));
#698=CARTESIAN_POINT('Ctrl Pts',(-144.840951648064,-171.855427548604,122.5));
#699=CARTESIAN_POINT('Ctrl Pts',(-144.840958732156,-172.133166280469,122.5));
#700=CARTESIAN_POINT('Ctrl Pts',(-144.841179741262,-180.798043376703,122.5));
#701=CARTESIAN_POINT('Ctrl Pts',(-144.841133361334,-189.835599461225,122.5));
#702=CARTESIAN_POINT('Ctrl Pts',(-144.841896162491,-199.298857377708,122.5));
#703=CARTESIAN_POINT('Ctrl Pts',(-144.841957947779,-200.065361351882,122.5));
#704=CARTESIAN_POINT('Ctrl Pts',(-144.842026887826,-200.834658210535,122.5));
#705=CARTESIAN_POINT('Ctrl Pts',(-144.842104639095,-201.606776129803,122.5));
#706=CARTESIAN_POINT('Ctrl Pts',(-144.842166559645,-202.221685274155,122.5));
#707=CARTESIAN_POINT('Ctrl Pts',(-144.842240814837,-202.912933977472,122.5));
#708=CARTESIAN_POINT('Ctrl Pts',(-144.842342723404,-203.742265119914,122.5));
#709=CARTESIAN_POINT('Ctrl Pts',(-144.843017701475,-209.235231494302,122.5));
#710=CARTESIAN_POINT('Ctrl Pts',(-144.843698657325,-219.756434097078,122.5));
#711=CARTESIAN_POINT('Ctrl Pts',(-144.853695929919,-231.414043861386,122.5));
#712=CARTESIAN_POINT('Ctrl Pts',(-144.858694566217,-237.24284874354,122.5));
#713=CARTESIAN_POINT('Ctrl Pts',(-144.866368218855,-243.355755316565,122.5));
#714=CARTESIAN_POINT('Ctrl Pts',(-144.878133943679,-249.266282798012,122.5));
#715=CARTESIAN_POINT('Ctrl Pts',(-144.884016806091,-252.221546538735,122.5));
#716=CARTESIAN_POINT('Ctrl Pts',(-144.890907297352,-255.126215436293,122.5));
#717=CARTESIAN_POINT('Ctrl Pts',(-144.898752650169,-257.919479743747,122.5));
#718=CARTESIAN_POINT('Ctrl Pts',(-144.902675326578,-259.316111897474,122.5));
#719=CARTESIAN_POINT('Ctrl Pts',(-144.906833162032,-260.684892912622,122.5));
#720=CARTESIAN_POINT('Ctrl Pts',(-144.911194470829,-262.018221714658,122.5));
#721=CARTESIAN_POINT('Ctrl Pts',(-144.913600379674,-262.753750361587,122.5));
#722=CARTESIAN_POINT('Ctrl Pts',(-144.916067881639,-263.47849033825,122.5));
#723=CARTESIAN_POINT('Ctrl Pts',(-144.918589112389,-264.191165637953,122.5));
#724=CARTESIAN_POINT('Ctrl Pts',(-144.920195524276,-264.645249450998,122.5));
#725=CARTESIAN_POINT('Ctrl Pts',(-144.921823710857,-265.094435427488,122.5));
#726=CARTESIAN_POINT('Ctrl Pts',(-144.923471235697,-265.53839351871,122.5));
#727=CARTESIAN_POINT('Ctrl Pts',(-144.923925281964,-265.660745248431,122.5));
#728=CARTESIAN_POINT('Ctrl Pts',(-144.924403177328,-265.788763839794,122.5));
#729=CARTESIAN_POINT('Ctrl Pts',(-144.924929655051,-265.928696561204,122.5));
#730=CARTESIAN_POINT('Ctrl Pts',(-144.926492273355,-266.344025496343,122.5));
#731=CARTESIAN_POINT('Ctrl Pts',(-144.922921904263,-266.849020847771,122.5));
#732=CARTESIAN_POINT('Ctrl Pts',(-144.903466035023,-267.462465440634,122.5));
#733=CARTESIAN_POINT('Ctrl Pts',(-144.88345724668,-268.093343602216,122.5));
#734=CARTESIAN_POINT('Ctrl Pts',(-144.848444800668,-268.749750512625,122.5));
#735=CARTESIAN_POINT('Ctrl Pts',(-144.798570047284,-269.402448850432,122.5));
#736=CARTESIAN_POINT('Ctrl Pts',(-144.570623489319,-272.385528051816,122.5));
#737=CARTESIAN_POINT('Ctrl Pts',(-144.019644434537,-275.513097133544,122.5));
#738=CARTESIAN_POINT('Ctrl Pts',(-143.092007791596,-278.650177984417,122.5));
#739=CARTESIAN_POINT('Ctrl Pts',(-143.023431874883,-278.882087964243,122.5));
#740=CARTESIAN_POINT('Ctrl Pts',(-142.952873177626,-279.113875708209,122.5));
#741=CARTESIAN_POINT('Ctrl Pts',(-142.880322538454,-279.345511149492,122.5));
#742=CARTESIAN_POINT('Ctrl Pts',(-141.267426608629,-284.495071025404,122.5));
#743=CARTESIAN_POINT('Ctrl Pts',(-138.66416967233,-289.585686821785,122.5));
#744=CARTESIAN_POINT('Ctrl Pts',(-134.982607652294,-294.237019267663,122.5));
#745=CARTESIAN_POINT('Ctrl Pts',(-131.448488373059,-298.702070672922,122.5));
#746=CARTESIAN_POINT('Ctrl Pts',(-126.954180467894,-302.718012193377,122.5));
#747=CARTESIAN_POINT('Ctrl Pts',(-121.533769274943,-305.86510727874,122.5));
#748=CARTESIAN_POINT('Ctrl Pts',(-117.565853869356,-308.168882145174,122.5));
#749=CARTESIAN_POINT('Ctrl Pts',(-113.142557852053,-309.980651405763,122.5));
#750=CARTESIAN_POINT('Ctrl Pts',(-108.34345636422,-311.116024480586,122.5));
#751=CARTESIAN_POINT('Ctrl Pts',(-107.070432103587,-311.41719699648,122.5));
#752=CARTESIAN_POINT('Ctrl Pts',(-105.753651805735,-311.673183932126,122.5));
#753=CARTESIAN_POINT('Ctrl Pts',(-104.448714745657,-311.871877150121,122.5));
#754=CARTESIAN_POINT('Ctrl Pts',(-100.834244077061,-312.422226151972,122.5));
#755=CARTESIAN_POINT('Ctrl Pts',(-97.9277619895267,-312.470098402998,122.5));
#756=CARTESIAN_POINT('Ctrl Pts',(-95.7700251731345,-312.413119788211,122.5));
#757=CARTESIAN_POINT('Ctrl Pts',(-94.8360845428684,-312.388457538857,122.5));
#758=CARTESIAN_POINT('Ctrl Pts',(-94.0758754702713,-312.368598478537,122.5));
#759=CARTESIAN_POINT('Ctrl Pts',(-93.2310451251608,-312.346722174102,122.5));
#760=CARTESIAN_POINT('Ctrl Pts',(-91.6116495363258,-312.304789032011,122.5));
#761=CARTESIAN_POINT('Ctrl Pts',(-89.8623914648843,-312.26034314804,122.5));
#762=CARTESIAN_POINT('Ctrl Pts',(-88.1313829378414,-312.217352029102,122.5));
#763=CARTESIAN_POINT('Ctrl Pts',(-81.6595473705472,-312.056618301756,122.5));
#764=CARTESIAN_POINT('Ctrl Pts',(-74.9252682933492,-311.902488335627,122.5));
#765=CARTESIAN_POINT('Ctrl Pts',(-67.8987001983359,-311.760240356042,122.5));
#766=CARTESIAN_POINT('Ctrl Pts',(-45.8376427856756,-311.313629606378,122.5));
#767=CARTESIAN_POINT('Ctrl Pts',(-23.2283490395067,-311.029395503736,122.5));
#768=CARTESIAN_POINT('Ctrl Pts',(-2.75335310107039E-13,-311.029395503736,
122.5));
#769=CARTESIAN_POINT('Origin',(0.,-46.2731960578734,9.35370995181947));
#770=CARTESIAN_POINT('',(-1.07353168490188E-17,-70.8328924640326,9.35370995181946));
#771=CARTESIAN_POINT('Ctrl Pts',(2.99760216648792E-14,-70.8328924640325,
9.35370995181946));
#772=CARTESIAN_POINT('Ctrl Pts',(1.73133916750761,-70.8328924640325,9.35370995181946));
#773=CARTESIAN_POINT('Ctrl Pts',(3.45591005044104,-70.8324948919287,9.35370995181947));
#774=CARTESIAN_POINT('Ctrl Pts',(5.17043854018907,-70.8317323918973,9.35370995181947));
#775=CARTESIAN_POINT('Ctrl Pts',(15.3421294589325,-70.8272087489883,9.35370995181947));
#776=CARTESIAN_POINT('Ctrl Pts',(25.7015594830863,-70.8095974590404,9.35370995181947));
#777=CARTESIAN_POINT('Ctrl Pts',(35.3467507713373,-70.7808305149365,9.35370995181947));
#778=CARTESIAN_POINT('Ctrl Pts',(38.8047225920857,-70.7705170562287,9.35370995181947));
#779=CARTESIAN_POINT('Ctrl Pts',(42.178004870607,-70.7587542119685,9.35370995181947));
#780=CARTESIAN_POINT('Ctrl Pts',(45.4544285067983,-70.7456197546687,9.35370995181947));
#781=CARTESIAN_POINT('Ctrl Pts',(46.6475939199974,-70.7408366185692,9.35370995181947));
#782=CARTESIAN_POINT('Ctrl Pts',(47.8082387072478,-70.7359511316233,9.35370995181927));
#783=CARTESIAN_POINT('Ctrl Pts',(48.9384033175133,-70.7309797247629,9.35370995181927));
#784=CARTESIAN_POINT('Ctrl Pts',(49.2245614239268,-70.7297209626671,9.35370995181927));
#785=CARTESIAN_POINT('Ctrl Pts',(49.5028580630277,-70.7284826917952,9.35370995181944));
#786=CARTESIAN_POINT('Ctrl Pts',(49.7739026053077,-70.7272642229505,9.35370995181944));
#787=CARTESIAN_POINT('Ctrl Pts',(49.8765357440496,-70.7268028401795,9.35370995181944));
#788=CARTESIAN_POINT('Ctrl Pts',(49.9763484022604,-70.7263523016388,9.35370995181944));
#789=CARTESIAN_POINT('Ctrl Pts',(50.073560925722,-70.7259118892215,9.35370995181944));
#790=CARTESIAN_POINT('Ctrl Pts',(50.3936810701466,-70.7244616142818,9.35370995181944));
#791=CARTESIAN_POINT('Ctrl Pts',(50.7079776303837,-70.721800896209,9.35370995181959));
#792=CARTESIAN_POINT('Ctrl Pts',(51.2069511211507,-70.6976354858294,9.35370995181959));
#793=CARTESIAN_POINT('Ctrl Pts',(54.4733798758804,-70.5394415280452,9.35370995181959));
#794=CARTESIAN_POINT('Ctrl Pts',(57.5815365312817,-69.723842429496,9.35370995181946));
#795=CARTESIAN_POINT('Ctrl Pts',(60.3784869277293,-68.393155627549,9.35370995181946));
#796=CARTESIAN_POINT('Ctrl Pts',(63.2620825029815,-67.0212462154214,9.35370995181946));
#797=CARTESIAN_POINT('Ctrl Pts',(65.762903531469,-65.1284772488699,9.35370995181944));
#798=CARTESIAN_POINT('Ctrl Pts',(67.7972112860723,-62.891194394803,9.35370995181944));
#799=CARTESIAN_POINT('Ctrl Pts',(69.820311492222,-60.6662373335935,9.35370995181944));
#800=CARTESIAN_POINT('Ctrl Pts',(71.346829471693,-58.1411844832398,9.3537099518195));
#801=CARTESIAN_POINT('Ctrl Pts',(72.3662608335057,-55.4820657201268,9.3537099518195));
#802=CARTESIAN_POINT('Ctrl Pts',(73.3499575976168,-52.9161582734397,9.3537099518195));
#803=CARTESIAN_POINT('Ctrl Pts',(73.8443923918894,-50.2731958197651,9.3537099517525));
#804=CARTESIAN_POINT('Ctrl Pts',(73.898775534113,-47.6674883446706,9.3537099517525));
#805=CARTESIAN_POINT('Ctrl Pts',(73.9539536458097,-45.0236907958139,9.3537099517525));
#806=CARTESIAN_POINT('Ctrl Pts',(73.5598239363323,-41.9964977822943,9.35370995172589));
#807=CARTESIAN_POINT('Ctrl Pts',(72.4565537251533,-38.932876346292,9.35370995172589));
#808=CARTESIAN_POINT('Ctrl Pts',(71.33495081567,-35.8183476647791,9.35370995172589));
#809=CARTESIAN_POINT('Ctrl Pts',(69.626423827533,-33.0395586939401,9.35370995182927));
#810=CARTESIAN_POINT('Ctrl Pts',(67.5082871591633,-30.7262222483678,9.35370995182927));
#811=CARTESIAN_POINT('Ctrl Pts',(65.350029115676,-28.3690669875642,9.35370995182927));
#812=CARTESIAN_POINT('Ctrl Pts',(62.8079572941268,-26.5371674170152,9.35370995172703));
#813=CARTESIAN_POINT('Ctrl Pts',(60.0631386469001,-25.2654001779808,9.35370995172703));
#814=CARTESIAN_POINT('Ctrl Pts',(57.2498743783965,-23.9619197695232,9.35370995172703));
#815=CARTESIAN_POINT('Ctrl Pts',(54.2960662415705,-23.2778601819383,9.3537099518193));
#816=CARTESIAN_POINT('Ctrl Pts',(51.3603081057292,-23.1476205785835,9.3537099518193));
#817=CARTESIAN_POINT('Ctrl Pts',(50.861712517879,-23.1255012865331,9.3537099518193));
#818=CARTESIAN_POINT('Ctrl Pts',(48.9256682960188,-23.052834337231,9.35370995181946));
#819=CARTESIAN_POINT('Ctrl Pts',(46.0825556299359,-22.9922241532663,9.35370995181946));
#820=CARTESIAN_POINT('Ctrl Pts',(39.5563615849356,-22.8530971231014,9.35370995181946));
#821=CARTESIAN_POINT('Ctrl Pts',(31.2975116770469,-22.8478969789013,9.35370995200669));
#822=CARTESIAN_POINT('Ctrl Pts',(25.8382510118854,-22.8547084012803,9.35370995200669));
#823=CARTESIAN_POINT('Ctrl Pts',(10.8162139955125,-22.8734511295338,9.35370995200669));
#824=CARTESIAN_POINT('Ctrl Pts',(3.51691832167891,-22.9511183872899,9.3537099518146));
#825=CARTESIAN_POINT('Ctrl Pts',(-10.7116471672283,-22.9006731205915,9.3537099518146));
#826=CARTESIAN_POINT('Ctrl Pts',(-25.8364073264318,-22.8470505287305,9.3537099518146));
#827=CARTESIAN_POINT('Ctrl Pts',(-40.4449828938054,-22.7712287926358,9.35370995210529));
#828=CARTESIAN_POINT('Ctrl Pts',(-50.1698447536824,-23.103648716026,9.35370995210529));
#829=CARTESIAN_POINT('Ctrl Pts',(-50.5325704301683,-23.1160475802286,9.35370995210529));
#830=CARTESIAN_POINT('Ctrl Pts',(-51.1805883870025,-23.1378917085173,9.35370995191751));
#831=CARTESIAN_POINT('Ctrl Pts',(-51.5185471270314,-23.1551770926637,9.35370995191751));
#832=CARTESIAN_POINT('Ctrl Pts',(-54.6315090692986,-23.3143939929298,9.35370995191751));
#833=CARTESIAN_POINT('Ctrl Pts',(-57.5782559902809,-24.0868435882853,9.35370995173177));
#834=CARTESIAN_POINT('Ctrl Pts',(-60.2445799093235,-25.3504250952462,9.35370995173177));
#835=CARTESIAN_POINT('Ctrl Pts',(-63.0519083952525,-26.6808292271111,9.35370995173177));
#836=CARTESIAN_POINT('Ctrl Pts',(-65.4804513480965,-28.5208919613054,9.35370995177706));
#837=CARTESIAN_POINT('Ctrl Pts',(-67.4737359926644,-30.6885676888166,9.35370995177706));
#838=CARTESIAN_POINT('Ctrl Pts',(-69.6376664094401,-33.0418188680953,9.35370995177706));
#839=CARTESIAN_POINT('Ctrl Pts',(-71.2538916340239,-35.7413020042454,9.35370995132196));
#840=CARTESIAN_POINT('Ctrl Pts',(-72.3238176235463,-38.5731061125081,9.35370995132196));
#841=CARTESIAN_POINT('Ctrl Pts',(-73.5901886515427,-41.9248469943849,9.35370995132196));
#842=CARTESIAN_POINT('Ctrl Pts',(-73.9743771331062,-45.1200404992932,9.35370995185434));
#843=CARTESIAN_POINT('Ctrl Pts',(-73.8938383088221,-47.8641162312851,9.35370995185434));
#844=CARTESIAN_POINT('Ctrl Pts',(-73.8520870687324,-49.2866421463199,9.35370995185434));
#845=CARTESIAN_POINT('Ctrl Pts',(-73.681074890496,-50.6608355933882,9.35370995180747));
#846=CARTESIAN_POINT('Ctrl Pts',(-73.4019246544733,-51.9791682237892,9.35370995180747));
#847=CARTESIAN_POINT('Ctrl Pts',(-72.7479575335062,-55.0676348755254,9.35370995180747));
#848=CARTESIAN_POINT('Ctrl Pts',(-71.4906741488864,-57.9004204012725,9.35370995181952));
#849=CARTESIAN_POINT('Ctrl Pts',(-69.7981919407205,-60.3650237146135,9.35370995181952));
#850=CARTESIAN_POINT('Ctrl Pts',(-67.9657217176355,-63.0334784620982,9.35370995181952));
#851=CARTESIAN_POINT('Ctrl Pts',(-65.6578115407802,-65.2234135637648,9.35370995181946));
#852=CARTESIAN_POINT('Ctrl Pts',(-63.0808299533554,-66.8866166991795,9.35370995181946));
#853=CARTESIAN_POINT('Ctrl Pts',(-60.4130312620885,-68.6084338707194,9.35370995181946));
#854=CARTESIAN_POINT('Ctrl Pts',(-57.5056565745138,-69.7363607408356,9.35370995181955));
#855=CARTESIAN_POINT('Ctrl Pts',(-54.5510678619631,-70.2997810243152,9.35370995181955));
#856=CARTESIAN_POINT('Ctrl Pts',(-53.7716466378495,-70.4484114327286,9.35370995181955));
#857=CARTESIAN_POINT('Ctrl Pts',(-53.0068219419956,-70.5544030022884,9.35370995181963));
#858=CARTESIAN_POINT('Ctrl Pts',(-52.2584550230691,-70.6235970691946,9.35370995181963));
#859=CARTESIAN_POINT('Ctrl Pts',(-51.8618506929858,-70.6602671381903,9.35370995181963));
#860=CARTESIAN_POINT('Ctrl Pts',(-51.4753030229858,-70.6860991207886,9.35370995181949));
#861=CARTESIAN_POINT('Ctrl Pts',(-51.0984062634144,-70.7026467105195,9.35370995181949));
#862=CARTESIAN_POINT('Ctrl Pts',(-50.6157433311968,-70.723837946522,9.35370995181949));
#863=CARTESIAN_POINT('Ctrl Pts',(-50.3090520739211,-70.7248502801403,9.35370995181959));
#864=CARTESIAN_POINT('Ctrl Pts',(-49.927495903133,-70.7265723772479,9.35370995181959));
#865=CARTESIAN_POINT('Ctrl Pts',(-41.6495255438672,-70.7639337670101,9.35370995181959));
#866=CARTESIAN_POINT('Ctrl Pts',(-33.238782019927,-70.7898125890978,9.35370995182146));
#867=CARTESIAN_POINT('Ctrl Pts',(-25.0103846720655,-70.806818038666,9.35370995182146));
#868=CARTESIAN_POINT('Ctrl Pts',(-16.7585994955415,-70.8238718233502,9.35370995182146));
#869=CARTESIAN_POINT('Ctrl Pts',(-8.3014966108288,-70.8328924640325,9.35370995181946));
#870=CARTESIAN_POINT('Ctrl Pts',(-5.82664739913301E-14,-70.8328924640325,
9.35370995181946));
#871=CARTESIAN_POINT('',(-50.,-23.2731960578734,9.35370995181947));
#872=CARTESIAN_POINT('',(50.,-23.2731960578734,9.35370995181947));
#873=CARTESIAN_POINT('',(0.,-23.2731960578734,9.35370995181947));
#874=CARTESIAN_POINT('',(50.,-69.2731960578734,9.35370995181947));
#875=CARTESIAN_POINT('Origin',(50.,-46.2731960578734,9.35370995181947));
#876=CARTESIAN_POINT('',(-50.,-69.2731960578734,9.35370995181947));
#877=CARTESIAN_POINT('',(-50.,-69.2731960578734,9.35370995181947));
#878=CARTESIAN_POINT('Origin',(-50.,-46.2731960578734,9.35370995181947));
#879=CARTESIAN_POINT('Origin',(50.,-46.2731960578734,9.35370995181947));
#880=CARTESIAN_POINT('',(50.,-23.2731960578734,-10.6462900481805));
#881=CARTESIAN_POINT('',(50.,-23.2731960578734,9.35370995181947));
#882=CARTESIAN_POINT('',(50.,-69.2731960578734,-10.6462900481805));
#883=CARTESIAN_POINT('Origin',(50.,-46.2731960578734,-10.6462900481805));
#884=CARTESIAN_POINT('',(50.,-69.2731960578734,9.35370995181947));
#885=CARTESIAN_POINT('Origin',(-50.,-69.2731960578734,9.35370995181947));
#886=CARTESIAN_POINT('',(-50.,-69.2731960578734,-10.6462900481805));
#887=CARTESIAN_POINT('',(-50.,-69.2731960578734,-10.6462900481805));
#888=CARTESIAN_POINT('',(-50.,-69.2731960578734,9.35370995181947));
#889=CARTESIAN_POINT('Origin',(-50.,-46.2731960578734,9.35370995181947));
#890=CARTESIAN_POINT('',(-50.,-23.2731960578734,-10.6462900481805));
#891=CARTESIAN_POINT('Origin',(-50.,-46.2731960578734,-10.6462900481805));
#892=CARTESIAN_POINT('',(-50.,-23.2731960578734,9.35370995181947));
#893=CARTESIAN_POINT('Origin',(50.,-23.2731960578734,9.35370995181947));
#894=CARTESIAN_POINT('',(0.,-23.2731960578734,-10.6462900481805));
#895=CARTESIAN_POINT('Origin',(-50.,-46.2731960578734,9.35370995181947));
#896=CARTESIAN_POINT('',(-50.,-21.2731960578734,9.35370995181947));
#897=CARTESIAN_POINT('',(-50.,-71.2731960578734,9.35370995181947));
#898=CARTESIAN_POINT('Ctrl Pts',(-50.0001988567646,-21.2727049127895,9.35370995181946));
#899=CARTESIAN_POINT('Ctrl Pts',(-50.8812188080485,-21.2726590204692,9.35370995181947));
#900=CARTESIAN_POINT('Ctrl Pts',(-52.6431249313682,-21.3660969180912,9.35370995181947));
#901=CARTESIAN_POINT('Ctrl Pts',(-56.1281430928624,-21.9225114465039,9.35370995181947));
#902=CARTESIAN_POINT('Ctrl Pts',(-58.6530152537459,-22.751969049986,9.35370995181947));
#903=CARTESIAN_POINT('Ctrl Pts',(-64.624237983411,-25.4321424825284,9.35370995181946));
#904=CARTESIAN_POINT('Ctrl Pts',(-72.1731764748839,-31.9363885652464,9.35370995181946));
#905=CARTESIAN_POINT('Ctrl Pts',(-75.0077630512776,-41.4901808178122,9.35370995181946));
#906=CARTESIAN_POINT('Ctrl Pts',(-74.9989809096173,-48.3471773253891,9.35370995181946));
#907=CARTESIAN_POINT('Ctrl Pts',(-74.473751013758,-53.2323990811145,9.35370995181946));
#908=CARTESIAN_POINT('Ctrl Pts',(-70.7226666195201,-61.2602704478027,9.35370995181946));
#909=CARTESIAN_POINT('Ctrl Pts',(-63.7466874953327,-67.8934747815027,9.35370995181945));
#910=CARTESIAN_POINT('Ctrl Pts',(-57.7599942693712,-70.2346964465725,9.35370995181945));
#911=CARTESIAN_POINT('Ctrl Pts',(-53.1641437594076,-71.1265600366938,9.35370995181945));
#912=CARTESIAN_POINT('Ctrl Pts',(-51.555706002347,-71.2740154450407,9.35370995181945));
#913=CARTESIAN_POINT('Ctrl Pts',(-50.0001022196243,-71.2737824200317,9.35370995181945));
#914=CARTESIAN_POINT('',(-50.,-21.2731960578734,-10.6462900481805));
#915=CARTESIAN_POINT('',(-50.,-21.2731960578734,9.35370995181947));
#916=CARTESIAN_POINT('',(-50.,-71.2731960578734,-10.6462900481805));
#917=CARTESIAN_POINT('Origin',(-50.,-46.2731960578734,-10.6462900481805));
#918=CARTESIAN_POINT('',(-50.,-71.2731960578734,9.35370995181947));
#919=CARTESIAN_POINT('Origin',(50.,-71.2731960578734,9.35370995181947));
#920=CARTESIAN_POINT('',(0.,-71.2731960578734,9.35370995181946));
#921=CARTESIAN_POINT('Ctrl Pts',(-50.0001022196243,-71.2737824200317,9.35370995181945));
#922=CARTESIAN_POINT('Ctrl Pts',(-48.3409598425644,-71.2735338852366,9.35370995181945));
#923=CARTESIAN_POINT('Ctrl Pts',(-45.0224590491831,-71.2735640750607,9.35370995181945));
#924=CARTESIAN_POINT('Ctrl Pts',(-40.0448468227689,-71.2734637549933,9.35370995181945));
#925=CARTESIAN_POINT('Ctrl Pts',(-35.067189365817,-71.2734365356482,9.35370995181945));
#926=CARTESIAN_POINT('Ctrl Pts',(-31.7487727776213,-71.2734157881859,9.35370995181945));
#927=CARTESIAN_POINT('Ctrl Pts',(-20.059702745263,-71.2733331124614,9.35370995181946));
#928=CARTESIAN_POINT('Ctrl Pts',(-10.0298283460331,-71.2731960578734,9.35370995181946));
#929=CARTESIAN_POINT('Ctrl Pts',(4.44089209850063E-14,-71.2731960578734,
9.35370995181946));
#930=CARTESIAN_POINT('',(50.,-71.2731960578734,-10.6462900481805));
#931=CARTESIAN_POINT('',(-50.,-71.2731960578734,-10.6462900481805));
#932=CARTESIAN_POINT('',(50.,-71.2731960578734,9.35370995181947));
#933=CARTESIAN_POINT('',(50.,-71.2731960578734,9.35370995181947));
#934=CARTESIAN_POINT('Ctrl Pts',(0.,-71.2731960578734,9.35370995181946));
#935=CARTESIAN_POINT('Ctrl Pts',(10.0298283460332,-71.2731960578734,9.35370995181946));
#936=CARTESIAN_POINT('Ctrl Pts',(20.059702754796,-71.2733330889433,9.35370995181947));
#937=CARTESIAN_POINT('Ctrl Pts',(31.748772793348,-71.2734157493877,9.35370995181948));
#938=CARTESIAN_POINT('Ctrl Pts',(35.0671893820091,-71.2734364957018,9.35370995181947));
#939=CARTESIAN_POINT('Ctrl Pts',(40.0448468428591,-71.27346370543,9.35370995181947));
#940=CARTESIAN_POINT('Ctrl Pts',(45.0224590711059,-71.2735640209762,9.35370995181947));
#941=CARTESIAN_POINT('Ctrl Pts',(48.3409598717894,-71.2735338131369,9.35370995181947));
#942=CARTESIAN_POINT('Ctrl Pts',(50.0001022506962,-71.2737823433757,9.35370995181947));
#943=CARTESIAN_POINT('Origin',(50.,-46.2731960578734,9.35370995181947));
#944=CARTESIAN_POINT('',(50.,-21.2731960578734,9.35370995181947));
#945=CARTESIAN_POINT('Ctrl Pts',(50.0001022506962,-71.2737823433757,9.35370995181947));
#946=CARTESIAN_POINT('Ctrl Pts',(51.5557060351505,-71.2740153641129,9.35370995181947));
#947=CARTESIAN_POINT('Ctrl Pts',(53.1641437932448,-71.1265599532158,9.35370995181947));
#948=CARTESIAN_POINT('Ctrl Pts',(57.7599943120526,-70.2346963412755,9.35370995181947));
#949=CARTESIAN_POINT('Ctrl Pts',(63.7466875518977,-67.8934746419536,9.35370995181947));
#950=CARTESIAN_POINT('Ctrl Pts',(70.722666727486,-61.2602701814441,9.35370995181946));
#951=CARTESIAN_POINT('Ctrl Pts',(74.4737511544139,-53.2323987341075,9.35370995181947));
#952=CARTESIAN_POINT('Ctrl Pts',(74.9989811935216,-48.3471766249794,9.35370995181947));
#953=CARTESIAN_POINT('Ctrl Pts',(75.0077636857257,-41.4901792525883,9.35370995181947));
#954=CARTESIAN_POINT('Ctrl Pts',(72.1731770184743,-31.936387224176,9.35370995181946));
#955=CARTESIAN_POINT('Ctrl Pts',(64.6242400604431,-25.4321373583564,9.35370995181947));
#956=CARTESIAN_POINT('Ctrl Pts',(58.6530188854162,-22.7519600904296,9.35370995181947));
#957=CARTESIAN_POINT('Ctrl Pts',(56.1281469678506,-21.9225018866518,9.35370995181947));
#958=CARTESIAN_POINT('Ctrl Pts',(52.6431293758081,-21.3660859533956,9.35370995181947));
#959=CARTESIAN_POINT('Ctrl Pts',(50.8812241742934,-21.2726457815749,9.35370995181947));
#960=CARTESIAN_POINT('Ctrl Pts',(50.0002045966862,-21.272690752094,9.35370995181947));
#961=CARTESIAN_POINT('',(50.,-21.2731960578734,-10.6462900481805));
#962=CARTESIAN_POINT('Origin',(50.,-46.2731960578734,-10.6462900481805));
#963=CARTESIAN_POINT('',(50.,-21.2731960578734,9.35370995181947));
#964=CARTESIAN_POINT('Origin',(-50.,-21.2731960578734,9.35370995181947));
#965=CARTESIAN_POINT('Ctrl Pts',(50.0002045966862,-21.272690752094,9.35370995181947));
#966=CARTESIAN_POINT('Ctrl Pts',(49.0869639406022,-21.2727373672969,9.35370995181947));
#967=CARTESIAN_POINT('Ctrl Pts',(47.1991652640173,-21.2728095447115,9.35370995181947));
#968=CARTESIAN_POINT('Ctrl Pts',(44.2023543407881,-21.2728473247807,9.35370995181947));
#969=CARTESIAN_POINT('Ctrl Pts',(41.0592391713487,-21.2728940069406,9.35370995181947));
#970=CARTESIAN_POINT('Ctrl Pts',(38.878859621263,-21.2729136712816,9.35370995181947));
#971=CARTESIAN_POINT('Ctrl Pts',(36.2954111921407,-21.2729381683265,9.35370995181947));
#972=CARTESIAN_POINT('Ctrl Pts',(33.2809518725122,-21.2729776120446,9.35370995181946));
#973=CARTESIAN_POINT('Ctrl Pts',(20.8284695406016,-21.2730430119473,9.35370995181947));
#974=CARTESIAN_POINT('Ctrl Pts',(9.0866091792879,-21.2731161264157,9.35370995181947));
#975=CARTESIAN_POINT('Ctrl Pts',(-9.08660919602946,-21.2731132384278,9.35370995181947));
#976=CARTESIAN_POINT('Ctrl Pts',(-20.828462519862,-21.2730612975908,9.35370995181946));
#977=CARTESIAN_POINT('Ctrl Pts',(-32.502670753814,-21.2729850036384,9.35370995181947));
#978=CARTESIAN_POINT('Ctrl Pts',(-35.5417866008346,-21.2729726428152,9.35370995181947));
#979=CARTESIAN_POINT('Ctrl Pts',(-37.0329768053693,-21.2729604912313,9.35370995181947));
#980=CARTESIAN_POINT('Ctrl Pts',(-38.8788471578225,-21.2729444110413,9.35370995181947));
#981=CARTESIAN_POINT('Ctrl Pts',(-41.0592298735816,-21.2729169518424,9.35370995181947));
#982=CARTESIAN_POINT('Ctrl Pts',(-44.2023457427032,-21.2728685351331,9.35370995181946));
#983=CARTESIAN_POINT('Ctrl Pts',(-47.1991583280143,-21.2728266577362,9.35370995181946));
#984=CARTESIAN_POINT('Ctrl Pts',(-49.0869578133376,-21.2727524835062,9.35370995181946));
#985=CARTESIAN_POINT('Ctrl Pts',(-50.0001988567646,-21.2727049127895,9.35370995181946));
#986=CARTESIAN_POINT('',(0.,-21.2731960578734,-10.6462900481805));
#987=CARTESIAN_POINT('Origin',(0.,-46.2731960578734,-10.6462900481805));
#988=CARTESIAN_POINT('Ctrl Pts',(3.10862446895044E-14,-70.8328924640325,
11.3537099518195));
#989=CARTESIAN_POINT('Ctrl Pts',(3.10862446895044E-14,-70.8328924640325,
-3.64629004818054));
#990=CARTESIAN_POINT('Ctrl Pts',(-8.30149661082875,-70.8328924640325,11.3537099518195));
#991=CARTESIAN_POINT('Ctrl Pts',(-8.30149661082875,-70.8328924640325,-3.64629004818054));
#992=CARTESIAN_POINT('Ctrl Pts',(-16.7585994955414,-70.8238718233502,11.3537099518215));
#993=CARTESIAN_POINT('Ctrl Pts',(-16.7585994955414,-70.8238718233502,-3.64629004817854));
#994=CARTESIAN_POINT('Ctrl Pts',(-25.0103846720656,-70.806818038666,11.3537099518215));
#995=CARTESIAN_POINT('Ctrl Pts',(-25.0103846720656,-70.806818038666,-3.64629004817854));
#996=CARTESIAN_POINT('Ctrl Pts',(-33.238782019927,-70.7898125890978,11.3537099518215));
#997=CARTESIAN_POINT('Ctrl Pts',(-33.238782019927,-70.7898125890978,-3.64629004817854));
#998=CARTESIAN_POINT('Ctrl Pts',(-41.6495255438672,-70.7639337670101,11.3537099518196));
#999=CARTESIAN_POINT('Ctrl Pts',(-41.6495255438672,-70.7639337670101,-3.64629004818041));
#1000=CARTESIAN_POINT('Ctrl Pts',(-50.3090520739211,-70.7248502801403,11.3537099518196));
#1001=CARTESIAN_POINT('Ctrl Pts',(-50.3090520739211,-70.7248502801403,-3.64629004818041));
#1002=CARTESIAN_POINT('Ctrl Pts',(-50.6157433311968,-70.723837946522,11.3537099518195));
#1003=CARTESIAN_POINT('Ctrl Pts',(-50.6157433311968,-70.723837946522,-3.64629004818051));
#1004=CARTESIAN_POINT('Ctrl Pts',(-51.4753030229859,-70.6860991207886,11.3537099518195));
#1005=CARTESIAN_POINT('Ctrl Pts',(-51.4753030229859,-70.6860991207886,-3.64629004818051));
#1006=CARTESIAN_POINT('Ctrl Pts',(-51.8618506929858,-70.6602671381903,11.3537099518196));
#1007=CARTESIAN_POINT('Ctrl Pts',(-51.8618506929858,-70.6602671381903,-3.64629004818037));
#1008=CARTESIAN_POINT('Ctrl Pts',(-53.0068219419956,-70.5544030022884,11.3537099518196));
#1009=CARTESIAN_POINT('Ctrl Pts',(-53.0068219419956,-70.5544030022884,-3.64629004818037));
#1010=CARTESIAN_POINT('Ctrl Pts',(-53.7716466378495,-70.4484114327286,11.3537099518195));
#1011=CARTESIAN_POINT('Ctrl Pts',(-53.7716466378495,-70.4484114327286,-3.64629004818045));
#1012=CARTESIAN_POINT('Ctrl Pts',(-57.5056565745138,-69.7363607408356,11.3537099518195));
#1013=CARTESIAN_POINT('Ctrl Pts',(-57.5056565745138,-69.7363607408356,-3.64629004818045));
#1014=CARTESIAN_POINT('Ctrl Pts',(-60.4130312620885,-68.6084338707194,11.3537099518195));
#1015=CARTESIAN_POINT('Ctrl Pts',(-60.4130312620885,-68.6084338707194,-3.64629004818054));
#1016=CARTESIAN_POINT('Ctrl Pts',(-65.6578115407802,-65.2234135637648,11.3537099518195));
#1017=CARTESIAN_POINT('Ctrl Pts',(-65.6578115407802,-65.2234135637648,-3.64629004818054));
#1018=CARTESIAN_POINT('Ctrl Pts',(-67.9657217176355,-63.0334784620982,11.3537099518195));
#1019=CARTESIAN_POINT('Ctrl Pts',(-67.9657217176355,-63.0334784620982,-3.64629004818048));
#1020=CARTESIAN_POINT('Ctrl Pts',(-71.4906741488864,-57.9004204012725,11.3537099518195));
#1021=CARTESIAN_POINT('Ctrl Pts',(-71.4906741488864,-57.9004204012725,-3.64629004818048));
#1022=CARTESIAN_POINT('Ctrl Pts',(-72.7479575335062,-55.0676348755254,11.3537099518075));
#1023=CARTESIAN_POINT('Ctrl Pts',(-72.7479575335062,-55.0676348755254,-3.64629004819253));
#1024=CARTESIAN_POINT('Ctrl Pts',(-73.681074890496,-50.6608355933882,11.3537099518075));
#1025=CARTESIAN_POINT('Ctrl Pts',(-73.681074890496,-50.6608355933882,-3.64629004819253));
#1026=CARTESIAN_POINT('Ctrl Pts',(-73.8520870687324,-49.2866421463199,11.3537099518543));
#1027=CARTESIAN_POINT('Ctrl Pts',(-73.8520870687324,-49.2866421463199,-3.64629004814566));
#1028=CARTESIAN_POINT('Ctrl Pts',(-73.9743771331062,-45.1200404992932,11.3537099518543));
#1029=CARTESIAN_POINT('Ctrl Pts',(-73.9743771331062,-45.1200404992932,-3.64629004814566));
#1030=CARTESIAN_POINT('Ctrl Pts',(-73.5901886515427,-41.9248469943848,11.353709951322));
#1031=CARTESIAN_POINT('Ctrl Pts',(-73.5901886515427,-41.9248469943848,-3.64629004867804));
#1032=CARTESIAN_POINT('Ctrl Pts',(-71.2538916340239,-35.7413020042454,11.353709951322));
#1033=CARTESIAN_POINT('Ctrl Pts',(-71.2538916340239,-35.7413020042454,-3.64629004867804));
#1034=CARTESIAN_POINT('Ctrl Pts',(-69.6376664094401,-33.0418188680952,11.3537099517771));
#1035=CARTESIAN_POINT('Ctrl Pts',(-69.6376664094401,-33.0418188680952,-3.64629004822294));
#1036=CARTESIAN_POINT('Ctrl Pts',(-65.4804513480965,-28.5208919613054,11.3537099517771));
#1037=CARTESIAN_POINT('Ctrl Pts',(-65.4804513480965,-28.5208919613054,-3.64629004822294));
#1038=CARTESIAN_POINT('Ctrl Pts',(-63.0519083952524,-26.680829227111,11.3537099517318));
#1039=CARTESIAN_POINT('Ctrl Pts',(-63.0519083952524,-26.680829227111,-3.64629004826823));
#1040=CARTESIAN_POINT('Ctrl Pts',(-57.5782559902808,-24.0868435882853,11.3537099517318));
#1041=CARTESIAN_POINT('Ctrl Pts',(-57.5782559902808,-24.0868435882853,-3.64629004826823));
#1042=CARTESIAN_POINT('Ctrl Pts',(-54.6315090692986,-23.3143939929298,11.3537099519175));
#1043=CARTESIAN_POINT('Ctrl Pts',(-54.6315090692986,-23.3143939929298,-3.64629004808249));
#1044=CARTESIAN_POINT('Ctrl Pts',(-51.1805883870024,-23.1378917085173,11.3537099519175));
#1045=CARTESIAN_POINT('Ctrl Pts',(-51.1805883870024,-23.1378917085173,-3.64629004808249));
#1046=CARTESIAN_POINT('Ctrl Pts',(-50.5325704301682,-23.1160475802286,11.3537099521053));
#1047=CARTESIAN_POINT('Ctrl Pts',(-50.5325704301682,-23.1160475802286,-3.64629004789471));
#1048=CARTESIAN_POINT('Ctrl Pts',(-40.4449828938054,-22.7712287926358,11.3537099521053));
#1049=CARTESIAN_POINT('Ctrl Pts',(-40.4449828938054,-22.7712287926358,-3.64629004789471));
#1050=CARTESIAN_POINT('Ctrl Pts',(-25.8364073264319,-22.8470505287305,11.3537099518146));
#1051=CARTESIAN_POINT('Ctrl Pts',(-25.8364073264319,-22.8470505287305,-3.64629004818541));
#1052=CARTESIAN_POINT('Ctrl Pts',(3.51691832167887,-22.9511183872899,11.3537099518146));
#1053=CARTESIAN_POINT('Ctrl Pts',(3.51691832167887,-22.9511183872899,-3.64629004818541));
#1054=CARTESIAN_POINT('Ctrl Pts',(10.8162139955124,-22.8734511295338,11.3537099520067));
#1055=CARTESIAN_POINT('Ctrl Pts',(10.8162139955124,-22.8734511295338,-3.64629004799331));
#1056=CARTESIAN_POINT('Ctrl Pts',(31.2975116770468,-22.8478969789013,11.3537099520067));
#1057=CARTESIAN_POINT('Ctrl Pts',(31.2975116770468,-22.8478969789013,-3.64629004799331));
#1058=CARTESIAN_POINT('Ctrl Pts',(39.5563615849355,-22.8530971231014,11.3537099518195));
#1059=CARTESIAN_POINT('Ctrl Pts',(39.5563615849355,-22.8530971231014,-3.64629004818054));
#1060=CARTESIAN_POINT('Ctrl Pts',(48.9256682960187,-23.052834337231,11.3537099518195));
#1061=CARTESIAN_POINT('Ctrl Pts',(48.9256682960187,-23.052834337231,-3.64629004818054));
#1062=CARTESIAN_POINT('Ctrl Pts',(50.8617125178789,-23.1255012865331,11.3537099518193));
#1063=CARTESIAN_POINT('Ctrl Pts',(50.8617125178789,-23.1255012865331,-3.6462900481807));
#1064=CARTESIAN_POINT('Ctrl Pts',(54.2960662415705,-23.2778601819383,11.3537099518193));
#1065=CARTESIAN_POINT('Ctrl Pts',(54.2960662415705,-23.2778601819383,-3.6462900481807));
#1066=CARTESIAN_POINT('Ctrl Pts',(57.2498743783965,-23.9619197695232,11.353709951727));
#1067=CARTESIAN_POINT('Ctrl Pts',(57.2498743783965,-23.9619197695232,-3.64629004827297));
#1068=CARTESIAN_POINT('Ctrl Pts',(62.8079572941268,-26.5371674170152,11.353709951727));
#1069=CARTESIAN_POINT('Ctrl Pts',(62.8079572941268,-26.5371674170152,-3.64629004827297));
#1070=CARTESIAN_POINT('Ctrl Pts',(65.350029115676,-28.3690669875642,11.3537099518293));
#1071=CARTESIAN_POINT('Ctrl Pts',(65.350029115676,-28.3690669875642,-3.64629004817073));
#1072=CARTESIAN_POINT('Ctrl Pts',(69.626423827533,-33.0395586939401,11.3537099518293));
#1073=CARTESIAN_POINT('Ctrl Pts',(69.626423827533,-33.0395586939401,-3.64629004817073));
#1074=CARTESIAN_POINT('Ctrl Pts',(71.33495081567,-35.8183476647791,11.3537099517259));
#1075=CARTESIAN_POINT('Ctrl Pts',(71.33495081567,-35.8183476647791,-3.64629004827411));
#1076=CARTESIAN_POINT('Ctrl Pts',(73.5598239363323,-41.9964977822943,11.3537099517259));
#1077=CARTESIAN_POINT('Ctrl Pts',(73.5598239363323,-41.9964977822943,-3.64629004827411));
#1078=CARTESIAN_POINT('Ctrl Pts',(73.9539536458097,-45.0236907958139,11.3537099517525));
#1079=CARTESIAN_POINT('Ctrl Pts',(73.9539536458097,-45.0236907958139,-3.6462900482475));
#1080=CARTESIAN_POINT('Ctrl Pts',(73.8443923918894,-50.2731958197651,11.3537099517525));
#1081=CARTESIAN_POINT('Ctrl Pts',(73.8443923918894,-50.2731958197651,-3.6462900482475));
#1082=CARTESIAN_POINT('Ctrl Pts',(73.3499575976168,-52.9161582734397,11.3537099518195));
#1083=CARTESIAN_POINT('Ctrl Pts',(73.3499575976168,-52.9161582734397,-3.6462900481805));
#1084=CARTESIAN_POINT('Ctrl Pts',(71.346829471693,-58.1411844832398,11.3537099518195));
#1085=CARTESIAN_POINT('Ctrl Pts',(71.346829471693,-58.1411844832398,-3.6462900481805));
#1086=CARTESIAN_POINT('Ctrl Pts',(69.820311492222,-60.6662373335934,11.3537099518194));
#1087=CARTESIAN_POINT('Ctrl Pts',(69.820311492222,-60.6662373335934,-3.64629004818056));
#1088=CARTESIAN_POINT('Ctrl Pts',(65.762903531469,-65.1284772488699,11.3537099518194));
#1089=CARTESIAN_POINT('Ctrl Pts',(65.762903531469,-65.1284772488699,-3.64629004818056));
#1090=CARTESIAN_POINT('Ctrl Pts',(63.2620825029815,-67.0212462154214,11.3537099518195));
#1091=CARTESIAN_POINT('Ctrl Pts',(63.2620825029815,-67.0212462154214,-3.64629004818054));
#1092=CARTESIAN_POINT('Ctrl Pts',(57.5815365312817,-69.723842429496,11.3537099518195));
#1093=CARTESIAN_POINT('Ctrl Pts',(57.5815365312817,-69.723842429496,-3.64629004818054));
#1094=CARTESIAN_POINT('Ctrl Pts',(54.4733798758804,-70.5394415280452,11.3537099518196));
#1095=CARTESIAN_POINT('Ctrl Pts',(54.4733798758804,-70.5394415280452,-3.64629004818041));
#1096=CARTESIAN_POINT('Ctrl Pts',(50.7079776303837,-70.721800896209,11.3537099518196));
#1097=CARTESIAN_POINT('Ctrl Pts',(50.7079776303837,-70.721800896209,-3.64629004818041));
#1098=CARTESIAN_POINT('Ctrl Pts',(50.3936810701466,-70.7244616142818,11.3537099518194));
#1099=CARTESIAN_POINT('Ctrl Pts',(50.3936810701466,-70.7244616142818,-3.64629004818056));
#1100=CARTESIAN_POINT('Ctrl Pts',(49.9763484022604,-70.7263523016388,11.3537099518194));
#1101=CARTESIAN_POINT('Ctrl Pts',(49.9763484022604,-70.7263523016388,-3.64629004818056));
#1102=CARTESIAN_POINT('Ctrl Pts',(49.8765357440496,-70.7268028401795,11.3537099518194));
#1103=CARTESIAN_POINT('Ctrl Pts',(49.8765357440496,-70.7268028401795,-3.64629004818056));
#1104=CARTESIAN_POINT('Ctrl Pts',(49.5028580630277,-70.7284826917952,11.3537099518194));
#1105=CARTESIAN_POINT('Ctrl Pts',(49.5028580630277,-70.7284826917952,-3.64629004818056));
#1106=CARTESIAN_POINT('Ctrl Pts',(49.2245614239268,-70.7297209626671,11.3537099518193));
#1107=CARTESIAN_POINT('Ctrl Pts',(49.2245614239268,-70.7297209626671,-3.64629004818073));
#1108=CARTESIAN_POINT('Ctrl Pts',(47.8082387072478,-70.7359511316233,11.3537099518193));
#1109=CARTESIAN_POINT('Ctrl Pts',(47.8082387072478,-70.7359511316233,-3.64629004818073));
#1110=CARTESIAN_POINT('Ctrl Pts',(46.6475939199974,-70.7408366185692,11.3537099518195));
#1111=CARTESIAN_POINT('Ctrl Pts',(46.6475939199974,-70.7408366185692,-3.64629004818053));
#1112=CARTESIAN_POINT('Ctrl Pts',(42.178004870607,-70.7587542119685,11.3537099518195));
#1113=CARTESIAN_POINT('Ctrl Pts',(42.178004870607,-70.7587542119685,-3.64629004818053));
#1114=CARTESIAN_POINT('Ctrl Pts',(38.8047225920857,-70.7705170562287,11.3537099518195));
#1115=CARTESIAN_POINT('Ctrl Pts',(38.8047225920857,-70.7705170562287,-3.64629004818053));
#1116=CARTESIAN_POINT('Ctrl Pts',(25.7015594830863,-70.8095974590404,11.3537099518195));
#1117=CARTESIAN_POINT('Ctrl Pts',(25.7015594830863,-70.8095974590404,-3.64629004818053));
#1118=CARTESIAN_POINT('Ctrl Pts',(15.3421294589325,-70.8272087489883,11.3537099518195));
#1119=CARTESIAN_POINT('Ctrl Pts',(15.3421294589325,-70.8272087489883,-3.64629004818053));
#1120=CARTESIAN_POINT('Ctrl Pts',(3.45591005044103,-70.8324948919287,11.3537099518195));
#1121=CARTESIAN_POINT('Ctrl Pts',(3.45591005044103,-70.8324948919287,-3.64629004818053));
#1122=CARTESIAN_POINT('Ctrl Pts',(1.73133916750762,-70.8328924640325,11.3537099518195));
#1123=CARTESIAN_POINT('Ctrl Pts',(1.73133916750762,-70.8328924640325,-3.64629004818054));
#1124=CARTESIAN_POINT('Ctrl Pts',(3.10862446895044E-14,-70.8328924640325,
11.3537099518195));
#1125=CARTESIAN_POINT('Ctrl Pts',(3.10862446895044E-14,-70.8328924640325,
-3.64629004818054));
#1126=CARTESIAN_POINT('',(-1.07353168490188E-17,-70.8328924640326,11.3537099518195));
#1127=CARTESIAN_POINT('',(-1.07353168490188E-17,-70.8328924640326,11.3537099518195));
#1128=CARTESIAN_POINT('Ctrl Pts',(3.10862446895044E-14,-70.8328924640325,
11.3537099518195));
#1129=CARTESIAN_POINT('Ctrl Pts',(-8.30149661082875,-70.8328924640325,11.3537099518195));
#1130=CARTESIAN_POINT('Ctrl Pts',(-16.7585994955414,-70.8238718233502,11.3537099518215));
#1131=CARTESIAN_POINT('Ctrl Pts',(-25.0103846720656,-70.806818038666,11.3537099518215));
#1132=CARTESIAN_POINT('Ctrl Pts',(-33.238782019927,-70.7898125890978,11.3537099518215));
#1133=CARTESIAN_POINT('Ctrl Pts',(-41.6495255438672,-70.7639337670101,11.3537099518196));
#1134=CARTESIAN_POINT('Ctrl Pts',(-50.3090520739211,-70.7248502801403,11.3537099518196));
#1135=CARTESIAN_POINT('Ctrl Pts',(-50.6157433311968,-70.723837946522,11.3537099518195));
#1136=CARTESIAN_POINT('Ctrl Pts',(-51.4753030229859,-70.6860991207886,11.3537099518195));
#1137=CARTESIAN_POINT('Ctrl Pts',(-51.8618506929858,-70.6602671381903,11.3537099518196));
#1138=CARTESIAN_POINT('Ctrl Pts',(-53.0068219419956,-70.5544030022884,11.3537099518196));
#1139=CARTESIAN_POINT('Ctrl Pts',(-53.7716466378495,-70.4484114327286,11.3537099518195));
#1140=CARTESIAN_POINT('Ctrl Pts',(-57.5056565745138,-69.7363607408356,11.3537099518195));
#1141=CARTESIAN_POINT('Ctrl Pts',(-60.4130312620885,-68.6084338707194,11.3537099518195));
#1142=CARTESIAN_POINT('Ctrl Pts',(-65.6578115407802,-65.2234135637648,11.3537099518195));
#1143=CARTESIAN_POINT('Ctrl Pts',(-67.9657217176355,-63.0334784620982,11.3537099518195));
#1144=CARTESIAN_POINT('Ctrl Pts',(-71.4906741488864,-57.9004204012725,11.3537099518195));
#1145=CARTESIAN_POINT('Ctrl Pts',(-72.7479575335062,-55.0676348755254,11.3537099518075));
#1146=CARTESIAN_POINT('Ctrl Pts',(-73.681074890496,-50.6608355933882,11.3537099518075));
#1147=CARTESIAN_POINT('Ctrl Pts',(-73.8520870687324,-49.2866421463199,11.3537099518543));
#1148=CARTESIAN_POINT('Ctrl Pts',(-73.9743771331062,-45.1200404992932,11.3537099518543));
#1149=CARTESIAN_POINT('Ctrl Pts',(-73.5901886515427,-41.9248469943848,11.353709951322));
#1150=CARTESIAN_POINT('Ctrl Pts',(-71.2538916340239,-35.7413020042454,11.353709951322));
#1151=CARTESIAN_POINT('Ctrl Pts',(-69.6376664094401,-33.0418188680952,11.3537099517771));
#1152=CARTESIAN_POINT('Ctrl Pts',(-65.4804513480965,-28.5208919613054,11.3537099517771));
#1153=CARTESIAN_POINT('Ctrl Pts',(-63.0519083952524,-26.680829227111,11.3537099517318));
#1154=CARTESIAN_POINT('Ctrl Pts',(-57.5782559902808,-24.0868435882853,11.3537099517318));
#1155=CARTESIAN_POINT('Ctrl Pts',(-54.6315090692986,-23.3143939929298,11.3537099519175));
#1156=CARTESIAN_POINT('Ctrl Pts',(-51.1805883870024,-23.1378917085173,11.3537099519175));
#1157=CARTESIAN_POINT('Ctrl Pts',(-50.5325704301682,-23.1160475802286,11.3537099521053));
#1158=CARTESIAN_POINT('Ctrl Pts',(-40.4449828938054,-22.7712287926358,11.3537099521053));
#1159=CARTESIAN_POINT('Ctrl Pts',(-25.8364073264319,-22.8470505287305,11.3537099518146));
#1160=CARTESIAN_POINT('Ctrl Pts',(3.51691832167887,-22.9511183872899,11.3537099518146));
#1161=CARTESIAN_POINT('Ctrl Pts',(10.8162139955124,-22.8734511295338,11.3537099520067));
#1162=CARTESIAN_POINT('Ctrl Pts',(31.2975116770468,-22.8478969789013,11.3537099520067));
#1163=CARTESIAN_POINT('Ctrl Pts',(39.5563615849355,-22.8530971231014,11.3537099518195));
#1164=CARTESIAN_POINT('Ctrl Pts',(48.9256682960187,-23.052834337231,11.3537099518195));
#1165=CARTESIAN_POINT('Ctrl Pts',(50.8617125178789,-23.1255012865331,11.3537099518193));
#1166=CARTESIAN_POINT('Ctrl Pts',(54.2960662415705,-23.2778601819383,11.3537099518193));
#1167=CARTESIAN_POINT('Ctrl Pts',(57.2498743783965,-23.9619197695232,11.353709951727));
#1168=CARTESIAN_POINT('Ctrl Pts',(62.8079572941268,-26.5371674170152,11.353709951727));
#1169=CARTESIAN_POINT('Ctrl Pts',(65.350029115676,-28.3690669875642,11.3537099518293));
#1170=CARTESIAN_POINT('Ctrl Pts',(69.626423827533,-33.0395586939401,11.3537099518293));
#1171=CARTESIAN_POINT('Ctrl Pts',(71.33495081567,-35.8183476647791,11.3537099517259));
#1172=CARTESIAN_POINT('Ctrl Pts',(73.5598239363323,-41.9964977822943,11.3537099517259));
#1173=CARTESIAN_POINT('Ctrl Pts',(73.9539536458097,-45.0236907958139,11.3537099517525));
#1174=CARTESIAN_POINT('Ctrl Pts',(73.8443923918894,-50.2731958197651,11.3537099517525));
#1175=CARTESIAN_POINT('Ctrl Pts',(73.3499575976168,-52.9161582734397,11.3537099518195));
#1176=CARTESIAN_POINT('Ctrl Pts',(71.346829471693,-58.1411844832398,11.3537099518195));
#1177=CARTESIAN_POINT('Ctrl Pts',(69.820311492222,-60.6662373335934,11.3537099518194));
#1178=CARTESIAN_POINT('Ctrl Pts',(65.762903531469,-65.1284772488699,11.3537099518194));
#1179=CARTESIAN_POINT('Ctrl Pts',(63.2620825029815,-67.0212462154214,11.3537099518195));
#1180=CARTESIAN_POINT('Ctrl Pts',(57.5815365312817,-69.723842429496,11.3537099518195));
#1181=CARTESIAN_POINT('Ctrl Pts',(54.4733798758804,-70.5394415280452,11.3537099518196));
#1182=CARTESIAN_POINT('Ctrl Pts',(50.7079776303837,-70.721800896209,11.3537099518196));
#1183=CARTESIAN_POINT('Ctrl Pts',(50.3936810701466,-70.7244616142818,11.3537099518194));
#1184=CARTESIAN_POINT('Ctrl Pts',(49.9763484022604,-70.7263523016388,11.3537099518194));
#1185=CARTESIAN_POINT('Ctrl Pts',(49.8765357440496,-70.7268028401795,11.3537099518194));
#1186=CARTESIAN_POINT('Ctrl Pts',(49.5028580630277,-70.7284826917952,11.3537099518194));
#1187=CARTESIAN_POINT('Ctrl Pts',(49.2245614239268,-70.7297209626671,11.3537099518193));
#1188=CARTESIAN_POINT('Ctrl Pts',(47.8082387072478,-70.7359511316233,11.3537099518193));
#1189=CARTESIAN_POINT('Ctrl Pts',(46.6475939199974,-70.7408366185692,11.3537099518195));
#1190=CARTESIAN_POINT('Ctrl Pts',(42.178004870607,-70.7587542119685,11.3537099518195));
#1191=CARTESIAN_POINT('Ctrl Pts',(38.8047225920857,-70.7705170562287,11.3537099518195));
#1192=CARTESIAN_POINT('Ctrl Pts',(25.7015594830863,-70.8095974590404,11.3537099518195));
#1193=CARTESIAN_POINT('Ctrl Pts',(15.3421294589325,-70.8272087489883,11.3537099518195));
#1194=CARTESIAN_POINT('Ctrl Pts',(3.45591005044103,-70.8324948919287,11.3537099518195));
#1195=CARTESIAN_POINT('Ctrl Pts',(1.73133916750762,-70.8328924640325,11.3537099518195));
#1196=CARTESIAN_POINT('Ctrl Pts',(3.10862446895044E-14,-70.8328924640325,
11.3537099518195));
#1197=CARTESIAN_POINT('Ctrl Pts',(-1.73559911711107E-15,-314.133295721207,
123.93626984359));
#1198=CARTESIAN_POINT('Ctrl Pts',(-1.66287808890197E-15,-290.961828744327,
113.214121282466));
#1199=CARTESIAN_POINT('Ctrl Pts',(-1.53115425214959E-15,-244.618894790567,
91.7698241602183));
#1200=CARTESIAN_POINT('Ctrl Pts',(-1.34099278010246E-15,-186.690227348367,
64.9644527574085));
#1201=CARTESIAN_POINT('Ctrl Pts',(-1.0659035200312E-15,-140.347293394607,
43.5201556351607));
#1202=CARTESIAN_POINT('Ctrl Pts',(-7.2487732678287E-16,-105.590092929287,
27.4369327934749));
#1203=CARTESIAN_POINT('Ctrl Pts',(-3.19986435140965E-16,-82.4186259524067,
16.714784232351));
#1204=CARTESIAN_POINT('Ctrl Pts',(-1.07124798043828E-17,-70.8328924639667,
11.353709951789));
#1205=CARTESIAN_POINT('Ctrl Pts',(17.8985993921329,-314.133295721207,123.93626984359));
#1206=CARTESIAN_POINT('Ctrl Pts',(16.7387957544444,-290.961828744327,113.214121282466));
#1207=CARTESIAN_POINT('Ctrl Pts',(14.410623144444,-244.618894790567,91.7698241602183));
#1208=CARTESIAN_POINT('Ctrl Pts',(11.4832768589372,-186.690227348367,64.9644527574085));
#1209=CARTESIAN_POINT('Ctrl Pts',(9.14030231607593,-140.347293394607,43.5201556351607));
#1210=CARTESIAN_POINT('Ctrl Pts',(7.38854933408589,-105.590092929287,27.4369327934749));
#1211=CARTESIAN_POINT('Ctrl Pts',(6.23199318819804,-82.4186259524067,16.714784232351));
#1212=CARTESIAN_POINT('Ctrl Pts',(5.66144741836099,-70.8328924639667,11.353709951789));
#1213=CARTESIAN_POINT('Ctrl Pts',(37.9118695342016,-314.292710949287,123.934146501753));
#1214=CARTESIAN_POINT('Ctrl Pts',(35.6009669724719,-291.299078601316,113.21358276997));
#1215=CARTESIAN_POINT('Ctrl Pts',(30.6585235459039,-244.927098793495,91.7712919551823));
#1216=CARTESIAN_POINT('Ctrl Pts',(24.1560697350181,-186.588303027656,64.9672140437257));
#1217=CARTESIAN_POINT('Ctrl Pts',(19.0535710375413,-140.043988751573,43.5219825193334));
#1218=CARTESIAN_POINT('Ctrl Pts',(15.3584418837646,-105.286681600717,27.4369118028307));
#1219=CARTESIAN_POINT('Ctrl Pts',(13.0462017713482,-82.2729924832269,16.7128817610199));
#1220=CARTESIAN_POINT('Ctrl Pts',(11.9482600248589,-70.8202130994878,11.3500803013692));
#1221=CARTESIAN_POINT('Ctrl Pts',(60.0620689714384,-314.618097946437,123.928405855834));
#1222=CARTESIAN_POINT('Ctrl Pts',(56.6240796439573,-291.98966731902,113.211125187521));
#1223=CARTESIAN_POINT('Ctrl Pts',(48.7779848661746,-245.557690442626,91.7733199731362));
#1224=CARTESIAN_POINT('Ctrl Pts',(38.0124172260872,-186.377648457945,64.9719509116174));
#1225=CARTESIAN_POINT('Ctrl Pts',(29.7142310314877,-139.421447223983,43.5254934884778));
#1226=CARTESIAN_POINT('Ctrl Pts',(23.883012834928,-104.663905480383,27.4368782770139));
#1227=CARTESIAN_POINT('Ctrl Pts',(20.4289380594484,-81.9735853021139,16.7082092952517));
#1228=CARTESIAN_POINT('Ctrl Pts',(18.8599747600591,-70.7930867294433,11.3417561162837));
#1229=CARTESIAN_POINT('Ctrl Pts',(66.1097666247099,-314.714845670352,123.926730426742));
#1230=CARTESIAN_POINT('Ctrl Pts',(62.3718844442121,-292.195010396766,113.210478097532));
#1231=CARTESIAN_POINT('Ctrl Pts',(53.7323660305822,-245.745177329516,91.7739713660179));
#1232=CARTESIAN_POINT('Ctrl Pts',(41.7866424092633,-186.315072449039,64.9733671387421));
#1233=CARTESIAN_POINT('Ctrl Pts',(32.6085135237203,-139.236427871041,43.5265403539759));
#1234=CARTESIAN_POINT('Ctrl Pts',(26.1949050913679,-104.478812828187,27.4368745391596));
#1235=CARTESIAN_POINT('Ctrl Pts',(22.4363947668965,-81.8845497522097,16.706806599582));
#1236=CARTESIAN_POINT('Ctrl Pts',(20.7447862865199,-70.7849613201945,11.3392307230381));
#1237=CARTESIAN_POINT('Ctrl Pts',(72.1644047990318,-314.819269047191,123.924886781811));
#1238=CARTESIAN_POINT('Ctrl Pts',(68.1339026767699,-292.416715755531,113.209764534392));
#1239=CARTESIAN_POINT('Ctrl Pts',(58.6994907702652,-245.947588094681,91.7746627297902));
#1240=CARTESIAN_POINT('Ctrl Pts',(45.5564198350729,-186.247472902557,64.9748707763584));
#1241=CARTESIAN_POINT('Ctrl Pts',(35.4900474467208,-139.036648953656,43.527663825206));
#1242=CARTESIAN_POINT('Ctrl Pts',(28.4941583369234,-104.278957705039,27.436872976937));
#1243=CARTESIAN_POINT('Ctrl Pts',(24.4379611856686,-81.7883825012469,16.7052665201194));
#1244=CARTESIAN_POINT('Ctrl Pts',(22.6294006127959,-70.7761279650147,11.3364550379764));
#1245=CARTESIAN_POINT('Ctrl Pts',(78.2255847463556,-314.931146423624,123.922922169734));
#1246=CARTESIAN_POINT('Ctrl Pts',(73.9095921531411,-292.654295877772,113.209061519129));
#1247=CARTESIAN_POINT('Ctrl Pts',(63.6788521438368,-246.164469322786,91.7754349709439));
#1248=CARTESIAN_POINT('Ctrl Pts',(49.3217020360937,-186.175058249701,64.9764766794804));
#1249=CARTESIAN_POINT('Ctrl Pts',(38.3590532102484,-138.82262313265,43.5288639370217));
#1250=CARTESIAN_POINT('Ctrl Pts',(30.7810383120552,-104.064847851218,27.436878780118));
#1251=CARTESIAN_POINT('Ctrl Pts',(26.4337798039857,-81.6853099145012,16.703591006235));
#1252=CARTESIAN_POINT('Ctrl Pts',(24.5138222222633,-70.7665881314757,11.3334182256857));
#1253=CARTESIAN_POINT('Ctrl Pts',(86.3160021950529,-315.0898320495,123.92005350656));
#1254=CARTESIAN_POINT('Ctrl Pts',(81.6286129109222,-292.991400319819,113.208012501714));
#1255=CARTESIAN_POINT('Ctrl Pts',(70.3342117708692,-246.472195297931,91.7765038193377));
#1256=CARTESIAN_POINT('Ctrl Pts',(54.336430738721,-186.072235617659,64.9787060934891));
#1257=CARTESIAN_POINT('Ctrl Pts',(42.1682018267386,-138.518889787376,43.5305541619002));
#1258=CARTESIAN_POINT('Ctrl Pts',(33.8141568815494,-103.761013651407,27.4368892489918));
#1259=CARTESIAN_POINT('Ctrl Pts',(29.0873653412778,-81.5389928755275,16.7011771231394));
#1260=CARTESIAN_POINT('Ctrl Pts',(27.0261334220229,-70.7529357055858,11.3290128736404));
#1261=CARTESIAN_POINT('Ctrl Pts',(92.3924968524525,-315.219361990231,123.917877647635));
#1262=CARTESIAN_POINT('Ctrl Pts',(87.4367572807076,-293.266578243774,113.207479646158));
#1263=CARTESIAN_POINT('Ctrl Pts',(75.3426402083463,-246.723318753423,91.7775476335292));
#1264=CARTESIAN_POINT('Ctrl Pts',(58.0906299824078,-185.988519740189,64.9805801943938));
#1265=CARTESIAN_POINT('Ctrl Pts',(45.0069470464969,-138.271272794348,43.5319326853211));
#1266=CARTESIAN_POINT('Ctrl Pts',(36.0712530157435,-103.513269295915,27.4369272216794));
#1267=CARTESIAN_POINT('Ctrl Pts',(31.0693731684848,-81.4195916441871,16.6991522332526));
#1268=CARTESIAN_POINT('Ctrl Pts',(28.910091017011,-70.7416581462714,11.3252976769738));
#1269=CARTESIAN_POINT('Ctrl Pts',(97.7879392855974,-315.340141750473,123.915847721826));
#1270=CARTESIAN_POINT('Ctrl Pts',(92.5998367904545,-293.523012544007,113.206993294887));
#1271=CARTESIAN_POINT('Ctrl Pts',(79.795116209088,-246.957405362912,91.7786149776651));
#1272=CARTESIAN_POINT('Ctrl Pts',(61.4171748976118,-185.910698201991,64.9823410054193));
#1273=CARTESIAN_POINT('Ctrl Pts',(47.5151535005172,-138.040777587058,43.5332339865808));
#1274=CARTESIAN_POINT('Ctrl Pts',(38.0637986985449,-103.282602911365,27.4369646582114));
#1275=CARTESIAN_POINT('Ctrl Pts',(32.8232176052622,-81.3083676515308,16.6972421839129));
#1276=CARTESIAN_POINT('Ctrl Pts',(30.5814521045767,-70.731041072481,11.3217382873962));
#1277=CARTESIAN_POINT('Ctrl Pts',(100.411743096484,-315.304412931094,123.920292458794));
#1278=CARTESIAN_POINT('Ctrl Pts',(95.1102080775999,-293.560179097166,113.213153096277));
#1279=CARTESIAN_POINT('Ctrl Pts',(81.9574400722953,-247.004361182402,91.7854050448197));
#1280=CARTESIAN_POINT('Ctrl Pts',(63.0326685495662,-185.835797328864,64.9865148851541));
#1281=CARTESIAN_POINT('Ctrl Pts',(48.7397711513734,-137.910825792093,43.5350393870839));
#1282=CARTESIAN_POINT('Ctrl Pts',(39.0459693863604,-103.163382940201,27.4372461179671));
#1283=CARTESIAN_POINT('Ctrl Pts',(33.6943262216829,-81.252044059041,16.6962767007644));
#1284=CARTESIAN_POINT('Ctrl Pts',(31.4124386062108,-70.7256581516327,11.3199238577738));
#1285=CARTESIAN_POINT('Ctrl Pts',(105.664601171564,-314.800152589286,123.922857102312));
#1286=CARTESIAN_POINT('Ctrl Pts',(100.141430454298,-293.218908670107,113.218502382869));
#1287=CARTESIAN_POINT('Ctrl Pts',(86.2959464015203,-246.763216332455,91.7923345347129));
#1288=CARTESIAN_POINT('Ctrl Pts',(66.2704916134344,-185.498101644778,64.9912364754086));
#1289=CARTESIAN_POINT('Ctrl Pts',(51.1887069732508,-137.566613228626,43.5371859519725));
#1290=CARTESIAN_POINT('Ctrl Pts',(41.0063019763482,-102.90044729726,27.4372687555902));
#1291=CARTESIAN_POINT('Ctrl Pts',(35.4336157381203,-81.1354457011392,16.6940538416487));
#1292=CARTESIAN_POINT('Ctrl Pts',(33.0743048904249,-70.7144780195176,11.31611227128));
#1293=CARTESIAN_POINT('Ctrl Pts',(112.095738315595,-313.380213020144,123.922794104017));
#1294=CARTESIAN_POINT('Ctrl Pts',(106.30828565941,-292.035798701489,113.222298368974));
#1295=CARTESIAN_POINT('Ctrl Pts',(91.622584975867,-245.85573930596,91.7984328793547));
#1296=CARTESIAN_POINT('Ctrl Pts',(70.2528385354177,-184.739627962883,64.995477374505));
#1297=CARTESIAN_POINT('Ctrl Pts',(54.2109935536016,-136.986684695491,43.5389159097878));
#1298=CARTESIAN_POINT('Ctrl Pts',(43.4381410448526,-102.528330762451,27.4367499590691));
#1299=CARTESIAN_POINT('Ctrl Pts',(37.602170734463,-80.982438153237,16.6907492364129));
#1300=CARTESIAN_POINT('Ctrl Pts',(35.1514730807473,-70.6997257949179,11.3109952726641));
#1301=CARTESIAN_POINT('Ctrl Pts',(119.421248917286,-310.453470618274,123.913949840371));
#1302=CARTESIAN_POINT('Ctrl Pts',(113.34275305086,-289.443257331062,113.218511841804));
#1303=CARTESIAN_POINT('Ctrl Pts',(97.7257224540481,-243.825954058188,91.7987004535454));
#1304=CARTESIAN_POINT('Ctrl Pts',(74.8612954995139,-183.306424208412,64.9962705817723));
#1305=CARTESIAN_POINT('Ctrl Pts',(57.7519359837571,-136.057766447116,43.5388498900269));
#1306=CARTESIAN_POINT('Ctrl Pts',(46.3234712924849,-102.014317390541,27.4349926525704));
#1307=CARTESIAN_POINT('Ctrl Pts',(40.1957430354399,-80.7876950179715,16.685914260979));
#1308=CARTESIAN_POINT('Ctrl Pts',(37.6437311545205,-70.6807931384669,11.3042638678243));
#1309=CARTESIAN_POINT('Ctrl Pts',(128.395505612102,-305.038116725904,123.89060610518));
#1310=CARTESIAN_POINT('Ctrl Pts',(121.971051439827,-284.535539505476,113.203731602695));
#1311=CARTESIAN_POINT('Ctrl Pts',(105.26503316846,-239.955998531531,91.791554318755));
#1312=CARTESIAN_POINT('Ctrl Pts',(80.6630247250136,-180.748892651607,64.9925637726898));
#1313=CARTESIAN_POINT('Ctrl Pts',(62.3113564859632,-134.530747981872,43.5362358646922));
#1314=CARTESIAN_POINT('Ctrl Pts',(50.117272780361,-101.244760813874,27.4312014213511));
#1315=CARTESIAN_POINT('Ctrl Pts',(43.6427605832369,-80.5139571497686,16.6781855778922));
#1316=CARTESIAN_POINT('Ctrl Pts',(40.9665266480786,-70.6538782772408,11.2944328606347));
#1317=CARTESIAN_POINT('Ctrl Pts',(137.668494519124,-295.687843562359,123.832813593402));
#1318=CARTESIAN_POINT('Ctrl Pts',(130.904285214409,-275.925211299599,113.160948581109));
#1319=CARTESIAN_POINT('Ctrl Pts',(113.209616200622,-233.133017917622,91.7648463517233));
#1320=CARTESIAN_POINT('Ctrl Pts',(87.0833117863372,-176.446458655118,64.9777024763614));
#1321=CARTESIAN_POINT('Ctrl Pts',(67.6328151449059,-132.126553686276,43.5278882778596));
#1322=CARTESIAN_POINT('Ctrl Pts',(54.745445609528,-100.13680164361,27.4235276953333));
#1323=CARTESIAN_POINT('Ctrl Pts',(47.9307467045487,-80.1469230460937,16.6660607309867));
#1324=CARTESIAN_POINT('Ctrl Pts',(45.1187735187362,-70.6172951870275,11.2805523013574));
#1325=CARTESIAN_POINT('Ctrl Pts',(142.205708301932,-286.269768713206,123.725894583594));
#1326=CARTESIAN_POINT('Ctrl Pts',(135.287064950243,-267.178712773049,113.076765116755));
#1327=CARTESIAN_POINT('Ctrl Pts',(117.351868281929,-226.181706154342,91.7108426329459));
#1328=CARTESIAN_POINT('Ctrl Pts',(90.9952260855853,-172.16292465588,64.9501545298611));
#1329=CARTESIAN_POINT('Ctrl Pts',(71.3553226477859,-129.815208325232,43.5153864961155));
#1330=CARTESIAN_POINT('Ctrl Pts',(58.3040590783893,-99.1283770658844,27.4139085287117));
#1331=CARTESIAN_POINT('Ctrl Pts',(51.3417609057391,-79.8299265742516,16.6533750501158));
#1332=CARTESIAN_POINT('Ctrl Pts',(48.4410797733009,-70.5845223642385,11.2672897882422));
#1333=CARTESIAN_POINT('Ctrl Pts',(143.67216785981,-281.19628331351,123.629910176251));
#1334=CARTESIAN_POINT('Ctrl Pts',(136.702174624643,-262.462334126405,112.995600850815));
#1335=CARTESIAN_POINT('Ctrl Pts',(118.803577939021,-222.430838830166,91.6586154073434));
#1336=CARTESIAN_POINT('Ctrl Pts',(92.6357850561591,-169.852539032886,64.9281728845741));
#1337=CARTESIAN_POINT('Ctrl Pts',(73.1124737591972,-128.570672876376,43.5071434036118));
#1338=CARTESIAN_POINT('Ctrl Pts',(60.0942423850818,-98.5892945492302,27.4079134553527));
#1339=CARTESIAN_POINT('Ctrl Pts',(53.0908512451598,-79.6622905486077,16.6462345374771));
#1340=CARTESIAN_POINT('Ctrl Pts',(50.148977772213,-70.5672597241349,11.260128557763));
#1341=CARTESIAN_POINT('Ctrl Pts',(143.754231198977,-280.907061234206,123.624361843748));
#1342=CARTESIAN_POINT('Ctrl Pts',(136.781372447364,-262.193454629155,112.990895266603));
#1343=CARTESIAN_POINT('Ctrl Pts',(118.885147060358,-222.216917839048,91.6556072543828));
#1344=CARTESIAN_POINT('Ctrl Pts',(92.7283845322666,-169.720844159048,64.9267975378292));
#1345=CARTESIAN_POINT('Ctrl Pts',(73.2109355660971,-128.50024915646,43.5065011880226));
#1346=CARTESIAN_POINT('Ctrl Pts',(60.1931809373399,-98.5595752916601,27.407617842587));
#1347=CARTESIAN_POINT('Ctrl Pts',(53.1861394403238,-79.6538127170851,16.6463112007717));
#1348=CARTESIAN_POINT('Ctrl Pts',(50.2413282424653,-70.567235596053,11.260439768115));
#1349=CARTESIAN_POINT('Ctrl Pts',(143.912605506508,-280.327175832761,123.612972361419));
#1350=CARTESIAN_POINT('Ctrl Pts',(136.93419977493,-261.654295789537,112.981208923169));
#1351=CARTESIAN_POINT('Ctrl Pts',(119.043850018168,-221.787729268976,91.6494070234907));
#1352=CARTESIAN_POINT('Ctrl Pts',(92.9114797639025,-169.456009379328,64.924047477528));
#1353=CARTESIAN_POINT('Ctrl Pts',(73.4078955280902,-128.357699961713,43.5052866093524));
#1354=CARTESIAN_POINT('Ctrl Pts',(60.3928239793032,-98.4982173791315,27.4069856331118));
#1355=CARTESIAN_POINT('Ctrl Pts',(53.3795235987319,-79.634945608737,16.6461771473235));
#1356=CARTESIAN_POINT('Ctrl Pts',(50.4292133358087,-70.5653671837538,11.2606389929053));
#1357=CARTESIAN_POINT('Ctrl Pts',(144.174669708459,-279.308707027945,123.592263952265));
#1358=CARTESIAN_POINT('Ctrl Pts',(137.18705556004,-260.707206993309,112.963509826328));
#1359=CARTESIAN_POINT('Ctrl Pts',(119.309956841333,-221.033166541289,91.6380821634225));
#1360=CARTESIAN_POINT('Ctrl Pts',(93.2259179181515,-168.989116762931,64.9190445064769));
#1361=CARTESIAN_POINT('Ctrl Pts',(73.7501952701822,-128.105101054291,43.5030502335015));
#1362=CARTESIAN_POINT('Ctrl Pts',(60.7415309615036,-98.3880269709445,27.4058574690485));
#1363=CARTESIAN_POINT('Ctrl Pts',(53.7175916830641,-79.59927057024,16.64604284037));
#1364=CARTESIAN_POINT('Ctrl Pts',(50.757588147587,-70.5594783913024,11.2611470573952));
#1365=CARTESIAN_POINT('Ctrl Pts',(144.637997984663,-277.258466351062,123.547410984288));
#1366=CARTESIAN_POINT('Ctrl Pts',(137.633863772245,-258.800129585817,112.924800963554));
#1367=CARTESIAN_POINT('Ctrl Pts',(119.795127244429,-219.5111589112,91.6133522646632));
#1368=CARTESIAN_POINT('Ctrl Pts',(93.8308448704602,-168.041801403549,64.9083796321158));
#1369=CARTESIAN_POINT('Ctrl Pts',(74.4268540228087,-127.586436103055,43.4983495152006));
#1370=CARTESIAN_POINT('Ctrl Pts',(61.440039444185,-98.1545974504303,27.4034460539796));
#1371=CARTESIAN_POINT('Ctrl Pts',(54.3979194465422,-79.5153401554385,16.6455250064532));
#1372=CARTESIAN_POINT('Ctrl Pts',(51.4190498412117,-70.5354247071013,11.261835552514));
#1373=CARTESIAN_POINT('Ctrl Pts',(145.320699041352,-273.113759135501,123.443233711711));
#1374=CARTESIAN_POINT('Ctrl Pts',(138.29090264884,-254.943227924472,112.83294573332));
#1375=CARTESIAN_POINT('Ctrl Pts',(120.575355419014,-216.422743175733,91.5545064395319));
#1376=CARTESIAN_POINT('Ctrl Pts',(94.9426032457316,-166.096446738837,64.8841177804234));
#1377=CARTESIAN_POINT('Ctrl Pts',(75.7450488257299,-126.496748029925,43.4877815845518));
#1378=CARTESIAN_POINT('Ctrl Pts',(62.8364342383413,-97.6362557956738,27.3980229060058));
#1379=CARTESIAN_POINT('Ctrl Pts',(55.7689684258317,-79.297548960939,16.6439475305325));
#1380=CARTESIAN_POINT('Ctrl Pts',(52.7538068118131,-70.4384609514062,11.2626213455535));
#1381=CARTESIAN_POINT('Ctrl Pts',(145.483171160436,-269.520591859851,123.32190566542));
#1382=CARTESIAN_POINT('Ctrl Pts',(138.442046723716,-251.599025865994,112.720887754823));
#1383=CARTESIAN_POINT('Ctrl Pts',(120.908518325999,-213.727122460389,91.4824383299386));
#1384=CARTESIAN_POINT('Ctrl Pts',(95.7192521414693,-164.354249345436,64.8572340774958));
#1385=CARTESIAN_POINT('Ctrl Pts',(76.8080796208809,-125.475722374024,43.4765130168242));
#1386=CARTESIAN_POINT('Ctrl Pts',(64.0266407568003,-97.1014132845427,27.3922557919548));
#1387=CARTESIAN_POINT('Ctrl Pts',(56.9568340445805,-79.0215984193349,16.6414178780243));
#1388=CARTESIAN_POINT('Ctrl Pts',(53.9131939629453,-70.2678879706501,11.2619747249333));
#1389=CARTESIAN_POINT('Ctrl Pts',(145.4012156738,-266.857204812363,123.213396934011));
#1390=CARTESIAN_POINT('Ctrl Pts',(138.35654825228,-249.122425907301,112.614795243875));
#1391=CARTESIAN_POINT('Ctrl Pts',(120.98795695328,-211.724291562275,91.411162864744));
#1392=CARTESIAN_POINT('Ctrl Pts',(96.2040611747574,-163.03332909435,64.8332957191903));
#1393=CARTESIAN_POINT('Ctrl Pts',(77.5593688022625,-124.676876469188,43.466599759818));
#1394=CARTESIAN_POINT('Ctrl Pts',(64.9014105451757,-96.6580650160502,27.387339418902));
#1395=CARTESIAN_POINT('Ctrl Pts',(57.839294295732,-78.7701432522544,16.6388519222911));
#1396=CARTESIAN_POINT('Ctrl Pts',(54.775628199956,-70.0956258089241,11.2608443364675));
#1397=CARTESIAN_POINT('Ctrl Pts',(145.403234688003,-266.278402122324,123.219881489989));
#1398=CARTESIAN_POINT('Ctrl Pts',(138.359492008165,-248.582727628485,112.619744238747));
#1399=CARTESIAN_POINT('Ctrl Pts',(121.025885083204,-211.287766572517,91.4125889158668));
#1400=CARTESIAN_POINT('Ctrl Pts',(96.3157282396703,-162.750568303955,64.8317472090441));
#1401=CARTESIAN_POINT('Ctrl Pts',(77.7184459805135,-124.508295845448,43.4648757027524));
#1402=CARTESIAN_POINT('Ctrl Pts',(65.0832034496102,-96.5648727671146,27.3862168955126));
#1403=CARTESIAN_POINT('Ctrl Pts',(58.0224900868633,-78.7168190485199,16.6383241882291));
#1404=CARTESIAN_POINT('Ctrl Pts',(54.9547104084979,-70.0587677887226,11.2605927784678));
#1405=CARTESIAN_POINT('Ctrl Pts',(145.396672978144,-265.132595717215,123.216500520847));
#1406=CARTESIAN_POINT('Ctrl Pts',(138.353979270038,-247.514985361538,112.614439996772));
#1407=CARTESIAN_POINT('Ctrl Pts',(121.089874394601,-210.423246679559,91.4062479931999));
#1408=CARTESIAN_POINT('Ctrl Pts',(96.5326812374469,-162.185708787382,64.826643761264));
#1409=CARTESIAN_POINT('Ctrl Pts',(78.0345073673871,-124.167876498888,43.4611688102886));
#1410=CARTESIAN_POINT('Ctrl Pts',(65.4463578422436,-96.3740417710425,27.3839612659105));
#1411=CARTESIAN_POINT('Ctrl Pts',(58.3887091952679,-78.6057291160915,16.637194603227));
#1412=CARTESIAN_POINT('Ctrl Pts',(55.3127982874207,-69.9806849649158,11.2600250862243));
#1413=CARTESIAN_POINT('Ctrl Pts',(145.390805488893,-263.114285416695,123.218728021137));
#1414=CARTESIAN_POINT('Ctrl Pts',(138.350703308338,-245.633442972196,112.612730379231));
#1415=CARTESIAN_POINT('Ctrl Pts',(121.208280020004,-208.897711381925,91.3995963493674));
#1416=CARTESIAN_POINT('Ctrl Pts',(96.9148856616091,-161.18566110373,64.8184973179689));
#1417=CARTESIAN_POINT('Ctrl Pts',(78.5874757693314,-123.560680201285,43.4546181040876));
#1418=CARTESIAN_POINT('Ctrl Pts',(66.0809185290214,-96.0283588093901,27.379832086753));
#1419=CARTESIAN_POINT('Ctrl Pts',(59.0288998673484,-78.3996287191256,16.6350603041506));
#1420=CARTESIAN_POINT('Ctrl Pts',(55.9390414222826,-69.8325470891234,11.2588596954745));
#1421=CARTESIAN_POINT('Ctrl Pts',(145.375993409165,-259.06002219032,123.216810304989));
#1422=CARTESIAN_POINT('Ctrl Pts',(138.341849322369,-241.85285287697,112.603395896626));
#1423=CARTESIAN_POINT('Ctrl Pts',(121.441676711193,-205.823779726123,91.3822898787303));
#1424=CARTESIAN_POINT('Ctrl Pts',(97.6736322999033,-159.149971219936,64.8007177253052));
#1425=CARTESIAN_POINT('Ctrl Pts',(79.6872100090269,-122.30276725239,43.440768151322));
#1426=CARTESIAN_POINT('Ctrl Pts',(67.3442346158691,-95.2900285285377,27.3709410074651));
#1427=CARTESIAN_POINT('Ctrl Pts',(60.3047661823763,-77.9405038765979,16.6301156601612));
#1428=CARTESIAN_POINT('Ctrl Pts',(57.1881011944032,-69.4901178731393,11.2558305145182));
#1429=CARTESIAN_POINT('Ctrl Pts',(145.360043168476,-253.205809638332,123.217562307404));
#1430=CARTESIAN_POINT('Ctrl Pts',(138.337471577537,-236.389828027739,112.593373132357));
#1431=CARTESIAN_POINT('Ctrl Pts',(121.778975245495,-201.357239640476,91.3583613113679));
#1432=CARTESIAN_POINT('Ctrl Pts',(98.7439713106201,-156.13719175081,64.7736141545866));
#1433=CARTESIAN_POINT('Ctrl Pts',(81.2348526705293,-120.381260597197,43.4190050505657));
#1434=CARTESIAN_POINT('Ctrl Pts',(69.1231120644153,-94.1011980929196,27.3562524070994));
#1435=CARTESIAN_POINT('Ctrl Pts',(62.1045901363128,-77.1502589064144,16.6210486303952));
#1436=CARTESIAN_POINT('Ctrl Pts',(58.9526606730884,-68.8686613316028,11.2494296787176));
#1437=CARTESIAN_POINT('Ctrl Pts',(145.34308019362,-246.110099406722,123.215477539284));
#1438=CARTESIAN_POINT('Ctrl Pts',(138.337621786793,-229.76276321211,112.578857982026));
#1439=CARTESIAN_POINT('Ctrl Pts',(122.176119741623,-195.899935497653,91.3264941331556));
#1440=CARTESIAN_POINT('Ctrl Pts',(99.9851741946694,-152.367908484877,64.7373023888483));
#1441=CARTESIAN_POINT('Ctrl Pts',(83.0276135312082,-117.88402350757,43.389211705969));
#1442=CARTESIAN_POINT('Ctrl Pts',(71.1856549670161,-92.4648838361541,27.3350230233922));
#1443=CARTESIAN_POINT('Ctrl Pts',(64.1955787187278,-75.9906178518784,16.6065782603559));
#1444=CARTESIAN_POINT('Ctrl Pts',(61.0058904779335,-67.9144275986916,11.2381498476298));
#1445=CARTESIAN_POINT('Ctrl Pts',(145.325487766971,-236.580231560176,123.213270292409));
#1446=CARTESIAN_POINT('Ctrl Pts',(138.345851618193,-220.855601627075,112.560612866752));
#1447=CARTESIAN_POINT('Ctrl Pts',(122.689294303931,-188.515444037579,91.2830372168872));
#1448=CARTESIAN_POINT('Ctrl Pts',(101.561600356346,-147.156394365367,64.6845854007519));
#1449=CARTESIAN_POINT('Ctrl Pts',(85.3002250263254,-114.316630146585,43.3442772268266));
#1450=CARTESIAN_POINT('Ctrl Pts',(73.8013933861915,-90.0193543243905,27.3013097628481));
#1451=CARTESIAN_POINT('Ctrl Pts',(66.8514470146418,-74.1773680638863,16.5819492188416));
#1452=CARTESIAN_POINT('Ctrl Pts',(63.6170550999318,-66.3783430795842,11.2178009707834));
#1453=CARTESIAN_POINT('Ctrl Pts',(145.313043627775,-226.992437587226,123.210140422579));
#1454=CARTESIAN_POINT('Ctrl Pts',(138.361387222957,-211.885770019411,112.542637029069));
#1455=CARTESIAN_POINT('Ctrl Pts',(123.162896254472,-181.009003922676,91.2382416973823));
#1456=CARTESIAN_POINT('Ctrl Pts',(102.987219042696,-141.70135515085,64.6256377345079));
#1457=CARTESIAN_POINT('Ctrl Pts',(87.3496758492654,-110.424644198296,43.2910864572006));
#1458=CARTESIAN_POINT('Ctrl Pts',(76.1608232513145,-87.2080348243655,27.2587760625394));
#1459=CARTESIAN_POINT('Ctrl Pts',(69.2512163957109,-71.9919863999237,16.5486107668157));
#1460=CARTESIAN_POINT('Ctrl Pts',(65.9799387216336,-64.4743483382594,11.1887660699264));
#1461=CARTESIAN_POINT('Ctrl Pts',(145.304252534276,-217.434055549392,123.206917658206));
#1462=CARTESIAN_POINT('Ctrl Pts',(138.378965263694,-202.938817081146,112.526370464051));
#1463=CARTESIAN_POINT('Ctrl Pts',(123.575062289333,-173.465903759433,91.1953537120243));
#1464=CARTESIAN_POINT('Ctrl Pts',(104.211323795206,-136.092709693667,64.563027318913));
#1465=CARTESIAN_POINT('Ctrl Pts',(89.1034377781294,-106.302061619183,43.2295011147413));
#1466=CARTESIAN_POINT('Ctrl Pts',(78.1772976358666,-84.1266635509653,27.2055228241356));
#1467=CARTESIAN_POINT('Ctrl Pts',(71.3022736934265,-69.5291404643812,16.5041730244124));
#1468=CARTESIAN_POINT('Ctrl Pts',(68.0003526195447,-62.2955373307507,11.1488079359966));
#1469=CARTESIAN_POINT('Ctrl Pts',(145.294056127227,-203.169953957374,123.202253453671));
#1470=CARTESIAN_POINT('Ctrl Pts',(138.405672217451,-189.584894012807,112.503879615265));
#1471=CARTESIAN_POINT('Ctrl Pts',(124.126693954074,-162.160861228045,91.1340563849767));
#1472=CARTESIAN_POINT('Ctrl Pts',(105.836305511781,-127.578541675917,64.4674054273152));
#1473=CARTESIAN_POINT('Ctrl Pts',(91.4254745412247,-99.9442617143003,43.1304792906722));
#1474=CARTESIAN_POINT('Ctrl Pts',(80.8438615787807,-79.2934795023607,27.1159297186824));
#1475=CARTESIAN_POINT('Ctrl Pts',(74.0134480604474,-65.6168280898163,16.4265914430183));
#1476=CARTESIAN_POINT('Ctrl Pts',(70.6710391351113,-58.8119781343531,11.0773918162367));
#1477=CARTESIAN_POINT('Ctrl Pts',(145.287069859074,-182.21378886255,123.197196573841));
#1478=CARTESIAN_POINT('Ctrl Pts',(138.437627241713,-169.965816441567,112.480059251693));
#1479=CARTESIAN_POINT('Ctrl Pts',(124.66550002455,-145.411172644518,91.0609391916233));
#1480=CARTESIAN_POINT('Ctrl Pts',(107.395561934478,-114.626982103721,64.325730387552));
#1481=CARTESIAN_POINT('Ctrl Pts',(93.6300653700554,-89.9774784946907,42.9569405698947));
#1482=CARTESIAN_POINT('Ctrl Pts',(83.3536099669537,-71.4881721484199,26.937503176687));
#1483=CARTESIAN_POINT('Ctrl Pts',(76.5487408801261,-59.1681946332601,16.2596621103818));
#1484=CARTESIAN_POINT('Ctrl Pts',(73.1615495948241,-53.0127912006731,10.9191415002418));
#1485=CARTESIAN_POINT('Ctrl Pts',(145.284920562911,-165.153068540192,123.196058790554));
#1486=CARTESIAN_POINT('Ctrl Pts',(138.441343441016,-154.047753234379,112.473679732011));
#1487=CARTESIAN_POINT('Ctrl Pts',(124.757752458598,-131.828352276124,91.0344169753133));
#1488=CARTESIAN_POINT('Ctrl Pts',(107.661835891727,-104.034933724211,64.2487127015857));
#1489=CARTESIAN_POINT('Ctrl Pts',(93.9901090932098,-81.7884475280426,42.828462100824));
#1490=CARTESIAN_POINT('Ctrl Pts',(83.7393754544908,-65.097425524588,26.7672652886739));
#1491=CARTESIAN_POINT('Ctrl Pts',(76.9066784120646,-53.9657398698397,16.063792219041));
#1492=CARTESIAN_POINT('Ctrl Pts',(73.4917530425186,-48.3987489931453,10.7121341755039));
#1493=CARTESIAN_POINT('Ctrl Pts',(145.284827931248,-152.691536629486,123.195944092435));
#1494=CARTESIAN_POINT('Ctrl Pts',(138.440691479996,-142.46167865469,112.472453734755));
#1495=CARTESIAN_POINT('Ctrl Pts',(124.751961708895,-122.002041164457,91.0250559275258));
#1496=CARTESIAN_POINT('Ctrl Pts',(107.63937870599,-96.4318058179239,64.2126701668565));
#1497=CARTESIAN_POINT('Ctrl Pts',(93.9462741487789,-75.9816362241924,42.758774987664));
#1498=CARTESIAN_POINT('Ctrl Pts',(83.6744367273226,-60.6495594734699,26.6639747180072));
#1499=CARTESIAN_POINT('Ctrl Pts',(76.8221588431178,-50.4355993931514,15.9300494919119));
#1500=CARTESIAN_POINT('Ctrl Pts',(73.3949253396511,-45.3336317334353,10.5586177178348));
#1501=CARTESIAN_POINT('Ctrl Pts',(145.253994167001,-143.556205556589,123.194193037127));
#1502=CARTESIAN_POINT('Ctrl Pts',(138.369646460557,-133.990395608849,112.462053239242));
#1503=CARTESIAN_POINT('Ctrl Pts',(124.647866262715,-114.827236800579,91.0042976698553));
#1504=CARTESIAN_POINT('Ctrl Pts',(107.543861406206,-90.839709921904,64.191977931746));
#1505=CARTESIAN_POINT('Ctrl Pts',(93.8405516568573,-71.6725207636301,42.7337322289139));
#1506=CARTESIAN_POINT('Ctrl Pts',(83.5377590158681,-57.3304620325836,26.6235231377652));
#1507=CARTESIAN_POINT('Ctrl Pts',(76.6360827743105,-47.819976523827,15.8561853259632));
#1508=CARTESIAN_POINT('Ctrl Pts',(73.1718463959741,-43.1005713646039,10.4468366471733));
#1509=CARTESIAN_POINT('Ctrl Pts',(145.113464877744,-125.208579335837,123.21063307965));
#1510=CARTESIAN_POINT('Ctrl Pts',(138.041035959572,-117.00725859544,112.466186427571));
#1511=CARTESIAN_POINT('Ctrl Pts',(124.142413763022,-100.464628743975,90.986609139301));
#1512=CARTESIAN_POINT('Ctrl Pts',(107.01301283616,-79.6506184795707,64.1553122715902));
#1513=CARTESIAN_POINT('Ctrl Pts',(93.221721742126,-63.0819420254672,42.6757108649944));
#1514=CARTESIAN_POINT('Ctrl Pts',(82.7749324173287,-50.7616766218783,26.5339083715321));
#1515=CARTESIAN_POINT('Ctrl Pts',(75.697157197873,-42.6946265282751,15.7138486380237));
#1516=CARTESIAN_POINT('Ctrl Pts',(72.1352016800046,-38.7522999774513,10.2410589017764));
#1517=CARTESIAN_POINT('Ctrl Pts',(144.830549505575,-102.246544573646,123.251088807421));
#1518=CARTESIAN_POINT('Ctrl Pts',(137.371674859373,-95.8145733376611,112.494318321735));
#1519=CARTESIAN_POINT('Ctrl Pts',(123.04037310317,-82.6194703895751,90.9891584797466));
#1520=CARTESIAN_POINT('Ctrl Pts',(105.706057216627,-65.8142434720997,64.1324009571274));
#1521=CARTESIAN_POINT('Ctrl Pts',(91.6456034954009,-52.5547565787629,42.6284378674304));
#1522=CARTESIAN_POINT('Ctrl Pts',(80.8755238181024,-42.8295656646565,26.4568710300411));
#1523=CARTESIAN_POINT('Ctrl Pts',(73.4760860797774,-36.6379595032391,15.5807110398098));
#1524=CARTESIAN_POINT('Ctrl Pts',(69.7606420586471,-33.6763262224001,10.051534448194));
#1525=CARTESIAN_POINT('Ctrl Pts',(144.531729394445,-79.5160838985192,123.298381276797));
#1526=CARTESIAN_POINT('Ctrl Pts',(136.6413935887,-74.8833180023799,112.542875725966));
#1527=CARTESIAN_POINT('Ctrl Pts',(121.615069992736,-65.1591747722997,91.0348235864508));
#1528=CARTESIAN_POINT('Ctrl Pts',(103.575254796511,-52.6072604348304,64.1571985199215));
#1529=CARTESIAN_POINT('Ctrl Pts',(88.9188309830907,-42.8474783009553,42.6208097622079));
#1530=CARTESIAN_POINT('Ctrl Pts',(77.6655812126249,-35.8336104317782,26.4145033107408));
#1531=CARTESIAN_POINT('Ctrl Pts',(69.9517567109814,-31.5209883051861,15.4905102097338));
#1532=CARTESIAN_POINT('Ctrl Pts',(66.0870191891277,-29.4659539840744,9.9481166337676));
#1533=CARTESIAN_POINT('Ctrl Pts',(144.379849905651,-63.8706369240518,123.324630416746));
#1534=CARTESIAN_POINT('Ctrl Pts',(136.246722546799,-60.4864083569086,112.577279178418));
#1535=CARTESIAN_POINT('Ctrl Pts',(120.618475245173,-53.2649055023686,91.0829733152963));
#1536=CARTESIAN_POINT('Ctrl Pts',(101.710069079221,-43.8895486579674,64.2049198962446));
#1537=CARTESIAN_POINT('Ctrl Pts',(86.4258838845066,-36.7155135592414,42.6433355537387));
#1538=CARTESIAN_POINT('Ctrl Pts',(74.7847170675725,-31.6597119290842,26.3983550025454));
#1539=CARTESIAN_POINT('Ctrl Pts',(66.9132678112396,-28.6146099366419,15.4351800848824));
#1540=CARTESIAN_POINT('Ctrl Pts',(62.9772460694043,-27.1519937385554,9.89026496324552));
#1541=CARTESIAN_POINT('Ctrl Pts',(144.326687156575,-56.1317794226373,123.335211436036));
#1542=CARTESIAN_POINT('Ctrl Pts',(136.097552325694,-53.3652776894546,112.594007176172));
#1543=CARTESIAN_POINT('Ctrl Pts',(120.143146522678,-47.4134661777717,91.1102691884223));
#1544=CARTESIAN_POINT('Ctrl Pts',(100.694310899069,-39.6834658072636,64.2360646417135));
#1545=CARTESIAN_POINT('Ctrl Pts',(85.0396535553585,-33.8407515045741,42.6608314802943));
#1546=CARTESIAN_POINT('Ctrl Pts',(73.1972112654427,-29.7761586409262,26.3911895820164));
#1547=CARTESIAN_POINT('Ctrl Pts',(65.2678870683339,-27.3479774228155,15.4069499542943));
#1548=CARTESIAN_POINT('Ctrl Pts',(61.3120121039886,-26.1702641040536,9.86215282926661));
#1549=CARTESIAN_POINT('Ctrl Pts',(144.306847684206,-52.2854013994543,123.339731335176));
#1550=CARTESIAN_POINT('Ctrl Pts',(136.037346737157,-49.8256845862084,112.60213205153));
#1551=CARTESIAN_POINT('Ctrl Pts',(119.914029757525,-44.5133241003504,91.1245571556041));
#1552=CARTESIAN_POINT('Ctrl Pts',(100.166944313642,-37.6210128274461,64.2534561632271));
#1553=CARTESIAN_POINT('Ctrl Pts',(84.3125171144324,-32.4539120513522,42.6711946287994));
#1554=CARTESIAN_POINT('Ctrl Pts',(72.3681846582413,-28.8876003931748,26.3876903570977));
#1555=CARTESIAN_POINT('Ctrl Pts',(64.4158447064522,-26.7631253237032,15.3925930540793));
#1556=CARTESIAN_POINT('Ctrl Pts',(60.454827107719,-25.7252019545283,9.84795015177154));
#1557=CARTESIAN_POINT('Ctrl Pts',(144.297579434341,-50.0945065535134,123.342064585025));
#1558=CARTESIAN_POINT('Ctrl Pts',(136.007387739369,-47.8094333348201,112.606682768534));
#1559=CARTESIAN_POINT('Ctrl Pts',(119.785960154205,-42.8637824350243,91.132861744148));
#1560=CARTESIAN_POINT('Ctrl Pts',(99.8602462912798,-36.4545063626783,64.2638583451912));
#1561=CARTESIAN_POINT('Ctrl Pts',(83.8874698274389,-31.6763277172028,42.6775072217488));
#1562=CARTESIAN_POINT('Ctrl Pts',(71.8846222271082,-28.3953661517691,26.3856397026091));
#1563=CARTESIAN_POINT('Ctrl Pts',(63.9209051984611,-26.4430256220564,15.3842708603364));
#1564=CARTESIAN_POINT('Ctrl Pts',(59.9584951347078,-25.4841810487512,9.83976922704918));
#1565=CARTESIAN_POINT('Ctrl Pts',(144.293680027908,-49.0011954769835,123.343178362307));
#1566=CARTESIAN_POINT('Ctrl Pts',(135.993967387537,-46.8031982892018,112.608962853599));
#1567=CARTESIAN_POINT('Ctrl Pts',(119.722958567388,-42.0413340191717,91.1371068067798));
#1568=CARTESIAN_POINT('Ctrl Pts',(99.7051257480934,-35.8751109331481,64.2692775260189));
#1569=CARTESIAN_POINT('Ctrl Pts',(83.6717577802134,-31.2924505615553,42.6808454973121));
#1570=CARTESIAN_POINT('Ctrl Pts',(71.6395753073672,-28.1544552111066,26.3846172462727));
#1571=CARTESIAN_POINT('Ctrl Pts',(63.6708047340696,-26.2877010160961,15.3800741721311));
#1572=CARTESIAN_POINT('Ctrl Pts',(59.7082168331929,-25.368147538246,9.835659702253));
#1573=CARTESIAN_POINT('Ctrl Pts',(144.290544353328,-48.0535989860854,123.344008719054));
#1574=CARTESIAN_POINT('Ctrl Pts',(135.982931962106,-45.9311501990586,112.610813592416));
#1575=CARTESIAN_POINT('Ctrl Pts',(119.668665849249,-41.3290883537942,91.1406614055826));
#1576=CARTESIAN_POINT('Ctrl Pts',(99.5697271026823,-35.3743688009474,64.2738684738025));
#1577=CARTESIAN_POINT('Ctrl Pts',(83.4831746294887,-30.9615924926105,42.6836616470203));
#1578=CARTESIAN_POINT('Ctrl Pts',(71.4254388067702,-27.9475765142518,26.3836706805884));
#1579=CARTESIAN_POINT('Ctrl Pts',(63.4524990522158,-26.1548899568393,15.3764120707792));
#1580=CARTESIAN_POINT('Ctrl Pts',(59.4900063179474,-25.2693436857155,9.83207522078063));
#1581=CARTESIAN_POINT('Ctrl Pts',(144.274801339028,-47.2828589754738,123.340248914679));
#1582=CARTESIAN_POINT('Ctrl Pts',(135.960922396392,-45.2261908931916,112.607191009053));
#1583=CARTESIAN_POINT('Ctrl Pts',(119.612598556206,-40.7608026333565,91.1369161701382));
#1584=CARTESIAN_POINT('Ctrl Pts',(99.4524826572258,-34.9773393936402,64.2695869525418));
#1585=CARTESIAN_POINT('Ctrl Pts',(83.3249752697598,-30.694893220017,42.6798189383372));
#1586=CARTESIAN_POINT('Ctrl Pts',(71.2447155096902,-27.7751851067183,26.3807622029195));
#1587=CARTESIAN_POINT('Ctrl Pts',(63.266449743263,-26.0433245944742,15.3734070071662));
#1588=CARTESIAN_POINT('Ctrl Pts',(59.3043137195659,-25.1867389587883,9.82902908495141));
#1589=CARTESIAN_POINT('Ctrl Pts',(144.205726208683,-45.7197873465593,123.334905100244));
#1590=CARTESIAN_POINT('Ctrl Pts',(135.881678816113,-43.7935696663414,112.602460955508));
#1591=CARTESIAN_POINT('Ctrl Pts',(119.472020982119,-39.6025413852262,91.1327510733092));
#1592=CARTESIAN_POINT('Ctrl Pts',(99.1983555463011,-34.1703677655794,64.2651465941616));
#1593=CARTESIAN_POINT('Ctrl Pts',(82.9960621138189,-30.1590128850746,42.6751713626186));
#1594=CARTESIAN_POINT('Ctrl Pts',(70.8771346645588,-27.4349577547615,26.3757620086572));
#1595=CARTESIAN_POINT('Ctrl Pts',(62.8916421042524,-25.8255083056582,15.367228037969));
#1596=CARTESIAN_POINT('Ctrl Pts',(58.9308067698523,-25.0264560109182,9.8228957975839));
#1597=CARTESIAN_POINT('Ctrl Pts',(143.979704971348,-42.9916066971115,123.32350829858));
#1598=CARTESIAN_POINT('Ctrl Pts',(135.643923537411,-41.2936279109743,112.591783700528));
#1599=CARTESIAN_POINT('Ctrl Pts',(119.14638628929,-37.5859097339561,91.1224596271579));
#1600=CARTESIAN_POINT('Ctrl Pts',(98.7057802450671,-32.7740298253396,64.2539738412404));
#1601=CARTESIAN_POINT('Ctrl Pts',(82.3951795734351,-29.2380652184277,42.6642252415059));
#1602=CARTESIAN_POINT('Ctrl Pts',(70.2216410278088,-26.8548141547853,26.3656137944678));
#1603=CARTESIAN_POINT('Ctrl Pts',(62.2284641409576,-25.4579982590002,15.3562377439185));
#1604=CARTESIAN_POINT('Ctrl Pts',(58.2716580733894,-24.7589637588241,9.81212726125576));
#1605=CARTESIAN_POINT('Ctrl Pts',(143.111596506914,-37.5453833233226,123.298359880725));
#1606=CARTESIAN_POINT('Ctrl Pts',(134.777283144351,-36.3003059314832,112.56766609543));
#1607=CARTESIAN_POINT('Ctrl Pts',(118.180949487099,-33.5658220237302,91.0988792040808));
#1608=CARTESIAN_POINT('Ctrl Pts',(97.5269307075375,-30.0195135183541,64.2289311676988));
#1609=CARTESIAN_POINT('Ctrl Pts',(81.0870480518624,-27.4512013929043,42.6393700906329));
#1610=CARTESIAN_POINT('Ctrl Pts',(68.8594504410506,-25.7546823665664,26.3424348661127));
#1611=CARTESIAN_POINT('Ctrl Pts',(60.8743268874947,-24.7785769049445,15.3332325147392));
#1612=CARTESIAN_POINT('Ctrl Pts',(56.9329929453048,-24.2765315723819,9.79020169317041));
#1613=CARTESIAN_POINT('Ctrl Pts',(141.170194380973,-31.497718472241,123.260974736801));
#1614=CARTESIAN_POINT('Ctrl Pts',(132.896641909292,-30.7580455957315,112.530378870062));
#1615=CARTESIAN_POINT('Ctrl Pts',(116.364523358237,-29.1265077837071,91.0609939133893));
#1616=CARTESIAN_POINT('Ctrl Pts',(95.7428783505957,-27.0316092308279,64.189160107757));
#1617=CARTESIAN_POINT('Ctrl Pts',(79.3547148819619,-25.5666385940333,42.6006724571877));
#1618=CARTESIAN_POINT('Ctrl Pts',(67.1895690424831,-24.6425735528026,26.3084409876175));
#1619=CARTESIAN_POINT('Ctrl Pts',(59.2669488773143,-24.1315379747703,15.3050681614366));
#1620=CARTESIAN_POINT('Ctrl Pts',(55.3623349785459,-23.8476158655339,9.76452887668787));
#1621=CARTESIAN_POINT('Ctrl Pts',(138.368032801407,-25.8669538408556,123.215034531589));
#1622=CARTESIAN_POINT('Ctrl Pts',(130.216228058333,-25.6105871945343,112.483964321413));
#1623=CARTESIAN_POINT('Ctrl Pts',(113.911324460505,-25.025636152146,91.013478758299));
#1624=CARTESIAN_POINT('Ctrl Pts',(93.5635037839309,-24.3018056783413,64.1398494881196));
#1625=CARTESIAN_POINT('Ctrl Pts',(77.4033347156536,-23.880325493333,42.5534871767439));
#1626=CARTESIAN_POINT('Ctrl Pts',(65.413810613414,-23.6869285765116,26.2683954743035));
#1627=CARTESIAN_POINT('Ctrl Pts',(57.6088402258668,-23.6183440449723,15.2753004938029));
#1628=CARTESIAN_POINT('Ctrl Pts',(53.7645518880582,-23.5445899810129,9.73817905880834));
#1629=CARTESIAN_POINT('Ctrl Pts',(135.047807205247,-20.5850140282722,123.163124950356));
#1630=CARTESIAN_POINT('Ctrl Pts',(127.058193047514,-20.7945614219335,112.43118350806));
#1631=CARTESIAN_POINT('Ctrl Pts',(111.07941646164,-21.2053640194521,90.9592134017415));
#1632=CARTESIAN_POINT('Ctrl Pts',(91.145280711046,-21.7739592866468,64.0838733542883));
#1633=CARTESIAN_POINT('Ctrl Pts',(75.3164215652418,-22.3385543899193,42.5007161237782));
#1634=CARTESIAN_POINT('Ctrl Pts',(63.5706451515233,-22.8387682267928,26.2248581989943));
#1635=CARTESIAN_POINT('Ctrl Pts',(55.9199525293824,-23.1955244032738,15.2447456036838));
#1636=CARTESIAN_POINT('Ctrl Pts',(52.1532467478511,-23.3261810982018,9.71163488038023));
#1637=CARTESIAN_POINT('Ctrl Pts',(132.039813241818,-17.0893537739767,123.117754187665));
#1638=CARTESIAN_POINT('Ctrl Pts',(124.216811442397,-17.6258019699711,112.38488036655));
#1639=CARTESIAN_POINT('Ctrl Pts',(108.582519035251,-18.7120136632145,90.9112405819827));
#1640=CARTESIAN_POINT('Ctrl Pts',(89.0909891806397,-20.1351503892434,64.0348476751271));
#1641=CARTESIAN_POINT('Ctrl Pts',(73.6097692155977,-21.3567890493958,42.4559781497338));
#1642=CARTESIAN_POINT('Ctrl Pts',(62.1154059176271,-22.3265237266029,26.1893704726556));
#1643=CARTESIAN_POINT('Ctrl Pts',(54.6205565427063,-22.9807186657743,15.2225324381418));
#1644=CARTESIAN_POINT('Ctrl Pts',(50.9330196221098,-23.258198787676,9.69303821585642));
#1645=CARTESIAN_POINT('Ctrl Pts',(129.319484091731,-14.4711766804468,123.076555504762));
#1646=CARTESIAN_POINT('Ctrl Pts',(121.660642521948,-15.2669907412925,112.342475754931));
#1647=CARTESIAN_POINT('Ctrl Pts',(106.354308111724,-16.8691957023057,90.8669890162509));
#1648=CARTESIAN_POINT('Ctrl Pts',(87.2719120373553,-18.9255732441461,63.9902229401638));
#1649=CARTESIAN_POINT('Ctrl Pts',(72.1139904506599,-20.639578187618,42.4163439176781));
#1650=CARTESIAN_POINT('Ctrl Pts',(60.8570005692323,-21.9685607358947,26.1593155267653));
#1651=CARTESIAN_POINT('Ctrl Pts',(53.5152723488113,-22.8587111000918,15.2048439740428));
#1652=CARTESIAN_POINT('Ctrl Pts',(49.9073280974927,-23.2550288068499,9.67921334583338));
#1653=CARTESIAN_POINT('Ctrl Pts',(128.166279957323,-13.4142454337329,123.059197230355));
#1654=CARTESIAN_POINT('Ctrl Pts',(120.576164824583,-14.3137366975223,112.324754033126));
#1655=CARTESIAN_POINT('Ctrl Pts',(105.408810754952,-16.1219061615207,90.8495938745017));
#1656=CARTESIAN_POINT('Ctrl Pts',(86.5005170462262,-18.4307811028997,63.9755009694621));
#1657=CARTESIAN_POINT('Ctrl Pts',(71.4771520631595,-20.3416999206541,42.4074523612047));
#1658=CARTESIAN_POINT('Ctrl Pts',(60.3150823015477,-21.8148896235985,26.1591480778526));
#1659=CARTESIAN_POINT('Ctrl Pts',(53.0244237175152,-22.8008948274567,15.2193129966061));
#1660=CARTESIAN_POINT('Ctrl Pts',(49.4358546988255,-23.2512234126486,9.70548095844038));
#1661=CARTESIAN_POINT('Ctrl Pts',(125.733670982109,-11.3980657951575,123.022387094687));
#1662=CARTESIAN_POINT('Ctrl Pts',(118.286658553379,-12.4944048336739,112.286976382126));
#1663=CARTESIAN_POINT('Ctrl Pts',(103.419979521893,-14.6968066426481,90.8117718512634));
#1664=CARTESIAN_POINT('Ctrl Pts',(84.8990623982557,-17.4916564343668,63.9421085997297));
#1665=CARTESIAN_POINT('Ctrl Pts',(70.172522755907,-19.7798985688594,42.3846313385676));
#1666=CARTESIAN_POINT('Ctrl Pts',(59.2176897712849,-21.5282284467745,26.1519211085909));
#1667=CARTESIAN_POINT('Ctrl Pts',(52.042684077319,-22.6962178197605,15.2350739275617));
#1668=CARTESIAN_POINT('Ctrl Pts',(48.5035185087735,-23.2448536751262,9.73751822481394));
#1669=CARTESIAN_POINT('Ctrl Pts',(121.168699495221,-8.1555343389024,122.952657635373));
#1670=CARTESIAN_POINT('Ctrl Pts',(113.985579516662,-9.56745845790792,112.215256980056));
#1671=CARTESIAN_POINT('Ctrl Pts',(99.6971342204429,-12.403297670925,90.74019371735));
#1672=CARTESIAN_POINT('Ctrl Pts',(81.9413531930514,-15.9795662437471,63.8807077284605));
#1673=CARTESIAN_POINT('Ctrl Pts',(67.7924421035596,-18.87362711742,42.3450211514779));
#1674=CARTESIAN_POINT('Ctrl Pts',(57.2320273043515,-21.0638826924786,26.1424794457207));
#1675=CARTESIAN_POINT('Ctrl Pts',(50.2704306203292,-22.5254743394572,15.2666644929822));
#1676=CARTESIAN_POINT('Ctrl Pts',(46.8203934858219,-23.2328285703608,9.79745849064528));
#1677=CARTESIAN_POINT('Ctrl Pts',(113.916955922138,-4.50649548125906,122.837628771449));
#1678=CARTESIAN_POINT('Ctrl Pts',(107.144101726395,-6.28434664164657,112.096571319889));
#1679=CARTESIAN_POINT('Ctrl Pts',(93.8040925835604,-9.83314857000549,90.6216480491492));
#1680=CARTESIAN_POINT('Ctrl Pts',(77.3420774772643,-14.2670517416169,63.7814697264437));
#1681=CARTESIAN_POINT('Ctrl Pts',(64.1549148733965,-17.8318325901251,42.2821937793738));
#1682=CARTESIAN_POINT('Ctrl Pts',(54.2387427847928,-20.5209622045769,26.1245597305218));
#1683=CARTESIAN_POINT('Ctrl Pts',(47.6224634222354,-22.3244857531682,15.3003733561118));
#1684=CARTESIAN_POINT('Ctrl Pts',(44.3197916384876,-23.2165991278738,9.8626249488709));
#1685=CARTESIAN_POINT('Ctrl Pts',(104.678853706516,-2.00708726864657,122.680266695564));
#1686=CARTESIAN_POINT('Ctrl Pts',(98.4290035967275,-4.0863384949995,111.933195119814));
#1687=CARTESIAN_POINT('Ctrl Pts',(86.3007982860928,-8.12282262265374,90.4591032991628));
#1688=CARTESIAN_POINT('Ctrl Pts',(71.4872756298921,-13.0454409643879,63.6503815895098));
#1689=CARTESIAN_POINT('Ctrl Pts',(59.5247237546025,-17.024129612506,42.2009802411965));
#1690=CARTESIAN_POINT('Ctrl Pts',(50.4337050127496,-20.0605756538033,26.0979474769724));
#1691=CARTESIAN_POINT('Ctrl Pts',(44.2719002927233,-22.143790195291,15.3283747179366));
#1692=CARTESIAN_POINT('Ctrl Pts',(41.1678280345151,-23.1998952908018,9.92273434889619));
#1693=CARTESIAN_POINT('Ctrl Pts',(98.6364998503682,-1.58155433116127,122.569651541094));
#1694=CARTESIAN_POINT('Ctrl Pts',(92.7390163284089,-3.77590119278102,111.816643723694));
#1695=CARTESIAN_POINT('Ctrl Pts',(81.3771677890885,-7.89575261319596,90.3422470990189));
#1696=CARTESIAN_POINT('Ctrl Pts',(67.5602984918223,-12.7808836728964,63.5582871166721));
#1697=CARTESIAN_POINT('Ctrl Pts',(56.3516694828716,-16.7730466673638,42.1438541226996));
#1698=CARTESIAN_POINT('Ctrl Pts',(47.7885399230026,-19.8739280640126,26.0753383448647));
#1699=CARTESIAN_POINT('Ctrl Pts',(41.9404958328175,-22.0600683633382,15.3372893988785));
#1700=CARTESIAN_POINT('Ctrl Pts',(38.9823098057194,-23.1914815659387,9.94988911051992));
#1701=CARTESIAN_POINT('Ctrl Pts',(95.5077289447981,-1.63329345350324,122.512788520456));
#1702=CARTESIAN_POINT('Ctrl Pts',(89.7979102043671,-3.86996261797014,111.755681756234));
#1703=CARTESIAN_POINT('Ctrl Pts',(78.8177621260194,-7.98040090040359,90.2802725173455));
#1704=CARTESIAN_POINT('Ctrl Pts',(65.4735722711288,-12.7638952879892,63.5096419468844));
#1705=CARTESIAN_POINT('Ctrl Pts',(54.6310266230704,-16.7036679098332,42.1133816423396));
#1706=CARTESIAN_POINT('Ctrl Pts',(46.3342577150198,-19.8008822893649,26.0623733371412));
#1707=CARTESIAN_POINT('Ctrl Pts',(40.6552051635511,-22.0234495685531,15.3399242868078));
#1708=CARTESIAN_POINT('Ctrl Pts',(37.7788044482957,-23.1876894298046,9.96192998594043));
#1709=CARTESIAN_POINT('Ctrl Pts',(95.0015181119148,-1.63878402272964,122.517311176237));
#1710=CARTESIAN_POINT('Ctrl Pts',(89.3196486932198,-3.88244872942572,111.759824627102));
#1711=CARTESIAN_POINT('Ctrl Pts',(78.3995765958801,-7.99185272409012,90.2830113773288));
#1712=CARTESIAN_POINT('Ctrl Pts',(65.1364555677285,-12.7595729161597,63.5100662308087));
#1713=CARTESIAN_POINT('Ctrl Pts',(54.3584323779343,-16.692009303824,42.1126034628416));
#1714=CARTESIAN_POINT('Ctrl Pts',(46.1082424150815,-19.7894992544783,26.0615617315568));
#1715=CARTESIAN_POINT('Ctrl Pts',(40.4574716234201,-22.0179537618255,15.3403313204409));
#1716=CARTESIAN_POINT('Ctrl Pts',(37.593727404251,-23.1871182427659,9.9637214812953));
#1717=CARTESIAN_POINT('Ctrl Pts',(94.0036535808109,-1.65062978732319,122.518774647837));
#1718=CARTESIAN_POINT('Ctrl Pts',(88.3782926276444,-3.90742386100561,111.7604397191));
#1719=CARTESIAN_POINT('Ctrl Pts',(77.5773264146887,-8.01462769437652,90.2816154891369));
#1720=CARTESIAN_POINT('Ctrl Pts',(64.4708026553966,-12.7522245501755,63.5065754217718));
#1721=CARTESIAN_POINT('Ctrl Pts',(53.8166681074649,-16.6702220920647,42.1089569434823));
#1722=CARTESIAN_POINT('Ctrl Pts',(45.6562722830724,-19.7677854905389,26.059327766741));
#1723=CARTESIAN_POINT('Ctrl Pts',(40.060882399663,-22.0073636435649,15.3410871111148));
#1724=CARTESIAN_POINT('Ctrl Pts',(37.2225658047918,-23.1860134756645,9.96717805987468));
#1725=CARTESIAN_POINT('Ctrl Pts',(92.2504409323024,-1.66952978592858,122.52481057373));
#1726=CARTESIAN_POINT('Ctrl Pts',(86.7239773330014,-3.9481522669205,111.76517771417));
#1727=CARTESIAN_POINT('Ctrl Pts',(76.1313483329559,-8.05184063916783,90.2826882903065));
#1728=CARTESIAN_POINT('Ctrl Pts',(63.2995487125519,-12.7396159460761,63.5029267566522));
#1729=CARTESIAN_POINT('Ctrl Pts',(52.8634747557329,-16.6339399391231,42.1039166051643));
#1730=CARTESIAN_POINT('Ctrl Pts',(44.8614388887407,-19.7318579405846,26.0558704163258));
#1731=CARTESIAN_POINT('Ctrl Pts',(39.3638833617823,-21.9899024779614,15.3422982940287));
#1732=CARTESIAN_POINT('Ctrl Pts',(36.570460840614,-23.1841805741044,9.9728756942692));
#1733=CARTESIAN_POINT('Ctrl Pts',(88.7506699500627,-1.70327411330716,122.532964587059));
#1734=CARTESIAN_POINT('Ctrl Pts',(83.4232218670199,-4.02025296000115,111.771144341022));
#1735=CARTESIAN_POINT('Ctrl Pts',(73.2449224580172,-8.11770212844463,90.2824299684363));
#1736=CARTESIAN_POINT('Ctrl Pts',(60.9538718505632,-12.7177289621946,63.494869523529));
#1737=CARTESIAN_POINT('Ctrl Pts',(50.9477849503417,-16.5701856379856,42.0939534711444));
#1738=CARTESIAN_POINT('Ctrl Pts',(43.2597289296202,-19.6685891069741,26.0491702304159));
#1739=CARTESIAN_POINT('Ctrl Pts',(37.958425769017,-21.9591395310726,15.3442412056468));
#1740=CARTESIAN_POINT('Ctrl Pts',(35.2562507832933,-23.1809137533613,9.98291879504583));
#1741=CARTESIAN_POINT('Ctrl Pts',(83.7505717315702,-1.73884509354846,122.54356171984));
#1742=CARTESIAN_POINT('Ctrl Pts',(78.7101012631595,-4.09669205378301,111.779875709844));
#1743=CARTESIAN_POINT('Ctrl Pts',(69.1184906811304,-8.18762793873021,90.284367000411));
#1744=CARTESIAN_POINT('Ctrl Pts',(57.5826570780578,-12.6942145475982,63.4869711162971));
#1745=CARTESIAN_POINT('Ctrl Pts',(48.1803223262269,-16.5021533756082,42.0828142771164));
#1746=CARTESIAN_POINT('Ctrl Pts',(40.9375542594026,-19.6012557922153,26.0409741150862));
#1747=CARTESIAN_POINT('Ctrl Pts',(35.9198601364144,-21.9264731827691,15.3456985109409));
#1748=CARTESIAN_POINT('Ctrl Pts',(33.3519943484543,-23.1773705900713,9.99362522844803));
#1749=CARTESIAN_POINT('Ctrl Pts',(78.756138316218,-1.75999897406244,122.549743503946));
#1750=CARTESIAN_POINT('Ctrl Pts',(74.0061010856333,-4.14201966334575,111.785563687245));
#1751=CARTESIAN_POINT('Ctrl Pts',(64.994772657179,-8.22914109413446,90.2861210923135));
#1752=CARTESIAN_POINT('Ctrl Pts',(54.1917782925285,-12.6803566561753,63.4814877068206));
#1753=CARTESIAN_POINT('Ctrl Pts',(45.3789109592705,-16.461926770593,42.0743489715924));
#1754=CARTESIAN_POINT('Ctrl Pts',(38.5763063791013,-19.5615230545646,26.0340273930116));
#1755=CARTESIAN_POINT('Ctrl Pts',(33.8456953476313,-21.907282818717,15.3454317342335));
#1756=CARTESIAN_POINT('Ctrl Pts',(31.4167771174394,-23.175241129095,9.99996692522465));
#1757=CARTESIAN_POINT('Ctrl Pts',(74.7620480161567,-1.76919912522379,122.553160244494));
#1758=CARTESIAN_POINT('Ctrl Pts',(70.2461660618766,-4.16182190196044,111.789289254501));
#1759=CARTESIAN_POINT('Ctrl Pts',(61.6958726330167,-8.24730256646957,90.2881626834063));
#1760=CARTESIAN_POINT('Ctrl Pts',(51.4680354751121,-12.6742498059666,63.47884747702));
#1761=CARTESIAN_POINT('Ctrl Pts',(43.1198616416245,-16.4443732282361,42.069191327337));
#1762=CARTESIAN_POINT('Ctrl Pts',(36.6670986946999,-19.5443043503762,26.0291627264415));
#1763=CARTESIAN_POINT('Ctrl Pts',(32.1681911150112,-21.8990617790671,15.3442543414338));
#1764=CARTESIAN_POINT('Ctrl Pts',(29.8528790118715,-23.1743048988036,10.0027103617141));
#1765=CARTESIAN_POINT('Ctrl Pts',(68.7730207980882,-1.77591652742764,122.556468383549));
#1766=CARTESIAN_POINT('Ctrl Pts',(64.6100658351887,-4.17628234431031,111.79371907067));
#1767=CARTESIAN_POINT('Ctrl Pts',(56.7484137614478,-8.26060318823501,90.2914491849798));
#1768=CARTESIAN_POINT('Ctrl Pts',(47.3727986827072,-12.6697785151609,63.4762855849789));
#1769=CARTESIAN_POINT('Ctrl Pts',(39.7150272671777,-16.4316706134892,42.0628648012928));
#1770=CARTESIAN_POINT('Ctrl Pts',(33.7847806129885,-19.5320319273563,26.0224862923922));
#1771=CARTESIAN_POINT('Ctrl Pts',(29.6352307680765,-21.8933089679412,15.3416406383321));
#1772=CARTESIAN_POINT('Ctrl Pts',(27.4926014503386,-23.1736184144358,10.0047329678635));
#1773=CARTESIAN_POINT('Ctrl Pts',(59.7957167689546,-1.7613401616797,122.555684824587));
#1774=CARTESIAN_POINT('Ctrl Pts',(56.1680549711194,-4.14510119214659,111.79689506886));
#1775=CARTESIAN_POINT('Ctrl Pts',(49.3295659265613,-8.23216675651858,90.297661687927));
#1776=CARTESIAN_POINT('Ctrl Pts',(41.1965309532375,-12.679226536125,63.4776396256781));
#1777=CARTESIAN_POINT('Ctrl Pts',(34.5520519105609,-16.4599230575824,42.0584480893734));
#1778=CARTESIAN_POINT('Ctrl Pts',(29.3982716904572,-19.5607619305865,26.0146729294317));
#1779=CARTESIAN_POINT('Ctrl Pts',(25.7791001278761,-21.9074887092757,15.3347511475293));
#1780=CARTESIAN_POINT('Ctrl Pts',(23.9033118174168,-23.1750570984122,10.0005000170518));
#1781=CARTESIAN_POINT('Ctrl Pts',(35.8753133316516,-1.65174063853316,122.536204135073));
#1782=CARTESIAN_POINT('Ctrl Pts',(33.693070760916,-3.91016996003138,111.794038432498));
#1783=CARTESIAN_POINT('Ctrl Pts',(29.5597411157212,-8.01707140752226,90.3169487141502));
#1784=CARTESIAN_POINT('Ctrl Pts',(24.6432735789408,-12.7509667192409,63.4960933213612));
#1785=CARTESIAN_POINT('Ctrl Pts',(20.6396470906342,-16.6719083171265,42.0614878714826));
#1786=CARTESIAN_POINT('Ctrl Pts',(17.5370511569755,-19.7734114404907,26.0005942585998));
#1787=CARTESIAN_POINT('Ctrl Pts',(15.3527289841034,-22.0109838626219,15.3079040794094));
#1788=CARTESIAN_POINT('Ctrl Pts',(14.2129024808404,-23.1861131057677,9.96807887231435));
#1789=CARTESIAN_POINT('Ctrl Pts',(15.9628660513083,-1.48365217404117,122.500012709127));
#1790=CARTESIAN_POINT('Ctrl Pts',(15.007286748944,-3.55198214982848,111.777806516062));
#1791=CARTESIAN_POINT('Ctrl Pts',(13.1179993342431,-7.68860651832497,90.3336226720091));
#1792=CARTESIAN_POINT('Ctrl Pts',(10.7970741937949,-12.8596503466496,63.5281848117168));
#1793=CARTESIAN_POINT('Ctrl Pts',(8.94034317132691,-16.9962931899637,42.0836981848873));
#1794=CARTESIAN_POINT('Ctrl Pts',(7.53370942801803,-20.0986504185285,26.0005163963147));
#1795=CARTESIAN_POINT('Ctrl Pts',(6.57119793715972,-22.1673031751633,15.2783896268617));
#1796=CARTESIAN_POINT('Ctrl Pts',(6.07512242900238,-23.2014173808701,9.91740382082277));
#1797=CARTESIAN_POINT('Ctrl Pts',(-15.9614993038264,-1.48364271862047,122.500352291922));
#1798=CARTESIAN_POINT('Ctrl Pts',(-15.0058694455085,-3.55197705711064,111.778140263024));
#1799=CARTESIAN_POINT('Ctrl Pts',(-13.116655814946,-7.6885957664893,90.3339450393781));
#1800=CARTESIAN_POINT('Ctrl Pts',(-10.7961518653176,-12.8596181450684,63.5283971316798));
#1801=CARTESIAN_POINT('Ctrl Pts',(-8.93977200099001,-16.9962376151241,42.0838057984966));
#1802=CARTESIAN_POINT('Ctrl Pts',(-7.53332308508036,-20.0985678455113,26.0005882553634));
#1803=CARTESIAN_POINT('Ctrl Pts',(-6.57079365803209,-22.1672613074906,15.2785142613472));
#1804=CARTESIAN_POINT('Ctrl Pts',(-6.0745673268127,-23.2014262715124,9.91761866573252));
#1805=CARTESIAN_POINT('Ctrl Pts',(-39.8554787971338,-1.6852286042811,122.54458918624));
#1806=CARTESIAN_POINT('Ctrl Pts',(-37.427810272959,-3.98179088605103,111.79848290074));
#1807=CARTESIAN_POINT('Ctrl Pts',(-32.8457632308179,-8.08279681934066,90.3146437459742));
#1808=CARTESIAN_POINT('Ctrl Pts',(-27.4109348971279,-12.7290236135974,63.4904046403553));
#1809=CARTESIAN_POINT('Ctrl Pts',(-22.9786582985941,-16.6067711734071,42.057614964589));
#1810=CARTESIAN_POINT('Ctrl Pts',(-19.5372903244454,-19.7081055298334,26.0010830399138));
#1811=CARTESIAN_POINT('Ctrl Pts',(-17.1084244748721,-21.9795549122235,15.3143230992032));
#1812=CARTESIAN_POINT('Ctrl Pts',(-15.8395233966542,-23.182926676221,9.9788394637627));
#1813=CARTESIAN_POINT('Ctrl Pts',(-67.7668874029938,-1.79163550850105,122.562516037287));
#1814=CARTESIAN_POINT('Ctrl Pts',(-63.6590744101045,-4.21039537838494,111.798639079647));
#1815=CARTESIAN_POINT('Ctrl Pts',(-55.9182261815013,-8.29187560976724,90.2931106542069));
#1816=CARTESIAN_POINT('Ctrl Pts',(-46.7074369654303,-12.6590075212071,63.4740364583714));
#1817=CARTESIAN_POINT('Ctrl Pts',(-39.1794304741411,-16.4007809394458,42.0596479429403));
#1818=CARTESIAN_POINT('Ctrl Pts',(-33.3413667903805,-19.5012870893707,26.0207557454226));
#1819=CARTESIAN_POINT('Ctrl Pts',(-29.2459864979384,-21.878395637709,15.3438228542719));
#1820=CARTESIAN_POINT('Ctrl Pts',(-27.1268666116438,-23.1718639114502,10.0105763473854));
#1821=CARTESIAN_POINT('Ctrl Pts',(-81.7456260477657,-1.75291791613596,122.550195296093));
#1822=CARTESIAN_POINT('Ctrl Pts',(-76.8198398745649,-4.12729212731482,111.785737745013));
#1823=CARTESIAN_POINT('Ctrl Pts',(-67.4630344154721,-8.21561057158758,90.2873790275653));
#1824=CARTESIAN_POINT('Ctrl Pts',(-56.2308060171605,-12.6844702312688,63.4853360706408));
#1825=CARTESIAN_POINT('Ctrl Pts',(-47.0713903102936,-16.4745038193543,42.0793047445076));
#1826=CARTESIAN_POINT('Ctrl Pts',(-40.007340730013,-19.5737089073952,26.0385117644817));
#1827=CARTESIAN_POINT('Ctrl Pts',(-35.1028901237343,-21.9131368636493,15.3473550576255));
#1828=CARTESIAN_POINT('Ctrl Pts',(-32.5880347797838,-23.1758386780768,9.99952407277777));
#1829=CARTESIAN_POINT('Ctrl Pts',(-88.7431986329749,-1.70295205193585,122.53666066196));
#1830=CARTESIAN_POINT('Ctrl Pts',(-83.4155336651095,-4.02017189565375,111.774854825632));
#1831=CARTESIAN_POINT('Ctrl Pts',(-73.2375180978068,-8.11764723344216,90.2858645686998));
#1832=CARTESIAN_POINT('Ctrl Pts',(-60.9488250853428,-12.7172102945265,63.4971861070485));
#1833=CARTESIAN_POINT('Ctrl Pts',(-50.9449377756389,-16.5695626297685,42.0953617138014));
#1834=CARTESIAN_POINT('Ctrl Pts',(-43.2580243562598,-19.6678489609957,26.0502206717526));
#1835=CARTESIAN_POINT('Ctrl Pts',(-37.9565566523913,-21.9587586353546,15.345550682804));
#1836=CARTESIAN_POINT('Ctrl Pts',(-35.2535516098896,-23.1807677698599,9.98484927425232));
#1837=CARTESIAN_POINT('Ctrl Pts',(-92.7442080568967,-1.66452580207525,122.526676770537));
#1838=CARTESIAN_POINT('Ctrl Pts',(-87.1891329751341,-3.93787560587133,111.767363854008));
#1839=CARTESIAN_POINT('Ctrl Pts',(-76.5375298131292,-8.04246022131106,90.2855472306603));
#1840=CARTESIAN_POINT('Ctrl Pts',(-63.6304018355556,-12.7423145718951,63.5060060521126));
#1841=CARTESIAN_POINT('Ctrl Pts',(-53.13465740439,-16.6424645264249,42.1065748170745));
#1842=CARTESIAN_POINT('Ctrl Pts',(-45.0886174113898,-19.7401459563875,26.0578485609854));
#1843=CARTESIAN_POINT('Ctrl Pts',(-39.5626914060814,-21.9938780667871,15.3434001698561));
#1844=CARTESIAN_POINT('Ctrl Pts',(-36.7553713530864,-23.1844954437239,9.97346947487524));
#1845=CARTESIAN_POINT('Ctrl Pts',(-94.7460613720938,-1.64188002070553,122.520625202784));
#1846=CARTESIAN_POINT('Ctrl Pts',(-89.0780907266316,-3.88935108309665,111.762897212808));
#1847=CARTESIAN_POINT('Ctrl Pts',(-78.1881118885036,-7.99814973361047,90.2853330698523));
#1848=CARTESIAN_POINT('Ctrl Pts',(-64.9663902318265,-12.7571429791642,63.5109792357647));
#1849=CARTESIAN_POINT('Ctrl Pts',(-54.2212759040134,-16.6854572842143,42.1128284469329));
#1850=CARTESIAN_POINT('Ctrl Pts',(-45.9943923389051,-19.7827766971318,26.0620053791783));
#1851=CARTESIAN_POINT('Ctrl Pts',(-40.3570312773808,-22.0146268450137,15.3419583246597));
#1852=CARTESIAN_POINT('Ctrl Pts',(-37.4986553470083,-23.1866617598141,9.96675331785383));
#1853=CARTESIAN_POINT('Ctrl Pts',(-96.1219945171401,-1.62491891380631,122.516847369005));
#1854=CARTESIAN_POINT('Ctrl Pts',(-90.3766049883336,-3.85319926720328,111.760352229872));
#1855=CARTESIAN_POINT('Ctrl Pts',(-79.3221816042479,-7.96516001643739,90.2858741615462));
#1856=CARTESIAN_POINT('Ctrl Pts',(-65.8826235439813,-12.7680609848294,63.5150566928085));
#1857=CARTESIAN_POINT('Ctrl Pts',(-54.965214045405,-16.7173180922931,42.1175904617441));
#1858=CARTESIAN_POINT('Ctrl Pts',(-46.6138190179427,-19.8144247472624,26.0650481356532));
#1859=CARTESIAN_POINT('Ctrl Pts',(-40.9002229883402,-22.0300468042609,15.3408304379507));
#1860=CARTESIAN_POINT('Ctrl Pts',(-38.0071556914526,-23.1882591029224,9.96173624228087));
#1861=CARTESIAN_POINT('Ctrl Pts',(-96.8390383688135,-1.62020158513808,122.53480212253));
#1862=CARTESIAN_POINT('Ctrl Pts',(-91.0499175391865,-3.83836378072149,111.779317163969));
#1863=CARTESIAN_POINT('Ctrl Pts',(-79.906984791203,-7.95107534189466,90.3045915053054));
#1864=CARTESIAN_POINT('Ctrl Pts',(-66.359499684938,-12.7749505213842,63.5291335878237));
#1865=CARTESIAN_POINT('Ctrl Pts',(-55.3593771121401,-16.7347896079006,42.1260384244207));
#1866=CARTESIAN_POINT('Ctrl Pts',(-46.9479955830843,-19.8319430058954,26.0684477831939));
#1867=CARTESIAN_POINT('Ctrl Pts',(-41.1961482529693,-22.038733707983,15.3402059341833));
#1868=CARTESIAN_POINT('Ctrl Pts',(-38.2843036771234,-23.1891535464753,9.95891522016416));
#1869=CARTESIAN_POINT('Ctrl Pts',(-98.3100214398914,-1.64589618022457,122.559602296541));
#1870=CARTESIAN_POINT('Ctrl Pts',(-92.4339075248567,-3.84093768120103,111.80583680563));
#1871=CARTESIAN_POINT('Ctrl Pts',(-81.1091589762625,-7.94840924162104,90.3316143589739));
#1872=CARTESIAN_POINT('Ctrl Pts',(-67.3312690801628,-12.8050772241106,63.5506379703318));
#1873=CARTESIAN_POINT('Ctrl Pts',(-56.1540302902705,-16.7785909713153,42.1396389167153));
#1874=CARTESIAN_POINT('Ctrl Pts',(-47.6157394112877,-19.8706008366528,26.0741461098577));
#1875=CARTESIAN_POINT('Ctrl Pts',(-41.785375852695,-22.0571155562131,15.3386710111028));
#1876=CARTESIAN_POINT('Ctrl Pts',(-38.8362719969813,-23.191030005513,9.95295013966163));
#1877=CARTESIAN_POINT('Ctrl Pts',(-100.909172294921,-1.77999564350607,122.608860434503));
#1878=CARTESIAN_POINT('Ctrl Pts',(-94.8798062952058,-3.92850458020042,111.857962950107));
#1879=CARTESIAN_POINT('Ctrl Pts',(-83.2290288167104,-8.00950776601267,90.3839034582728));
#1880=CARTESIAN_POINT('Ctrl Pts',(-69.0339861452885,-12.8972688464444,63.5915858969533));
#1881=CARTESIAN_POINT('Ctrl Pts',(-57.5392244737884,-16.8758682378767,42.1650343895718));
#1882=CARTESIAN_POINT('Ctrl Pts',(-48.7762124443958,-19.9469539328417,26.0843223858757));
#1883=CARTESIAN_POINT('Ctrl Pts',(-42.8093357687228,-22.0920145317136,15.3353158033651));
#1884=CARTESIAN_POINT('Ctrl Pts',(-39.7959578393811,-23.194543214684,9.94165836113591));
#1885=CARTESIAN_POINT('Ctrl Pts',(-106.224262435388,-2.42483348158983,122.703401490418));
#1886=CARTESIAN_POINT('Ctrl Pts',(-99.8873791253299,-4.45380011771521,111.957287147044));
#1887=CARTESIAN_POINT('Ctrl Pts',(-87.5567359927693,-8.40876348954253,90.4833698293321));
#1888=CARTESIAN_POINT('Ctrl Pts',(-72.4663197486105,-13.2495244990571,63.6705621196745));
#1889=CARTESIAN_POINT('Ctrl Pts',(-60.2972663286162,-17.1585559266518,42.2142038477192));
#1890=CARTESIAN_POINT('Ctrl Pts',(-51.066957488639,-20.1364820322622,26.1031166923591));
#1891=CARTESIAN_POINT('Ctrl Pts',(-44.8273170309595,-22.173084435609,15.3258178042483));
#1892=CARTESIAN_POINT('Ctrl Pts',(-41.6890927509358,-23.2024604032314,9.91562912020656));
#1893=CARTESIAN_POINT('Ctrl Pts',(-113.919165016875,-4.50960602408773,122.835885288568));
#1894=CARTESIAN_POINT('Ctrl Pts',(-107.146382672431,-6.28741102863488,112.094786180481));
#1895=CARTESIAN_POINT('Ctrl Pts',(-93.8060795683378,-9.83556681389693,90.6201180795978));
#1896=CARTESIAN_POINT('Ctrl Pts',(-77.3429196497971,-14.2679913524195,63.7807801802348));
#1897=CARTESIAN_POINT('Ctrl Pts',(-64.1542529456027,-17.8314964872435,42.2825842259481));
#1898=CARTESIAN_POINT('Ctrl Pts',(-54.2365488400525,-20.5196155608519,26.1260958728135));
#1899=CARTESIAN_POINT('Ctrl Pts',(-47.6178431839696,-22.3232926426172,15.3035853720137));
#1900=CARTESIAN_POINT('Ctrl Pts',(-44.3132498144751,-23.21625374594,9.86731447899892));
#1901=CARTESIAN_POINT('Ctrl Pts',(-122.622314296621,-8.88768936844803,122.973901241186));
#1902=CARTESIAN_POINT('Ctrl Pts',(-115.357083520507,-10.2264695043025,112.237248599131));
#1903=CARTESIAN_POINT('Ctrl Pts',(-100.878589676968,-12.9193418044296,90.7622826265352));
#1904=CARTESIAN_POINT('Ctrl Pts',(-82.8627203070835,-16.3230808929882,63.8996545073612));
#1905=CARTESIAN_POINT('Ctrl Pts',(-68.5196762127013,-19.0818239736211,42.3578323372165));
#1906=CARTESIAN_POINT('Ctrl Pts',(-57.8291851218114,-21.171366088818,26.1471650100877));
#1907=CARTESIAN_POINT('Ctrl Pts',(-50.795973893988,-22.5645435379463,15.2627652867244));
#1908=CARTESIAN_POINT('Ctrl Pts',(-47.3152358469872,-23.2357900279895,9.78821910573066));
#1909=CARTESIAN_POINT('Ctrl Pts',(-127.641279427613,-12.8576389412596,123.049935198675));
#1910=CARTESIAN_POINT('Ctrl Pts',(-120.083422384649,-13.8130429663581,112.315273576529));
#1911=CARTESIAN_POINT('Ctrl Pts',(-104.976848107853,-15.7301758417127,90.8403213318311));
#1912=CARTESIAN_POINT('Ctrl Pts',(-86.1405750774067,-18.1703317950475,63.9676368634465));
#1913=CARTESIAN_POINT('Ctrl Pts',(-71.17406089634,-20.1839120868627,42.4026086858983));
#1914=CARTESIAN_POINT('Ctrl Pts',(-60.0533566709672,-21.7324583236063,26.1590179063474));
#1915=CARTESIAN_POINT('Ctrl Pts',(-52.7853564210711,-22.7698682888368,15.2270891427768));
#1916=CARTESIAN_POINT('Ctrl Pts',(-49.2052921270667,-23.2493751602501,9.71989310163775));
#1917=CARTESIAN_POINT('Ctrl Pts',(-130.42091031221,-15.5335154175443,123.091900288205));
#1918=CARTESIAN_POINT('Ctrl Pts',(-122.695855731762,-16.224774763656,112.358130754879));
#1919=CARTESIAN_POINT('Ctrl Pts',(-107.257503503858,-17.6190807767154,90.8829682230417));
#1920=CARTESIAN_POINT('Ctrl Pts',(-88.0110163734933,-19.4198939490016,64.0055981799584));
#1921=CARTESIAN_POINT('Ctrl Pts',(-72.7238863333324,-20.9343493639538,42.4287960377198));
#1922=CARTESIAN_POINT('Ctrl Pts',(-61.3726246069021,-22.1169404514564,26.1669186834499));
#1923=CARTESIAN_POINT('Ctrl Pts',(-53.9734821258914,-22.911601528765,15.2040348537822));
#1924=CARTESIAN_POINT('Ctrl Pts',(-50.3384635993323,-23.2571959357632,9.67309569101708));
#1925=CARTESIAN_POINT('Ctrl Pts',(-131.48177621183,-16.6043009617072,123.107999999189));
#1926=CARTESIAN_POINT('Ctrl Pts',(-123.693860073364,-17.1909835912787,112.374715926688));
#1927=CARTESIAN_POINT('Ctrl Pts',(-108.128709198703,-18.374845553916,90.9004802442396));
#1928=CARTESIAN_POINT('Ctrl Pts',(-88.7225077127328,-19.9149683477113,64.0239221036508));
#1929=CARTESIAN_POINT('Ctrl Pts',(-73.3088922969081,-21.227561705984,42.4461238438922));
#1930=CARTESIAN_POINT('Ctrl Pts',(-61.8645217639168,-22.2638914296296,26.1816598658028));
#1931=CARTESIAN_POINT('Ctrl Pts',(-54.4035817237334,-22.9636951857103,15.2163192013169));
#1932=CARTESIAN_POINT('Ctrl Pts',(-50.7350039515961,-23.2632288970668,9.68636519822987));
#1933=CARTESIAN_POINT('Ctrl Pts',(-133.516381008207,-18.8664242684711,123.138859673948));
#1934=CARTESIAN_POINT('Ctrl Pts',(-125.612626254573,-19.2384742359785,112.406317771705));
#1935=CARTESIAN_POINT('Ctrl Pts',(-109.812011887606,-19.9835510245774,90.9331442467511));
#1936=CARTESIAN_POINT('Ctrl Pts',(-90.1073292847795,-20.9730344115783,64.0568758599282));
#1937=CARTESIAN_POINT('Ctrl Pts',(-74.4585091636171,-21.8607748032899,42.4756696629317));
#1938=CARTESIAN_POINT('Ctrl Pts',(-62.8431785641214,-22.5916507424562,26.2041628190307));
#1939=CARTESIAN_POINT('Ctrl Pts',(-55.2748928589931,-23.095948036402,15.2291382966606));
#1940=CARTESIAN_POINT('Ctrl Pts',(-51.5521048848316,-23.2980249980753,9.69555316382628));
#1941=CARTESIAN_POINT('Ctrl Pts',(-136.823570866924,-23.1270851957683,123.189368171104));
#1942=CARTESIAN_POINT('Ctrl Pts',(-128.742816017104,-23.1089520819295,112.457877768724));
#1943=CARTESIAN_POINT('Ctrl Pts',(-112.579126229127,-23.0379218816515,90.9864657692443));
#1944=CARTESIAN_POINT('Ctrl Pts',(-92.4094402608558,-22.9849237084226,64.111721559579));
#1945=CARTESIAN_POINT('Ctrl Pts',(-76.393153026863,-23.0733209597397,42.5267350586964));
#1946=CARTESIAN_POINT('Ctrl Pts',(-64.5107281002081,-23.2363662522447,26.2457329129409));
#1947=CARTESIAN_POINT('Ctrl Pts',(-56.7744815694725,-23.3852499549246,15.2579343691049));
#1948=CARTESIAN_POINT('Ctrl Pts',(-52.9661026671489,-23.414343177297,9.72136053375681));
#1949=CARTESIAN_POINT('Ctrl Pts',(-140.685748346551,-29.9896547164772,123.250568729513));
#1950=CARTESIAN_POINT('Ctrl Pts',(-132.427343876178,-29.3767245801504,112.51988809139));
#1951=CARTESIAN_POINT('Ctrl Pts',(-115.911553467221,-28.0213783951811,91.0500110833098));
#1952=CARTESIAN_POINT('Ctrl Pts',(-95.2987601458405,-26.2888383373849,64.1773676032781));
#1953=CARTESIAN_POINT('Ctrl Pts',(-78.9239132661179,-25.0985483245336,42.5891578252609));
#1954=CARTESIAN_POINT('Ctrl Pts',(-66.775037677017,-24.3658234723418,26.2980433177987));
#1955=CARTESIAN_POINT('Ctrl Pts',(-58.8689454078027,-23.9713651857659,15.2952880677653));
#1956=CARTESIAN_POINT('Ctrl Pts',(-54.9758474357077,-23.7407092797752,9.75373891315166));
#1957=CARTESIAN_POINT('Ctrl Pts',(-143.597250385641,-39.0665345270162,123.306211862744));
#1958=CARTESIAN_POINT('Ctrl Pts',(-135.247630977194,-37.6956670355938,112.575326102695));
#1959=CARTESIAN_POINT('Ctrl Pts',(-118.635546667699,-34.6856549046073,91.1061790350338));
#1960=CARTESIAN_POINT('Ctrl Pts',(-97.9746064873653,-30.7741619795814,64.2363246624802));
#1961=CARTESIAN_POINT('Ctrl Pts',(-81.5221962034673,-27.9265458935445,42.6469591600498));
#1962=CARTESIAN_POINT('Ctrl Pts',(-69.2789685161681,-26.033541596447,26.3496092410795));
#1963=CARTESIAN_POINT('Ctrl Pts',(-61.2779654873077,-24.9412438060367,15.3390070019732));
#1964=CARTESIAN_POINT('Ctrl Pts',(-57.3288439335489,-24.3839222079949,9.79440234889555));
#1965=CARTESIAN_POINT('Ctrl Pts',(-144.27184135552,-45.3460545635288,123.332529461097));
#1966=CARTESIAN_POINT('Ctrl Pts',(-135.940257791847,-43.4534785572031,112.600147775016));
#1967=CARTESIAN_POINT('Ctrl Pts',(-119.50027500153,-39.3281528625251,91.1301215289306));
#1968=CARTESIAN_POINT('Ctrl Pts',(-99.1754573957414,-33.9729278312802,64.2619719736781));
#1969=CARTESIAN_POINT('Ctrl Pts',(-82.9373337967018,-30.0201897605064,42.6725230225631));
#1970=CARTESIAN_POINT('Ctrl Pts',(-70.7978487754577,-27.33888336636,26.373823364183));
#1971=CARTESIAN_POINT('Ctrl Pts',(-62.8052584593381,-25.7612154547563,15.364812185899));
#1972=CARTESIAN_POINT('Ctrl Pts',(-58.8450383196181,-24.9760958855388,9.81934619020229));
#1973=CARTESIAN_POINT('Ctrl Pts',(-144.295801461329,-48.9863478460542,123.344840486885));
#1974=CARTESIAN_POINT('Ctrl Pts',(-135.99603157907,-46.78783303164,112.610933579198));
#1975=CARTESIAN_POINT('Ctrl Pts',(-119.724772324085,-42.0257345365344,91.1396580828584));
#1976=CARTESIAN_POINT('Ctrl Pts',(-99.7049711129673,-35.8635654099688,64.2724292637827));
#1977=CARTESIAN_POINT('Ctrl Pts',(-83.6704835884159,-31.2878052940858,42.6831482418335));
#1978=CARTESIAN_POINT('Ctrl Pts',(-71.6400115758148,-28.1537444966279,26.384842609268));
#1979=CARTESIAN_POINT('Ctrl Pts',(-63.6720487706499,-26.2890618270439,15.3790396105516));
#1980=CARTESIAN_POINT('Ctrl Pts',(-59.7110053723453,-25.3682899496663,9.83374419002734));
#1981=CARTESIAN_POINT('Ctrl Pts',(-144.298719283266,-50.0898848281598,123.342413725008));
#1982=CARTESIAN_POINT('Ctrl Pts',(-136.00843169047,-47.8048047228407,112.607126710584));
#1983=CARTESIAN_POINT('Ctrl Pts',(-119.787004414965,-42.8591230689179,91.1334219923485));
#1984=CARTESIAN_POINT('Ctrl Pts',(-99.8607517142736,-36.4511426896684,64.2645971344349));
#1985=CARTESIAN_POINT('Ctrl Pts',(-83.8874865759978,-31.6755312670024,42.677979797591));
#1986=CARTESIAN_POINT('Ctrl Pts',(-71.8857062487558,-28.39517921703,26.3852667085167));
#1987=CARTESIAN_POINT('Ctrl Pts',(-63.9221045279731,-26.4443250739673,15.3832822113147));
#1988=CARTESIAN_POINT('Ctrl Pts',(-59.9612630577136,-25.4843231139549,9.83786821435408));
#1989=CARTESIAN_POINT('Ctrl Pts',(-144.30847702099,-52.2755204869848,123.340761670242));
#1990=CARTESIAN_POINT('Ctrl Pts',(-136.038898733367,-49.8155368821018,112.603366570851));
#1991=CARTESIAN_POINT('Ctrl Pts',(-119.915452202327,-44.5030373940686,91.1261473553675));
#1992=CARTESIAN_POINT('Ctrl Pts',(-100.167095299211,-37.6134302185745,64.2554441130956));
#1993=CARTESIAN_POINT('Ctrl Pts',(-84.3118498837424,-32.4511300420708,42.6726198365018));
#1994=CARTESIAN_POINT('Ctrl Pts',(-72.368916404472,-28.8871205125567,26.3876433881394));
#1995=CARTESIAN_POINT('Ctrl Pts',(-64.4170182087595,-26.7644566505526,15.3916112979177));
#1996=CARTESIAN_POINT('Ctrl Pts',(-60.4575502898365,-25.7253388707193,9.84608671032044));
#1997=CARTESIAN_POINT('Ctrl Pts',(-144.327872539243,-56.1262016887796,123.335695865911));
#1998=CARTESIAN_POINT('Ctrl Pts',(-136.098641859292,-53.3596550226463,112.594600029727));
#1999=CARTESIAN_POINT('Ctrl Pts',(-120.14420616142,-47.4077894676617,91.111025450089));
#2000=CARTESIAN_POINT('Ctrl Pts',(-100.694705436702,-39.6793069693198,64.2370591265522));
#2001=CARTESIAN_POINT('Ctrl Pts',(-85.0395009568216,-33.8395515772194,42.6615240730195));
#2002=CARTESIAN_POINT('Ctrl Pts',(-73.1981722448845,-29.775855549613,26.3909477175954));
#2003=CARTESIAN_POINT('Ctrl Pts',(-65.2689734851042,-27.3492601462018,15.406051620282));
#2004=CARTESIAN_POINT('Ctrl Pts',(-61.3146043640855,-26.17040693845,9.86037148854981));
#2005=CARTESIAN_POINT('Ctrl Pts',(-144.358350268344,-60.5464923604133,123.329936640297));
#2006=CARTESIAN_POINT('Ctrl Pts',(-136.183965554581,-57.4269043964377,112.585369818819));
#2007=CARTESIAN_POINT('Ctrl Pts',(-120.415865890967,-50.7494259008542,91.0958392807801));
#2008=CARTESIAN_POINT('Ctrl Pts',(-101.274946698892,-42.0811756977764,64.2197531985412));
#2009=CARTESIAN_POINT('Ctrl Pts',(-85.8312356778131,-35.4816058490036,42.6519269475785));
#2010=CARTESIAN_POINT('Ctrl Pts',(-74.1051371682041,-30.8518624342176,26.3952415673767));
#2011=CARTESIAN_POINT('Ctrl Pts',(-66.2088024760647,-28.0731951238278,15.4223755925823));
#2012=CARTESIAN_POINT('Ctrl Pts',(-62.2658954311195,-26.7313383234355,9.87671059637942));
#2013=CARTESIAN_POINT('Ctrl Pts',(-144.395058205209,-64.9940608823464,123.322986477893));
#2014=CARTESIAN_POINT('Ctrl Pts',(-136.28280387752,-61.5196838944365,112.575443056154));
#2015=CARTESIAN_POINT('Ctrl Pts',(-120.693889233418,-54.1219636912172,91.080873788104));
#2016=CARTESIAN_POINT('Ctrl Pts',(-101.831661133428,-44.5293878871577,64.2037457654387));
#2017=CARTESIAN_POINT('Ctrl Pts',(-86.5836707777095,-37.1793445278266,42.643506715653));
#2018=CARTESIAN_POINT('Ctrl Pts',(-74.9702696636081,-31.9862976840441,26.3996458762893));
#2019=CARTESIAN_POINT('Ctrl Pts',(-67.1130592190836,-28.8501549175864,15.4383842005666));
#2020=CARTESIAN_POINT('Ctrl Pts',(-63.1857675129606,-27.3424094258118,9.89310931582546));
#2021=CARTESIAN_POINT('Ctrl Pts',(-144.425624267172,-68.3401494292277,123.317558770191));
#2022=CARTESIAN_POINT('Ctrl Pts',(-136.363215844109,-64.5988466761798,112.568083818569));
#2023=CARTESIAN_POINT('Ctrl Pts',(-120.904930595863,-56.6635515797707,91.0703186266565));
#2024=CARTESIAN_POINT('Ctrl Pts',(-102.236867067167,-46.3858728039281,64.193028817524));
#2025=CARTESIAN_POINT('Ctrl Pts',(-87.1276652323644,-38.4787084683798,42.6383033758823));
#2026=CARTESIAN_POINT('Ctrl Pts',(-75.5976141570298,-32.8653273970945,26.4032597285004));
#2027=CARTESIAN_POINT('Ctrl Pts',(-67.7726127306275,-29.4589334947431,15.4504178645082));
#2028=CARTESIAN_POINT('Ctrl Pts',(-63.8589884544241,-27.825177446681,9.90563120659614));
#2029=CARTESIAN_POINT('Ctrl Pts',(-144.453268794582,-71.1378913309555,123.312732110331));
#2030=CARTESIAN_POINT('Ctrl Pts',(-136.434789192741,-67.1736191010568,112.561869059041));
#2031=CARTESIAN_POINT('Ctrl Pts',(-121.082155465601,-58.7925333631975,91.0618783948812));
#2032=CARTESIAN_POINT('Ctrl Pts',(-102.564062305906,-47.950195934442,64.184893751323));
#2033=CARTESIAN_POINT('Ctrl Pts',(-87.564035703102,-39.5829084941611,42.6346916522667));
#2034=CARTESIAN_POINT('Ctrl Pts',(-76.1022600679422,-33.6207553016979,26.4065035673317));
#2035=CARTESIAN_POINT('Ctrl Pts',(-68.3062378150849,-29.9873992722116,15.4605295454785));
#2036=CARTESIAN_POINT('Ctrl Pts',(-64.4054387155752,-28.2473545794108,9.91631169256738));
#2037=CARTESIAN_POINT('Ctrl Pts',(-144.47658653795,-73.3809248542089,123.308762203902));
#2038=CARTESIAN_POINT('Ctrl Pts',(-136.494511205002,-69.2379925629008,112.556925796823));
#2039=CARTESIAN_POINT('Ctrl Pts',(-121.224390017665,-60.5015804699564,91.0554422711826));
#2040=CARTESIAN_POINT('Ctrl Pts',(-102.819311463235,-49.2112739731595,64.1789680188804));
#2041=CARTESIAN_POINT('Ctrl Pts',(-87.9028149596685,-40.4784904851928,42.632289203713));
#2042=CARTESIAN_POINT('Ctrl Pts',(-76.4948160173159,-34.2384276420322,26.4093014953532));
#2043=CARTESIAN_POINT('Ctrl Pts',(-68.7233032264451,-30.4225641170632,15.4686516366238));
#2044=CARTESIAN_POINT('Ctrl Pts',(-64.8334476450929,-28.5966938756327,9.92507014470849));
#2045=CARTESIAN_POINT('Ctrl Pts',(-144.536695941997,-78.996836005475,123.298611047482));
#2046=CARTESIAN_POINT('Ctrl Pts',(-136.647539614812,-74.4068823057539,112.544563376027));
#2047=CARTESIAN_POINT('Ctrl Pts',(-121.580372131103,-64.7842965199086,91.0397912904112));
#2048=CARTESIAN_POINT('Ctrl Pts',(-103.446606532673,-52.3800185579754,64.1649963591993));
#2049=CARTESIAN_POINT('Ctrl Pts',(-88.7325912147695,-42.7375329022893,42.6270883843585));
#2050=CARTESIAN_POINT('Ctrl Pts',(-77.4577753027675,-35.8043296941091,26.4165909398305));
#2051=CARTESIAN_POINT('Ctrl Pts',(-69.7492386706465,-31.5306830717662,15.4892030263377));
#2052=CARTESIAN_POINT('Ctrl Pts',(-65.8879757503161,-29.489065481703,9.94728622130055));
#2053=CARTESIAN_POINT('Ctrl Pts',(-144.651931191461,-88.6044251959649,123.279867447322));
#2054=CARTESIAN_POINT('Ctrl Pts',(-136.934139677993,-83.2520555474434,112.523823067171));
#2055=CARTESIAN_POINT('Ctrl Pts',(-122.185473562512,-72.1396487394162,91.0169850682478));
#2056=CARTESIAN_POINT('Ctrl Pts',(-104.427220864421,-57.8870349913017,64.148095567792));
#2057=CARTESIAN_POINT('Ctrl Pts',(-90.008933541549,-46.7293496758495,42.6244919878706));
#2058=CARTESIAN_POINT('Ctrl Pts',(-78.9492368134223,-38.6309947268035,26.4320541945711));
#2059=CARTESIAN_POINT('Ctrl Pts',(-71.3614063976057,-33.5689940523337,15.5263569325761));
#2060=CARTESIAN_POINT('Ctrl Pts',(-67.5576710503573,-31.1498205868697,9.98978878115862));
#2061=CARTESIAN_POINT('Ctrl Pts',(-145.00543699009,-115.952366802564,123.224852259899));
#2062=CARTESIAN_POINT('Ctrl Pts',(-137.792256136829,-108.45017337092,112.470864835508));
#2063=CARTESIAN_POINT('Ctrl Pts',(-123.799709677274,-93.2094341459246,90.9745531616355));
#2064=CARTESIAN_POINT('Ctrl Pts',(-106.73980287894,-73.9253266700981,64.1324824806094));
#2065=CARTESIAN_POINT('Ctrl Pts',(-92.9402400841864,-58.6241464934947,42.6454926582255));
#2066=CARTESIAN_POINT('Ctrl Pts',(-82.4127764269585,-47.3066883885967,26.4933913448197));
#2067=CARTESIAN_POINT('Ctrl Pts',(-75.2047446481122,-39.9904505210701,15.646374144513));
#2068=CARTESIAN_POINT('Ctrl Pts',(-71.577523239287,-36.4635727345895,10.1354175441287));
#2069=CARTESIAN_POINT('Ctrl Pts',(-145.279065279947,-139.033891412206,123.186767260885));
#2070=CARTESIAN_POINT('Ctrl Pts',(-138.427680179821,-129.779766112137,112.45117632078));
#2071=CARTESIAN_POINT('Ctrl Pts',(-124.731714296994,-111.256317752249,90.9904449156655));
#2072=CARTESIAN_POINT('Ctrl Pts',(-107.622294371869,-88.0799036640227,64.180304059038));
#2073=CARTESIAN_POINT('Ctrl Pts',(-93.9258382777434,-69.5584452179173,42.7187257606707));
#2074=CARTESIAN_POINT('Ctrl Pts',(-83.6387761514173,-55.700474093697,26.5984840925561));
#2075=CARTESIAN_POINT('Ctrl Pts',(-76.7539905799229,-46.5187463871863,15.8121493114882));
#2076=CARTESIAN_POINT('Ctrl Pts',(-73.2919529992908,-41.9700619688806,10.3880427515657));
#2077=CARTESIAN_POINT('Ctrl Pts',(-145.286718067557,-161.196760159732,123.198923531612));
#2078=CARTESIAN_POINT('Ctrl Pts',(-138.444494867369,-150.366058467125,112.478279006543));
#2079=CARTESIAN_POINT('Ctrl Pts',(-124.760638169647,-128.704087103505,91.0367569795923));
#2080=CARTESIAN_POINT('Ctrl Pts',(-107.656353242367,-101.625551218818,64.236183549437));
#2081=CARTESIAN_POINT('Ctrl Pts',(-93.974995869261,-79.9578776174851,42.7991996560995));
#2082=CARTESIAN_POINT('Ctrl Pts',(-83.7164771276917,-63.7013593110185,26.7252071696353));
#2083=CARTESIAN_POINT('Ctrl Pts',(-76.8804266534429,-52.8560868459334,16.0146675258123));
#2084=CARTESIAN_POINT('Ctrl Pts',(-73.4643178957437,-47.4284576578681,10.6623924492249));
#2085=CARTESIAN_POINT('Ctrl Pts',(-145.286305156365,-169.416617391923,123.197717630242));
#2086=CARTESIAN_POINT('Ctrl Pts',(-138.441734555963,-158.025035501582,112.476831942113));
#2087=CARTESIAN_POINT('Ctrl Pts',(-124.737297223285,-135.221136233633,91.0421551661238));
#2088=CARTESIAN_POINT('Ctrl Pts',(-107.599011937702,-106.68031868027,64.2676532621297));
#2089=CARTESIAN_POINT('Ctrl Pts',(-93.904350544492,-83.8336241047629,42.8592408804043));
#2090=CARTESIAN_POINT('Ctrl Pts',(-83.6471701222341,-66.6928704178297,26.8085186612453));
#2091=CARTESIAN_POINT('Ctrl Pts',(-76.8219529123882,-55.2631198181017,16.1117991010896));
#2092=CARTESIAN_POINT('Ctrl Pts',(-73.4136790127927,-49.5479267525467,10.7637276064435));
#2093=CARTESIAN_POINT('Ctrl Pts',(-145.289066685905,-182.505295008215,123.200028298281));
#2094=CARTESIAN_POINT('Ctrl Pts',(-138.434933598144,-170.247700194758,112.485644586693));
#2095=CARTESIAN_POINT('Ctrl Pts',(-124.59535981016,-145.65308564421,91.0707748679045));
#2096=CARTESIAN_POINT('Ctrl Pts',(-107.186611328646,-114.801364636827,64.3348229789424));
#2097=CARTESIAN_POINT('Ctrl Pts',(-93.3299352226167,-90.1090653569338,42.9593749465588));
#2098=CARTESIAN_POINT('Ctrl Pts',(-83.0069202020993,-71.5984479950746,26.9319740195919));
#2099=CARTESIAN_POINT('Ctrl Pts',(-76.1933889879792,-59.2737480472887,16.2481865820902));
#2100=CARTESIAN_POINT('Ctrl Pts',(-72.8091571070701,-53.1176870641864,10.9059474289612));
#2101=CARTESIAN_POINT('Ctrl Pts',(-145.292932991133,-196.18261098556,123.202712105791));
#2102=CARTESIAN_POINT('Ctrl Pts',(-138.418155650267,-183.042830912668,112.498063934587));
#2103=CARTESIAN_POINT('Ctrl Pts',(-124.309679344535,-156.57544227676,91.1111653324353));
#2104=CARTESIAN_POINT('Ctrl Pts',(-106.361071937456,-123.260709197509,64.4201769914748));
#2105=CARTESIAN_POINT('Ctrl Pts',(-92.1663725645496,-96.6223628915638,43.07215458924));
#2106=CARTESIAN_POINT('Ctrl Pts',(-81.6873310108731,-76.692224572241,27.0560459993143));
#2107=CARTESIAN_POINT('Ctrl Pts',(-74.8662973794155,-63.4672246975219,16.370748806172));
#2108=CARTESIAN_POINT('Ctrl Pts',(-71.5091051055078,-56.878148967286,11.0248140647117));
#2109=CARTESIAN_POINT('Ctrl Pts',(-145.302440060211,-214.966108793762,123.208842187651));
#2110=CARTESIAN_POINT('Ctrl Pts',(-138.387073168498,-200.627835136556,112.52375062919));
#2111=CARTESIAN_POINT('Ctrl Pts',(-123.726161127258,-171.53847331563,91.1839236247782));
#2112=CARTESIAN_POINT('Ctrl Pts',(-104.657151639162,-134.712105165377,64.547230179623));
#2113=CARTESIAN_POINT('Ctrl Pts',(-89.7437372543823,-105.334116631145,43.2168641840117));
#2114=CARTESIAN_POINT('Ctrl Pts',(-78.9158784757727,-83.4397468010573,27.1973857348199));
#2115=CARTESIAN_POINT('Ctrl Pts',(-72.0559284868861,-69.0003107613996,16.4997304597151));
#2116=CARTESIAN_POINT('Ctrl Pts',(-68.7439174230082,-61.8357733212759,11.1463499271665));
#2117=CARTESIAN_POINT('Ctrl Pts',(-145.321014719466,-234.218668398065,123.217242599022));
#2118=CARTESIAN_POINT('Ctrl Pts',(-138.347457236641,-218.651740031154,112.559896875738));
#2119=CARTESIAN_POINT('Ctrl Pts',(-122.837679831143,-186.718289629656,91.2752578262871));
#2120=CARTESIAN_POINT('Ctrl Pts',(-102.022526300714,-145.956431762508,64.674648075971));
#2121=CARTESIAN_POINT('Ctrl Pts',(-85.9652763970715,-113.563592059694,43.3365228159344));
#2122=CARTESIAN_POINT('Ctrl Pts',(-74.5658312342178,-89.5650127654295,27.2964553579436));
#2123=CARTESIAN_POINT('Ctrl Pts',(-67.6256180669927,-73.883844534183,16.5794329689866));
#2124=CARTESIAN_POINT('Ctrl Pts',(-64.3765171739735,-66.1521834277526,11.2165099327718));
#2125=CARTESIAN_POINT('Ctrl Pts',(-145.356169173094,-250.85997806971,123.223157182408));
#2126=CARTESIAN_POINT('Ctrl Pts',(-138.338652946309,-234.200371767558,112.594468065184));
#2127=CARTESIAN_POINT('Ctrl Pts',(-121.916594019617,-199.566883235429,91.3520532359798));
#2128=CARTESIAN_POINT('Ctrl Pts',(-99.1722200048198,-154.930517665473,64.7632741468689));
#2129=CARTESIAN_POINT('Ctrl Pts',(-81.8514978288797,-119.612384706114,43.4099217492642));
#2130=CARTESIAN_POINT('Ctrl Pts',(-69.8305445470505,-93.6258798971005,27.3499881717257));
#2131=CARTESIAN_POINT('Ctrl Pts',(-62.819729432584,-76.8341247497983,16.6174055859339));
#2132=CARTESIAN_POINT('Ctrl Pts',(-59.6533772332712,-68.6197241796785,11.2471805041079));
#2133=CARTESIAN_POINT('Ctrl Pts',(-145.380072065465,-259.053718007281,123.224726204634));
#2134=CARTESIAN_POINT('Ctrl Pts',(-138.346533537521,-241.846517984563,112.610917572443));
#2135=CARTESIAN_POINT('Ctrl Pts',(-121.446502908466,-205.818565115441,91.3869827944906));
#2136=CARTESIAN_POINT('Ctrl Pts',(-97.6755838861743,-159.148175242234,64.8016031644491));
#2137=CARTESIAN_POINT('Ctrl Pts',(-79.6863732606297,-122.302872744825,43.4406005912056));
#2138=CARTESIAN_POINT('Ctrl Pts',(-67.3416249401531,-95.2908697597392,27.3707354287645));
#2139=CARTESIAN_POINT('Ctrl Pts',(-60.3014141101696,-77.941215488196,16.6302584280716));
#2140=CARTESIAN_POINT('Ctrl Pts',(-57.1843522378327,-69.4906296049757,11.2562283756392));
#2141=CARTESIAN_POINT('Ctrl Pts',(-145.395984414719,-263.688469362523,123.225437927359));
#2142=CARTESIAN_POINT('Ctrl Pts',(-138.355547294461,-246.168475309187,112.62020972659));
#2143=CARTESIAN_POINT('Ctrl Pts',(-121.178593246396,-209.332647924088,91.4059408354283));
#2144=CARTESIAN_POINT('Ctrl Pts',(-96.8077424188739,-161.475022167254,64.8217386082484));
#2145=CARTESIAN_POINT('Ctrl Pts',(-78.4291653199872,-123.740507102203,43.4564058721087));
#2146=CARTESIAN_POINT('Ctrl Pts',(-65.8975651903401,-96.1345990153585,27.3809038257615));
#2147=CARTESIAN_POINT('Ctrl Pts',(-58.8429935638536,-78.4658456315805,16.635925279817));
#2148=CARTESIAN_POINT('Ctrl Pts',(-55.7565573254092,-69.8818965006389,11.2597066300244));
#2149=CARTESIAN_POINT('Ctrl Pts',(-145.404308734912,-265.98881748945,123.225077380553));
#2150=CARTESIAN_POINT('Ctrl Pts',(-138.361259020274,-248.31258686485,112.624198223353));
#2151=CARTESIAN_POINT('Ctrl Pts',(-121.0451272066,-211.069452081601,91.4146808885972));
#2152=CARTESIAN_POINT('Ctrl Pts',(-96.3711958394902,-162.610305887011,64.8311742014778));
#2153=CARTESIAN_POINT('Ctrl Pts',(-77.7964532330572,-124.426009787105,43.4637995567901));
#2154=CARTESIAN_POINT('Ctrl Pts',(-65.1713254901917,-96.5207793717362,27.3855075374783));
#2155=CARTESIAN_POINT('Ctrl Pts',(-58.1105205622965,-78.692520827997,16.6382545953234));
#2156=CARTESIAN_POINT('Ctrl Pts',(-55.040216511049,-70.0424830532449,11.2609229720662));
#2157=CARTESIAN_POINT('Ctrl Pts',(-145.410767961754,-267.441883691696,123.226209006239));
#2158=CARTESIAN_POINT('Ctrl Pts',(-138.366435643107,-249.666557647738,112.627995601556));
#2159=CARTESIAN_POINT('Ctrl Pts',(-120.961896512239,-212.16415077943,91.4208825210652));
#2160=CARTESIAN_POINT('Ctrl Pts',(-96.0942272931678,-163.321483760582,64.837149835192));
#2161=CARTESIAN_POINT('Ctrl Pts',(-77.3942136681962,-124.85045528406,43.4683521483338));
#2162=CARTESIAN_POINT('Ctrl Pts',(-64.7096313796496,-96.7546070051632,27.3882703611262));
#2163=CARTESIAN_POINT('Ctrl Pts',(-57.6452055394933,-78.8251273976325,16.6395719092502));
#2164=CARTESIAN_POINT('Ctrl Pts',(-54.585423136847,-70.1333258269041,11.2615246720993));
#2165=CARTESIAN_POINT('Ctrl Pts',(-145.428319784733,-268.032468666009,123.2573901599));
#2166=CARTESIAN_POINT('Ctrl Pts',(-138.385337186924,-250.215418507426,112.657980901164));
#2167=CARTESIAN_POINT('Ctrl Pts',(-120.944840459269,-212.607885011066,91.440461195117));
#2168=CARTESIAN_POINT('Ctrl Pts',(-95.9858132762562,-163.614814673157,64.8432748364999));
#2169=CARTESIAN_POINT('Ctrl Pts',(-77.2255850326433,-125.027918106799,43.4706207099252));
#2170=CARTESIAN_POINT('Ctrl Pts',(-64.5133997885963,-96.8526651162538,27.3893337641192));
#2171=CARTESIAN_POINT('Ctrl Pts',(-57.4474534132485,-78.8801790096813,16.6401360872425));
#2172=CARTESIAN_POINT('Ctrl Pts',(-54.3921948585844,-70.1706590895104,11.2617609783107));
#2173=CARTESIAN_POINT('Ctrl Pts',(-145.429007921877,-269.229572329016,123.300125835629));
#2174=CARTESIAN_POINT('Ctrl Pts',(-138.388301553536,-251.329047054339,112.699126063226));
#2175=CARTESIAN_POINT('Ctrl Pts',(-120.878880077907,-213.507371397685,91.4678813189805));
#2176=CARTESIAN_POINT('Ctrl Pts',(-95.751938825688,-164.203111467741,64.8530087395417));
#2177=CARTESIAN_POINT('Ctrl Pts',(-76.8820866743625,-125.379383091034,43.4747809039944));
#2178=CARTESIAN_POINT('Ctrl Pts',(-64.1197322757646,-97.0436957094438,27.3914443046764));
#2179=CARTESIAN_POINT('Ctrl Pts',(-57.0519502116127,-78.985125158649,16.6411747598299));
#2180=CARTESIAN_POINT('Ctrl Pts',(-54.0058612475515,-70.2402588197201,11.2621587795415));
#2181=CARTESIAN_POINT('Ctrl Pts',(-145.313834643796,-273.706557607104,123.464722809975));
#2182=CARTESIAN_POINT('Ctrl Pts',(-138.285694585028,-255.494195941448,112.854204823487));
#2183=CARTESIAN_POINT('Ctrl Pts',(-120.537610850463,-216.867398750201,91.5689765466092));
#2184=CARTESIAN_POINT('Ctrl Pts',(-94.8232462891041,-166.387707323934,64.8889745210027));
#2185=CARTESIAN_POINT('Ctrl Pts',(-75.571766927877,-126.671263887229,43.4896562906816));
#2186=CARTESIAN_POINT('Ctrl Pts',(-62.6379524768912,-97.7316386877796,27.398933016206));
#2187=CARTESIAN_POINT('Ctrl Pts',(-55.5690878166614,-79.3500396900997,16.6446759011579));
#2188=CARTESIAN_POINT('Ctrl Pts',(-52.5581404297356,-70.4731442245454,11.2632538343883));
#2189=CARTESIAN_POINT('Ctrl Pts',(-144.628593679408,-277.87941111451,123.562167865258));
#2190=CARTESIAN_POINT('Ctrl Pts',(-137.625107336968,-259.379144556078,112.937846602136));
#2191=CARTESIAN_POINT('Ctrl Pts',(-119.749798230677,-219.978808013203,91.6217467497175));
#2192=CARTESIAN_POINT('Ctrl Pts',(-93.7046967378578,-168.343303764654,64.9121427423084));
#2193=CARTESIAN_POINT('Ctrl Pts',(-74.247828367474,-127.763723546299,43.4999229012997));
#2194=CARTESIAN_POINT('Ctrl Pts',(-61.2358759388995,-98.2490075610737,27.4043359628944));
#2195=CARTESIAN_POINT('Ctrl Pts',(-54.1922737062894,-79.565793366334,16.6462311610221));
#2196=CARTESIAN_POINT('Ctrl Pts',(-51.2174415913656,-70.5680192303903,11.2625275485732));
#2197=CARTESIAN_POINT('Ctrl Pts',(-143.270566177621,-282.577219492437,123.652010594644));
#2198=CARTESIAN_POINT('Ctrl Pts',(-136.314619759023,-263.746198929273,113.014067372717));
#2199=CARTESIAN_POINT('Ctrl Pts',(-118.405498764274,-223.452101457498,91.6705833253372));
#2200=CARTESIAN_POINT('Ctrl Pts',(-92.1886576287204,-170.480440945237,64.933959189061));
#2201=CARTESIAN_POINT('Ctrl Pts',(-72.6378239570095,-128.906925370868,43.509630778668));
#2202=CARTESIAN_POINT('Ctrl Pts',(-59.6150487216373,-98.7325449507723,27.4092937493678));
#2203=CARTESIAN_POINT('Ctrl Pts',(-52.6265013656975,-79.7043455808316,16.6468529625993));
#2204=CARTESIAN_POINT('Ctrl Pts',(-49.6972082013167,-70.5687345106772,11.2602599429438));
#2205=CARTESIAN_POINT('Ctrl Pts',(-142.453669404184,-285.014608776079,123.693549869294));
#2206=CARTESIAN_POINT('Ctrl Pts',(-135.525964778224,-266.011583393943,113.048689024236));
#2207=CARTESIAN_POINT('Ctrl Pts',(-117.618269017173,-225.253435837066,91.6928522530506));
#2208=CARTESIAN_POINT('Ctrl Pts',(-91.3461994629823,-171.590447709337,64.9434651447893));
#2209=CARTESIAN_POINT('Ctrl Pts',(-71.7622272118428,-129.506423293111,43.5130827727436));
#2210=CARTESIAN_POINT('Ctrl Pts',(-58.7342761427238,-98.9946175402268,27.412190960151));
#2211=CARTESIAN_POINT('Ctrl Pts',(-51.7670603091733,-79.788041555459,16.6512546161867));
#2212=CARTESIAN_POINT('Ctrl Pts',(-48.857081475167,-70.5796425202439,11.265192052636));
#2213=CARTESIAN_POINT('Ctrl Pts',(-140.41270871925,-289.745797466064,123.760134135099));
#2214=CARTESIAN_POINT('Ctrl Pts',(-133.55532390665,-270.405427197201,113.102987927696));
#2215=CARTESIAN_POINT('Ctrl Pts',(-115.726434169158,-228.745908703703,91.7276809775492));
#2216=CARTESIAN_POINT('Ctrl Pts',(-89.4882952336249,-173.744444014114,64.9597392413487));
#2217=CARTESIAN_POINT('Ctrl Pts',(-69.9434855052326,-130.6693640261,43.5200006227622));
#2218=CARTESIAN_POINT('Ctrl Pts',(-56.968429413122,-99.5011267578323,27.4172435487026));
#2219=CARTESIAN_POINT('Ctrl Pts',(-50.0674647078751,-79.9461868557212,16.6572716644951));
#2220=CARTESIAN_POINT('Ctrl Pts',(-47.2014373010772,-70.5948928840877,11.2711938492953));
#2221=CARTESIAN_POINT('Ctrl Pts',(-137.123012263898,-295.326874518569,123.819301027045));
#2222=CARTESIAN_POINT('Ctrl Pts',(-130.380854956348,-275.579190872639,113.149742660182));
#2223=CARTESIAN_POINT('Ctrl Pts',(-112.789514119798,-232.855177704949,91.7576584320197));
#2224=CARTESIAN_POINT('Ctrl Pts',(-86.8505440384259,-176.289551604404,64.9747065711022));
#2225=CARTESIAN_POINT('Ctrl Pts',(-67.5315293052126,-132.053793522745,43.5268190367485));
#2226=CARTESIAN_POINT('Ctrl Pts',(-54.7191708417809,-100.113357002793,27.4227953314721));
#2227=CARTESIAN_POINT('Ctrl Pts',(-47.9289441495653,-80.1418339841635,16.6651646496156));
#2228=CARTESIAN_POINT('Ctrl Pts',(-45.1209581549301,-70.6159204277051,11.2797696627423));
#2229=CARTESIAN_POINT('Ctrl Pts',(-132.938691600617,-300.306809721733,123.857739392922));
#2230=CARTESIAN_POINT('Ctrl Pts',(-126.347899968897,-280.176685329867,113.179023405989));
#2231=CARTESIAN_POINT('Ctrl Pts',(-109.164544347059,-236.50150721765,91.7761474530428));
#2232=CARTESIAN_POINT('Ctrl Pts',(-83.8325140634345,-178.573076121563,64.9846313064602));
#2233=CARTESIAN_POINT('Ctrl Pts',(-64.9549556286963,-133.316702215378,43.5319529548675));
#2234=CARTESIAN_POINT('Ctrl Pts',(-52.4283303716985,-100.68619996575,27.4271829982374));
#2235=CARTESIAN_POINT('Ctrl Pts',(-45.7889829213338,-80.328728370224,16.6715851446861));
#2236=CARTESIAN_POINT('Ctrl Pts',(-43.0458883315674,-70.6345010360915,11.2868919734455));
#2237=CARTESIAN_POINT('Ctrl Pts',(-129.600729355484,-303.405401316655,123.87738340833));
#2238=CARTESIAN_POINT('Ctrl Pts',(-123.13377500077,-283.023424401957,113.193466166383));
#2239=CARTESIAN_POINT('Ctrl Pts',(-106.314168050417,-238.755810420077,91.7849687999879));
#2240=CARTESIAN_POINT('Ctrl Pts',(-81.5455502142657,-180.004831666152,64.9894125690736));
#2241=CARTESIAN_POINT('Ctrl Pts',(-63.0735479701147,-134.125405550708,43.5345778804824));
#2242=CARTESIAN_POINT('Ctrl Pts',(-50.8019134412665,-101.064711180296,27.4297266842639));
#2243=CARTESIAN_POINT('Ctrl Pts',(-44.2862516053373,-80.4558701336292,16.6757665382776));
#2244=CARTESIAN_POINT('Ctrl Pts',(-41.5917369846005,-70.6473409579998,11.2917826039526));
#2245=CARTESIAN_POINT('Ctrl Pts',(-127.586321597587,-305.056221283066,123.886833671901));
#2246=CARTESIAN_POINT('Ctrl Pts',(-121.194982030232,-284.535231067095,113.200243481639));
#2247=CARTESIAN_POINT('Ctrl Pts',(-104.603735657521,-239.951792383855,91.788968728896));
#2248=CARTESIAN_POINT('Ctrl Pts',(-80.1930677121102,-180.77151606613,64.9915923194994));
#2249=CARTESIAN_POINT('Ctrl Pts',(-61.9780927449959,-134.564280784272,43.5358318911803));
#2250=CARTESIAN_POINT('Ctrl Pts',(-49.8668302750802,-101.273965153608,27.431025275332));
#2251=CARTESIAN_POINT('Ctrl Pts',(-43.4269386475461,-80.5271942847132,16.6779792123352));
#2252=CARTESIAN_POINT('Ctrl Pts',(-40.7612055948794,-70.6544098546835,11.2944253362367));
#2253=CARTESIAN_POINT('Ctrl Pts',(-122.380955609358,-308.97766899183,123.907819652993));
#2254=CARTESIAN_POINT('Ctrl Pts',(-116.186546814032,-288.117530642684,113.214966424524));
#2255=CARTESIAN_POINT('Ctrl Pts',(-100.198602917045,-242.78357439819,91.7974241476599));
#2256=CARTESIAN_POINT('Ctrl Pts',(-76.7394195492983,-182.600066228342,64.9961449044099));
#2257=CARTESIAN_POINT('Ctrl Pts',(-59.2066317210792,-135.621879977951,43.5385428535206));
#2258=CARTESIAN_POINT('Ctrl Pts',(-47.519176215331,-101.785423869357,27.4340260818846));
#2259=CARTESIAN_POINT('Ctrl Pts',(-41.2766206181666,-80.7035625568441,16.6833531713227));
#2260=CARTESIAN_POINT('Ctrl Pts',(-38.6844276280732,-70.6719311572698,11.3009499520435));
#2261=CARTESIAN_POINT('Ctrl Pts',(-112.289780624642,-313.995691683614,123.925714434012));
#2262=CARTESIAN_POINT('Ctrl Pts',(-106.489238803559,-292.626251178192,113.225139046486));
#2263=CARTESIAN_POINT('Ctrl Pts',(-91.7649508774582,-246.329451786927,91.8010564934763));
#2264=CARTESIAN_POINT('Ctrl Pts',(-70.3367283364597,-185.002706625492,64.9975368714533));
#2265=CARTESIAN_POINT('Ctrl Pts',(-54.2537065555518,-137.103521922481,43.5399914685154));
#2266=CARTESIAN_POINT('Ctrl Pts',(-43.4553928287633,-102.561688699656,27.437271330104));
#2267=CARTESIAN_POINT('Ctrl Pts',(-37.6080564514181,-80.9874679442341,16.6909191349836));
#2268=CARTESIAN_POINT('Ctrl Pts',(-35.1533783781257,-70.6997950657003,11.3109961459239));
#2269=CARTESIAN_POINT('Ctrl Pts',(-101.72192428279,-315.446766568298,123.922528497463));
#2270=CARTESIAN_POINT('Ctrl Pts',(-96.361809761467,-293.732248630086,113.216318938894));
#2271=CARTESIAN_POINT('Ctrl Pts',(-83.0349624226374,-247.150893918361,91.7891565859418));
#2272=CARTESIAN_POINT('Ctrl Pts',(-63.8410280732675,-185.866665168408,64.9890192194907));
#2273=CARTESIAN_POINT('Ctrl Pts',(-49.3550854682178,-137.876165387694,43.53617306465));
#2274=CARTESIAN_POINT('Ctrl Pts',(-39.5403869302498,-103.112349668196,27.437460136802));
#2275=CARTESIAN_POINT('Ctrl Pts',(-34.1319655479778,-81.2250629767367,16.6957325270952));
#2276=CARTESIAN_POINT('Ctrl Pts',(-31.8290769998129,-70.7227751053865,11.3188961666069));
#2277=CARTESIAN_POINT('Ctrl Pts',(-95.4512156027247,-315.283960940173,123.913951955333));
#2278=CARTESIAN_POINT('Ctrl Pts',(-90.3642016447689,-293.407328036295,113.20412806399));
#2279=CARTESIAN_POINT('Ctrl Pts',(-77.8679534242306,-246.851294769008,91.7754303388173));
#2280=CARTESIAN_POINT('Ctrl Pts',(-59.9769126249882,-185.941532628878,64.9803152199568));
#2281=CARTESIAN_POINT('Ctrl Pts',(-46.427062229202,-138.139547577886,43.5322445566694));
#2282=CARTESIAN_POINT('Ctrl Pts',(-37.1968188167727,-103.382524906122,27.436798719201));
#2283=CARTESIAN_POINT('Ctrl Pts',(-32.0585942157267,-81.3566251565684,16.6979317920592));
#2284=CARTESIAN_POINT('Ctrl Pts',(-29.8529329050855,-70.7353760059581,11.3231305420304));
#2285=CARTESIAN_POINT('Ctrl Pts',(-93.4135458228198,-315.241176050784,123.915860691311));
#2286=CARTESIAN_POINT('Ctrl Pts',(-88.4145365165061,-293.314364991416,113.205654961823));
#2287=CARTESIAN_POINT('Ctrl Pts',(-76.1861318228194,-246.76673651522,91.7763347063204));
#2288=CARTESIAN_POINT('Ctrl Pts',(-58.719734345846,-185.972192235015,64.980344933141));
#2289=CARTESIAN_POINT('Ctrl Pts',(-45.4799451724136,-138.22606753522,43.5320063851981));
#2290=CARTESIAN_POINT('Ctrl Pts',(-36.4460252425998,-103.468434255528,27.4368505956177));
#2291=CARTESIAN_POINT('Ctrl Pts',(-31.3992078558492,-81.3979149432192,16.6986478959648));
#2292=CARTESIAN_POINT('Ctrl Pts',(-29.2249783639194,-70.7393117432772,11.324445457782));
#2293=CARTESIAN_POINT('Ctrl Pts',(-89.3659204991384,-315.153014856391,123.916992043561));
#2294=CARTESIAN_POINT('Ctrl Pts',(-84.5447107694989,-293.12790921363,113.205645517708));
#2295=CARTESIAN_POINT('Ctrl Pts',(-72.8492903532494,-246.596415999139,91.7751819231536));
#2296=CARTESIAN_POINT('Ctrl Pts',(-56.2203520652204,-186.028011503755,64.9788492474834));
#2297=CARTESIAN_POINT('Ctrl Pts',(-43.5907778395604,-138.392756134339,43.5309803821766));
#2298=CARTESIAN_POINT('Ctrl Pts',(-34.9435746003234,-103.635467300695,27.4368096863767));
#2299=CARTESIAN_POINT('Ctrl Pts',(-30.0787370669134,-81.4784722009376,16.7000146579203));
#2300=CARTESIAN_POINT('Ctrl Pts',(-27.9690086133442,-70.7469542540732,11.3269788044477));
#2301=CARTESIAN_POINT('Ctrl Pts',(-82.2750229905141,-315.006937249316,123.92018946481));
#2302=CARTESIAN_POINT('Ctrl Pts',(-77.7709286453138,-292.816625096416,113.207156781477));
#2303=CARTESIAN_POINT('Ctrl Pts',(-67.00821949071,-246.312417298253,91.7747339096846));
#2304=CARTESIAN_POINT('Ctrl Pts',(-51.834585590458,-186.123955464464,64.9770852385476));
#2305=CARTESIAN_POINT('Ctrl Pts',(-40.2700910047874,-138.674398973993,43.5295247618463));
#2306=CARTESIAN_POINT('Ctrl Pts',(-32.3027656406673,-103.916927822569,27.436819410665));
#2307=CARTESIAN_POINT('Ctrl Pts',(-27.7631536333033,-81.6140384469577,16.702300801606));
#2308=CARTESIAN_POINT('Ctrl Pts',(-25.7708613225818,-70.759738484219,11.3311704167082));
#2309=CARTESIAN_POINT('Ctrl Pts',(-68.1255083994588,-314.737052175712,123.925020087121));
#2310=CARTESIAN_POINT('Ctrl Pts',(-64.2792531859075,-292.243603535933,113.208885848701));
#2311=CARTESIAN_POINT('Ctrl Pts',(-55.3762408841738,-245.789317396455,91.7728673910547));
#2312=CARTESIAN_POINT('Ctrl Pts',(-43.0547080852447,-186.298454720532,64.9731971780822));
#2313=CARTESIAN_POINT('Ctrl Pts',(-33.5905898085545,-139.190396447134,43.5266194002878));
#2314=CARTESIAN_POINT('Ctrl Pts',(-26.9811172216118,-104.433194075861,27.4368025331742));
#2315=CARTESIAN_POINT('Ctrl Pts',(-23.1127886768048,-81.8626533950728,16.7063962164145));
#2316=CARTESIAN_POINT('Ctrl Pts',(-21.3739089845988,-70.7828776662369,11.3385886657982));
#2317=CARTESIAN_POINT('Ctrl Pts',(-52.0030357399308,-314.488968192883,123.929861339225));
#2318=CARTESIAN_POINT('Ctrl Pts',(-48.9654788253559,-291.716415114384,113.211145746794));
#2319=CARTESIAN_POINT('Ctrl Pts',(-42.1769231704098,-245.308089772814,91.7717755587332));
#2320=CARTESIAN_POINT('Ctrl Pts',(-32.9820746173318,-186.459946841247,64.9697608087758));
#2321=CARTESIAN_POINT('Ctrl Pts',(-25.8552346840119,-139.666507572939,43.523994135482));
#2322=CARTESIAN_POINT('Ctrl Pts',(-20.7998237547046,-104.909252059941,27.4368536659396));
#2323=CARTESIAN_POINT('Ctrl Pts',(-17.7519935901887,-82.0916230781906,16.7099697622693));
#2324=CARTESIAN_POINT('Ctrl Pts',(-16.3472309151448,-70.8037071983722,11.3450066443582));
#2325=CARTESIAN_POINT('Ctrl Pts',(-27.9125290645873,-314.217699198886,123.93456071499));
#2326=CARTESIAN_POINT('Ctrl Pts',(-26.1817298255595,-291.141044228356,113.213230547812));
#2327=CARTESIAN_POINT('Ctrl Pts',(-22.5451826860733,-244.782590276154,91.7700833171096));
#2328=CARTESIAN_POINT('Ctrl Pts',(-17.8187862835753,-186.6352968167,64.9656914107927));
#2329=CARTESIAN_POINT('Ctrl Pts',(-14.0900091525371,-140.185173186968,43.5210502500431));
#2330=CARTESIAN_POINT('Ctrl Pts',(-11.3660331023208,-105.428109781106,27.4368944594167));
#2331=CARTESIAN_POINT('Ctrl Pts',(-9.63563292540576,-82.3408736855681,16.7137320231112));
#2332=CARTESIAN_POINT('Ctrl Pts',(-8.80500437272642,-70.826016621831,11.3517047697319));
#2333=CARTESIAN_POINT('Ctrl Pts',(-11.9323995947551,-314.133295721207,123.93626984359));
#2334=CARTESIAN_POINT('Ctrl Pts',(-11.1591971696294,-290.961828744327,113.214121282466));
#2335=CARTESIAN_POINT('Ctrl Pts',(-9.60708209629589,-244.618894790567,91.7698241602183));
#2336=CARTESIAN_POINT('Ctrl Pts',(-7.65551790595803,-186.690227348367,64.9644527574085));
#2337=CARTESIAN_POINT('Ctrl Pts',(-6.09353487738387,-140.347293394607,43.5201556351607));
#2338=CARTESIAN_POINT('Ctrl Pts',(-4.9256995560572,-105.590092929287,27.4369327934749));
#2339=CARTESIAN_POINT('Ctrl Pts',(-4.1546621254653,-82.4186259524067,16.714784232351));
#2340=CARTESIAN_POINT('Ctrl Pts',(-3.77429827890727,-70.8328924639667,11.353709951789));
#2341=CARTESIAN_POINT('Ctrl Pts',(1.56723562397907E-13,-314.133295721207,
123.93626984359));
#2342=CARTESIAN_POINT('Ctrl Pts',(1.53038082625543E-13,-290.961828744327,
113.214121282466));
#2343=CARTESIAN_POINT('Ctrl Pts',(1.31382015428638E-13,-244.618894790567,
91.7698241602183));
#2344=CARTESIAN_POINT('Ctrl Pts',(9.05421670363527E-14,-186.690227348367,
64.9644527574085));
#2345=CARTESIAN_POINT('Ctrl Pts',(6.28460072670068E-14,-140.347293394607,
43.5201556351607));
#2346=CARTESIAN_POINT('Ctrl Pts',(4.79174564955683E-14,-105.590092929287,
27.4369327934749));
#2347=CARTESIAN_POINT('Ctrl Pts',(4.41368561999041E-14,-82.4186259524067,
16.714784232351));
#2348=CARTESIAN_POINT('Ctrl Pts',(4.43990213216009E-14,-70.8328924639667,
11.353709951789));
#2349=CARTESIAN_POINT('Ctrl Pts',(1.56187549057989E-13,-311.029395503736,
122.5));
#2350=CARTESIAN_POINT('Ctrl Pts',(1.52065622978894E-13,-288.89256193268,
112.256608053406));
#2351=CARTESIAN_POINT('Ctrl Pts',(1.30652596415546E-13,-243.584261384743,
91.2910675456883));
#2352=CARTESIAN_POINT('Ctrl Pts',(9.05421670363527E-14,-186.690227348367,
64.9644527574085));
#2353=CARTESIAN_POINT('Ctrl Pts',(6.28460072670068E-14,-140.347293394607,
43.5201556351607));
#2354=CARTESIAN_POINT('Ctrl Pts',(4.79174564955683E-14,-105.590092929287,
27.4369327934749));
#2355=CARTESIAN_POINT('Ctrl Pts',(4.41368561999041E-14,-82.4186259524067,
16.714784232351));
#2356=CARTESIAN_POINT('Ctrl Pts',(4.43990213216009E-14,-70.8328924639667,
11.353709951789));
#2357=CARTESIAN_POINT('Ctrl Pts',(0.,-315.791867708613,122.5));
#2358=CARTESIAN_POINT('Ctrl Pts',(0.,-234.285643825033,84.7845699839399));
#2359=CARTESIAN_POINT('Ctrl Pts',(0.,-152.779419941453,47.0691399678797));
#2360=CARTESIAN_POINT('Ctrl Pts',(0.,-71.2731960578734,9.35370995181946));
#2361=CARTESIAN_POINT('Ctrl Pts',(31.8846664299835,-315.791867708613,122.5));
#2362=CARTESIAN_POINT('Ctrl Pts',(24.5997265026343,-234.285590395672,84.7845699839399));
#2363=CARTESIAN_POINT('Ctrl Pts',(17.3147743740167,-152.779419941453,47.0691399678797));
#2364=CARTESIAN_POINT('Ctrl Pts',(10.0298283460332,-71.2731960578734,9.35370995181946));
#2365=CARTESIAN_POINT('Ctrl Pts',(64.1248029462102,-316.242164162908,122.5));
#2366=CARTESIAN_POINT('Ctrl Pts',(50.9698706986536,-236.528632583252,84.78456998394));
#2367=CARTESIAN_POINT('Ctrl Pts',(32.4533736693219,-150.022542849084,47.0691399678797));
#2368=CARTESIAN_POINT('Ctrl Pts',(20.059702754796,-71.2733330889433,9.35370995181947));
#2369=CARTESIAN_POINT('Ctrl Pts',(101.990553870166,-317.084686197306,122.5));
#2370=CARTESIAN_POINT('Ctrl Pts',(83.1591482100721,-240.724866822185,84.78456998394));
#2371=CARTESIAN_POINT('Ctrl Pts',(48.3052321673884,-144.864360220776,47.0691399678797));
#2372=CARTESIAN_POINT('Ctrl Pts',(31.748772793348,-71.2734157493877,9.35370995181948));
#2373=CARTESIAN_POINT('Ctrl Pts',(112.752999680528,-315.58889031165,122.5));
#2374=CARTESIAN_POINT('Ctrl Pts',(92.3648464207089,-240.43407504007,84.78456998394));
#2375=CARTESIAN_POINT('Ctrl Pts',(52.7213148423884,-143.308641295032,47.0691399678797));
#2376=CARTESIAN_POINT('Ctrl Pts',(35.0671893820091,-71.2734364957018,9.35370995181947));
#2377=CARTESIAN_POINT('Ctrl Pts',(127.295953019084,-308.403227852485,122.5));
#2378=CARTESIAN_POINT('Ctrl Pts',(104.906970244272,-235.7660951575,84.7845699839401));
#2379=CARTESIAN_POINT('Ctrl Pts',(59.110495959766,-140.730555805028,47.0691399678797));
#2380=CARTESIAN_POINT('Ctrl Pts',(40.0448468428591,-71.27346370543,9.35370995181947));
#2381=CARTESIAN_POINT('Ctrl Pts',(138.752539625023,-297.026463829599,122.5));
#2382=CARTESIAN_POINT('Ctrl Pts',(114.849063855444,-227.513675269084,84.7845699839399));
#2383=CARTESIAN_POINT('Ctrl Pts',(65.2820241137594,-137.937592182685,47.0691399678797));
#2384=CARTESIAN_POINT('Ctrl Pts',(45.0224590711059,-71.2735640209762,9.35370995181947));
#2385=CARTESIAN_POINT('Ctrl Pts',(143.558174873287,-287.441644604259,122.5));
#2386=CARTESIAN_POINT('Ctrl Pts',(119.047562318897,-220.315636702241,84.78456998394));
#2387=CARTESIAN_POINT('Ctrl Pts',(69.2629755392201,-135.951919826474,47.0691399678797));
#2388=CARTESIAN_POINT('Ctrl Pts',(48.3409598717894,-71.2735338131369,9.35370995181947));
#2389=CARTESIAN_POINT('Ctrl Pts',(146.604518837556,-277.665083084154,122.5));
#2390=CARTESIAN_POINT('Ctrl Pts',(121.723193027649,-212.939535800277,84.78456998394));
#2391=CARTESIAN_POINT('Ctrl Pts',(73.0604468536958,-133.978387945905,47.0691399678797));
#2392=CARTESIAN_POINT('Ctrl Pts',(51.5557060351505,-71.2740153641129,9.35370995181947));
#2393=CARTESIAN_POINT('Ctrl Pts',(147.348785510466,-272.711123850873,122.5));
#2394=CARTESIAN_POINT('Ctrl Pts',(122.392577054213,-209.170459284107,84.78456998394));
#2395=CARTESIAN_POINT('Ctrl Pts',(74.9240697958386,-132.852880901539,47.0691399678797));
#2396=CARTESIAN_POINT('Ctrl Pts',(53.1641437932448,-71.1265599532158,9.35370995181947));
#2397=CARTESIAN_POINT('Ctrl Pts',(147.291288440215,-258.576096596128,122.5));
#2398=CARTESIAN_POINT('Ctrl Pts',(122.409328257055,-198.401178018558,84.7845699839399));
#2399=CARTESIAN_POINT('Ctrl Pts',(80.1784661660862,-129.116480269407,47.0691399678797));
#2400=CARTESIAN_POINT('Ctrl Pts',(57.7599943120526,-70.2346963412755,9.35370995181947));
#2401=CARTESIAN_POINT('Ctrl Pts',(147.245994579362,-239.592639144108,122.5));
#2402=CARTESIAN_POINT('Ctrl Pts',(122.571721279729,-183.813440072025,84.7845699839399));
#2403=CARTESIAN_POINT('Ctrl Pts',(86.8529763274153,-122.950826653372,47.0691399678797));
#2404=CARTESIAN_POINT('Ctrl Pts',(63.7466875518977,-67.8934746419536,9.35370995181947));
#2405=CARTESIAN_POINT('Ctrl Pts',(147.221993189136,-210.649167450736,122.5));
#2406=CARTESIAN_POINT('Ctrl Pts',(122.90729614461,-161.325760415477,84.7845699839399));
#2407=CARTESIAN_POINT('Ctrl Pts',(94.4486885675832,-110.349068481312,47.0691399678797));
#2408=CARTESIAN_POINT('Ctrl Pts',(70.722666727486,-61.2602701814441,9.35370995181946));
#2409=CARTESIAN_POINT('Ctrl Pts',(147.214915597669,-182.645430828926,122.5));
#2410=CARTESIAN_POINT('Ctrl Pts',(123.11642944673,-139.570665104131,84.7845699839399));
#2411=CARTESIAN_POINT('Ctrl Pts',(98.4986799035637,-96.2758605958793,47.0691399678797));
#2412=CARTESIAN_POINT('Ctrl Pts',(74.4737511544139,-53.2323987341075,9.35370995181947));
#2413=CARTESIAN_POINT('Ctrl Pts',(147.213204194265,-165.543919034543,122.5));
#2414=CARTESIAN_POINT('Ctrl Pts',(123.141602773783,-126.478336092766,84.78456998394));
#2415=CARTESIAN_POINT('Ctrl Pts',(99.0700745531009,-87.4126411169493,47.0691399678797));
#2416=CARTESIAN_POINT('Ctrl Pts',(74.9989811935216,-48.3471766249794,9.35370995181947));
#2417=CARTESIAN_POINT('Ctrl Pts',(147.212171437376,-139.346966618176,122.5));
#2418=CARTESIAN_POINT('Ctrl Pts',(123.142621828467,-106.72803527765,84.7845699839399));
#2419=CARTESIAN_POINT('Ctrl Pts',(99.078857045305,-74.1090492120631,47.0691399678798));
#2420=CARTESIAN_POINT('Ctrl Pts',(75.0077636857257,-41.4901792525883,9.35370995181947));
#2421=CARTESIAN_POINT('Ctrl Pts',(146.760732563149,-102.304225604023,122.5));
#2422=CARTESIAN_POINT('Ctrl Pts',(120.687894857521,-79.4903677072404,84.7845699839399));
#2423=CARTESIAN_POINT('Ctrl Pts',(98.8465857815764,-54.4316330867887,47.0691399678796));
#2424=CARTESIAN_POINT('Ctrl Pts',(72.1731770184743,-31.936387224176,9.35370995181946));
#2425=CARTESIAN_POINT('Ctrl Pts',(146.227011665819,-66.0299336192038,122.5));
#2426=CARTESIAN_POINT('Ctrl Pts',(117.576036921206,-53.4809806899977,84.7845699839399));
#2427=CARTESIAN_POINT('Ctrl Pts',(93.9953528371976,-37.4920686855386,47.0691399678798));
#2428=CARTESIAN_POINT('Ctrl Pts',(64.6242400604431,-25.4321373583564,9.35370995181947));
#2429=CARTESIAN_POINT('Ctrl Pts',(146.155977997591,-42.0695970125291,122.5));
#2430=CARTESIAN_POINT('Ctrl Pts',(116.76546728822,-36.2713461524963,84.78456998394));
#2431=CARTESIAN_POINT('Ctrl Pts',(88.1546604572802,-28.2324041703734,47.0691399678797));
#2432=CARTESIAN_POINT('Ctrl Pts',(58.6530188854162,-22.7519600904296,9.35370995181947));
#2433=CARTESIAN_POINT('Ctrl Pts',(144.100957443487,-32.2113846391342,122.5));
#2434=CARTESIAN_POINT('Ctrl Pts',(114.792991754401,-29.1310164294003,84.78456998394));
#2435=CARTESIAN_POINT('Ctrl Pts',(85.4273356640557,-24.8293628175791,47.0691399678798));
#2436=CARTESIAN_POINT('Ctrl Pts',(56.1281469678506,-21.9225018866518,9.35370995181947));
#2437=CARTESIAN_POINT('Ctrl Pts',(137.738127303532,-20.779150329385,122.5));
#2438=CARTESIAN_POINT('Ctrl Pts',(109.398398224633,-21.0345204032508,84.7845699839401));
#2439=CARTESIAN_POINT('Ctrl Pts',(80.970478942378,-21.0813069905718,47.0691399678797));
#2440=CARTESIAN_POINT('Ctrl Pts',(52.6431293758081,-21.3660859533956,9.35370995181947));
#2441=CARTESIAN_POINT('Ctrl Pts',(133.608319800246,-15.9076522310372,122.5));
#2442=CARTESIAN_POINT('Ctrl Pts',(106.032508483169,-17.6961551180243,84.7845699839401));
#2443=CARTESIAN_POINT('Ctrl Pts',(78.4567575793769,-19.4841648845893,47.0691399678797));
#2444=CARTESIAN_POINT('Ctrl Pts',(50.8812241742934,-21.2726457815749,9.35370995181947));
#2445=CARTESIAN_POINT('Ctrl Pts',(129.061900467307,-11.4735034078067,122.5));
#2446=CARTESIAN_POINT('Ctrl Pts',(102.40364751929,-14.7400960060791,84.7845699839401));
#2447=CARTESIAN_POINT('Ctrl Pts',(75.7452972955392,-18.0061617429036,47.0691399678797));
#2448=CARTESIAN_POINT('Ctrl Pts',(49.0869639406022,-21.2727373672969,9.35370995181947));
#2449=CARTESIAN_POINT('Ctrl Pts',(123.870060733801,-7.31023287819308,122.5));
#2450=CARTESIAN_POINT('Ctrl Pts',(98.2278627985427,-11.9350999083718,84.7845699839401));
#2451=CARTESIAN_POINT('Ctrl Pts',(72.8835232544575,-16.6626538407613,47.0691399678796));
#2452=CARTESIAN_POINT('Ctrl Pts',(47.1991652640173,-21.2728095447115,9.35370995181947));
#2453=CARTESIAN_POINT('Ctrl Pts',(114.844851912211,-2.69241410282165,122.5));
#2454=CARTESIAN_POINT('Ctrl Pts',(90.918438672161,-8.88166831715853,84.7845699839399));
#2455=CARTESIAN_POINT('Ctrl Pts',(68.3169805202756,-15.0855621701665,47.0691399678798));
#2456=CARTESIAN_POINT('Ctrl Pts',(44.2023543407881,-21.2728473247807,9.35370995181947));
#2457=CARTESIAN_POINT('Ctrl Pts',(105.239939826939,-0.0288565636282349,
122.5));
#2458=CARTESIAN_POINT('Ctrl Pts',(83.1415239181668,-7.30392956963775,84.7845699839401));
#2459=CARTESIAN_POINT('Ctrl Pts',(63.5075090974983,-13.9017865300414,47.0691399678796));
#2460=CARTESIAN_POINT('Ctrl Pts',(41.0592391713487,-21.2728940069406,9.35370995181947));
#2461=CARTESIAN_POINT('Ctrl Pts',(98.9410589397674,0.446656654859791,122.5));
#2462=CARTESIAN_POINT('Ctrl Pts',(78.07816241151,-7.25318479722861,84.78456998394));
#2463=CARTESIAN_POINT('Ctrl Pts',(60.1599052981455,-13.3448403715838,47.0691399678797));
#2464=CARTESIAN_POINT('Ctrl Pts',(38.878859621263,-21.2729136712816,9.35370995181947));
#2465=CARTESIAN_POINT('Ctrl Pts',(91.9231292925441,0.359919327381894,122.5));
#2466=CARTESIAN_POINT('Ctrl Pts',(72.4784058989347,-7.68527033842844,84.78456998394));
#2467=CARTESIAN_POINT('Ctrl Pts',(56.187945752161,-12.8136042950698,47.0691399678797));
#2468=CARTESIAN_POINT('Ctrl Pts',(36.2954111921407,-21.2729381683265,9.35370995181947));
#2469=CARTESIAN_POINT('Ctrl Pts',(83.9148135321177,0.290090600843048,122.5));
#2470=CARTESIAN_POINT('Ctrl Pts',(66.110543724085,-8.03309706281732,84.78456998394));
#2471=CARTESIAN_POINT('Ctrl Pts',(51.5450836731332,-12.3861332262499,47.0691399678797));
#2472=CARTESIAN_POINT('Ctrl Pts',(33.2809518725122,-21.2729776120446,9.35370995181946));
#2473=CARTESIAN_POINT('Ctrl Pts',(51.9205928540318,0.198790151034839,122.5));
#2474=CARTESIAN_POINT('Ctrl Pts',(40.8073519680231,-8.4878744980069,84.78456998394));
#2475=CARTESIAN_POINT('Ctrl Pts',(32.3136209841184,-11.8271432931411,47.0691399678796));
#2476=CARTESIAN_POINT('Ctrl Pts',(20.8284695406016,-21.2730430119473,9.35370995181947));
#2477=CARTESIAN_POINT('Ctrl Pts',(24.0107471349329,0.553225419735544,122.5));
#2478=CARTESIAN_POINT('Ctrl Pts',(19.0360346565032,-6.72225137008899,84.7845699839399));
#2479=CARTESIAN_POINT('Ctrl Pts',(14.06132507083,-13.9976450214175,47.0691399678797));
#2480=CARTESIAN_POINT('Ctrl Pts',(9.0866091792879,-21.2731161264157,9.35370995181947));
#2481=CARTESIAN_POINT('Ctrl Pts',(-24.0107481346505,0.55322736940074,122.5));
#2482=CARTESIAN_POINT('Ctrl Pts',(-19.0360328949145,-6.72223878909175,84.78456998394));
#2483=CARTESIAN_POINT('Ctrl Pts',(-14.0613250875716,-13.9976421334296,47.0691399678797));
#2484=CARTESIAN_POINT('Ctrl Pts',(-9.08660919602946,-21.2731132384278,9.35370995181947));
#2485=CARTESIAN_POINT('Ctrl Pts',(-51.9205771358605,0.198781302633068,122.5));
#2486=CARTESIAN_POINT('Ctrl Pts',(-40.8073500574274,-8.48790029533491,84.78456998394));
#2487=CARTESIAN_POINT('Ctrl Pts',(-32.3136139633789,-11.8271615787846,47.0691399678797));
#2488=CARTESIAN_POINT('Ctrl Pts',(-20.828462519862,-21.2730612975908,9.35370995181946));
#2489=CARTESIAN_POINT('Ctrl Pts',(-81.9151747314149,0.284384241702012,122.5));
#2490=CARTESIAN_POINT('Ctrl Pts',(-64.5290823387674,-8.06150939864069,84.78456998394));
#2491=CARTESIAN_POINT('Ctrl Pts',(-50.343116282116,-12.3511996595305,47.0691399678797));
#2492=CARTESIAN_POINT('Ctrl Pts',(-32.502670753814,-21.2729850036384,9.35370995181947));
#2493=CARTESIAN_POINT('Ctrl Pts',(-89.9210312465446,0.342451775554115,122.5));
#2494=CARTESIAN_POINT('Ctrl Pts',(-70.8864520992843,-7.7722640893389,84.78456998394));
#2495=CARTESIAN_POINT('Ctrl Pts',(-55.0272204710052,-12.7067611414241,47.0691399678797));
#2496=CARTESIAN_POINT('Ctrl Pts',(-35.5417866008346,-21.2729726428152,9.35370995181947));
#2497=CARTESIAN_POINT('Ctrl Pts',(-93.9267531622645,0.384681120457274,122.5));
#2498=CARTESIAN_POINT('Ctrl Pts',(-74.0771150956234,-7.56188987821605,84.78456998394));
#2499=CARTESIAN_POINT('Ctrl Pts',(-57.3219328782755,-12.965302119704,47.0691399678797));
#2500=CARTESIAN_POINT('Ctrl Pts',(-37.0329768053693,-21.2729604912313,9.35370995181947));
#2501=CARTESIAN_POINT('Ctrl Pts',(-98.9410551952933,0.446654480083962,122.5));
#2502=CARTESIAN_POINT('Ctrl Pts',(-78.0781803741907,-7.25320556383307,84.7845699839399));
#2503=CARTESIAN_POINT('Ctrl Pts',(-60.159892834705,-13.3448711113434,47.0691399678797));
#2504=CARTESIAN_POINT('Ctrl Pts',(-38.8788471578225,-21.2729444110413,9.35370995181947));
#2505=CARTESIAN_POINT('Ctrl Pts',(-105.23993718743,-0.0288581050248389,
122.5));
#2506=CARTESIAN_POINT('Ctrl Pts',(-83.1415087620556,-7.30392040082584,84.78456998394));
#2507=CARTESIAN_POINT('Ctrl Pts',(-63.5074997997312,-13.9018094749432,47.0691399678797));
#2508=CARTESIAN_POINT('Ctrl Pts',(-41.0592298735816,-21.2729169518424,9.35370995181947));
#2509=CARTESIAN_POINT('Ctrl Pts',(-114.844849377593,-2.69241557756234,122.5));
#2510=CARTESIAN_POINT('Ctrl Pts',(-90.9184435173063,-8.88167610473105,84.7845699839399));
#2511=CARTESIAN_POINT('Ctrl Pts',(-68.3169719221907,-15.0855833805189,47.0691399678797));
#2512=CARTESIAN_POINT('Ctrl Pts',(-44.2023457427032,-21.2728685351331,9.35370995181946));
#2513=CARTESIAN_POINT('Ctrl Pts',(-123.870058722571,-7.31023405026104,122.5));
#2514=CARTESIAN_POINT('Ctrl Pts',(-98.2278559436555,-11.9350969372437,84.78456998394));
#2515=CARTESIAN_POINT('Ctrl Pts',(-72.8835163184544,-16.662670953786,47.0691399678797));
#2516=CARTESIAN_POINT('Ctrl Pts',(-47.1991583280143,-21.2728266577362,9.35370995181946));
#2517=CARTESIAN_POINT('Ctrl Pts',(-129.06189867352,-11.4735044521944,122.5));
#2518=CARTESIAN_POINT('Ctrl Pts',(-102.403647659974,-14.7400987051414,84.7845699839399));
#2519=CARTESIAN_POINT('Ctrl Pts',(-75.7452911682746,-18.0061768591128,47.0691399678797));
#2520=CARTESIAN_POINT('Ctrl Pts',(-49.0869578133376,-21.2727524835062,9.35370995181946));
#2521=CARTESIAN_POINT('Ctrl Pts',(-133.608318231051,-15.9076531447624,122.5));
#2522=CARTESIAN_POINT('Ctrl Pts',(-106.032505984958,-17.696155237106,84.78456998394));
#2523=CARTESIAN_POINT('Ctrl Pts',(-78.456752213132,-19.4841781234836,47.0691399678797));
#2524=CARTESIAN_POINT('Ctrl Pts',(-50.8812188080485,-21.2726590204692,9.35370995181947));
#2525=CARTESIAN_POINT('Ctrl Pts',(-137.738126003385,-20.7791510864177,122.5));
#2526=CARTESIAN_POINT('Ctrl Pts',(-109.398397311516,-21.0345214913329,84.7845699839399));
#2527=CARTESIAN_POINT('Ctrl Pts',(-80.9704744979381,-21.0813179552674,47.0691399678797));
#2528=CARTESIAN_POINT('Ctrl Pts',(-52.6431249313682,-21.3660969180912,9.35370995181947));
#2529=CARTESIAN_POINT('Ctrl Pts',(-144.100956310251,-32.2113852989992,122.5));
#2530=CARTESIAN_POINT('Ctrl Pts',(-114.792990384551,-29.1310168868762,84.78456998394));
#2531=CARTESIAN_POINT('Ctrl Pts',(-85.4273317890675,-24.8293723774313,47.0691399678798));
#2532=CARTESIAN_POINT('Ctrl Pts',(-56.1281430928624,-21.9225114465039,9.35370995181947));
#2533=CARTESIAN_POINT('Ctrl Pts',(-146.155976935339,-42.0695976310511,122.5));
#2534=CARTESIAN_POINT('Ctrl Pts',(-116.765466296553,-36.2713468313938,84.7845699839399));
#2535=CARTESIAN_POINT('Ctrl Pts',(-88.1546568256099,-28.2324131299298,47.0691399678797));
#2536=CARTESIAN_POINT('Ctrl Pts',(-58.6530152537459,-22.751969049986,9.35370995181947));
#2537=CARTESIAN_POINT('Ctrl Pts',(-146.227011058352,-66.0299339729195,122.5));
#2538=CARTESIAN_POINT('Ctrl Pts',(-117.576036268314,-53.4809810048586,84.7845699839399));
#2539=CARTESIAN_POINT('Ctrl Pts',(-93.9953507601655,-37.4920738097107,47.0691399678797));
#2540=CARTESIAN_POINT('Ctrl Pts',(-64.624237983411,-25.4321424825284,9.35370995181946));
#2541=CARTESIAN_POINT('Ctrl Pts',(-146.760732404139,-102.304225696609,122.5));
#2542=CARTESIAN_POINT('Ctrl Pts',(-120.687894741885,-79.4903678369261,84.7845699839399));
#2543=CARTESIAN_POINT('Ctrl Pts',(-98.8465852379861,-54.431634427859,47.0691399678797));
#2544=CARTESIAN_POINT('Ctrl Pts',(-72.1731764748839,-31.9363885652464,9.35370995181946));
#2545=CARTESIAN_POINT('Ctrl Pts',(-147.212171251817,-139.346966726223,122.5));
#2546=CARTESIAN_POINT('Ctrl Pts',(-123.142621623457,-106.728035369058,84.7845699839399));
#2547=CARTESIAN_POINT('Ctrl Pts',(-99.0788564108569,-74.1090507772871,47.0691399678797));
#2548=CARTESIAN_POINT('Ctrl Pts',(-75.0077630512776,-41.4901808178122,9.35370995181946));
#2549=CARTESIAN_POINT('Ctrl Pts',(-147.213204111229,-165.543919082893,122.5));
#2550=CARTESIAN_POINT('Ctrl Pts',(-123.141602698677,-126.4783361479,84.7845699839398));
#2551=CARTESIAN_POINT('Ctrl Pts',(-99.0700742691966,-87.4126418173591,47.0691399678797));
#2552=CARTESIAN_POINT('Ctrl Pts',(-74.9989809096173,-48.3471773253891,9.35370995181946));
#2553=CARTESIAN_POINT('Ctrl Pts',(-147.214915556531,-182.645430852879,122.5));
#2554=CARTESIAN_POINT('Ctrl Pts',(-123.116429401235,-139.570665124359,84.7845699839398));
#2555=CARTESIAN_POINT('Ctrl Pts',(-98.4986797629077,-96.2758609428863,47.0691399678796));
#2556=CARTESIAN_POINT('Ctrl Pts',(-74.473751013758,-53.2323990811145,9.35370995181946));
#2557=CARTESIAN_POINT('Ctrl Pts',(-147.221993157558,-210.649167469123,122.5));
#2558=CARTESIAN_POINT('Ctrl Pts',(-122.907296115255,-161.325760435765,84.7845699839398));
#2559=CARTESIAN_POINT('Ctrl Pts',(-94.4486884596174,-110.34906874767,47.0691399678798));
#2560=CARTESIAN_POINT('Ctrl Pts',(-70.7226666195201,-61.2602704478027,9.35370995181946));
#2561=CARTESIAN_POINT('Ctrl Pts',(-147.245994562817,-239.592639153741,122.5));
#2562=CARTESIAN_POINT('Ctrl Pts',(-122.571721261619,-183.813440080318,84.7845699839397));
#2563=CARTESIAN_POINT('Ctrl Pts',(-86.8529762708503,-122.950826792922,47.0691399678796));
#2564=CARTESIAN_POINT('Ctrl Pts',(-63.7466874953327,-67.8934747815027,9.35370995181945));
#2565=CARTESIAN_POINT('Ctrl Pts',(-147.291288427731,-258.576096603396,122.5));
#2566=CARTESIAN_POINT('Ctrl Pts',(-122.409328245292,-198.401178026442,84.7845699839397));
#2567=CARTESIAN_POINT('Ctrl Pts',(-80.1784661234049,-129.116480374704,47.0691399678798));
#2568=CARTESIAN_POINT('Ctrl Pts',(-57.7599942693712,-70.2346964465725,9.35370995181945));
#2569=CARTESIAN_POINT('Ctrl Pts',(-147.348785500569,-272.711123856635,122.5));
#2570=CARTESIAN_POINT('Ctrl Pts',(-122.392577043979,-209.17045928958,84.7845699839397));
#2571=CARTESIAN_POINT('Ctrl Pts',(-74.9240697620014,-132.852880985017,47.0691399678797));
#2572=CARTESIAN_POINT('Ctrl Pts',(-53.1641437594076,-71.1265600366938,9.35370995181945));
#2573=CARTESIAN_POINT('Ctrl Pts',(-146.604518827962,-277.66508308974,122.5));
#2574=CARTESIAN_POINT('Ctrl Pts',(-121.723193018214,-212.939535805999,84.7845699839397));
#2575=CARTESIAN_POINT('Ctrl Pts',(-73.0604468208923,-133.978388026833,47.0691399678797));
#2576=CARTESIAN_POINT('Ctrl Pts',(-51.555706002347,-71.2740154450407,9.35370995181945));
#2577=CARTESIAN_POINT('Ctrl Pts',(-143.558174864739,-287.441644609236,122.5));
#2578=CARTESIAN_POINT('Ctrl Pts',(-119.047562310259,-220.31563670714,84.7845699839397));
#2579=CARTESIAN_POINT('Ctrl Pts',(-69.262975509995,-135.951919898574,47.0691399678797));
#2580=CARTESIAN_POINT('Ctrl Pts',(-48.3409598425644,-71.2735338852366,9.35370995181945));
#2581=CARTESIAN_POINT('Ctrl Pts',(-138.752539618611,-297.026463833332,122.5));
#2582=CARTESIAN_POINT('Ctrl Pts',(-114.849063849083,-227.513675272861,84.7845699839397));
#2583=CARTESIAN_POINT('Ctrl Pts',(-65.2820240918367,-137.93759223677,47.0691399678797));
#2584=CARTESIAN_POINT('Ctrl Pts',(-45.0224590491831,-71.2735640750607,9.35370995181945));
#2585=CARTESIAN_POINT('Ctrl Pts',(-127.295953013208,-308.403227855906,122.5));
#2586=CARTESIAN_POINT('Ctrl Pts',(-104.906970238367,-235.766095160896,84.7845699839398));
#2587=CARTESIAN_POINT('Ctrl Pts',(-59.1104959396758,-140.730555854592,47.0691399678797));
#2588=CARTESIAN_POINT('Ctrl Pts',(-40.0448468227689,-71.2734637549933,9.35370995181945));
#2589=CARTESIAN_POINT('Ctrl Pts',(-112.752999675792,-315.588890314408,122.5));
#2590=CARTESIAN_POINT('Ctrl Pts',(-92.3648464159904,-240.434075042841,84.7845699839397));
#2591=CARTESIAN_POINT('Ctrl Pts',(-52.7213148261963,-143.308641334979,47.0691399678797));
#2592=CARTESIAN_POINT('Ctrl Pts',(-35.067189365817,-71.2734365356482,9.35370995181945));
#2593=CARTESIAN_POINT('Ctrl Pts',(-101.990553865566,-317.084686199984,122.5));
#2594=CARTESIAN_POINT('Ctrl Pts',(-83.1591482054684,-240.72486682486,84.7845699839398));
#2595=CARTESIAN_POINT('Ctrl Pts',(-48.3052321516617,-144.864360259575,47.0691399678797));
#2596=CARTESIAN_POINT('Ctrl Pts',(-31.7487727776213,-71.2734157881859,9.35370995181945));
#2597=CARTESIAN_POINT('Ctrl Pts',(-64.1248029434218,-316.242164164531,122.5));
#2598=CARTESIAN_POINT('Ctrl Pts',(-50.96987069587,-236.528632584879,84.7845699839398));
#2599=CARTESIAN_POINT('Ctrl Pts',(-32.4533736597889,-150.022542872602,47.0691399678797));
#2600=CARTESIAN_POINT('Ctrl Pts',(-20.059702745263,-71.2733331124614,9.35370995181946));
#2601=CARTESIAN_POINT('Ctrl Pts',(-31.8846664299834,-315.791867708613,122.5));
#2602=CARTESIAN_POINT('Ctrl Pts',(-24.5997265026314,-234.28559039567,84.78456998394));
#2603=CARTESIAN_POINT('Ctrl Pts',(-17.3147743740166,-152.779419941453,47.0691399678797));
#2604=CARTESIAN_POINT('Ctrl Pts',(-10.0298283460331,-71.2731960578734,9.35370995181946));
#2605=CARTESIAN_POINT('Ctrl Pts',(1.5858896639523E-13,-315.791867708613,
122.5));
#2606=CARTESIAN_POINT('Ctrl Pts',(1.45962740638927E-13,-234.285643825033,
84.7845699839399));
#2607=CARTESIAN_POINT('Ctrl Pts',(4.44089209850063E-14,-152.779419941453,
47.0691399678797));
#2608=CARTESIAN_POINT('Ctrl Pts',(4.44089209850063E-14,-71.2731960578734,
9.35370995181946));
#2609=CARTESIAN_POINT('',(0.,-332.,130.));
#2610=UNCERTAINTY_MEASURE_WITH_UNIT(LENGTH_MEASURE(0.01),#2614,
'DISTANCE_ACCURACY_VALUE',
'Maximum model space distance between geometric entities at asserted c
onnectivities');
#2611=UNCERTAINTY_MEASURE_WITH_UNIT(LENGTH_MEASURE(0.01),#2614,
'DISTANCE_ACCURACY_VALUE',
'Maximum model space distance between geometric entities at asserted c
onnectivities');
#2612=(
GEOMETRIC_REPRESENTATION_CONTEXT(3)
GLOBAL_UNCERTAINTY_ASSIGNED_CONTEXT((#2610))
GLOBAL_UNIT_ASSIGNED_CONTEXT((#2614,#2616,#2617))
REPRESENTATION_CONTEXT('','3D')
);
#2613=(
GEOMETRIC_REPRESENTATION_CONTEXT(3)
GLOBAL_UNCERTAINTY_ASSIGNED_CONTEXT((#2611))
GLOBAL_UNIT_ASSIGNED_CONTEXT((#2614,#2616,#2617))
REPRESENTATION_CONTEXT('','3D')
);
#2614=(
LENGTH_UNIT()
NAMED_UNIT(*)
SI_UNIT(.MILLI.,.METRE.)
);
#2615=(
LENGTH_UNIT()
NAMED_UNIT(*)
SI_UNIT($,.METRE.)
);
#2616=(
NAMED_UNIT(*)
PLANE_ANGLE_UNIT()
SI_UNIT($,.RADIAN.)
);
#2617=(
NAMED_UNIT(*)
SI_UNIT($,.STERADIAN.)
SOLID_ANGLE_UNIT()
);
#2618=SHAPE_DEFINITION_REPRESENTATION(#2619,#2620);
#2619=PRODUCT_DEFINITION_SHAPE('',$,#2622);
#2620=SHAPE_REPRESENTATION('',(#255),#2612);
#2621=PRODUCT_DEFINITION_CONTEXT('part definition',#2626,'design');
#2622=PRODUCT_DEFINITION('Hopper','Hopper v5',#2623,#2621);
#2623=PRODUCT_DEFINITION_FORMATION('',$,#2628);
#2624=PRODUCT_RELATED_PRODUCT_CATEGORY('Hopper v5','Hopper v5',(#2628));
#2625=APPLICATION_PROTOCOL_DEFINITION('international standard',
'automotive_design',2009,#2626);
#2626=APPLICATION_CONTEXT(
'Core Data for Automotive Mechanical Design Process');
#2627=PRODUCT_CONTEXT('part definition',#2626,'mechanical');
#2628=PRODUCT('Hopper','Hopper v5',$,(#2627));
#2629=PRESENTATION_STYLE_ASSIGNMENT((#2631));
#2630=PRESENTATION_STYLE_ASSIGNMENT((#2632));
#2631=SURFACE_STYLE_USAGE(.BOTH.,#2633);
#2632=SURFACE_STYLE_USAGE(.BOTH.,#2634);
#2633=SURFACE_SIDE_STYLE('',(#2635));
#2634=SURFACE_SIDE_STYLE('',(#2636));
#2635=SURFACE_STYLE_FILL_AREA(#2637);
#2636=SURFACE_STYLE_FILL_AREA(#2638);
#2637=FILL_AREA_STYLE('Steel - Satin',(#2639));
#2638=FILL_AREA_STYLE('Aluminum - Satin',(#2640));
#2639=FILL_AREA_STYLE_COLOUR('Steel - Satin',#2641);
#2640=FILL_AREA_STYLE_COLOUR('Aluminum - Satin',#2642);
#2641=COLOUR_RGB('Steel - Satin',0.627450980392157,0.627450980392157,0.627450980392157);
#2642=COLOUR_RGB('Aluminum - Satin',0.96078431372549,0.96078431372549,0.964705882352941);
ENDSEC;
END-ISO-10303-21;
