ISO-10303-21;
HEADER;
/* Generated by software containing ST-Developer
 * from STEP Tools, Inc. (www.steptools.com) 
 */

FILE_DESCRIPTION(
/* description */ (''),
/* implementation_level */ '2;1');

FILE_NAME(
/* name */ 'Hopper_withServo mounts.step',
/* time_stamp */ '2026-02-22T12:49:45+05:30',
/* author */ (''),
/* organization */ (''),
/* preprocessor_version */ 'ST-DEVELOPER v20.1',
/* originating_system */ 'Autodesk Translation Framework v14.24.0.0',
/* authorisation */ '');

FILE_SCHEMA (('AUTOMOTIVE_DESIGN { 1 0 10303 214 3 1 1 }'));
ENDSEC;

DATA;
#10=MECHANICAL_DESIGN_GEOMETRIC_PRESENTATION_REPRESENTATION('',(#13),#7307);
#11=SHAPE_REPRESENTATION_RELATIONSHIP('SRR','None',#7314,#12);
#12=ADVANCED_BREP_SHAPE_REPRESENTATION('',(#14),#7306);
#13=STYLED_ITEM('',(#7324),#14);
#14=MANIFOLD_SOLID_BREP('Body52',#2116);
#15=CIRCLE('',#2138,55.);
#16=CIRCLE('',#2139,55.);
#17=CIRCLE('',#2141,50.);
#18=CIRCLE('',#2143,50.);
#19=CIRCLE('',#2145,25.);
#20=CIRCLE('',#2146,25.0058741777015);
#21=CIRCLE('',#2147,25.0058741777015);
#22=CIRCLE('',#2148,48.);
#23=CIRCLE('',#2150,48.);
#24=CIRCLE('',#2152,48.);
#25=CIRCLE('',#2154,25.);
#26=CIRCLE('',#2155,25.0058741777015);
#27=CIRCLE('',#2156,25.0058741777015);
#28=CIRCLE('',#2157,48.);
#29=CIRCLE('',#2159,23.);
#30=CIRCLE('',#2160,23.);
#31=CIRCLE('',#2163,23.);
#32=CIRCLE('',#2164,23.);
#33=CIRCLE('',#2179,2.25);
#34=CIRCLE('',#2180,2.25);
#35=CIRCLE('',#2182,2.25);
#36=CIRCLE('',#2183,2.25);
#37=CIRCLE('',#2190,2.25);
#38=CIRCLE('',#2191,2.25);
#39=CIRCLE('',#2193,2.25);
#40=CIRCLE('',#2194,2.25);
#41=CIRCLE('',#2212,2.25);
#42=CIRCLE('',#2213,2.25);
#43=CIRCLE('',#2215,2.25);
#44=CIRCLE('',#2216,2.25);
#45=CIRCLE('',#2223,2.25);
#46=CIRCLE('',#2224,2.25);
#47=CIRCLE('',#2226,2.25);
#48=CIRCLE('',#2227,2.25);
#49=CYLINDRICAL_SURFACE('',#2137,55.);
#50=CYLINDRICAL_SURFACE('',#2161,48.);
#51=CYLINDRICAL_SURFACE('',#2165,23.);
#52=CYLINDRICAL_SURFACE('',#2167,23.);
#53=CYLINDRICAL_SURFACE('',#2169,25.);
#54=CYLINDRICAL_SURFACE('',#2171,25.);
#55=CYLINDRICAL_SURFACE('',#2178,2.25);
#56=CYLINDRICAL_SURFACE('',#2181,2.25);
#57=CYLINDRICAL_SURFACE('',#2189,2.25);
#58=CYLINDRICAL_SURFACE('',#2192,2.25);
#59=CYLINDRICAL_SURFACE('',#2211,2.25);
#60=CYLINDRICAL_SURFACE('',#2214,2.25);
#61=CYLINDRICAL_SURFACE('',#2222,2.25);
#62=CYLINDRICAL_SURFACE('',#2225,2.25);
#63=FACE_BOUND('',#678,.T.);
#64=FACE_BOUND('',#713,.T.);
#65=FACE_BOUND('',#747,.T.);
#66=FACE_BOUND('',#748,.T.);
#67=FACE_BOUND('',#750,.T.);
#68=FACE_BOUND('',#751,.T.);
#69=FACE_BOUND('',#754,.T.);
#70=FACE_BOUND('',#759,.T.);
#71=FACE_BOUND('',#760,.T.);
#72=FACE_BOUND('',#762,.T.);
#73=FACE_BOUND('',#763,.T.);
#74=FACE_BOUND('',#769,.T.);
#75=FACE_BOUND('',#774,.T.);
#76=FACE_BOUND('',#783,.T.);
#77=FACE_BOUND('',#784,.T.);
#78=FACE_BOUND('',#786,.T.);
#79=FACE_BOUND('',#787,.T.);
#80=FACE_BOUND('',#790,.T.);
#81=FACE_BOUND('',#795,.T.);
#82=FACE_BOUND('',#796,.T.);
#83=FACE_BOUND('',#798,.T.);
#84=FACE_BOUND('',#799,.T.);
#85=FACE_BOUND('',#805,.T.);
#86=FACE_BOUND('',#810,.T.);
#87=PLANE('',#2130);
#88=PLANE('',#2131);
#89=PLANE('',#2132);
#90=PLANE('',#2133);
#91=PLANE('',#2134);
#92=PLANE('',#2135);
#93=PLANE('',#2136);
#94=PLANE('',#2140);
#95=PLANE('',#2142);
#96=PLANE('',#2144);
#97=PLANE('',#2149);
#98=PLANE('',#2151);
#99=PLANE('',#2153);
#100=PLANE('',#2158);
#101=PLANE('',#2162);
#102=PLANE('',#2166);
#103=PLANE('',#2168);
#104=PLANE('',#2170);
#105=PLANE('',#2172);
#106=PLANE('',#2173);
#107=PLANE('',#2174);
#108=PLANE('',#2175);
#109=PLANE('',#2176);
#110=PLANE('',#2177);
#111=PLANE('',#2184);
#112=PLANE('',#2185);
#113=PLANE('',#2186);
#114=PLANE('',#2187);
#115=PLANE('',#2188);
#116=PLANE('',#2195);
#117=PLANE('',#2196);
#118=PLANE('',#2197);
#119=PLANE('',#2198);
#120=PLANE('',#2199);
#121=PLANE('',#2200);
#122=PLANE('',#2201);
#123=PLANE('',#2202);
#124=PLANE('',#2203);
#125=PLANE('',#2204);
#126=PLANE('',#2205);
#127=PLANE('',#2206);
#128=PLANE('',#2207);
#129=PLANE('',#2208);
#130=PLANE('',#2209);
#131=PLANE('',#2210);
#132=PLANE('',#2217);
#133=PLANE('',#2218);
#134=PLANE('',#2219);
#135=PLANE('',#2220);
#136=PLANE('',#2221);
#137=PLANE('',#2228);
#138=PLANE('',#2229);
#139=PLANE('',#2230);
#140=PLANE('',#2231);
#141=PLANE('',#2232);
#142=PLANE('',#2233);
#143=PLANE('',#2234);
#144=PLANE('',#2235);
#145=PLANE('',#2236);
#146=PLANE('',#2237);
#147=PLANE('',#2238);
#148=PLANE('',#2239);
#149=LINE('',#3085,#353);
#150=LINE('',#3297,#354);
#151=LINE('',#3299,#355);
#152=LINE('',#3300,#356);
#153=LINE('',#3302,#357);
#154=LINE('',#3304,#358);
#155=LINE('',#3305,#359);
#156=LINE('',#3307,#360);
#157=LINE('',#3309,#361);
#158=LINE('',#3310,#362);
#159=LINE('',#3313,#363);
#160=LINE('',#3315,#364);
#161=LINE('',#3316,#365);
#162=LINE('',#3654,#366);
#163=LINE('',#3729,#367);
#164=LINE('',#3731,#368);
#165=LINE('',#3780,#369);
#166=LINE('',#3781,#370);
#167=LINE('',#3784,#371);
#168=LINE('',#3786,#372);
#169=LINE('',#3787,#373);
#170=LINE('',#3841,#374);
#171=LINE('',#3875,#375);
#172=LINE('',#3876,#376);
#173=LINE('',#3894,#377);
#174=LINE('',#3903,#378);
#175=LINE('',#3904,#379);
#176=LINE('',#3954,#380);
#177=LINE('',#3985,#381);
#178=LINE('',#3986,#382);
#179=LINE('',#4024,#383);
#180=LINE('',#4046,#384);
#181=LINE('',#4047,#385);
#182=LINE('',#4152,#386);
#183=LINE('',#4154,#387);
#184=LINE('',#4156,#388);
#185=LINE('',#4218,#389);
#186=LINE('',#4219,#390);
#187=LINE('',#4238,#391);
#188=LINE('',#4239,#392);
#189=LINE('',#4285,#393);
#190=LINE('',#4313,#394);
#191=LINE('',#4314,#395);
#192=LINE('',#4332,#396);
#193=LINE('',#4341,#397);
#194=LINE('',#4342,#398);
#195=LINE('',#4380,#399);
#196=LINE('',#4402,#400);
#197=LINE('',#4403,#401);
#198=LINE('',#4405,#402);
#199=LINE('',#4406,#403);
#200=LINE('',#4426,#404);
#201=LINE('',#4428,#405);
#202=LINE('',#4430,#406);
#203=LINE('',#4431,#407);
#204=LINE('',#4433,#408);
#205=LINE('',#4434,#409);
#206=LINE('',#4441,#410);
#207=LINE('',#4445,#411);
#208=LINE('',#4449,#412);
#209=LINE('',#4497,#413);
#210=LINE('',#4510,#414);
#211=LINE('',#4511,#415);
#212=LINE('',#4528,#416);
#213=LINE('',#4573,#417);
#214=LINE('',#4574,#418);
#215=LINE('',#4576,#419);
#216=LINE('',#4577,#420);
#217=LINE('',#4651,#421);
#218=LINE('',#4696,#422);
#219=LINE('',#4699,#423);
#220=LINE('',#4804,#424);
#221=LINE('',#4808,#425);
#222=LINE('',#4811,#426);
#223=LINE('',#4812,#427);
#224=LINE('',#4814,#428);
#225=LINE('',#4816,#429);
#226=LINE('',#4821,#430);
#227=LINE('',#4823,#431);
#228=LINE('',#4824,#432);
#229=LINE('',#4965,#433);
#230=LINE('',#6264,#434);
#231=LINE('',#6572,#435);
#232=LINE('',#6573,#436);
#233=LINE('',#6590,#437);
#234=LINE('',#6591,#438);
#235=LINE('',#6608,#439);
#236=LINE('',#6948,#440);
#237=LINE('',#6949,#441);
#238=LINE('',#6967,#442);
#239=LINE('',#6968,#443);
#240=LINE('',#7025,#444);
#241=LINE('',#7049,#445);
#242=LINE('',#7051,#446);
#243=LINE('',#7053,#447);
#244=LINE('',#7054,#448);
#245=LINE('',#7057,#449);
#246=LINE('',#7059,#450);
#247=LINE('',#7060,#451);
#248=LINE('',#7063,#452);
#249=LINE('',#7065,#453);
#250=LINE('',#7066,#454);
#251=LINE('',#7068,#455);
#252=LINE('',#7069,#456);
#253=LINE('',#7074,#457);
#254=LINE('',#7080,#458);
#255=LINE('',#7085,#459);
#256=LINE('',#7087,#460);
#257=LINE('',#7089,#461);
#258=LINE('',#7090,#462);
#259=LINE('',#7093,#463);
#260=LINE('',#7095,#464);
#261=LINE('',#7096,#465);
#262=LINE('',#7099,#466);
#263=LINE('',#7101,#467);
#264=LINE('',#7102,#468);
#265=LINE('',#7105,#469);
#266=LINE('',#7107,#470);
#267=LINE('',#7109,#471);
#268=LINE('',#7111,#472);
#269=LINE('',#7113,#473);
#270=LINE('',#7115,#474);
#271=LINE('',#7116,#475);
#272=LINE('',#7117,#476);
#273=LINE('',#7119,#477);
#274=LINE('',#7124,#478);
#275=LINE('',#7130,#479);
#276=LINE('',#7134,#480);
#277=LINE('',#7136,#481);
#278=LINE('',#7137,#482);
#279=LINE('',#7140,#483);
#280=LINE('',#7141,#484);
#281=LINE('',#7144,#485);
#282=LINE('',#7145,#486);
#283=LINE('',#7148,#487);
#284=LINE('',#7149,#488);
#285=LINE('',#7151,#489);
#286=LINE('',#7154,#490);
#287=LINE('',#7155,#491);
#288=LINE('',#7157,#492);
#289=LINE('',#7161,#493);
#290=LINE('',#7162,#494);
#291=LINE('',#7163,#495);
#292=LINE('',#7166,#496);
#293=LINE('',#7167,#497);
#294=LINE('',#7170,#498);
#295=LINE('',#7171,#499);
#296=LINE('',#7173,#500);
#297=LINE('',#7178,#501);
#298=LINE('',#7180,#502);
#299=LINE('',#7182,#503);
#300=LINE('',#7183,#504);
#301=LINE('',#7186,#505);
#302=LINE('',#7188,#506);
#303=LINE('',#7189,#507);
#304=LINE('',#7192,#508);
#305=LINE('',#7194,#509);
#306=LINE('',#7195,#510);
#307=LINE('',#7197,#511);
#308=LINE('',#7198,#512);
#309=LINE('',#7203,#513);
#310=LINE('',#7209,#514);
#311=LINE('',#7214,#515);
#312=LINE('',#7216,#516);
#313=LINE('',#7218,#517);
#314=LINE('',#7219,#518);
#315=LINE('',#7222,#519);
#316=LINE('',#7224,#520);
#317=LINE('',#7225,#521);
#318=LINE('',#7228,#522);
#319=LINE('',#7230,#523);
#320=LINE('',#7231,#524);
#321=LINE('',#7233,#525);
#322=LINE('',#7235,#526);
#323=LINE('',#7237,#527);
#324=LINE('',#7239,#528);
#325=LINE('',#7241,#529);
#326=LINE('',#7243,#530);
#327=LINE('',#7245,#531);
#328=LINE('',#7246,#532);
#329=LINE('',#7248,#533);
#330=LINE('',#7253,#534);
#331=LINE('',#7259,#535);
#332=LINE('',#7263,#536);
#333=LINE('',#7265,#537);
#334=LINE('',#7266,#538);
#335=LINE('',#7269,#539);
#336=LINE('',#7270,#540);
#337=LINE('',#7273,#541);
#338=LINE('',#7274,#542);
#339=LINE('',#7277,#543);
#340=LINE('',#7278,#544);
#341=LINE('',#7280,#545);
#342=LINE('',#7283,#546);
#343=LINE('',#7284,#547);
#344=LINE('',#7286,#548);
#345=LINE('',#7290,#549);
#346=LINE('',#7291,#550);
#347=LINE('',#7292,#551);
#348=LINE('',#7295,#552);
#349=LINE('',#7296,#553);
#350=LINE('',#7299,#554);
#351=LINE('',#7300,#555);
#352=LINE('',#7302,#556);
#353=VECTOR('',#2242,10.);
#354=VECTOR('',#2245,10.);
#355=VECTOR('',#2246,10.);
#356=VECTOR('',#2247,10.);
#357=VECTOR('',#2248,10.);
#358=VECTOR('',#2249,10.);
#359=VECTOR('',#2250,10.);
#360=VECTOR('',#2251,10.);
#361=VECTOR('',#2252,10.);
#362=VECTOR('',#2253,10.);
#363=VECTOR('',#2256,10.);
#364=VECTOR('',#2257,10.);
#365=VECTOR('',#2258,10.);
#366=VECTOR('',#2261,2.73749514029748);
#367=VECTOR('',#2262,10.);
#368=VECTOR('',#2263,2.75663428938758);
#369=VECTOR('',#2264,10.);
#370=VECTOR('',#2265,10.);
#371=VECTOR('',#2268,10.);
#372=VECTOR('',#2269,10.);
#373=VECTOR('',#2270,4.18374296032732);
#374=VECTOR('',#2271,10.);
#375=VECTOR('',#2272,2.75372312576452);
#376=VECTOR('',#2273,10.);
#377=VECTOR('',#2274,10.);
#378=VECTOR('',#2275,0.31657910500978);
#379=VECTOR('',#2276,10.);
#380=VECTOR('',#2277,10.);
#381=VECTOR('',#2278,0.663018127858737);
#382=VECTOR('',#2279,10.);
#383=VECTOR('',#2280,10.);
#384=VECTOR('',#2281,0.32184166005922);
#385=VECTOR('',#2282,10.);
#386=VECTOR('',#2283,10.);
#387=VECTOR('',#2284,10.);
#388=VECTOR('',#2285,4.18354102911827);
#389=VECTOR('',#2286,10.);
#390=VECTOR('',#2287,0.32184166005922);
#391=VECTOR('',#2288,0.663018127851437);
#392=VECTOR('',#2289,10.);
#393=VECTOR('',#2290,10.);
#394=VECTOR('',#2291,0.31657910500973);
#395=VECTOR('',#2292,10.);
#396=VECTOR('',#2293,10.);
#397=VECTOR('',#2294,2.75372312576451);
#398=VECTOR('',#2295,10.);
#399=VECTOR('',#2296,10.);
#400=VECTOR('',#2297,10.);
#401=VECTOR('',#2298,10.);
#402=VECTOR('',#2301,10.);
#403=VECTOR('',#2302,10.);
#404=VECTOR('',#2305,10.);
#405=VECTOR('',#2306,10.);
#406=VECTOR('',#2307,10.);
#407=VECTOR('',#2308,10.);
#408=VECTOR('',#2311,10.);
#409=VECTOR('',#2312,10.);
#410=VECTOR('',#2323,10.);
#411=VECTOR('',#2328,10.);
#412=VECTOR('',#2333,10.);
#413=VECTOR('',#2340,10.);
#414=VECTOR('',#2345,48.0040194436564);
#415=VECTOR('',#2346,10.);
#416=VECTOR('',#2347,50.0235762183136);
#417=VECTOR('',#2352,10.);
#418=VECTOR('',#2353,10.);
#419=VECTOR('',#2354,10.);
#420=VECTOR('',#2355,48.0040194436564);
#421=VECTOR('',#2366,50.0235762183136);
#422=VECTOR('',#2371,10.);
#423=VECTOR('',#2376,10.);
#424=VECTOR('',#2379,10.);
#425=VECTOR('',#2382,10.);
#426=VECTOR('',#2387,10.);
#427=VECTOR('',#2388,10.);
#428=VECTOR('',#2391,10.);
#429=VECTOR('',#2394,10.);
#430=VECTOR('',#2401,10.);
#431=VECTOR('',#2402,10.);
#432=VECTOR('',#2403,10.);
#433=VECTOR('',#2406,10.);
#434=VECTOR('',#2407,10.);
#435=VECTOR('',#2410,10.);
#436=VECTOR('',#2411,10.);
#437=VECTOR('',#2412,10.);
#438=VECTOR('',#2413,10.);
#439=VECTOR('',#2414,10.);
#440=VECTOR('',#2417,10.);
#441=VECTOR('',#2418,10.);
#442=VECTOR('',#2419,10.);
#443=VECTOR('',#2420,10.);
#444=VECTOR('',#2421,10.);
#445=VECTOR('',#2424,10.);
#446=VECTOR('',#2425,10.);
#447=VECTOR('',#2426,10.);
#448=VECTOR('',#2427,10.);
#449=VECTOR('',#2430,10.);
#450=VECTOR('',#2431,10.);
#451=VECTOR('',#2432,10.);
#452=VECTOR('',#2435,10.);
#453=VECTOR('',#2436,10.);
#454=VECTOR('',#2437,10.);
#455=VECTOR('',#2440,10.);
#456=VECTOR('',#2441,10.);
#457=VECTOR('',#2446,2.25);
#458=VECTOR('',#2453,2.25);
#459=VECTOR('',#2458,10.);
#460=VECTOR('',#2459,10.);
#461=VECTOR('',#2460,10.);
#462=VECTOR('',#2461,10.);
#463=VECTOR('',#2464,10.);
#464=VECTOR('',#2465,10.);
#465=VECTOR('',#2466,10.);
#466=VECTOR('',#2469,10.);
#467=VECTOR('',#2470,10.);
#468=VECTOR('',#2471,10.);
#469=VECTOR('',#2474,10.);
#470=VECTOR('',#2475,10.);
#471=VECTOR('',#2476,10.);
#472=VECTOR('',#2477,10.);
#473=VECTOR('',#2478,10.);
#474=VECTOR('',#2479,10.);
#475=VECTOR('',#2480,10.);
#476=VECTOR('',#2481,10.);
#477=VECTOR('',#2484,10.);
#478=VECTOR('',#2489,2.25);
#479=VECTOR('',#2496,2.25);
#480=VECTOR('',#2501,10.);
#481=VECTOR('',#2502,10.);
#482=VECTOR('',#2503,10.);
#483=VECTOR('',#2506,10.);
#484=VECTOR('',#2507,10.);
#485=VECTOR('',#2510,10.);
#486=VECTOR('',#2511,10.);
#487=VECTOR('',#2514,10.);
#488=VECTOR('',#2515,10.);
#489=VECTOR('',#2518,10.);
#490=VECTOR('',#2521,10.);
#491=VECTOR('',#2522,10.);
#492=VECTOR('',#2525,10.);
#493=VECTOR('',#2528,10.);
#494=VECTOR('',#2529,10.);
#495=VECTOR('',#2530,10.);
#496=VECTOR('',#2533,10.);
#497=VECTOR('',#2534,10.);
#498=VECTOR('',#2537,10.);
#499=VECTOR('',#2538,10.);
#500=VECTOR('',#2541,10.);
#501=VECTOR('',#2546,10.);
#502=VECTOR('',#2547,10.);
#503=VECTOR('',#2548,10.);
#504=VECTOR('',#2549,10.);
#505=VECTOR('',#2552,10.);
#506=VECTOR('',#2553,10.);
#507=VECTOR('',#2554,10.);
#508=VECTOR('',#2557,10.);
#509=VECTOR('',#2558,10.);
#510=VECTOR('',#2559,10.);
#511=VECTOR('',#2562,10.);
#512=VECTOR('',#2563,10.);
#513=VECTOR('',#2568,2.25);
#514=VECTOR('',#2575,2.25);
#515=VECTOR('',#2580,10.);
#516=VECTOR('',#2581,10.);
#517=VECTOR('',#2582,10.);
#518=VECTOR('',#2583,10.);
#519=VECTOR('',#2586,10.);
#520=VECTOR('',#2587,10.);
#521=VECTOR('',#2588,10.);
#522=VECTOR('',#2591,10.);
#523=VECTOR('',#2592,10.);
#524=VECTOR('',#2593,10.);
#525=VECTOR('',#2596,10.);
#526=VECTOR('',#2597,10.);
#527=VECTOR('',#2598,10.);
#528=VECTOR('',#2599,10.);
#529=VECTOR('',#2600,10.);
#530=VECTOR('',#2601,10.);
#531=VECTOR('',#2602,10.);
#532=VECTOR('',#2603,10.);
#533=VECTOR('',#2606,10.);
#534=VECTOR('',#2611,2.25);
#535=VECTOR('',#2618,2.25);
#536=VECTOR('',#2623,10.);
#537=VECTOR('',#2624,10.);
#538=VECTOR('',#2625,10.);
#539=VECTOR('',#2628,10.);
#540=VECTOR('',#2629,10.);
#541=VECTOR('',#2632,10.);
#542=VECTOR('',#2633,10.);
#543=VECTOR('',#2636,10.);
#544=VECTOR('',#2637,10.);
#545=VECTOR('',#2640,10.);
#546=VECTOR('',#2643,10.);
#547=VECTOR('',#2644,10.);
#548=VECTOR('',#2647,10.);
#549=VECTOR('',#2650,10.);
#550=VECTOR('',#2651,10.);
#551=VECTOR('',#2652,10.);
#552=VECTOR('',#2655,10.);
#553=VECTOR('',#2656,10.);
#554=VECTOR('',#2659,10.);
#555=VECTOR('',#2660,10.);
#556=VECTOR('',#2663,10.);
#557=FACE_OUTER_BOUND('',#672,.T.);
#558=FACE_OUTER_BOUND('',#673,.T.);
#559=FACE_OUTER_BOUND('',#674,.T.);
#560=FACE_OUTER_BOUND('',#675,.T.);
#561=FACE_OUTER_BOUND('',#676,.T.);
#562=FACE_OUTER_BOUND('',#677,.T.);
#563=FACE_OUTER_BOUND('',#679,.T.);
#564=FACE_OUTER_BOUND('',#680,.T.);
#565=FACE_OUTER_BOUND('',#681,.T.);
#566=FACE_OUTER_BOUND('',#682,.T.);
#567=FACE_OUTER_BOUND('',#683,.T.);
#568=FACE_OUTER_BOUND('',#684,.T.);
#569=FACE_OUTER_BOUND('',#685,.T.);
#570=FACE_OUTER_BOUND('',#686,.T.);
#571=FACE_OUTER_BOUND('',#687,.T.);
#572=FACE_OUTER_BOUND('',#688,.T.);
#573=FACE_OUTER_BOUND('',#689,.T.);
#574=FACE_OUTER_BOUND('',#690,.T.);
#575=FACE_OUTER_BOUND('',#691,.T.);
#576=FACE_OUTER_BOUND('',#692,.T.);
#577=FACE_OUTER_BOUND('',#693,.T.);
#578=FACE_OUTER_BOUND('',#694,.T.);
#579=FACE_OUTER_BOUND('',#695,.T.);
#580=FACE_OUTER_BOUND('',#696,.T.);
#581=FACE_OUTER_BOUND('',#697,.T.);
#582=FACE_OUTER_BOUND('',#698,.T.);
#583=FACE_OUTER_BOUND('',#699,.T.);
#584=FACE_OUTER_BOUND('',#700,.T.);
#585=FACE_OUTER_BOUND('',#701,.T.);
#586=FACE_OUTER_BOUND('',#702,.T.);
#587=FACE_OUTER_BOUND('',#703,.T.);
#588=FACE_OUTER_BOUND('',#704,.T.);
#589=FACE_OUTER_BOUND('',#705,.T.);
#590=FACE_OUTER_BOUND('',#706,.T.);
#591=FACE_OUTER_BOUND('',#707,.T.);
#592=FACE_OUTER_BOUND('',#708,.T.);
#593=FACE_OUTER_BOUND('',#709,.T.);
#594=FACE_OUTER_BOUND('',#710,.T.);
#595=FACE_OUTER_BOUND('',#711,.T.);
#596=FACE_OUTER_BOUND('',#712,.T.);
#597=FACE_OUTER_BOUND('',#714,.T.);
#598=FACE_OUTER_BOUND('',#715,.T.);
#599=FACE_OUTER_BOUND('',#716,.T.);
#600=FACE_OUTER_BOUND('',#717,.T.);
#601=FACE_OUTER_BOUND('',#718,.T.);
#602=FACE_OUTER_BOUND('',#719,.T.);
#603=FACE_OUTER_BOUND('',#720,.T.);
#604=FACE_OUTER_BOUND('',#721,.T.);
#605=FACE_OUTER_BOUND('',#722,.T.);
#606=FACE_OUTER_BOUND('',#723,.T.);
#607=FACE_OUTER_BOUND('',#724,.T.);
#608=FACE_OUTER_BOUND('',#725,.T.);
#609=FACE_OUTER_BOUND('',#726,.T.);
#610=FACE_OUTER_BOUND('',#727,.T.);
#611=FACE_OUTER_BOUND('',#728,.T.);
#612=FACE_OUTER_BOUND('',#729,.T.);
#613=FACE_OUTER_BOUND('',#730,.T.);
#614=FACE_OUTER_BOUND('',#731,.T.);
#615=FACE_OUTER_BOUND('',#732,.T.);
#616=FACE_OUTER_BOUND('',#733,.T.);
#617=FACE_OUTER_BOUND('',#734,.T.);
#618=FACE_OUTER_BOUND('',#735,.T.);
#619=FACE_OUTER_BOUND('',#736,.T.);
#620=FACE_OUTER_BOUND('',#737,.T.);
#621=FACE_OUTER_BOUND('',#738,.T.);
#622=FACE_OUTER_BOUND('',#739,.T.);
#623=FACE_OUTER_BOUND('',#740,.T.);
#624=FACE_OUTER_BOUND('',#741,.T.);
#625=FACE_OUTER_BOUND('',#742,.T.);
#626=FACE_OUTER_BOUND('',#743,.T.);
#627=FACE_OUTER_BOUND('',#744,.T.);
#628=FACE_OUTER_BOUND('',#745,.T.);
#629=FACE_OUTER_BOUND('',#746,.T.);
#630=FACE_OUTER_BOUND('',#749,.T.);
#631=FACE_OUTER_BOUND('',#752,.T.);
#632=FACE_OUTER_BOUND('',#753,.T.);
#633=FACE_OUTER_BOUND('',#755,.T.);
#634=FACE_OUTER_BOUND('',#756,.T.);
#635=FACE_OUTER_BOUND('',#757,.T.);
#636=FACE_OUTER_BOUND('',#758,.T.);
#637=FACE_OUTER_BOUND('',#761,.T.);
#638=FACE_OUTER_BOUND('',#764,.T.);
#639=FACE_OUTER_BOUND('',#765,.T.);
#640=FACE_OUTER_BOUND('',#766,.T.);
#641=FACE_OUTER_BOUND('',#767,.T.);
#642=FACE_OUTER_BOUND('',#768,.T.);
#643=FACE_OUTER_BOUND('',#770,.T.);
#644=FACE_OUTER_BOUND('',#771,.T.);
#645=FACE_OUTER_BOUND('',#772,.T.);
#646=FACE_OUTER_BOUND('',#773,.T.);
#647=FACE_OUTER_BOUND('',#775,.T.);
#648=FACE_OUTER_BOUND('',#776,.T.);
#649=FACE_OUTER_BOUND('',#777,.T.);
#650=FACE_OUTER_BOUND('',#778,.T.);
#651=FACE_OUTER_BOUND('',#779,.T.);
#652=FACE_OUTER_BOUND('',#780,.T.);
#653=FACE_OUTER_BOUND('',#781,.T.);
#654=FACE_OUTER_BOUND('',#782,.T.);
#655=FACE_OUTER_BOUND('',#785,.T.);
#656=FACE_OUTER_BOUND('',#788,.T.);
#657=FACE_OUTER_BOUND('',#789,.T.);
#658=FACE_OUTER_BOUND('',#791,.T.);
#659=FACE_OUTER_BOUND('',#792,.T.);
#660=FACE_OUTER_BOUND('',#793,.T.);
#661=FACE_OUTER_BOUND('',#794,.T.);
#662=FACE_OUTER_BOUND('',#797,.T.);
#663=FACE_OUTER_BOUND('',#800,.T.);
#664=FACE_OUTER_BOUND('',#801,.T.);
#665=FACE_OUTER_BOUND('',#802,.T.);
#666=FACE_OUTER_BOUND('',#803,.T.);
#667=FACE_OUTER_BOUND('',#804,.T.);
#668=FACE_OUTER_BOUND('',#806,.T.);
#669=FACE_OUTER_BOUND('',#807,.T.);
#670=FACE_OUTER_BOUND('',#808,.T.);
#671=FACE_OUTER_BOUND('',#809,.T.);
#672=EDGE_LOOP('',(#1362,#1363,#1364,#1365));
#673=EDGE_LOOP('',(#1366,#1367,#1368,#1369,#1370,#1371,#1372,#1373,#1374,
#1375,#1376,#1377,#1378,#1379,#1380,#1381));
#674=EDGE_LOOP('',(#1382,#1383,#1384,#1385));
#675=EDGE_LOOP('',(#1386,#1387,#1388,#1389,#1390,#1391,#1392,#1393,#1394,
#1395,#1396,#1397,#1398));
#676=EDGE_LOOP('',(#1399,#1400,#1401,#1402));
#677=EDGE_LOOP('',(#1403));
#678=EDGE_LOOP('',(#1404));
#679=EDGE_LOOP('',(#1405,#1406,#1407));
#680=EDGE_LOOP('',(#1408,#1409,#1410,#1411,#1412));
#681=EDGE_LOOP('',(#1413,#1414,#1415,#1416));
#682=EDGE_LOOP('',(#1417,#1418,#1419,#1420,#1421));
#683=EDGE_LOOP('',(#1422,#1423,#1424,#1425,#1426));
#684=EDGE_LOOP('',(#1427,#1428,#1429,#1430,#1431));
#685=EDGE_LOOP('',(#1432,#1433,#1434,#1435,#1436));
#686=EDGE_LOOP('',(#1437,#1438,#1439,#1440));
#687=EDGE_LOOP('',(#1441,#1442,#1443));
#688=EDGE_LOOP('',(#1444,#1445,#1446,#1447,#1448,#1449));
#689=EDGE_LOOP('',(#1450,#1451,#1452,#1453,#1454));
#690=EDGE_LOOP('',(#1455,#1456,#1457,#1458,#1459));
#691=EDGE_LOOP('',(#1460,#1461,#1462,#1463,#1464));
#692=EDGE_LOOP('',(#1465,#1466,#1467,#1468,#1469));
#693=EDGE_LOOP('',(#1470,#1471,#1472,#1473));
#694=EDGE_LOOP('',(#1474,#1475,#1476,#1477,#1478));
#695=EDGE_LOOP('',(#1479,#1480,#1481,#1482));
#696=EDGE_LOOP('',(#1483,#1484,#1485,#1486));
#697=EDGE_LOOP('',(#1487,#1488,#1489,#1490,#1491,#1492,#1493,#1494,#1495,
#1496,#1497,#1498,#1499));
#698=EDGE_LOOP('',(#1500,#1501,#1502,#1503,#1504,#1505));
#699=EDGE_LOOP('',(#1506,#1507,#1508,#1509,#1510,#1511));
#700=EDGE_LOOP('',(#1512,#1513,#1514,#1515));
#701=EDGE_LOOP('',(#1516,#1517,#1518));
#702=EDGE_LOOP('',(#1519,#1520,#1521,#1522,#1523));
#703=EDGE_LOOP('',(#1524,#1525,#1526,#1527));
#704=EDGE_LOOP('',(#1528,#1529,#1530));
#705=EDGE_LOOP('',(#1531,#1532,#1533,#1534,#1535));
#706=EDGE_LOOP('',(#1536,#1537,#1538,#1539));
#707=EDGE_LOOP('',(#1540,#1541,#1542));
#708=EDGE_LOOP('',(#1543,#1544,#1545,#1546));
#709=EDGE_LOOP('',(#1547,#1548,#1549));
#710=EDGE_LOOP('',(#1550,#1551,#1552,#1553,#1554,#1555,#1556,#1557));
#711=EDGE_LOOP('',(#1558,#1559,#1560,#1561,#1562,#1563,#1564,#1565,#1566,
#1567,#1568,#1569,#1570));
#712=EDGE_LOOP('',(#1571));
#713=EDGE_LOOP('',(#1572,#1573,#1574,#1575));
#714=EDGE_LOOP('',(#1576,#1577,#1578,#1579));
#715=EDGE_LOOP('',(#1580,#1581,#1582,#1583));
#716=EDGE_LOOP('',(#1584,#1585,#1586,#1587));
#717=EDGE_LOOP('',(#1588,#1589,#1590,#1591));
#718=EDGE_LOOP('',(#1592,#1593,#1594,#1595));
#719=EDGE_LOOP('',(#1596,#1597,#1598,#1599));
#720=EDGE_LOOP('',(#1600,#1601,#1602,#1603));
#721=EDGE_LOOP('',(#1604,#1605,#1606,#1607));
#722=EDGE_LOOP('',(#1608,#1609,#1610,#1611));
#723=EDGE_LOOP('',(#1612,#1613,#1614,#1615,#1616));
#724=EDGE_LOOP('',(#1617,#1618,#1619,#1620,#1621));
#725=EDGE_LOOP('',(#1622,#1623,#1624));
#726=EDGE_LOOP('',(#1625,#1626,#1627,#1628,#1629,#1630));
#727=EDGE_LOOP('',(#1631,#1632,#1633,#1634));
#728=EDGE_LOOP('',(#1635,#1636,#1637,#1638));
#729=EDGE_LOOP('',(#1639,#1640,#1641,#1642));
#730=EDGE_LOOP('',(#1643,#1644,#1645,#1646));
#731=EDGE_LOOP('',(#1647,#1648,#1649));
#732=EDGE_LOOP('',(#1650,#1651,#1652,#1653,#1654,#1655));
#733=EDGE_LOOP('',(#1656,#1657,#1658,#1659,#1660));
#734=EDGE_LOOP('',(#1661,#1662,#1663,#1664));
#735=EDGE_LOOP('',(#1665,#1666,#1667,#1668));
#736=EDGE_LOOP('',(#1669,#1670,#1671,#1672,#1673));
#737=EDGE_LOOP('',(#1674,#1675,#1676,#1677));
#738=EDGE_LOOP('',(#1678,#1679,#1680,#1681));
#739=EDGE_LOOP('',(#1682,#1683,#1684,#1685));
#740=EDGE_LOOP('',(#1686,#1687,#1688,#1689));
#741=EDGE_LOOP('',(#1690,#1691,#1692,#1693));
#742=EDGE_LOOP('',(#1694,#1695,#1696,#1697));
#743=EDGE_LOOP('',(#1698,#1699,#1700,#1701));
#744=EDGE_LOOP('',(#1702,#1703,#1704,#1705));
#745=EDGE_LOOP('',(#1706,#1707,#1708,#1709));
#746=EDGE_LOOP('',(#1710,#1711,#1712,#1713));
#747=EDGE_LOOP('',(#1714));
#748=EDGE_LOOP('',(#1715));
#749=EDGE_LOOP('',(#1716,#1717,#1718,#1719));
#750=EDGE_LOOP('',(#1720));
#751=EDGE_LOOP('',(#1721));
#752=EDGE_LOOP('',(#1722,#1723,#1724,#1725,#1726,#1727,#1728,#1729,#1730,
#1731,#1732,#1733,#1734));
#753=EDGE_LOOP('',(#1735,#1736,#1737,#1738));
#754=EDGE_LOOP('',(#1739,#1740,#1741,#1742));
#755=EDGE_LOOP('',(#1743,#1744,#1745,#1746));
#756=EDGE_LOOP('',(#1747,#1748,#1749,#1750));
#757=EDGE_LOOP('',(#1751,#1752,#1753,#1754));
#758=EDGE_LOOP('',(#1755,#1756,#1757,#1758));
#759=EDGE_LOOP('',(#1759));
#760=EDGE_LOOP('',(#1760));
#761=EDGE_LOOP('',(#1761,#1762,#1763,#1764));
#762=EDGE_LOOP('',(#1765));
#763=EDGE_LOOP('',(#1766));
#764=EDGE_LOOP('',(#1767,#1768,#1769,#1770));
#765=EDGE_LOOP('',(#1771,#1772,#1773,#1774));
#766=EDGE_LOOP('',(#1775,#1776,#1777,#1778,#1779,#1780,#1781,#1782,#1783,
#1784,#1785,#1786,#1787));
#767=EDGE_LOOP('',(#1788,#1789,#1790,#1791));
#768=EDGE_LOOP('',(#1792,#1793,#1794,#1795));
#769=EDGE_LOOP('',(#1796,#1797,#1798,#1799));
#770=EDGE_LOOP('',(#1800,#1801,#1802,#1803,#1804));
#771=EDGE_LOOP('',(#1805,#1806,#1807,#1808));
#772=EDGE_LOOP('',(#1809,#1810,#1811,#1812,#1813));
#773=EDGE_LOOP('',(#1814,#1815,#1816,#1817));
#774=EDGE_LOOP('',(#1818,#1819,#1820,#1821));
#775=EDGE_LOOP('',(#1822,#1823,#1824,#1825));
#776=EDGE_LOOP('',(#1826,#1827,#1828,#1829));
#777=EDGE_LOOP('',(#1830,#1831,#1832,#1833));
#778=EDGE_LOOP('',(#1834,#1835,#1836,#1837));
#779=EDGE_LOOP('',(#1838,#1839,#1840,#1841));
#780=EDGE_LOOP('',(#1842,#1843,#1844,#1845));
#781=EDGE_LOOP('',(#1846,#1847,#1848,#1849));
#782=EDGE_LOOP('',(#1850,#1851,#1852,#1853));
#783=EDGE_LOOP('',(#1854));
#784=EDGE_LOOP('',(#1855));
#785=EDGE_LOOP('',(#1856,#1857,#1858,#1859));
#786=EDGE_LOOP('',(#1860));
#787=EDGE_LOOP('',(#1861));
#788=EDGE_LOOP('',(#1862,#1863,#1864,#1865,#1866,#1867,#1868,#1869,#1870,
#1871,#1872,#1873,#1874));
#789=EDGE_LOOP('',(#1875,#1876,#1877,#1878));
#790=EDGE_LOOP('',(#1879,#1880,#1881,#1882));
#791=EDGE_LOOP('',(#1883,#1884,#1885,#1886));
#792=EDGE_LOOP('',(#1887,#1888,#1889,#1890));
#793=EDGE_LOOP('',(#1891,#1892,#1893,#1894));
#794=EDGE_LOOP('',(#1895,#1896,#1897,#1898));
#795=EDGE_LOOP('',(#1899));
#796=EDGE_LOOP('',(#1900));
#797=EDGE_LOOP('',(#1901,#1902,#1903,#1904));
#798=EDGE_LOOP('',(#1905));
#799=EDGE_LOOP('',(#1906));
#800=EDGE_LOOP('',(#1907,#1908,#1909,#1910));
#801=EDGE_LOOP('',(#1911,#1912,#1913,#1914));
#802=EDGE_LOOP('',(#1915,#1916,#1917,#1918,#1919,#1920,#1921,#1922,#1923,
#1924,#1925,#1926,#1927));
#803=EDGE_LOOP('',(#1928,#1929,#1930,#1931));
#804=EDGE_LOOP('',(#1932,#1933,#1934,#1935));
#805=EDGE_LOOP('',(#1936,#1937,#1938,#1939));
#806=EDGE_LOOP('',(#1940,#1941,#1942,#1943,#1944));
#807=EDGE_LOOP('',(#1945,#1946,#1947,#1948));
#808=EDGE_LOOP('',(#1949,#1950,#1951,#1952,#1953));
#809=EDGE_LOOP('',(#1954,#1955,#1956,#1957));
#810=EDGE_LOOP('',(#1958,#1959,#1960,#1961));
#811=B_SPLINE_CURVE_WITH_KNOTS('',3,(#2697,#2698,#2699,#2700,#2701,#2702),
 .UNSPECIFIED.,.F.,.F.,(4,2,4),(0.0551717551140856,2.82258699254093,10.3915420926761),
 .UNSPECIFIED.);
#812=B_SPLINE_CURVE_WITH_KNOTS('',3,(#2704,#2705,#2706,#2707),
 .UNSPECIFIED.,.F.,.F.,(4,4),(0.050003928014811,3.03272885937186),
 .UNSPECIFIED.);
#813=B_SPLINE_CURVE_WITH_KNOTS('',3,(#2709,#2710,#2711,#2712,#2713,#2714),
 .UNSPECIFIED.,.F.,.F.,(4,2,4),(0.121818007457218,5.95710612037134,12.2271943727126),
 .UNSPECIFIED.);
#814=B_SPLINE_CURVE_WITH_KNOTS('',3,(#2715,#2716,#2717,#2718,#2719,#2720,
#2721),.UNSPECIFIED.,.F.,.F.,(4,1,2,4),(0.894088010931964,0.90631010416696,
0.924643244019453,0.968719774332951),.UNSPECIFIED.);
#815=B_SPLINE_CURVE_WITH_KNOTS('',3,(#2976,#2977,#2978,#2979,#2980,#2981,
#2982,#2983,#2984,#2985),.UNSPECIFIED.,.F.,.F.,(4,2,2,2,4),(0.0574043469669064,
0.392579099731759,5.63007897685914,8.06962488115788,10.6743403642356),
 .UNSPECIFIED.);
#816=B_SPLINE_CURVE_WITH_KNOTS('',3,(#2987,#2988,#2989,#2990,#2991),
 .UNSPECIFIED.,.F.,.F.,(4,1,4),(0.110920832249286,0.112754998644001,0.125221079531819),
 .UNSPECIFIED.);
#817=B_SPLINE_CURVE_WITH_KNOTS('',3,(#2993,#2994,#2995,#2996,#2997,#2998,
#2999,#3000,#3001,#3002,#3003,#3004,#3005,#3006,#3007,#3008),
 .UNSPECIFIED.,.F.,.F.,(4,2,1,1,1,2,1,2,1,1,4),(0.125221079531819,0.136909216037127,
0.158574283381534,0.180239350725942,0.201904418070349,0.223569485414756,
0.273524723069246,0.323479960723736,0.341882957575341,0.351084456001144,
0.360285954426946),.UNSPECIFIED.);
#818=B_SPLINE_CURVE_WITH_KNOTS('',3,(#3010,#3011,#3012,#3013,#3014,#3015,
#3016,#3017,#3018,#3019,#3020,#3021,#3022,#3023,#3024,#3025,#3026,#3027,
#3028,#3029,#3030),.UNSPECIFIED.,.F.,.F.,(4,1,1,1,2,1,1,2,1,1,1,2,1,1,1,
4),(0.360285954426946,0.369823974549222,0.379361994671498,0.388900014793774,
0.39843803491605,0.411133280551543,0.423828526187037,0.5,0.576171473812963,
0.588866719448456,0.595214342266203,0.60156196508395,0.611099985206226,
0.620638005328502,0.630176025450778,0.639714045573054),.UNSPECIFIED.);
#819=B_SPLINE_CURVE_WITH_KNOTS('',3,(#3032,#3033,#3034,#3035,#3036,#3037,
#3038,#3039,#3040,#3041,#3042,#3043,#3044,#3045,#3046,#3047),
 .UNSPECIFIED.,.F.,.F.,(4,1,1,2,1,2,1,1,1,2,4),(0.639714045573054,0.648915543998856,
0.658117042424659,0.676520039276264,0.726475276930754,0.776430514585244,
0.798095581929651,0.819760649274059,0.841425716618466,0.863090783962873,
0.874778920468181),.UNSPECIFIED.);
#820=B_SPLINE_CURVE_WITH_KNOTS('',3,(#3049,#3050,#3051,#3052,#3053),
 .UNSPECIFIED.,.F.,.F.,(4,1,4),(0.874778920468181,0.887245001355999,0.889079167750714),
 .UNSPECIFIED.);
#821=B_SPLINE_CURVE_WITH_KNOTS('',3,(#3055,#3056,#3057,#3058,#3059,#3060,
#3061,#3062,#3063,#3064),.UNSPECIFIED.,.F.,.F.,(4,2,2,2,4),(0.0574043469669064,
0.392579099731759,5.63007897685914,8.06962488115788,10.6743403642356),
 .UNSPECIFIED.);
#822=B_SPLINE_CURVE_WITH_KNOTS('',3,(#3066,#3067,#3068,#3069),
 .UNSPECIFIED.,.F.,.F.,(4,4),(0.0500171442884317,3.43365998462148),
 .UNSPECIFIED.);
#823=B_SPLINE_CURVE_WITH_KNOTS('',3,(#3071,#3072,#3073,#3074,#3075,#3076,
#3077,#3078),.UNSPECIFIED.,.F.,.F.,(4,2,2,4),(0.119655124176358,7.33474798533355,
11.3615606904846,15.1780522910385),.UNSPECIFIED.);
#824=B_SPLINE_CURVE_WITH_KNOTS('',3,(#3080,#3081,#3082,#3083),
 .UNSPECIFIED.,.F.,.F.,(4,4),(0.973728617514224,1.),.UNSPECIFIED.);
#825=B_SPLINE_CURVE_WITH_KNOTS('',3,(#3086,#3087,#3088,#3089,#3090,#3091,
#3092,#3093,#3094,#3095,#3096,#3097,#3098,#3099,#3100,#3101,#3102,#3103,
#3104,#3105,#3106,#3107,#3108,#3109,#3110,#3111,#3112,#3113,#3114,#3115,
#3116,#3117,#3118,#3119,#3120,#3121,#3122,#3123,#3124,#3125,#3126,#3127,
#3128,#3129,#3130,#3131,#3132,#3133,#3134,#3135,#3136,#3137,#3138,#3139,
#3140,#3141,#3142,#3143,#3144,#3145,#3146,#3147,#3148,#3149,#3150,#3151,
#3152,#3153,#3154,#3155,#3156,#3157,#3158,#3159,#3160,#3161,#3162,#3163,
#3164,#3165,#3166,#3167,#3168,#3169,#3170,#3171,#3172,#3173,#3174,#3175,
#3176,#3177,#3178,#3179,#3180,#3181,#3182,#3183,#3184,#3185,#3186,#3187,
#3188,#3189,#3190,#3191,#3192,#3193,#3194,#3195,#3196,#3197,#3198,#3199,
#3200,#3201,#3202,#3203,#3204,#3205,#3206,#3207,#3208,#3209,#3210,#3211,
#3212,#3213,#3214,#3215,#3216,#3217,#3218,#3219,#3220,#3221),
 .UNSPECIFIED.,.T.,.F.,(4,3,3,3,3,3,3,3,3,3,3,3,3,3,3,3,3,3,3,3,3,3,3,3,
3,3,3,3,3,3,3,3,3,3,3,3,3,3,3,3,3,3,3,3,3,4),(-6.57514160107056,22.9541211373037,
27.839073694832,32.7240262523603,37.6089788098886,42.4939313674168,47.0740390073516,
55.5637020446342,64.0533650819169,72.5430281191995,81.0326911564821,100.60812694406,
120.183562731638,127.394952369281,131.000647188102,134.606342006924,138.343906058477,
142.081470110031,145.819034161585,149.556598213138,152.043974686692,154.531351160246,
159.506104107353,189.354621789999,219.203139472645,224.177892419752,229.15264536686,
232.890209418413,236.627773469967,240.365337521521,244.102901573074,247.708596391896,
251.314291210717,258.52568084836,278.101116635938,297.676552423516,306.166215460798,
314.655878498081,323.145541535364,331.635204572646,336.215312212581,341.100264770109,
345.985217327638,350.870169885166,355.755122442694,385.284385181067),
 .UNSPECIFIED.);
#826=B_SPLINE_CURVE_WITH_KNOTS('',3,(#3223,#3224,#3225,#3226),
 .UNSPECIFIED.,.F.,.F.,(4,4),(0.,0.0262713824857757),.UNSPECIFIED.);
#827=B_SPLINE_CURVE_WITH_KNOTS('',3,(#3228,#3229,#3230,#3231,#3232,#3233,
#3234,#3235),.UNSPECIFIED.,.F.,.F.,(4,2,2,4),(0.119655124176358,7.33474798533355,
11.3615606904846,15.1780522910385),.UNSPECIFIED.);
#828=B_SPLINE_CURVE_WITH_KNOTS('',3,(#3236,#3237,#3238,#3239),
 .UNSPECIFIED.,.F.,.F.,(4,4),(0.0500171442884317,3.43365998462148),
 .UNSPECIFIED.);
#829=B_SPLINE_CURVE_WITH_KNOTS('',3,(#3270,#3271,#3272,#3273,#3274,#3275),
 .UNSPECIFIED.,.F.,.F.,(4,2,4),(0.121818007457218,5.95710612037134,12.2271943727126),
 .UNSPECIFIED.);
#830=B_SPLINE_CURVE_WITH_KNOTS('',3,(#3277,#3278,#3279,#3280),
 .UNSPECIFIED.,.F.,.F.,(4,4),(0.050003928014811,3.03272885937185),
 .UNSPECIFIED.);
#831=B_SPLINE_CURVE_WITH_KNOTS('',3,(#3282,#3283,#3284,#3285,#3286,#3287),
 .UNSPECIFIED.,.F.,.F.,(4,2,4),(0.0551717551140856,2.82258699254093,10.3915420926761),
 .UNSPECIFIED.);
#832=B_SPLINE_CURVE_WITH_KNOTS('',3,(#3288,#3289,#3290,#3291,#3292,#3293,
#3294),.UNSPECIFIED.,.F.,.F.,(4,2,1,4),(0.0312802256670485,0.0753567559805471,
0.0875788492155427,0.105911989068036),.UNSPECIFIED.);
#833=B_SPLINE_CURVE_WITH_KNOTS('',3,(#3319,#3320,#3321,#3322,#3323,#3324,
#3325,#3326,#3327,#3328,#3329,#3330,#3331,#3332,#3333,#3334,#3335,#3336,
#3337,#3338,#3339,#3340,#3341,#3342,#3343,#3344,#3345,#3346,#3347,#3348,
#3349,#3350,#3351,#3352,#3353,#3354,#3355,#3356,#3357,#3358,#3359,#3360,
#3361,#3362,#3363,#3364,#3365,#3366,#3367,#3368,#3369,#3370,#3371,#3372,
#3373,#3374,#3375,#3376,#3377,#3378,#3379,#3380,#3381,#3382,#3383,#3384,
#3385,#3386,#3387,#3388,#3389,#3390,#3391,#3392,#3393,#3394,#3395,#3396,
#3397,#3398,#3399,#3400,#3401,#3402,#3403,#3404,#3405,#3406,#3407,#3408,
#3409,#3410,#3411,#3412,#3413,#3414,#3415,#3416,#3417,#3418,#3419,#3420,
#3421,#3422,#3423,#3424,#3425,#3426,#3427,#3428,#3429,#3430,#3431,#3432,
#3433,#3434,#3435,#3436,#3437,#3438,#3439,#3440,#3441,#3442,#3443,#3444,
#3445,#3446,#3447,#3448,#3449,#3450,#3451,#3452,#3453,#3454,#3455,#3456,
#3457,#3458,#3459,#3460,#3461,#3462,#3463,#3464,#3465,#3466,#3467,#3468,
#3469,#3470,#3471,#3472,#3473,#3474,#3475,#3476,#3477,#3478,#3479,#3480,
#3481,#3482,#3483,#3484,#3485,#3486,#3487,#3488,#3489,#3490,#3491,#3492,
#3493,#3494,#3495,#3496,#3497,#3498,#3499,#3500,#3501,#3502,#3503,#3504,
#3505,#3506,#3507,#3508,#3509,#3510,#3511,#3512,#3513,#3514,#3515,#3516,
#3517,#3518,#3519,#3520,#3521,#3522,#3523,#3524,#3525,#3526,#3527,#3528,
#3529,#3530,#3531,#3532,#3533,#3534,#3535,#3536,#3537,#3538,#3539,#3540,
#3541,#3542,#3543,#3544,#3545,#3546,#3547,#3548,#3549,#3550,#3551,#3552,
#3553,#3554,#3555,#3556,#3557,#3558,#3559,#3560,#3561,#3562,#3563,#3564,
#3565,#3566,#3567,#3568,#3569,#3570,#3571,#3572,#3573,#3574,#3575,#3576,
#3577,#3578,#3579,#3580,#3581,#3582,#3583,#3584,#3585,#3586,#3587,#3588,
#3589,#3590,#3591,#3592,#3593,#3594,#3595,#3596,#3597,#3598,#3599,#3600,
#3601,#3602,#3603,#3604,#3605,#3606,#3607,#3608,#3609,#3610,#3611,#3612,
#3613,#3614,#3615,#3616,#3617,#3618,#3619,#3620,#3621,#3622),
 .UNSPECIFIED.,.T.,.F.,(4,3,3,3,3,3,3,3,3,3,3,3,3,3,3,3,3,3,3,3,3,3,3,3,
3,3,3,3,3,3,3,3,3,3,3,3,3,3,3,3,3,3,3,3,3,3,3,3,3,3,3,3,3,3,3,3,3,3,3,3,
3,3,3,3,3,3,3,3,3,3,3,3,3,3,3,3,3,3,3,3,3,3,3,3,3,3,3,3,3,3,3,3,3,3,3,3,
3,3,3,3,3,4),(-263.268942398545,-260.000905139446,-257.321814782512,-255.982269604045,
-255.312497014812,-254.977610720195,-254.790034669421,-254.676060171241,
-254.642724425578,-254.544432580783,-254.466838656879,-254.046300220888,
-253.339227119845,-252.689402554549,-252.294585212052,-252.141042920286,
-252.010770580408,-251.773079765775,-251.692964950921,-251.204785879703,
-246.504766875813,-245.329762124841,-244.816259916647,-244.539528439381,
-243.172138155652,-242.289465452911,-241.804747871924,-241.073925395997,
-237.512436071362,-234.7177670349,-233.09473703675,-232.31000502174,-231.745012448779,
-231.352148777071,-228.225647042299,-226.778705377133,-217.159169157326,
-206.428819372381,-197.380402786724,-192.856194493895,-190.594090347481,
-189.319711052758,-188.331986201067,-187.771091341449,-185.386877767678,
-173.843723852243,-154.195140059071,-136.548083941134,-121.768466783603,
-116.512387493853,-103.326563471476,-95.04037606474,-73.5563112959624,-62.8142789115736,
-57.4432627193792,-54.757754623282,-53.4150005752334,-52.7436235512091,
-52.2963780248928,-52.0722465271848,-51.2578934657877,-50.76247177915,-49.5352877389241,
-47.3272520880437,-46.8586705025747,-45.1440349934514,-43.979748555143,
-43.6418913420732,-43.3933007398,-42.8154621168346,-42.3278066030032,-41.5807457052045,
-37.4297286863662,-35.3542201769471,-33.979221437116,-33.278711667528,-31.736472439096,
-31.1570084003696,-30.8012420267755,-19.7020630196956,-18.8030528802612,
-18.087087686594,-13.3449858496048,-10.9739349311103,-9.78840947186299,
-9.19564674223934,-8.86865015459793,-8.66030301890948,-8.6028840126157,
-8.43246086568939,-8.25719443922693,-7.45616033021186,-7.3969435573927,
-6.08047697696953,-4.81673351780171,-3.89163264227006,-3.64623756965691,
-2.96653176673842,-2.6723323717285,-2.10840234095449,-5.6843418860808E-13,
6.61967328343087),.UNSPECIFIED.);
#834=B_SPLINE_CURVE_WITH_KNOTS('',3,(#3641,#3642,#3643,#3644,#3645,#3646,
#3647,#3648),.UNSPECIFIED.,.F.,.F.,(4,2,2,4),(-0.00127046588599998,0.,0.135658137459486,
0.272509332752266),.UNSPECIFIED.);
#835=B_SPLINE_CURVE_WITH_KNOTS('',3,(#3650,#3651,#3652,#3653),
 .UNSPECIFIED.,.F.,.F.,(4,4),(0.0427837474430223,0.0435704092679765),
 .UNSPECIFIED.);
#836=B_SPLINE_CURVE_WITH_KNOTS('',3,(#3733,#3734,#3735,#3736,#3737,#3738,
#3739,#3740,#3741,#3742,#3743,#3744,#3745,#3746,#3747,#3748,#3749,#3750,
#3751,#3752,#3753,#3754,#3755,#3756,#3757,#3758,#3759,#3760,#3761,#3762,
#3763,#3764,#3765,#3766,#3767,#3768,#3769,#3770,#3771,#3772,#3773,#3774,
#3775,#3776,#3777,#3778),.UNSPECIFIED.,.F.,.F.,(4,3,3,3,3,3,3,3,3,3,3,3,
3,3,3,4),(-2.56505250067507,-2.47459146711822,-2.38413043356137,-2.20320836644766,
-2.15797784966923,-2.11274733289081,-2.02228629933395,-1.9318252657771,
-1.84136423222025,-1.66044216510654,-1.56998113154969,-1.52475061477126,
-1.47952009799283,-1.11767596376542,-0.755831829538008,-0.0321435610831835),
 .UNSPECIFIED.);
#837=B_SPLINE_CURVE_WITH_KNOTS('',3,(#3843,#3844,#3845,#3846,#3847,#3848,
#3849,#3850,#3851,#3852,#3853,#3854,#3855,#3856,#3857,#3858,#3859,#3860,
#3861,#3862,#3863,#3864,#3865,#3866,#3867,#3868,#3869,#3870,#3871,#3872,
#3873),.UNSPECIFIED.,.F.,.F.,(4,3,3,3,3,3,3,3,3,3,4),(-4.01508298722106,
-3.5688523938155,-3.12262180040994,-2.67639120700438,-2.23016061359882,
-1.78393002019325,-1.56081472349047,-1.44925707513908,-1.33769942678769,
-1.11458413008491,-0.891468833382131),.UNSPECIFIED.);
#838=B_SPLINE_CURVE_WITH_KNOTS('',3,(#3896,#3897,#3898,#3899,#3900,#3901),
 .UNSPECIFIED.,.F.,.F.,(4,2,4),(-0.701408181111356,-0.350638535199696,0.),
 .UNSPECIFIED.);
#839=B_SPLINE_CURVE_WITH_KNOTS('',3,(#3956,#3957,#3958,#3959,#3960,#3961,
#3962,#3963,#3964,#3965,#3966,#3967,#3968,#3969,#3970,#3971,#3972,#3973,
#3974,#3975,#3976,#3977,#3978,#3979,#3980,#3981,#3982,#3983),
 .UNSPECIFIED.,.F.,.F.,(4,3,3,3,3,3,3,3,3,4),(-2.60095752255065,-2.22939216218627,
-1.6720441216397,-1.57915278154861,-1.48626144145752,-1.11469608109314,
-0.928913400910947,-0.743130720728758,-0.371565360364379,0.),
 .UNSPECIFIED.);
#840=B_SPLINE_CURVE_WITH_KNOTS('',3,(#4026,#4027,#4028,#4029,#4030,#4031,
#4032,#4033,#4034,#4035,#4036,#4037,#4038,#4039,#4040,#4041,#4042,#4043,
#4044),.UNSPECIFIED.,.F.,.F.,(4,3,3,3,3,3,4),(-2.5586255220221,-2.19310759030466,
-1.46207172686977,-1.09655379515233,-0.731035863434886,-0.365517931717443,
0.),.UNSPECIFIED.);
#841=B_SPLINE_CURVE_WITH_KNOTS('',3,(#4064,#4065,#4066,#4067),
 .UNSPECIFIED.,.F.,.F.,(4,4),(0.0435704092679765,1.),.UNSPECIFIED.);
#842=B_SPLINE_CURVE_WITH_KNOTS('',3,(#4068,#4069,#4070,#4071),
 .UNSPECIFIED.,.F.,.F.,(4,4),(-1.,0.),.UNSPECIFIED.);
#843=B_SPLINE_CURVE_WITH_KNOTS('',3,(#4089,#4090,#4091,#4092,#4093,#4094,
#4095,#4096,#4097,#4098),.UNSPECIFIED.,.F.,.F.,(4,3,3,4),(-0.00127748852239673,
0.,0.136689212679415,0.274105217802058),.UNSPECIFIED.);
#844=B_SPLINE_CURVE_WITH_KNOTS('',3,(#4099,#4100,#4101,#4102),
 .UNSPECIFIED.,.F.,.F.,(4,4),(-0.987682978858937,-0.987116154942142),
 .UNSPECIFIED.);
#845=B_SPLINE_CURVE_WITH_KNOTS('',3,(#4157,#4158,#4159,#4160,#4161,#4162,
#4163,#4164,#4165,#4166,#4167,#4168,#4169,#4170,#4171,#4172,#4173,#4174,
#4175,#4176,#4177,#4178,#4179,#4180,#4181,#4182,#4183,#4184),
 .UNSPECIFIED.,.F.,.F.,(4,3,3,3,3,3,3,3,3,4),(-3.53676428719766,-3.18839073678819,
-2.80548400978221,-2.42257728277624,-2.03967055577027,-1.84821719226729,
-1.75249051051579,-1.6567638287643,-1.27385710175833,-0.890950374752357),
 .UNSPECIFIED.);
#846=B_SPLINE_CURVE_WITH_KNOTS('',3,(#4221,#4222,#4223,#4224,#4225,#4226,
#4227,#4228,#4229,#4230,#4231,#4232,#4233,#4234,#4235,#4236),
 .UNSPECIFIED.,.F.,.F.,(4,3,3,3,3,4),(-2.36152279431506,-1.34944159675146,
-1.0120811975636,-0.674720798375731,-0.337360399187866,0.),
 .UNSPECIFIED.);
#847=B_SPLINE_CURVE_WITH_KNOTS('',3,(#4287,#4288,#4289,#4290,#4291,#4292,
#4293,#4294,#4295,#4296,#4297,#4298,#4299,#4300,#4301,#4302,#4303,#4304,
#4305,#4306,#4307,#4308,#4309,#4310,#4311),.UNSPECIFIED.,.F.,.F.,(4,3,3,
3,3,3,3,3,4),(-2.42398710938515,-2.07770323661585,-1.55827742746188,-1.38513549107723,
-1.03885161830792,-0.952280650115596,-0.692567745538616,-0.346283872769308,
0.),.UNSPECIFIED.);
#848=B_SPLINE_CURVE_WITH_KNOTS('',3,(#4334,#4335,#4336,#4337,#4338,#4339),
 .UNSPECIFIED.,.F.,.F.,(4,2,4),(-0.701408181093994,-0.350620497912561,0.),
 .UNSPECIFIED.);
#849=B_SPLINE_CURVE_WITH_KNOTS('',3,(#4382,#4383,#4384,#4385,#4386,#4387,
#4388,#4389,#4390,#4391,#4392,#4393,#4394,#4395,#4396,#4397,#4398,#4399,
#4400),.UNSPECIFIED.,.F.,.F.,(4,3,3,3,3,3,4),(-2.378241961045,-2.20836753525607,
-2.03849310946714,-1.69874425788928,-1.35899540631143,-1.01924655473357,
0.),.UNSPECIFIED.);
#850=B_SPLINE_CURVE_WITH_KNOTS('',3,(#4498,#4499,#4500,#4501,#4502,#4503,
#4504,#4505,#4506,#4507),.UNSPECIFIED.,.F.,.F.,(4,1,1,1,1,1,1,4),(0.,0.142857142857143,
0.285714285714286,0.428571428571429,0.571428571428571,0.714285714285714,
0.857142857142857,1.),.UNSPECIFIED.);
#851=B_SPLINE_CURVE_WITH_KNOTS('',3,(#4625,#4626,#4627,#4628,#4629,#4630,
#4631,#4632,#4633,#4634),.UNSPECIFIED.,.F.,.F.,(4,1,1,1,1,1,1,4),(-1.,-0.857142857142857,
-0.714285714285714,-0.571428571428571,-0.428571428571429,-0.285714285714286,
-0.142857142857143,0.),.UNSPECIFIED.);
#852=B_SPLINE_CURVE_WITH_KNOTS('',3,(#4702,#4703,#4704,#4705,#4706,#4707,
#4708,#4709,#4710,#4711,#4712,#4713,#4714,#4715,#4716,#4717,#4718,#4719,
#4720,#4721,#4722,#4723,#4724,#4725,#4726,#4727,#4728,#4729,#4730,#4731,
#4732,#4733,#4734,#4735,#4736,#4737,#4738,#4739,#4740,#4741,#4742,#4743,
#4744,#4745,#4746,#4747,#4748,#4749,#4750,#4751,#4752,#4753,#4754,#4755,
#4756,#4757,#4758,#4759,#4760,#4761,#4762,#4763,#4764,#4765,#4766,#4767,
#4768,#4769,#4770,#4771,#4772,#4773,#4774,#4775,#4776,#4777,#4778,#4779,
#4780,#4781,#4782,#4783,#4784,#4785,#4786,#4787,#4788,#4789,#4790,#4791,
#4792,#4793,#4794,#4795,#4796,#4797,#4798,#4799,#4800,#4801),
 .UNSPECIFIED.,.T.,.F.,(4,3,3,3,3,3,3,3,3,3,3,3,3,3,3,3,3,3,3,3,3,3,3,3,
3,3,3,3,3,3,3,3,3,4),(55.3628109198789,56.6562553854171,64.3298037706921,
67.0809067077331,68.0827676503685,68.3364392196517,68.432493946104,68.7488014732587,
70.8194445457937,72.954232924405,75.0772601797854,77.1258679816132,79.2044222079829,
81.317515124109,83.4706338774779,85.677443446051,86.0522377796451,86.9125556197298,
89.2798590390502,91.7962684739435,91.8901275259011,92.7546699154733,93.6649323409068,
94.6531226402759,95.8227507991607,96.4290847817,97.849547449242,99.3874989436304,
100.979650398644,101.399660341405,101.622248697149,101.907300626444,108.09158383875,
114.293444830792),.UNSPECIFIED.);
#853=B_SPLINE_CURVE_WITH_KNOTS('',3,(#4966,#4967,#4968,#4969,#4970,#4971,
#4972,#4973,#4974,#4975,#4976,#4977,#4978,#4979,#4980,#4981,#4982,#4983,
#4984,#4985,#4986,#4987,#4988,#4989,#4990,#4991,#4992,#4993,#4994,#4995,
#4996,#4997,#4998,#4999,#5000,#5001,#5002,#5003,#5004,#5005,#5006,#5007,
#5008,#5009,#5010,#5011,#5012,#5013,#5014,#5015,#5016,#5017,#5018,#5019,
#5020,#5021,#5022,#5023,#5024,#5025,#5026,#5027,#5028,#5029,#5030,#5031,
#5032,#5033,#5034),.UNSPECIFIED.,.T.,.F.,(4,3,2,2,2,2,2,2,2,2,2,2,2,2,2,
2,2,2,2,2,2,2,2,2,2,2,2,2,2,2,2,2,2,4),(-2.47554083965439,0.,2.46852447607164,
2.58230608022203,2.67115466386214,2.83880623936504,3.47433095603608,4.08822116393515,
4.65521441793044,4.89723927759309,5.36410918619699,5.7585561830867,6.12189741434853,
6.46698899181929,6.50445386189465,7.50890628889404,8.45384141431856,8.7972467165247,
8.94684998568435,9.82772223021743,10.6871631969578,11.5306274117421,12.3603051296749,
13.1780294037866,14.0254590190483,14.8775832156488,15.7041031097555,15.8303607286164,
15.8687020262495,15.9699578155078,16.3698615996027,17.4679945122037,20.5309755169675,
21.0472680624427),.UNSPECIFIED.);
#854=B_SPLINE_CURVE_WITH_KNOTS('',3,(#6187,#6188,#6189,#6190,#6191,#6192,
#6193,#6194),.UNSPECIFIED.,.F.,.F.,(4,1,1,1,1,4),(0.0772099541623906,0.331922932302949,
0.598540709530297,0.73184959814397,0.865158486757644,0.998467375371317),
 .UNSPECIFIED.);
#855=B_SPLINE_CURVE_WITH_KNOTS('',3,(#6217,#6218,#6219,#6220,#6221,#6222,
#6223,#6224,#6225,#6226,#6227,#6228,#6229,#6230,#6231,#6232),
 .UNSPECIFIED.,.F.,.F.,(4,3,3,3,3,4),(0.,0.261341394247689,0.47810048549243,
0.682484036901498,0.862983885934561,0.985543642312119),.UNSPECIFIED.);
#856=B_SPLINE_CURVE_WITH_KNOTS('',3,(#6234,#6235,#6236,#6237,#6238),
 .UNSPECIFIED.,.F.,.F.,(4,1,4),(0.691598122063859,1.75887283408932,4.10326627544052),
 .UNSPECIFIED.);
#857=B_SPLINE_CURVE_WITH_KNOTS('',3,(#6240,#6241,#6242,#6243,#6244,#6245,
#6246),.UNSPECIFIED.,.F.,.F.,(4,3,4),(-0.636202689726633,-0.635424450125013,
-0.634646210523392),.UNSPECIFIED.);
#858=B_SPLINE_CURVE_WITH_KNOTS('',3,(#6248,#6249,#6250,#6251,#6252,#6253,
#6254,#6255,#6256,#6257,#6258,#6259,#6260,#6261,#6262,#6263),
 .UNSPECIFIED.,.F.,.F.,(4,3,3,3,3,4),(0.,0.235662375848246,0.449596977299991,
0.63757587607459,0.808116442307747,0.900711338453887),.UNSPECIFIED.);
#859=B_SPLINE_CURVE_WITH_KNOTS('',3,(#6356,#6357,#6358,#6359,#6360,#6361,
#6362,#6363),.UNSPECIFIED.,.F.,.F.,(4,2,2,4),(-2.88633102735852,-2.17817424117471,
-1.44113951936491,0.),.UNSPECIFIED.);
#860=B_SPLINE_CURVE_WITH_KNOTS('',3,(#6365,#6366,#6367,#6368,#6369,#6370),
 .UNSPECIFIED.,.F.,.F.,(4,2,4),(-0.659014503785808,-0.487856833098903,-0.375590147264952),
 .UNSPECIFIED.);
#861=B_SPLINE_CURVE_WITH_KNOTS('',3,(#6371,#6372,#6373,#6374,#6375,#6376,
#6377,#6378,#6379,#6380),.UNSPECIFIED.,.F.,.F.,(4,2,2,2,4),(0.577188674589161,
1.17597510013731,2.45648430216449,3.34727930469683,3.72038124904293),
 .UNSPECIFIED.);
#862=B_SPLINE_CURVE_WITH_KNOTS('',3,(#6382,#6383,#6384,#6385,#6386,#6387),
 .UNSPECIFIED.,.F.,.F.,(4,2,4),(-0.546042810077609,-0.488135368406068,-0.336518786151578),
 .UNSPECIFIED.);
#863=B_SPLINE_CURVE_WITH_KNOTS('',3,(#6501,#6502,#6503,#6504,#6505,#6506,
#6507,#6508,#6509,#6510,#6511,#6512,#6513),.UNSPECIFIED.,.F.,.F.,(4,3,3,
3,4),(0.0754955311277668,0.494122033873967,1.33137503936649,2.16862804485901,
3.00588105035152),.UNSPECIFIED.);
#864=B_SPLINE_CURVE_WITH_KNOTS('',3,(#6514,#6515,#6516,#6517,#6518,#6519,
#6520,#6521,#6522,#6523,#6524,#6525,#6526,#6527,#6528,#6529,#6530,#6531,
#6532,#6533,#6534,#6535,#6536,#6537,#6538,#6539,#6540,#6541,#6542,#6543,
#6544,#6545,#6546,#6547,#6548,#6549,#6550),.UNSPECIFIED.,.F.,.F.,(4,3,3,
3,3,3,3,3,3,3,3,3,4),(-4.10167799741008,-3.53553390593274,-3.49133973210858,
-3.44714555828442,-3.3587572106361,-3.27036886298779,-3.18198051533947,
-2.82842712474619,-2.47487373415292,-2.12132034355964,-1.4142135623731,
-0.707106781186548,0.),.UNSPECIFIED.);
#865=B_SPLINE_CURVE_WITH_KNOTS('',3,(#6631,#6632,#6633,#6634,#6635,#6636),
 .UNSPECIFIED.,.F.,.F.,(4,2,4),(-0.405566468587677,-0.268066892741544,-0.215726311805871),
 .UNSPECIFIED.);
#866=B_SPLINE_CURVE_WITH_KNOTS('',3,(#6637,#6638,#6639,#6640,#6641,#6642),
 .UNSPECIFIED.,.F.,.F.,(4,2,4),(-0.638493320005121,-0.526018442978262,-0.355095393081611),
 .UNSPECIFIED.);
#867=B_SPLINE_CURVE_WITH_KNOTS('',3,(#6728,#6729,#6730,#6731,#6732,#6733,
#6734,#6735,#6736,#6737),.UNSPECIFIED.,.F.,.F.,(4,2,2,2,4),(0.797600938047433,
1.0961280901747,1.80887295592722,2.83343680810286,3.31253535085808),
 .UNSPECIFIED.);
#868=B_SPLINE_CURVE_WITH_KNOTS('',3,(#6739,#6740,#6741,#6742),
 .UNSPECIFIED.,.F.,.F.,(4,4),(-0.874872979180849,-0.872410268979312),
 .UNSPECIFIED.);
#869=B_SPLINE_CURVE_WITH_KNOTS('',3,(#6744,#6745,#6746,#6747,#6748,#6749,
#6750,#6751,#6752,#6753,#6754,#6755,#6756,#6757,#6758,#6759,#6760,#6761,
#6762,#6763,#6764,#6765,#6766,#6767,#6768),.UNSPECIFIED.,.F.,.F.,(4,3,3,
3,3,3,3,3,4),(0.,0.707106781186547,1.41421356237309,2.12132034355964,3.53553390593274,
3.5923623482039,3.64919079047506,3.76284767501738,4.10167799741008),
 .UNSPECIFIED.);
#870=B_SPLINE_CURVE_WITH_KNOTS('',3,(#6769,#6770,#6771,#6772,#6773,#6774,
#6775,#6776,#6777,#6778,#6779,#6780,#6781),.UNSPECIFIED.,.F.,.F.,(4,3,3,
3,4),(0.0754955311277663,0.91274853662023,1.33137503936649,2.16862804485901,
3.00588105035152),.UNSPECIFIED.);
#871=B_SPLINE_CURVE_WITH_KNOTS('',3,(#6894,#6895,#6896,#6897,#6898,#6899,
#6900,#6901,#6902,#6903,#6904,#6905,#6906,#6907,#6908,#6909,#6910,#6911,
#6912,#6913,#6914,#6915,#6916,#6917,#6918,#6919,#6920,#6921,#6922,#6923,
#6924,#6925,#6926,#6927,#6928,#6929,#6930),.UNSPECIFIED.,.F.,.F.,(4,3,3,
3,3,3,3,3,3,3,3,3,4),(-0.567732369507782,-8.75286895905345E-16,0.0435879255989327,
0.0871758511978662,0.174351702395733,0.348703404791467,0.697406809582935,
1.0461102143744,1.39481361916587,1.74351702395734,1.91786872635307,2.09222042874881,
2.84393578386888),.UNSPECIFIED.);
#872=B_SPLINE_CURVE_WITH_KNOTS('',3,(#6989,#6990,#6991,#6992,#6993,#6994,
#6995,#6996,#6997,#6998,#6999,#7000,#7001,#7002,#7003,#7004),
 .UNSPECIFIED.,.F.,.F.,(4,3,3,3,3,4),(-0.900710379999786,-0.665811340061592,
-0.442084159678099,-0.25478771556884,-0.0845494962062173,0.),
 .UNSPECIFIED.);
#873=VERTEX_POINT('',#2695);
#874=VERTEX_POINT('',#2696);
#875=VERTEX_POINT('',#2703);
#876=VERTEX_POINT('',#2708);
#877=VERTEX_POINT('',#2974);
#878=VERTEX_POINT('',#2975);
#879=VERTEX_POINT('',#2986);
#880=VERTEX_POINT('',#2992);
#881=VERTEX_POINT('',#3009);
#882=VERTEX_POINT('',#3031);
#883=VERTEX_POINT('',#3048);
#884=VERTEX_POINT('',#3054);
#885=VERTEX_POINT('',#3065);
#886=VERTEX_POINT('',#3070);
#887=VERTEX_POINT('',#3079);
#888=VERTEX_POINT('',#3084);
#889=VERTEX_POINT('',#3222);
#890=VERTEX_POINT('',#3227);
#891=VERTEX_POINT('',#3268);
#892=VERTEX_POINT('',#3269);
#893=VERTEX_POINT('',#3276);
#894=VERTEX_POINT('',#3281);
#895=VERTEX_POINT('',#3296);
#896=VERTEX_POINT('',#3298);
#897=VERTEX_POINT('',#3301);
#898=VERTEX_POINT('',#3303);
#899=VERTEX_POINT('',#3306);
#900=VERTEX_POINT('',#3308);
#901=VERTEX_POINT('',#3312);
#902=VERTEX_POINT('',#3314);
#903=VERTEX_POINT('',#3318);
#904=VERTEX_POINT('',#3639);
#905=VERTEX_POINT('',#3640);
#906=VERTEX_POINT('',#3649);
#907=VERTEX_POINT('',#3727);
#908=VERTEX_POINT('',#3728);
#909=VERTEX_POINT('',#3730);
#910=VERTEX_POINT('',#3732);
#911=VERTEX_POINT('',#3779);
#912=VERTEX_POINT('',#3783);
#913=VERTEX_POINT('',#3785);
#914=VERTEX_POINT('',#3840);
#915=VERTEX_POINT('',#3842);
#916=VERTEX_POINT('',#3874);
#917=VERTEX_POINT('',#3893);
#918=VERTEX_POINT('',#3895);
#919=VERTEX_POINT('',#3902);
#920=VERTEX_POINT('',#3953);
#921=VERTEX_POINT('',#3955);
#922=VERTEX_POINT('',#3984);
#923=VERTEX_POINT('',#4023);
#924=VERTEX_POINT('',#4025);
#925=VERTEX_POINT('',#4045);
#926=VERTEX_POINT('',#4088);
#927=VERTEX_POINT('',#4151);
#928=VERTEX_POINT('',#4153);
#929=VERTEX_POINT('',#4155);
#930=VERTEX_POINT('',#4217);
#931=VERTEX_POINT('',#4220);
#932=VERTEX_POINT('',#4237);
#933=VERTEX_POINT('',#4284);
#934=VERTEX_POINT('',#4286);
#935=VERTEX_POINT('',#4312);
#936=VERTEX_POINT('',#4331);
#937=VERTEX_POINT('',#4333);
#938=VERTEX_POINT('',#4340);
#939=VERTEX_POINT('',#4379);
#940=VERTEX_POINT('',#4381);
#941=VERTEX_POINT('',#4401);
#942=VERTEX_POINT('',#4424);
#943=VERTEX_POINT('',#4425);
#944=VERTEX_POINT('',#4427);
#945=VERTEX_POINT('',#4429);
#946=VERTEX_POINT('',#4439);
#947=VERTEX_POINT('',#4443);
#948=VERTEX_POINT('',#4448);
#949=VERTEX_POINT('',#4450);
#950=VERTEX_POINT('',#4493);
#951=VERTEX_POINT('',#4494);
#952=VERTEX_POINT('',#4496);
#953=VERTEX_POINT('',#4570);
#954=VERTEX_POINT('',#4572);
#955=VERTEX_POINT('',#4575);
#956=VERTEX_POINT('',#4580);
#957=VERTEX_POINT('',#4623);
#958=VERTEX_POINT('',#4693);
#959=VERTEX_POINT('',#4695);
#960=VERTEX_POINT('',#4701);
#961=VERTEX_POINT('',#4802);
#962=VERTEX_POINT('',#4803);
#963=VERTEX_POINT('',#4805);
#964=VERTEX_POINT('',#4807);
#965=VERTEX_POINT('',#4820);
#966=VERTEX_POINT('',#4822);
#967=VERTEX_POINT('',#4964);
#968=VERTEX_POINT('',#6215);
#969=VERTEX_POINT('',#6216);
#970=VERTEX_POINT('',#6233);
#971=VERTEX_POINT('',#6239);
#972=VERTEX_POINT('',#6247);
#973=VERTEX_POINT('',#6364);
#974=VERTEX_POINT('',#6500);
#975=VERTEX_POINT('',#6571);
#976=VERTEX_POINT('',#6630);
#977=VERTEX_POINT('',#6727);
#978=VERTEX_POINT('',#6738);
#979=VERTEX_POINT('',#6743);
#980=VERTEX_POINT('',#6947);
#981=VERTEX_POINT('',#6966);
#982=VERTEX_POINT('',#7047);
#983=VERTEX_POINT('',#7048);
#984=VERTEX_POINT('',#7050);
#985=VERTEX_POINT('',#7052);
#986=VERTEX_POINT('',#7056);
#987=VERTEX_POINT('',#7058);
#988=VERTEX_POINT('',#7062);
#989=VERTEX_POINT('',#7064);
#990=VERTEX_POINT('',#7071);
#991=VERTEX_POINT('',#7073);
#992=VERTEX_POINT('',#7077);
#993=VERTEX_POINT('',#7079);
#994=VERTEX_POINT('',#7083);
#995=VERTEX_POINT('',#7084);
#996=VERTEX_POINT('',#7086);
#997=VERTEX_POINT('',#7088);
#998=VERTEX_POINT('',#7092);
#999=VERTEX_POINT('',#7094);
#1000=VERTEX_POINT('',#7098);
#1001=VERTEX_POINT('',#7100);
#1002=VERTEX_POINT('',#7104);
#1003=VERTEX_POINT('',#7106);
#1004=VERTEX_POINT('',#7108);
#1005=VERTEX_POINT('',#7110);
#1006=VERTEX_POINT('',#7112);
#1007=VERTEX_POINT('',#7114);
#1008=VERTEX_POINT('',#7121);
#1009=VERTEX_POINT('',#7123);
#1010=VERTEX_POINT('',#7127);
#1011=VERTEX_POINT('',#7129);
#1012=VERTEX_POINT('',#7133);
#1013=VERTEX_POINT('',#7135);
#1014=VERTEX_POINT('',#7139);
#1015=VERTEX_POINT('',#7143);
#1016=VERTEX_POINT('',#7147);
#1017=VERTEX_POINT('',#7153);
#1018=VERTEX_POINT('',#7159);
#1019=VERTEX_POINT('',#7160);
#1020=VERTEX_POINT('',#7165);
#1021=VERTEX_POINT('',#7169);
#1022=VERTEX_POINT('',#7176);
#1023=VERTEX_POINT('',#7177);
#1024=VERTEX_POINT('',#7179);
#1025=VERTEX_POINT('',#7181);
#1026=VERTEX_POINT('',#7185);
#1027=VERTEX_POINT('',#7187);
#1028=VERTEX_POINT('',#7191);
#1029=VERTEX_POINT('',#7193);
#1030=VERTEX_POINT('',#7200);
#1031=VERTEX_POINT('',#7202);
#1032=VERTEX_POINT('',#7206);
#1033=VERTEX_POINT('',#7208);
#1034=VERTEX_POINT('',#7212);
#1035=VERTEX_POINT('',#7213);
#1036=VERTEX_POINT('',#7215);
#1037=VERTEX_POINT('',#7217);
#1038=VERTEX_POINT('',#7221);
#1039=VERTEX_POINT('',#7223);
#1040=VERTEX_POINT('',#7227);
#1041=VERTEX_POINT('',#7229);
#1042=VERTEX_POINT('',#7234);
#1043=VERTEX_POINT('',#7236);
#1044=VERTEX_POINT('',#7238);
#1045=VERTEX_POINT('',#7240);
#1046=VERTEX_POINT('',#7242);
#1047=VERTEX_POINT('',#7244);
#1048=VERTEX_POINT('',#7250);
#1049=VERTEX_POINT('',#7252);
#1050=VERTEX_POINT('',#7256);
#1051=VERTEX_POINT('',#7258);
#1052=VERTEX_POINT('',#7262);
#1053=VERTEX_POINT('',#7264);
#1054=VERTEX_POINT('',#7268);
#1055=VERTEX_POINT('',#7272);
#1056=VERTEX_POINT('',#7276);
#1057=VERTEX_POINT('',#7282);
#1058=VERTEX_POINT('',#7288);
#1059=VERTEX_POINT('',#7289);
#1060=VERTEX_POINT('',#7294);
#1061=VERTEX_POINT('',#7298);
#1062=EDGE_CURVE('',#873,#874,#811,.T.);
#1063=EDGE_CURVE('',#874,#875,#812,.T.);
#1064=EDGE_CURVE('',#875,#876,#813,.T.);
#1065=EDGE_CURVE('',#876,#873,#814,.T.);
#1066=EDGE_CURVE('',#877,#878,#815,.T.);
#1067=EDGE_CURVE('',#877,#879,#816,.T.);
#1068=EDGE_CURVE('',#879,#880,#817,.T.);
#1069=EDGE_CURVE('',#880,#881,#818,.T.);
#1070=EDGE_CURVE('',#881,#882,#819,.T.);
#1071=EDGE_CURVE('',#882,#883,#820,.T.);
#1072=EDGE_CURVE('',#883,#884,#821,.T.);
#1073=EDGE_CURVE('',#884,#885,#822,.T.);
#1074=EDGE_CURVE('',#885,#886,#823,.T.);
#1075=EDGE_CURVE('',#886,#887,#824,.T.);
#1076=EDGE_CURVE('',#888,#887,#149,.T.);
#1077=EDGE_CURVE('',#888,#888,#825,.T.);
#1078=EDGE_CURVE('',#887,#889,#826,.T.);
#1079=EDGE_CURVE('',#890,#889,#827,.T.);
#1080=EDGE_CURVE('',#878,#890,#828,.T.);
#1081=EDGE_CURVE('',#891,#892,#829,.T.);
#1082=EDGE_CURVE('',#893,#891,#830,.T.);
#1083=EDGE_CURVE('',#894,#893,#831,.T.);
#1084=EDGE_CURVE('',#894,#892,#832,.T.);
#1085=EDGE_CURVE('',#877,#895,#150,.T.);
#1086=EDGE_CURVE('',#895,#896,#151,.T.);
#1087=EDGE_CURVE('',#896,#889,#152,.T.);
#1088=EDGE_CURVE('',#897,#886,#153,.T.);
#1089=EDGE_CURVE('',#898,#897,#154,.T.);
#1090=EDGE_CURVE('',#883,#898,#155,.T.);
#1091=EDGE_CURVE('',#882,#899,#156,.T.);
#1092=EDGE_CURVE('',#900,#899,#157,.T.);
#1093=EDGE_CURVE('',#879,#900,#158,.T.);
#1094=EDGE_CURVE('',#873,#901,#159,.T.);
#1095=EDGE_CURVE('',#902,#876,#160,.T.);
#1096=EDGE_CURVE('',#901,#902,#161,.T.);
#1097=EDGE_CURVE('',#903,#903,#833,.T.);
#1098=EDGE_CURVE('',#904,#905,#834,.T.);
#1099=EDGE_CURVE('',#904,#906,#835,.T.);
#1100=EDGE_CURVE('',#906,#905,#162,.T.);
#1101=EDGE_CURVE('',#907,#908,#163,.T.);
#1102=EDGE_CURVE('',#907,#909,#164,.T.);
#1103=EDGE_CURVE('',#910,#909,#836,.T.);
#1104=EDGE_CURVE('',#911,#910,#165,.T.);
#1105=EDGE_CURVE('',#908,#911,#166,.T.);
#1106=EDGE_CURVE('',#911,#912,#167,.T.);
#1107=EDGE_CURVE('',#913,#910,#168,.T.);
#1108=EDGE_CURVE('',#912,#913,#169,.T.);
#1109=EDGE_CURVE('',#912,#914,#170,.T.);
#1110=EDGE_CURVE('',#915,#913,#837,.T.);
#1111=EDGE_CURVE('',#916,#915,#171,.T.);
#1112=EDGE_CURVE('',#914,#916,#172,.T.);
#1113=EDGE_CURVE('',#917,#916,#173,.T.);
#1114=EDGE_CURVE('',#918,#915,#838,.T.);
#1115=EDGE_CURVE('',#919,#918,#174,.T.);
#1116=EDGE_CURVE('',#917,#919,#175,.T.);
#1117=EDGE_CURVE('',#919,#920,#176,.T.);
#1118=EDGE_CURVE('',#921,#918,#839,.T.);
#1119=EDGE_CURVE('',#922,#921,#177,.T.);
#1120=EDGE_CURVE('',#920,#922,#178,.T.);
#1121=EDGE_CURVE('',#922,#923,#179,.T.);
#1122=EDGE_CURVE('',#924,#921,#840,.T.);
#1123=EDGE_CURVE('',#925,#924,#180,.T.);
#1124=EDGE_CURVE('',#923,#925,#181,.T.);
#1125=EDGE_CURVE('',#906,#925,#841,.T.);
#1126=EDGE_CURVE('',#924,#905,#842,.T.);
#1127=EDGE_CURVE('',#926,#907,#843,.T.);
#1128=EDGE_CURVE('',#926,#909,#844,.T.);
#1129=EDGE_CURVE('',#927,#907,#182,.T.);
#1130=EDGE_CURVE('',#928,#927,#183,.T.);
#1131=EDGE_CURVE('',#928,#929,#184,.T.);
#1132=EDGE_CURVE('',#909,#929,#845,.T.);
#1133=EDGE_CURVE('',#925,#930,#185,.T.);
#1134=EDGE_CURVE('',#925,#924,#186,.T.);
#1135=EDGE_CURVE('',#931,#924,#846,.T.);
#1136=EDGE_CURVE('',#932,#931,#187,.T.);
#1137=EDGE_CURVE('',#930,#932,#188,.T.);
#1138=EDGE_CURVE('',#932,#933,#189,.T.);
#1139=EDGE_CURVE('',#934,#931,#847,.T.);
#1140=EDGE_CURVE('',#935,#934,#190,.T.);
#1141=EDGE_CURVE('',#933,#935,#191,.T.);
#1142=EDGE_CURVE('',#935,#936,#192,.T.);
#1143=EDGE_CURVE('',#937,#934,#848,.T.);
#1144=EDGE_CURVE('',#938,#937,#193,.T.);
#1145=EDGE_CURVE('',#936,#938,#194,.T.);
#1146=EDGE_CURVE('',#938,#939,#195,.T.);
#1147=EDGE_CURVE('',#940,#937,#849,.T.);
#1148=EDGE_CURVE('',#941,#940,#196,.T.);
#1149=EDGE_CURVE('',#939,#941,#197,.T.);
#1150=EDGE_CURVE('',#941,#928,#198,.T.);
#1151=EDGE_CURVE('',#929,#940,#199,.T.);
#1152=EDGE_CURVE('',#942,#943,#200,.T.);
#1153=EDGE_CURVE('',#942,#944,#201,.T.);
#1154=EDGE_CURVE('',#945,#944,#202,.T.);
#1155=EDGE_CURVE('',#943,#945,#203,.T.);
#1156=EDGE_CURVE('',#880,#945,#204,.T.);
#1157=EDGE_CURVE('',#944,#881,#205,.T.);
#1158=EDGE_CURVE('',#916,#942,#15,.T.);
#1159=EDGE_CURVE('',#943,#938,#16,.T.);
#1160=EDGE_CURVE('',#946,#917,#17,.T.);
#1161=EDGE_CURVE('',#881,#946,#206,.T.);
#1162=EDGE_CURVE('',#936,#947,#18,.T.);
#1163=EDGE_CURVE('',#880,#947,#207,.T.);
#1164=EDGE_CURVE('',#947,#900,#19,.T.);
#1165=EDGE_CURVE('',#900,#948,#208,.T.);
#1166=EDGE_CURVE('',#948,#949,#20,.T.);
#1167=EDGE_CURVE('',#949,#947,#21,.T.);
#1168=EDGE_CURVE('',#950,#951,#22,.T.);
#1169=EDGE_CURVE('',#951,#952,#209,.T.);
#1170=EDGE_CURVE('',#950,#952,#850,.T.);
#1171=EDGE_CURVE('',#951,#935,#23,.T.);
#1172=EDGE_CURVE('',#935,#948,#210,.T.);
#1173=EDGE_CURVE('',#952,#900,#211,.T.);
#1174=EDGE_CURVE('',#936,#949,#212,.T.);
#1175=EDGE_CURVE('',#919,#953,#24,.T.);
#1176=EDGE_CURVE('',#953,#954,#213,.T.);
#1177=EDGE_CURVE('',#899,#954,#214,.T.);
#1178=EDGE_CURVE('',#899,#955,#215,.T.);
#1179=EDGE_CURVE('',#919,#955,#216,.T.);
#1180=EDGE_CURVE('',#899,#946,#25,.T.);
#1181=EDGE_CURVE('',#956,#946,#26,.T.);
#1182=EDGE_CURVE('',#955,#956,#27,.T.);
#1183=EDGE_CURVE('',#953,#957,#28,.T.);
#1184=EDGE_CURVE('',#954,#957,#851,.T.);
#1185=EDGE_CURVE('',#917,#956,#217,.T.);
#1186=EDGE_CURVE('',#957,#958,#29,.T.);
#1187=EDGE_CURVE('',#958,#959,#218,.T.);
#1188=EDGE_CURVE('',#959,#950,#30,.T.);
#1189=EDGE_CURVE('',#950,#957,#219,.T.);
#1190=EDGE_CURVE('',#960,#960,#852,.T.);
#1191=EDGE_CURVE('',#961,#962,#220,.T.);
#1192=EDGE_CURVE('',#962,#963,#31,.T.);
#1193=EDGE_CURVE('',#963,#964,#221,.T.);
#1194=EDGE_CURVE('',#964,#961,#32,.T.);
#1195=EDGE_CURVE('',#962,#950,#222,.T.);
#1196=EDGE_CURVE('',#963,#959,#223,.T.);
#1197=EDGE_CURVE('',#964,#958,#224,.T.);
#1198=EDGE_CURVE('',#961,#957,#225,.T.);
#1199=EDGE_CURVE('',#965,#892,#226,.T.);
#1200=EDGE_CURVE('',#894,#966,#227,.T.);
#1201=EDGE_CURVE('',#966,#965,#228,.T.);
#1202=EDGE_CURVE('',#967,#960,#229,.T.);
#1203=EDGE_CURVE('',#967,#967,#853,.F.);
#1204=EDGE_CURVE('',#903,#967,#854,.T.);
#1205=EDGE_CURVE('',#968,#969,#855,.T.);
#1206=EDGE_CURVE('',#968,#970,#856,.T.);
#1207=EDGE_CURVE('',#970,#971,#857,.T.);
#1208=EDGE_CURVE('',#972,#971,#858,.T.);
#1209=EDGE_CURVE('',#969,#972,#230,.T.);
#1210=EDGE_CURVE('',#909,#968,#859,.T.);
#1211=EDGE_CURVE('',#929,#973,#860,.T.);
#1212=EDGE_CURVE('',#973,#970,#861,.T.);
#1213=EDGE_CURVE('',#973,#940,#862,.T.);
#1214=EDGE_CURVE('',#937,#974,#863,.T.);
#1215=EDGE_CURVE('',#971,#974,#864,.T.);
#1216=EDGE_CURVE('',#934,#975,#231,.T.);
#1217=EDGE_CURVE('',#975,#974,#232,.T.);
#1218=EDGE_CURVE('',#931,#972,#233,.T.);
#1219=EDGE_CURVE('',#972,#975,#234,.T.);
#1220=EDGE_CURVE('',#924,#969,#235,.T.);
#1221=EDGE_CURVE('',#913,#976,#865,.T.);
#1222=EDGE_CURVE('',#976,#910,#866,.T.);
#1223=EDGE_CURVE('',#976,#977,#867,.F.);
#1224=EDGE_CURVE('',#978,#977,#868,.T.);
#1225=EDGE_CURVE('',#979,#978,#869,.T.);
#1226=EDGE_CURVE('',#915,#979,#870,.T.);
#1227=EDGE_CURVE('',#977,#968,#871,.T.);
#1228=EDGE_CURVE('',#921,#980,#236,.T.);
#1229=EDGE_CURVE('',#980,#969,#237,.T.);
#1230=EDGE_CURVE('',#918,#981,#238,.T.);
#1231=EDGE_CURVE('',#981,#980,#239,.T.);
#1232=EDGE_CURVE('',#980,#978,#872,.T.);
#1233=EDGE_CURVE('',#981,#979,#240,.T.);
#1234=EDGE_CURVE('',#982,#983,#241,.T.);
#1235=EDGE_CURVE('',#983,#984,#242,.T.);
#1236=EDGE_CURVE('',#984,#985,#243,.T.);
#1237=EDGE_CURVE('',#982,#985,#244,.T.);
#1238=EDGE_CURVE('',#983,#986,#245,.T.);
#1239=EDGE_CURVE('',#986,#987,#246,.T.);
#1240=EDGE_CURVE('',#987,#984,#247,.T.);
#1241=EDGE_CURVE('',#986,#988,#248,.T.);
#1242=EDGE_CURVE('',#988,#989,#249,.T.);
#1243=EDGE_CURVE('',#989,#987,#250,.T.);
#1244=EDGE_CURVE('',#988,#982,#251,.T.);
#1245=EDGE_CURVE('',#985,#989,#252,.T.);
#1246=EDGE_CURVE('',#990,#990,#33,.T.);
#1247=EDGE_CURVE('',#990,#991,#253,.T.);
#1248=EDGE_CURVE('',#991,#991,#34,.T.);
#1249=EDGE_CURVE('',#992,#992,#35,.T.);
#1250=EDGE_CURVE('',#992,#993,#254,.T.);
#1251=EDGE_CURVE('',#993,#993,#36,.T.);
#1252=EDGE_CURVE('',#994,#995,#255,.T.);
#1253=EDGE_CURVE('',#994,#996,#256,.T.);
#1254=EDGE_CURVE('',#996,#997,#257,.T.);
#1255=EDGE_CURVE('',#997,#995,#258,.T.);
#1256=EDGE_CURVE('',#996,#998,#259,.T.);
#1257=EDGE_CURVE('',#998,#999,#260,.T.);
#1258=EDGE_CURVE('',#999,#997,#261,.T.);
#1259=EDGE_CURVE('',#995,#1000,#262,.T.);
#1260=EDGE_CURVE('',#1000,#1001,#263,.T.);
#1261=EDGE_CURVE('',#1001,#994,#264,.T.);
#1262=EDGE_CURVE('',#1002,#1001,#265,.T.);
#1263=EDGE_CURVE('',#1003,#1002,#266,.T.);
#1264=EDGE_CURVE('',#1003,#1004,#267,.T.);
#1265=EDGE_CURVE('',#1005,#1004,#268,.T.);
#1266=EDGE_CURVE('',#1006,#1005,#269,.T.);
#1267=EDGE_CURVE('',#1007,#1006,#270,.T.);
#1268=EDGE_CURVE('',#1007,#874,#271,.T.);
#1269=EDGE_CURVE('',#998,#901,#272,.T.);
#1270=EDGE_CURVE('',#999,#902,#273,.T.);
#1271=EDGE_CURVE('',#1008,#1008,#37,.T.);
#1272=EDGE_CURVE('',#1008,#1009,#274,.T.);
#1273=EDGE_CURVE('',#1009,#1009,#38,.T.);
#1274=EDGE_CURVE('',#1010,#1010,#39,.T.);
#1275=EDGE_CURVE('',#1010,#1011,#275,.T.);
#1276=EDGE_CURVE('',#1011,#1011,#40,.T.);
#1277=EDGE_CURVE('',#1005,#1012,#276,.T.);
#1278=EDGE_CURVE('',#1012,#1013,#277,.T.);
#1279=EDGE_CURVE('',#1013,#1006,#278,.T.);
#1280=EDGE_CURVE('',#1013,#1014,#279,.T.);
#1281=EDGE_CURVE('',#1014,#1007,#280,.T.);
#1282=EDGE_CURVE('',#1004,#1015,#281,.T.);
#1283=EDGE_CURVE('',#1015,#1012,#282,.T.);
#1284=EDGE_CURVE('',#1016,#1003,#283,.T.);
#1285=EDGE_CURVE('',#1016,#1015,#284,.T.);
#1286=EDGE_CURVE('',#1014,#875,#285,.T.);
#1287=EDGE_CURVE('',#1017,#1016,#286,.T.);
#1288=EDGE_CURVE('',#1017,#1000,#287,.T.);
#1289=EDGE_CURVE('',#1002,#1017,#288,.T.);
#1290=EDGE_CURVE('',#1018,#1019,#289,.T.);
#1291=EDGE_CURVE('',#1019,#898,#290,.T.);
#1292=EDGE_CURVE('',#1018,#897,#291,.T.);
#1293=EDGE_CURVE('',#1019,#1020,#292,.T.);
#1294=EDGE_CURVE('',#1020,#884,#293,.T.);
#1295=EDGE_CURVE('',#1020,#1021,#294,.T.);
#1296=EDGE_CURVE('',#1021,#885,#295,.T.);
#1297=EDGE_CURVE('',#1021,#1018,#296,.T.);
#1298=EDGE_CURVE('',#1022,#1023,#297,.T.);
#1299=EDGE_CURVE('',#1022,#1024,#298,.T.);
#1300=EDGE_CURVE('',#1025,#1024,#299,.T.);
#1301=EDGE_CURVE('',#1023,#1025,#300,.T.);
#1302=EDGE_CURVE('',#1023,#1026,#301,.T.);
#1303=EDGE_CURVE('',#1027,#1025,#302,.T.);
#1304=EDGE_CURVE('',#1026,#1027,#303,.T.);
#1305=EDGE_CURVE('',#1026,#1028,#304,.T.);
#1306=EDGE_CURVE('',#1029,#1027,#305,.T.);
#1307=EDGE_CURVE('',#1028,#1029,#306,.T.);
#1308=EDGE_CURVE('',#1028,#1022,#307,.T.);
#1309=EDGE_CURVE('',#1024,#1029,#308,.T.);
#1310=EDGE_CURVE('',#1030,#1030,#41,.T.);
#1311=EDGE_CURVE('',#1030,#1031,#309,.T.);
#1312=EDGE_CURVE('',#1031,#1031,#42,.T.);
#1313=EDGE_CURVE('',#1032,#1032,#43,.T.);
#1314=EDGE_CURVE('',#1032,#1033,#310,.T.);
#1315=EDGE_CURVE('',#1033,#1033,#44,.T.);
#1316=EDGE_CURVE('',#1034,#1035,#311,.T.);
#1317=EDGE_CURVE('',#1036,#1035,#312,.T.);
#1318=EDGE_CURVE('',#1037,#1036,#313,.T.);
#1319=EDGE_CURVE('',#1034,#1037,#314,.T.);
#1320=EDGE_CURVE('',#1038,#1036,#315,.T.);
#1321=EDGE_CURVE('',#1039,#1038,#316,.T.);
#1322=EDGE_CURVE('',#1037,#1039,#317,.T.);
#1323=EDGE_CURVE('',#1040,#1034,#318,.T.);
#1324=EDGE_CURVE('',#1041,#1040,#319,.T.);
#1325=EDGE_CURVE('',#1035,#1041,#320,.T.);
#1326=EDGE_CURVE('',#1039,#966,#321,.T.);
#1327=EDGE_CURVE('',#1042,#893,#322,.T.);
#1328=EDGE_CURVE('',#1042,#1043,#323,.T.);
#1329=EDGE_CURVE('',#1043,#1044,#324,.T.);
#1330=EDGE_CURVE('',#1044,#1045,#325,.T.);
#1331=EDGE_CURVE('',#1046,#1045,#326,.T.);
#1332=EDGE_CURVE('',#1046,#1047,#327,.T.);
#1333=EDGE_CURVE('',#1047,#1040,#328,.T.);
#1334=EDGE_CURVE('',#1038,#965,#329,.T.);
#1335=EDGE_CURVE('',#1048,#1048,#45,.T.);
#1336=EDGE_CURVE('',#1048,#1049,#330,.T.);
#1337=EDGE_CURVE('',#1049,#1049,#46,.T.);
#1338=EDGE_CURVE('',#1050,#1050,#47,.T.);
#1339=EDGE_CURVE('',#1050,#1051,#331,.T.);
#1340=EDGE_CURVE('',#1051,#1051,#48,.T.);
#1341=EDGE_CURVE('',#1044,#1052,#332,.T.);
#1342=EDGE_CURVE('',#1053,#1043,#333,.T.);
#1343=EDGE_CURVE('',#1052,#1053,#334,.T.);
#1344=EDGE_CURVE('',#1054,#1042,#335,.T.);
#1345=EDGE_CURVE('',#1053,#1054,#336,.T.);
#1346=EDGE_CURVE('',#1055,#1052,#337,.T.);
#1347=EDGE_CURVE('',#1045,#1055,#338,.T.);
#1348=EDGE_CURVE('',#1056,#1055,#339,.T.);
#1349=EDGE_CURVE('',#1056,#1046,#340,.T.);
#1350=EDGE_CURVE('',#1054,#891,#341,.T.);
#1351=EDGE_CURVE('',#1057,#1041,#342,.T.);
#1352=EDGE_CURVE('',#1057,#1056,#343,.T.);
#1353=EDGE_CURVE('',#1047,#1057,#344,.T.);
#1354=EDGE_CURVE('',#1058,#1059,#345,.T.);
#1355=EDGE_CURVE('',#1058,#896,#346,.T.);
#1356=EDGE_CURVE('',#1059,#895,#347,.T.);
#1357=EDGE_CURVE('',#1060,#878,#348,.T.);
#1358=EDGE_CURVE('',#1059,#1060,#349,.T.);
#1359=EDGE_CURVE('',#1061,#890,#350,.T.);
#1360=EDGE_CURVE('',#1060,#1061,#351,.T.);
#1361=EDGE_CURVE('',#1061,#1058,#352,.T.);
#1362=ORIENTED_EDGE('',*,*,#1062,.T.);
#1363=ORIENTED_EDGE('',*,*,#1063,.T.);
#1364=ORIENTED_EDGE('',*,*,#1064,.T.);
#1365=ORIENTED_EDGE('',*,*,#1065,.T.);
#1366=ORIENTED_EDGE('',*,*,#1066,.F.);
#1367=ORIENTED_EDGE('',*,*,#1067,.T.);
#1368=ORIENTED_EDGE('',*,*,#1068,.T.);
#1369=ORIENTED_EDGE('',*,*,#1069,.T.);
#1370=ORIENTED_EDGE('',*,*,#1070,.T.);
#1371=ORIENTED_EDGE('',*,*,#1071,.T.);
#1372=ORIENTED_EDGE('',*,*,#1072,.T.);
#1373=ORIENTED_EDGE('',*,*,#1073,.T.);
#1374=ORIENTED_EDGE('',*,*,#1074,.T.);
#1375=ORIENTED_EDGE('',*,*,#1075,.T.);
#1376=ORIENTED_EDGE('',*,*,#1076,.F.);
#1377=ORIENTED_EDGE('',*,*,#1077,.T.);
#1378=ORIENTED_EDGE('',*,*,#1076,.T.);
#1379=ORIENTED_EDGE('',*,*,#1078,.T.);
#1380=ORIENTED_EDGE('',*,*,#1079,.F.);
#1381=ORIENTED_EDGE('',*,*,#1080,.F.);
#1382=ORIENTED_EDGE('',*,*,#1081,.F.);
#1383=ORIENTED_EDGE('',*,*,#1082,.F.);
#1384=ORIENTED_EDGE('',*,*,#1083,.F.);
#1385=ORIENTED_EDGE('',*,*,#1084,.T.);
#1386=ORIENTED_EDGE('',*,*,#1085,.T.);
#1387=ORIENTED_EDGE('',*,*,#1086,.T.);
#1388=ORIENTED_EDGE('',*,*,#1087,.T.);
#1389=ORIENTED_EDGE('',*,*,#1078,.F.);
#1390=ORIENTED_EDGE('',*,*,#1075,.F.);
#1391=ORIENTED_EDGE('',*,*,#1088,.F.);
#1392=ORIENTED_EDGE('',*,*,#1089,.F.);
#1393=ORIENTED_EDGE('',*,*,#1090,.F.);
#1394=ORIENTED_EDGE('',*,*,#1071,.F.);
#1395=ORIENTED_EDGE('',*,*,#1091,.T.);
#1396=ORIENTED_EDGE('',*,*,#1092,.F.);
#1397=ORIENTED_EDGE('',*,*,#1093,.F.);
#1398=ORIENTED_EDGE('',*,*,#1067,.F.);
#1399=ORIENTED_EDGE('',*,*,#1094,.F.);
#1400=ORIENTED_EDGE('',*,*,#1065,.F.);
#1401=ORIENTED_EDGE('',*,*,#1095,.F.);
#1402=ORIENTED_EDGE('',*,*,#1096,.F.);
#1403=ORIENTED_EDGE('',*,*,#1077,.F.);
#1404=ORIENTED_EDGE('',*,*,#1097,.F.);
#1405=ORIENTED_EDGE('',*,*,#1098,.F.);
#1406=ORIENTED_EDGE('',*,*,#1099,.T.);
#1407=ORIENTED_EDGE('',*,*,#1100,.T.);
#1408=ORIENTED_EDGE('',*,*,#1101,.F.);
#1409=ORIENTED_EDGE('',*,*,#1102,.T.);
#1410=ORIENTED_EDGE('',*,*,#1103,.F.);
#1411=ORIENTED_EDGE('',*,*,#1104,.F.);
#1412=ORIENTED_EDGE('',*,*,#1105,.F.);
#1413=ORIENTED_EDGE('',*,*,#1106,.F.);
#1414=ORIENTED_EDGE('',*,*,#1104,.T.);
#1415=ORIENTED_EDGE('',*,*,#1107,.F.);
#1416=ORIENTED_EDGE('',*,*,#1108,.F.);
#1417=ORIENTED_EDGE('',*,*,#1109,.F.);
#1418=ORIENTED_EDGE('',*,*,#1108,.T.);
#1419=ORIENTED_EDGE('',*,*,#1110,.F.);
#1420=ORIENTED_EDGE('',*,*,#1111,.F.);
#1421=ORIENTED_EDGE('',*,*,#1112,.F.);
#1422=ORIENTED_EDGE('',*,*,#1113,.T.);
#1423=ORIENTED_EDGE('',*,*,#1111,.T.);
#1424=ORIENTED_EDGE('',*,*,#1114,.F.);
#1425=ORIENTED_EDGE('',*,*,#1115,.F.);
#1426=ORIENTED_EDGE('',*,*,#1116,.F.);
#1427=ORIENTED_EDGE('',*,*,#1117,.F.);
#1428=ORIENTED_EDGE('',*,*,#1115,.T.);
#1429=ORIENTED_EDGE('',*,*,#1118,.F.);
#1430=ORIENTED_EDGE('',*,*,#1119,.F.);
#1431=ORIENTED_EDGE('',*,*,#1120,.F.);
#1432=ORIENTED_EDGE('',*,*,#1121,.F.);
#1433=ORIENTED_EDGE('',*,*,#1119,.T.);
#1434=ORIENTED_EDGE('',*,*,#1122,.F.);
#1435=ORIENTED_EDGE('',*,*,#1123,.F.);
#1436=ORIENTED_EDGE('',*,*,#1124,.F.);
#1437=ORIENTED_EDGE('',*,*,#1125,.T.);
#1438=ORIENTED_EDGE('',*,*,#1123,.T.);
#1439=ORIENTED_EDGE('',*,*,#1126,.T.);
#1440=ORIENTED_EDGE('',*,*,#1100,.F.);
#1441=ORIENTED_EDGE('',*,*,#1127,.F.);
#1442=ORIENTED_EDGE('',*,*,#1128,.T.);
#1443=ORIENTED_EDGE('',*,*,#1102,.F.);
#1444=ORIENTED_EDGE('',*,*,#1127,.T.);
#1445=ORIENTED_EDGE('',*,*,#1129,.F.);
#1446=ORIENTED_EDGE('',*,*,#1130,.F.);
#1447=ORIENTED_EDGE('',*,*,#1131,.T.);
#1448=ORIENTED_EDGE('',*,*,#1132,.F.);
#1449=ORIENTED_EDGE('',*,*,#1128,.F.);
#1450=ORIENTED_EDGE('',*,*,#1133,.F.);
#1451=ORIENTED_EDGE('',*,*,#1134,.T.);
#1452=ORIENTED_EDGE('',*,*,#1135,.F.);
#1453=ORIENTED_EDGE('',*,*,#1136,.F.);
#1454=ORIENTED_EDGE('',*,*,#1137,.F.);
#1455=ORIENTED_EDGE('',*,*,#1138,.F.);
#1456=ORIENTED_EDGE('',*,*,#1136,.T.);
#1457=ORIENTED_EDGE('',*,*,#1139,.F.);
#1458=ORIENTED_EDGE('',*,*,#1140,.F.);
#1459=ORIENTED_EDGE('',*,*,#1141,.F.);
#1460=ORIENTED_EDGE('',*,*,#1142,.F.);
#1461=ORIENTED_EDGE('',*,*,#1140,.T.);
#1462=ORIENTED_EDGE('',*,*,#1143,.F.);
#1463=ORIENTED_EDGE('',*,*,#1144,.F.);
#1464=ORIENTED_EDGE('',*,*,#1145,.F.);
#1465=ORIENTED_EDGE('',*,*,#1146,.F.);
#1466=ORIENTED_EDGE('',*,*,#1144,.T.);
#1467=ORIENTED_EDGE('',*,*,#1147,.F.);
#1468=ORIENTED_EDGE('',*,*,#1148,.F.);
#1469=ORIENTED_EDGE('',*,*,#1149,.F.);
#1470=ORIENTED_EDGE('',*,*,#1150,.F.);
#1471=ORIENTED_EDGE('',*,*,#1148,.T.);
#1472=ORIENTED_EDGE('',*,*,#1151,.F.);
#1473=ORIENTED_EDGE('',*,*,#1131,.F.);
#1474=ORIENTED_EDGE('',*,*,#1098,.T.);
#1475=ORIENTED_EDGE('',*,*,#1126,.F.);
#1476=ORIENTED_EDGE('',*,*,#1134,.F.);
#1477=ORIENTED_EDGE('',*,*,#1125,.F.);
#1478=ORIENTED_EDGE('',*,*,#1099,.F.);
#1479=ORIENTED_EDGE('',*,*,#1152,.F.);
#1480=ORIENTED_EDGE('',*,*,#1153,.T.);
#1481=ORIENTED_EDGE('',*,*,#1154,.F.);
#1482=ORIENTED_EDGE('',*,*,#1155,.F.);
#1483=ORIENTED_EDGE('',*,*,#1069,.F.);
#1484=ORIENTED_EDGE('',*,*,#1156,.T.);
#1485=ORIENTED_EDGE('',*,*,#1154,.T.);
#1486=ORIENTED_EDGE('',*,*,#1157,.T.);
#1487=ORIENTED_EDGE('',*,*,#1146,.T.);
#1488=ORIENTED_EDGE('',*,*,#1149,.T.);
#1489=ORIENTED_EDGE('',*,*,#1150,.T.);
#1490=ORIENTED_EDGE('',*,*,#1130,.T.);
#1491=ORIENTED_EDGE('',*,*,#1129,.T.);
#1492=ORIENTED_EDGE('',*,*,#1101,.T.);
#1493=ORIENTED_EDGE('',*,*,#1105,.T.);
#1494=ORIENTED_EDGE('',*,*,#1106,.T.);
#1495=ORIENTED_EDGE('',*,*,#1109,.T.);
#1496=ORIENTED_EDGE('',*,*,#1112,.T.);
#1497=ORIENTED_EDGE('',*,*,#1158,.T.);
#1498=ORIENTED_EDGE('',*,*,#1152,.T.);
#1499=ORIENTED_EDGE('',*,*,#1159,.T.);
#1500=ORIENTED_EDGE('',*,*,#1160,.F.);
#1501=ORIENTED_EDGE('',*,*,#1161,.F.);
#1502=ORIENTED_EDGE('',*,*,#1157,.F.);
#1503=ORIENTED_EDGE('',*,*,#1153,.F.);
#1504=ORIENTED_EDGE('',*,*,#1158,.F.);
#1505=ORIENTED_EDGE('',*,*,#1113,.F.);
#1506=ORIENTED_EDGE('',*,*,#1162,.F.);
#1507=ORIENTED_EDGE('',*,*,#1145,.T.);
#1508=ORIENTED_EDGE('',*,*,#1159,.F.);
#1509=ORIENTED_EDGE('',*,*,#1155,.T.);
#1510=ORIENTED_EDGE('',*,*,#1156,.F.);
#1511=ORIENTED_EDGE('',*,*,#1163,.T.);
#1512=ORIENTED_EDGE('',*,*,#1164,.T.);
#1513=ORIENTED_EDGE('',*,*,#1165,.T.);
#1514=ORIENTED_EDGE('',*,*,#1166,.T.);
#1515=ORIENTED_EDGE('',*,*,#1167,.T.);
#1516=ORIENTED_EDGE('',*,*,#1168,.T.);
#1517=ORIENTED_EDGE('',*,*,#1169,.T.);
#1518=ORIENTED_EDGE('',*,*,#1170,.F.);
#1519=ORIENTED_EDGE('',*,*,#1171,.T.);
#1520=ORIENTED_EDGE('',*,*,#1172,.T.);
#1521=ORIENTED_EDGE('',*,*,#1165,.F.);
#1522=ORIENTED_EDGE('',*,*,#1173,.F.);
#1523=ORIENTED_EDGE('',*,*,#1169,.F.);
#1524=ORIENTED_EDGE('',*,*,#1142,.T.);
#1525=ORIENTED_EDGE('',*,*,#1174,.T.);
#1526=ORIENTED_EDGE('',*,*,#1166,.F.);
#1527=ORIENTED_EDGE('',*,*,#1172,.F.);
#1528=ORIENTED_EDGE('',*,*,#1162,.T.);
#1529=ORIENTED_EDGE('',*,*,#1167,.F.);
#1530=ORIENTED_EDGE('',*,*,#1174,.F.);
#1531=ORIENTED_EDGE('',*,*,#1175,.T.);
#1532=ORIENTED_EDGE('',*,*,#1176,.T.);
#1533=ORIENTED_EDGE('',*,*,#1177,.F.);
#1534=ORIENTED_EDGE('',*,*,#1178,.T.);
#1535=ORIENTED_EDGE('',*,*,#1179,.F.);
#1536=ORIENTED_EDGE('',*,*,#1180,.T.);
#1537=ORIENTED_EDGE('',*,*,#1181,.F.);
#1538=ORIENTED_EDGE('',*,*,#1182,.F.);
#1539=ORIENTED_EDGE('',*,*,#1178,.F.);
#1540=ORIENTED_EDGE('',*,*,#1183,.T.);
#1541=ORIENTED_EDGE('',*,*,#1184,.F.);
#1542=ORIENTED_EDGE('',*,*,#1176,.F.);
#1543=ORIENTED_EDGE('',*,*,#1116,.T.);
#1544=ORIENTED_EDGE('',*,*,#1179,.T.);
#1545=ORIENTED_EDGE('',*,*,#1182,.T.);
#1546=ORIENTED_EDGE('',*,*,#1185,.F.);
#1547=ORIENTED_EDGE('',*,*,#1160,.T.);
#1548=ORIENTED_EDGE('',*,*,#1185,.T.);
#1549=ORIENTED_EDGE('',*,*,#1181,.T.);
#1550=ORIENTED_EDGE('',*,*,#1173,.T.);
#1551=ORIENTED_EDGE('',*,*,#1092,.T.);
#1552=ORIENTED_EDGE('',*,*,#1177,.T.);
#1553=ORIENTED_EDGE('',*,*,#1184,.T.);
#1554=ORIENTED_EDGE('',*,*,#1186,.T.);
#1555=ORIENTED_EDGE('',*,*,#1187,.T.);
#1556=ORIENTED_EDGE('',*,*,#1188,.T.);
#1557=ORIENTED_EDGE('',*,*,#1170,.T.);
#1558=ORIENTED_EDGE('',*,*,#1189,.T.);
#1559=ORIENTED_EDGE('',*,*,#1183,.F.);
#1560=ORIENTED_EDGE('',*,*,#1175,.F.);
#1561=ORIENTED_EDGE('',*,*,#1117,.T.);
#1562=ORIENTED_EDGE('',*,*,#1120,.T.);
#1563=ORIENTED_EDGE('',*,*,#1121,.T.);
#1564=ORIENTED_EDGE('',*,*,#1124,.T.);
#1565=ORIENTED_EDGE('',*,*,#1133,.T.);
#1566=ORIENTED_EDGE('',*,*,#1137,.T.);
#1567=ORIENTED_EDGE('',*,*,#1138,.T.);
#1568=ORIENTED_EDGE('',*,*,#1141,.T.);
#1569=ORIENTED_EDGE('',*,*,#1171,.F.);
#1570=ORIENTED_EDGE('',*,*,#1168,.F.);
#1571=ORIENTED_EDGE('',*,*,#1190,.T.);
#1572=ORIENTED_EDGE('',*,*,#1191,.T.);
#1573=ORIENTED_EDGE('',*,*,#1192,.T.);
#1574=ORIENTED_EDGE('',*,*,#1193,.T.);
#1575=ORIENTED_EDGE('',*,*,#1194,.T.);
#1576=ORIENTED_EDGE('',*,*,#1192,.F.);
#1577=ORIENTED_EDGE('',*,*,#1195,.T.);
#1578=ORIENTED_EDGE('',*,*,#1188,.F.);
#1579=ORIENTED_EDGE('',*,*,#1196,.F.);
#1580=ORIENTED_EDGE('',*,*,#1193,.F.);
#1581=ORIENTED_EDGE('',*,*,#1196,.T.);
#1582=ORIENTED_EDGE('',*,*,#1187,.F.);
#1583=ORIENTED_EDGE('',*,*,#1197,.F.);
#1584=ORIENTED_EDGE('',*,*,#1194,.F.);
#1585=ORIENTED_EDGE('',*,*,#1197,.T.);
#1586=ORIENTED_EDGE('',*,*,#1186,.F.);
#1587=ORIENTED_EDGE('',*,*,#1198,.F.);
#1588=ORIENTED_EDGE('',*,*,#1191,.F.);
#1589=ORIENTED_EDGE('',*,*,#1198,.T.);
#1590=ORIENTED_EDGE('',*,*,#1189,.F.);
#1591=ORIENTED_EDGE('',*,*,#1195,.F.);
#1592=ORIENTED_EDGE('',*,*,#1070,.F.);
#1593=ORIENTED_EDGE('',*,*,#1161,.T.);
#1594=ORIENTED_EDGE('',*,*,#1180,.F.);
#1595=ORIENTED_EDGE('',*,*,#1091,.F.);
#1596=ORIENTED_EDGE('',*,*,#1199,.T.);
#1597=ORIENTED_EDGE('',*,*,#1084,.F.);
#1598=ORIENTED_EDGE('',*,*,#1200,.T.);
#1599=ORIENTED_EDGE('',*,*,#1201,.T.);
#1600=ORIENTED_EDGE('',*,*,#1068,.F.);
#1601=ORIENTED_EDGE('',*,*,#1093,.T.);
#1602=ORIENTED_EDGE('',*,*,#1164,.F.);
#1603=ORIENTED_EDGE('',*,*,#1163,.F.);
#1604=ORIENTED_EDGE('',*,*,#1190,.F.);
#1605=ORIENTED_EDGE('',*,*,#1202,.F.);
#1606=ORIENTED_EDGE('',*,*,#1203,.T.);
#1607=ORIENTED_EDGE('',*,*,#1202,.T.);
#1608=ORIENTED_EDGE('',*,*,#1097,.T.);
#1609=ORIENTED_EDGE('',*,*,#1204,.T.);
#1610=ORIENTED_EDGE('',*,*,#1203,.F.);
#1611=ORIENTED_EDGE('',*,*,#1204,.F.);
#1612=ORIENTED_EDGE('',*,*,#1205,.F.);
#1613=ORIENTED_EDGE('',*,*,#1206,.T.);
#1614=ORIENTED_EDGE('',*,*,#1207,.T.);
#1615=ORIENTED_EDGE('',*,*,#1208,.F.);
#1616=ORIENTED_EDGE('',*,*,#1209,.F.);
#1617=ORIENTED_EDGE('',*,*,#1210,.F.);
#1618=ORIENTED_EDGE('',*,*,#1132,.T.);
#1619=ORIENTED_EDGE('',*,*,#1211,.T.);
#1620=ORIENTED_EDGE('',*,*,#1212,.T.);
#1621=ORIENTED_EDGE('',*,*,#1206,.F.);
#1622=ORIENTED_EDGE('',*,*,#1213,.F.);
#1623=ORIENTED_EDGE('',*,*,#1211,.F.);
#1624=ORIENTED_EDGE('',*,*,#1151,.T.);
#1625=ORIENTED_EDGE('',*,*,#1213,.T.);
#1626=ORIENTED_EDGE('',*,*,#1147,.T.);
#1627=ORIENTED_EDGE('',*,*,#1214,.T.);
#1628=ORIENTED_EDGE('',*,*,#1215,.F.);
#1629=ORIENTED_EDGE('',*,*,#1207,.F.);
#1630=ORIENTED_EDGE('',*,*,#1212,.F.);
#1631=ORIENTED_EDGE('',*,*,#1143,.T.);
#1632=ORIENTED_EDGE('',*,*,#1216,.T.);
#1633=ORIENTED_EDGE('',*,*,#1217,.T.);
#1634=ORIENTED_EDGE('',*,*,#1214,.F.);
#1635=ORIENTED_EDGE('',*,*,#1139,.T.);
#1636=ORIENTED_EDGE('',*,*,#1218,.T.);
#1637=ORIENTED_EDGE('',*,*,#1219,.T.);
#1638=ORIENTED_EDGE('',*,*,#1216,.F.);
#1639=ORIENTED_EDGE('',*,*,#1135,.T.);
#1640=ORIENTED_EDGE('',*,*,#1220,.T.);
#1641=ORIENTED_EDGE('',*,*,#1209,.T.);
#1642=ORIENTED_EDGE('',*,*,#1218,.F.);
#1643=ORIENTED_EDGE('',*,*,#1219,.F.);
#1644=ORIENTED_EDGE('',*,*,#1208,.T.);
#1645=ORIENTED_EDGE('',*,*,#1215,.T.);
#1646=ORIENTED_EDGE('',*,*,#1217,.F.);
#1647=ORIENTED_EDGE('',*,*,#1221,.F.);
#1648=ORIENTED_EDGE('',*,*,#1107,.T.);
#1649=ORIENTED_EDGE('',*,*,#1222,.F.);
#1650=ORIENTED_EDGE('',*,*,#1221,.T.);
#1651=ORIENTED_EDGE('',*,*,#1223,.T.);
#1652=ORIENTED_EDGE('',*,*,#1224,.F.);
#1653=ORIENTED_EDGE('',*,*,#1225,.F.);
#1654=ORIENTED_EDGE('',*,*,#1226,.F.);
#1655=ORIENTED_EDGE('',*,*,#1110,.T.);
#1656=ORIENTED_EDGE('',*,*,#1210,.T.);
#1657=ORIENTED_EDGE('',*,*,#1227,.F.);
#1658=ORIENTED_EDGE('',*,*,#1223,.F.);
#1659=ORIENTED_EDGE('',*,*,#1222,.T.);
#1660=ORIENTED_EDGE('',*,*,#1103,.T.);
#1661=ORIENTED_EDGE('',*,*,#1122,.T.);
#1662=ORIENTED_EDGE('',*,*,#1228,.T.);
#1663=ORIENTED_EDGE('',*,*,#1229,.T.);
#1664=ORIENTED_EDGE('',*,*,#1220,.F.);
#1665=ORIENTED_EDGE('',*,*,#1118,.T.);
#1666=ORIENTED_EDGE('',*,*,#1230,.T.);
#1667=ORIENTED_EDGE('',*,*,#1231,.T.);
#1668=ORIENTED_EDGE('',*,*,#1228,.F.);
#1669=ORIENTED_EDGE('',*,*,#1205,.T.);
#1670=ORIENTED_EDGE('',*,*,#1229,.F.);
#1671=ORIENTED_EDGE('',*,*,#1232,.T.);
#1672=ORIENTED_EDGE('',*,*,#1224,.T.);
#1673=ORIENTED_EDGE('',*,*,#1227,.T.);
#1674=ORIENTED_EDGE('',*,*,#1231,.F.);
#1675=ORIENTED_EDGE('',*,*,#1233,.T.);
#1676=ORIENTED_EDGE('',*,*,#1225,.T.);
#1677=ORIENTED_EDGE('',*,*,#1232,.F.);
#1678=ORIENTED_EDGE('',*,*,#1114,.T.);
#1679=ORIENTED_EDGE('',*,*,#1226,.T.);
#1680=ORIENTED_EDGE('',*,*,#1233,.F.);
#1681=ORIENTED_EDGE('',*,*,#1230,.F.);
#1682=ORIENTED_EDGE('',*,*,#1234,.T.);
#1683=ORIENTED_EDGE('',*,*,#1235,.T.);
#1684=ORIENTED_EDGE('',*,*,#1236,.T.);
#1685=ORIENTED_EDGE('',*,*,#1237,.F.);
#1686=ORIENTED_EDGE('',*,*,#1238,.T.);
#1687=ORIENTED_EDGE('',*,*,#1239,.T.);
#1688=ORIENTED_EDGE('',*,*,#1240,.T.);
#1689=ORIENTED_EDGE('',*,*,#1235,.F.);
#1690=ORIENTED_EDGE('',*,*,#1241,.T.);
#1691=ORIENTED_EDGE('',*,*,#1242,.T.);
#1692=ORIENTED_EDGE('',*,*,#1243,.T.);
#1693=ORIENTED_EDGE('',*,*,#1239,.F.);
#1694=ORIENTED_EDGE('',*,*,#1244,.T.);
#1695=ORIENTED_EDGE('',*,*,#1237,.T.);
#1696=ORIENTED_EDGE('',*,*,#1245,.T.);
#1697=ORIENTED_EDGE('',*,*,#1242,.F.);
#1698=ORIENTED_EDGE('',*,*,#1246,.T.);
#1699=ORIENTED_EDGE('',*,*,#1247,.T.);
#1700=ORIENTED_EDGE('',*,*,#1248,.F.);
#1701=ORIENTED_EDGE('',*,*,#1247,.F.);
#1702=ORIENTED_EDGE('',*,*,#1249,.T.);
#1703=ORIENTED_EDGE('',*,*,#1250,.T.);
#1704=ORIENTED_EDGE('',*,*,#1251,.F.);
#1705=ORIENTED_EDGE('',*,*,#1250,.F.);
#1706=ORIENTED_EDGE('',*,*,#1252,.F.);
#1707=ORIENTED_EDGE('',*,*,#1253,.T.);
#1708=ORIENTED_EDGE('',*,*,#1254,.T.);
#1709=ORIENTED_EDGE('',*,*,#1255,.T.);
#1710=ORIENTED_EDGE('',*,*,#1254,.F.);
#1711=ORIENTED_EDGE('',*,*,#1256,.T.);
#1712=ORIENTED_EDGE('',*,*,#1257,.T.);
#1713=ORIENTED_EDGE('',*,*,#1258,.T.);
#1714=ORIENTED_EDGE('',*,*,#1249,.F.);
#1715=ORIENTED_EDGE('',*,*,#1246,.F.);
#1716=ORIENTED_EDGE('',*,*,#1252,.T.);
#1717=ORIENTED_EDGE('',*,*,#1259,.T.);
#1718=ORIENTED_EDGE('',*,*,#1260,.T.);
#1719=ORIENTED_EDGE('',*,*,#1261,.T.);
#1720=ORIENTED_EDGE('',*,*,#1251,.T.);
#1721=ORIENTED_EDGE('',*,*,#1248,.T.);
#1722=ORIENTED_EDGE('',*,*,#1261,.F.);
#1723=ORIENTED_EDGE('',*,*,#1262,.F.);
#1724=ORIENTED_EDGE('',*,*,#1263,.F.);
#1725=ORIENTED_EDGE('',*,*,#1264,.T.);
#1726=ORIENTED_EDGE('',*,*,#1265,.F.);
#1727=ORIENTED_EDGE('',*,*,#1266,.F.);
#1728=ORIENTED_EDGE('',*,*,#1267,.F.);
#1729=ORIENTED_EDGE('',*,*,#1268,.T.);
#1730=ORIENTED_EDGE('',*,*,#1062,.F.);
#1731=ORIENTED_EDGE('',*,*,#1094,.T.);
#1732=ORIENTED_EDGE('',*,*,#1269,.F.);
#1733=ORIENTED_EDGE('',*,*,#1256,.F.);
#1734=ORIENTED_EDGE('',*,*,#1253,.F.);
#1735=ORIENTED_EDGE('',*,*,#1257,.F.);
#1736=ORIENTED_EDGE('',*,*,#1269,.T.);
#1737=ORIENTED_EDGE('',*,*,#1096,.T.);
#1738=ORIENTED_EDGE('',*,*,#1270,.F.);
#1739=ORIENTED_EDGE('',*,*,#1241,.F.);
#1740=ORIENTED_EDGE('',*,*,#1238,.F.);
#1741=ORIENTED_EDGE('',*,*,#1234,.F.);
#1742=ORIENTED_EDGE('',*,*,#1244,.F.);
#1743=ORIENTED_EDGE('',*,*,#1271,.T.);
#1744=ORIENTED_EDGE('',*,*,#1272,.T.);
#1745=ORIENTED_EDGE('',*,*,#1273,.F.);
#1746=ORIENTED_EDGE('',*,*,#1272,.F.);
#1747=ORIENTED_EDGE('',*,*,#1274,.T.);
#1748=ORIENTED_EDGE('',*,*,#1275,.T.);
#1749=ORIENTED_EDGE('',*,*,#1276,.F.);
#1750=ORIENTED_EDGE('',*,*,#1275,.F.);
#1751=ORIENTED_EDGE('',*,*,#1277,.T.);
#1752=ORIENTED_EDGE('',*,*,#1278,.T.);
#1753=ORIENTED_EDGE('',*,*,#1279,.T.);
#1754=ORIENTED_EDGE('',*,*,#1266,.T.);
#1755=ORIENTED_EDGE('',*,*,#1279,.F.);
#1756=ORIENTED_EDGE('',*,*,#1280,.T.);
#1757=ORIENTED_EDGE('',*,*,#1281,.T.);
#1758=ORIENTED_EDGE('',*,*,#1267,.T.);
#1759=ORIENTED_EDGE('',*,*,#1274,.F.);
#1760=ORIENTED_EDGE('',*,*,#1271,.F.);
#1761=ORIENTED_EDGE('',*,*,#1277,.F.);
#1762=ORIENTED_EDGE('',*,*,#1265,.T.);
#1763=ORIENTED_EDGE('',*,*,#1282,.T.);
#1764=ORIENTED_EDGE('',*,*,#1283,.T.);
#1765=ORIENTED_EDGE('',*,*,#1276,.T.);
#1766=ORIENTED_EDGE('',*,*,#1273,.T.);
#1767=ORIENTED_EDGE('',*,*,#1282,.F.);
#1768=ORIENTED_EDGE('',*,*,#1264,.F.);
#1769=ORIENTED_EDGE('',*,*,#1284,.F.);
#1770=ORIENTED_EDGE('',*,*,#1285,.T.);
#1771=ORIENTED_EDGE('',*,*,#1281,.F.);
#1772=ORIENTED_EDGE('',*,*,#1286,.T.);
#1773=ORIENTED_EDGE('',*,*,#1063,.F.);
#1774=ORIENTED_EDGE('',*,*,#1268,.F.);
#1775=ORIENTED_EDGE('',*,*,#1259,.F.);
#1776=ORIENTED_EDGE('',*,*,#1255,.F.);
#1777=ORIENTED_EDGE('',*,*,#1258,.F.);
#1778=ORIENTED_EDGE('',*,*,#1270,.T.);
#1779=ORIENTED_EDGE('',*,*,#1095,.T.);
#1780=ORIENTED_EDGE('',*,*,#1064,.F.);
#1781=ORIENTED_EDGE('',*,*,#1286,.F.);
#1782=ORIENTED_EDGE('',*,*,#1280,.F.);
#1783=ORIENTED_EDGE('',*,*,#1278,.F.);
#1784=ORIENTED_EDGE('',*,*,#1283,.F.);
#1785=ORIENTED_EDGE('',*,*,#1285,.F.);
#1786=ORIENTED_EDGE('',*,*,#1287,.F.);
#1787=ORIENTED_EDGE('',*,*,#1288,.T.);
#1788=ORIENTED_EDGE('',*,*,#1260,.F.);
#1789=ORIENTED_EDGE('',*,*,#1288,.F.);
#1790=ORIENTED_EDGE('',*,*,#1289,.F.);
#1791=ORIENTED_EDGE('',*,*,#1262,.T.);
#1792=ORIENTED_EDGE('',*,*,#1290,.T.);
#1793=ORIENTED_EDGE('',*,*,#1291,.T.);
#1794=ORIENTED_EDGE('',*,*,#1089,.T.);
#1795=ORIENTED_EDGE('',*,*,#1292,.F.);
#1796=ORIENTED_EDGE('',*,*,#1243,.F.);
#1797=ORIENTED_EDGE('',*,*,#1245,.F.);
#1798=ORIENTED_EDGE('',*,*,#1236,.F.);
#1799=ORIENTED_EDGE('',*,*,#1240,.F.);
#1800=ORIENTED_EDGE('',*,*,#1072,.F.);
#1801=ORIENTED_EDGE('',*,*,#1090,.T.);
#1802=ORIENTED_EDGE('',*,*,#1291,.F.);
#1803=ORIENTED_EDGE('',*,*,#1293,.T.);
#1804=ORIENTED_EDGE('',*,*,#1294,.T.);
#1805=ORIENTED_EDGE('',*,*,#1073,.F.);
#1806=ORIENTED_EDGE('',*,*,#1294,.F.);
#1807=ORIENTED_EDGE('',*,*,#1295,.T.);
#1808=ORIENTED_EDGE('',*,*,#1296,.T.);
#1809=ORIENTED_EDGE('',*,*,#1074,.F.);
#1810=ORIENTED_EDGE('',*,*,#1296,.F.);
#1811=ORIENTED_EDGE('',*,*,#1297,.T.);
#1812=ORIENTED_EDGE('',*,*,#1292,.T.);
#1813=ORIENTED_EDGE('',*,*,#1088,.T.);
#1814=ORIENTED_EDGE('',*,*,#1297,.F.);
#1815=ORIENTED_EDGE('',*,*,#1295,.F.);
#1816=ORIENTED_EDGE('',*,*,#1293,.F.);
#1817=ORIENTED_EDGE('',*,*,#1290,.F.);
#1818=ORIENTED_EDGE('',*,*,#1289,.T.);
#1819=ORIENTED_EDGE('',*,*,#1287,.T.);
#1820=ORIENTED_EDGE('',*,*,#1284,.T.);
#1821=ORIENTED_EDGE('',*,*,#1263,.T.);
#1822=ORIENTED_EDGE('',*,*,#1298,.F.);
#1823=ORIENTED_EDGE('',*,*,#1299,.T.);
#1824=ORIENTED_EDGE('',*,*,#1300,.F.);
#1825=ORIENTED_EDGE('',*,*,#1301,.F.);
#1826=ORIENTED_EDGE('',*,*,#1302,.F.);
#1827=ORIENTED_EDGE('',*,*,#1301,.T.);
#1828=ORIENTED_EDGE('',*,*,#1303,.F.);
#1829=ORIENTED_EDGE('',*,*,#1304,.F.);
#1830=ORIENTED_EDGE('',*,*,#1305,.F.);
#1831=ORIENTED_EDGE('',*,*,#1304,.T.);
#1832=ORIENTED_EDGE('',*,*,#1306,.F.);
#1833=ORIENTED_EDGE('',*,*,#1307,.F.);
#1834=ORIENTED_EDGE('',*,*,#1308,.F.);
#1835=ORIENTED_EDGE('',*,*,#1307,.T.);
#1836=ORIENTED_EDGE('',*,*,#1309,.F.);
#1837=ORIENTED_EDGE('',*,*,#1299,.F.);
#1838=ORIENTED_EDGE('',*,*,#1310,.F.);
#1839=ORIENTED_EDGE('',*,*,#1311,.T.);
#1840=ORIENTED_EDGE('',*,*,#1312,.T.);
#1841=ORIENTED_EDGE('',*,*,#1311,.F.);
#1842=ORIENTED_EDGE('',*,*,#1313,.F.);
#1843=ORIENTED_EDGE('',*,*,#1314,.T.);
#1844=ORIENTED_EDGE('',*,*,#1315,.T.);
#1845=ORIENTED_EDGE('',*,*,#1314,.F.);
#1846=ORIENTED_EDGE('',*,*,#1316,.T.);
#1847=ORIENTED_EDGE('',*,*,#1317,.F.);
#1848=ORIENTED_EDGE('',*,*,#1318,.F.);
#1849=ORIENTED_EDGE('',*,*,#1319,.F.);
#1850=ORIENTED_EDGE('',*,*,#1318,.T.);
#1851=ORIENTED_EDGE('',*,*,#1320,.F.);
#1852=ORIENTED_EDGE('',*,*,#1321,.F.);
#1853=ORIENTED_EDGE('',*,*,#1322,.F.);
#1854=ORIENTED_EDGE('',*,*,#1313,.T.);
#1855=ORIENTED_EDGE('',*,*,#1310,.T.);
#1856=ORIENTED_EDGE('',*,*,#1316,.F.);
#1857=ORIENTED_EDGE('',*,*,#1323,.F.);
#1858=ORIENTED_EDGE('',*,*,#1324,.F.);
#1859=ORIENTED_EDGE('',*,*,#1325,.F.);
#1860=ORIENTED_EDGE('',*,*,#1315,.F.);
#1861=ORIENTED_EDGE('',*,*,#1312,.F.);
#1862=ORIENTED_EDGE('',*,*,#1323,.T.);
#1863=ORIENTED_EDGE('',*,*,#1319,.T.);
#1864=ORIENTED_EDGE('',*,*,#1322,.T.);
#1865=ORIENTED_EDGE('',*,*,#1326,.T.);
#1866=ORIENTED_EDGE('',*,*,#1200,.F.);
#1867=ORIENTED_EDGE('',*,*,#1083,.T.);
#1868=ORIENTED_EDGE('',*,*,#1327,.F.);
#1869=ORIENTED_EDGE('',*,*,#1328,.T.);
#1870=ORIENTED_EDGE('',*,*,#1329,.T.);
#1871=ORIENTED_EDGE('',*,*,#1330,.T.);
#1872=ORIENTED_EDGE('',*,*,#1331,.F.);
#1873=ORIENTED_EDGE('',*,*,#1332,.T.);
#1874=ORIENTED_EDGE('',*,*,#1333,.T.);
#1875=ORIENTED_EDGE('',*,*,#1321,.T.);
#1876=ORIENTED_EDGE('',*,*,#1334,.T.);
#1877=ORIENTED_EDGE('',*,*,#1201,.F.);
#1878=ORIENTED_EDGE('',*,*,#1326,.F.);
#1879=ORIENTED_EDGE('',*,*,#1305,.T.);
#1880=ORIENTED_EDGE('',*,*,#1308,.T.);
#1881=ORIENTED_EDGE('',*,*,#1298,.T.);
#1882=ORIENTED_EDGE('',*,*,#1302,.T.);
#1883=ORIENTED_EDGE('',*,*,#1335,.F.);
#1884=ORIENTED_EDGE('',*,*,#1336,.T.);
#1885=ORIENTED_EDGE('',*,*,#1337,.T.);
#1886=ORIENTED_EDGE('',*,*,#1336,.F.);
#1887=ORIENTED_EDGE('',*,*,#1338,.F.);
#1888=ORIENTED_EDGE('',*,*,#1339,.T.);
#1889=ORIENTED_EDGE('',*,*,#1340,.T.);
#1890=ORIENTED_EDGE('',*,*,#1339,.F.);
#1891=ORIENTED_EDGE('',*,*,#1341,.F.);
#1892=ORIENTED_EDGE('',*,*,#1329,.F.);
#1893=ORIENTED_EDGE('',*,*,#1342,.F.);
#1894=ORIENTED_EDGE('',*,*,#1343,.F.);
#1895=ORIENTED_EDGE('',*,*,#1342,.T.);
#1896=ORIENTED_EDGE('',*,*,#1328,.F.);
#1897=ORIENTED_EDGE('',*,*,#1344,.F.);
#1898=ORIENTED_EDGE('',*,*,#1345,.F.);
#1899=ORIENTED_EDGE('',*,*,#1338,.T.);
#1900=ORIENTED_EDGE('',*,*,#1335,.T.);
#1901=ORIENTED_EDGE('',*,*,#1341,.T.);
#1902=ORIENTED_EDGE('',*,*,#1346,.F.);
#1903=ORIENTED_EDGE('',*,*,#1347,.F.);
#1904=ORIENTED_EDGE('',*,*,#1330,.F.);
#1905=ORIENTED_EDGE('',*,*,#1340,.F.);
#1906=ORIENTED_EDGE('',*,*,#1337,.F.);
#1907=ORIENTED_EDGE('',*,*,#1347,.T.);
#1908=ORIENTED_EDGE('',*,*,#1348,.F.);
#1909=ORIENTED_EDGE('',*,*,#1349,.T.);
#1910=ORIENTED_EDGE('',*,*,#1331,.T.);
#1911=ORIENTED_EDGE('',*,*,#1344,.T.);
#1912=ORIENTED_EDGE('',*,*,#1327,.T.);
#1913=ORIENTED_EDGE('',*,*,#1082,.T.);
#1914=ORIENTED_EDGE('',*,*,#1350,.F.);
#1915=ORIENTED_EDGE('',*,*,#1325,.T.);
#1916=ORIENTED_EDGE('',*,*,#1351,.F.);
#1917=ORIENTED_EDGE('',*,*,#1352,.T.);
#1918=ORIENTED_EDGE('',*,*,#1348,.T.);
#1919=ORIENTED_EDGE('',*,*,#1346,.T.);
#1920=ORIENTED_EDGE('',*,*,#1343,.T.);
#1921=ORIENTED_EDGE('',*,*,#1345,.T.);
#1922=ORIENTED_EDGE('',*,*,#1350,.T.);
#1923=ORIENTED_EDGE('',*,*,#1081,.T.);
#1924=ORIENTED_EDGE('',*,*,#1199,.F.);
#1925=ORIENTED_EDGE('',*,*,#1334,.F.);
#1926=ORIENTED_EDGE('',*,*,#1320,.T.);
#1927=ORIENTED_EDGE('',*,*,#1317,.T.);
#1928=ORIENTED_EDGE('',*,*,#1324,.T.);
#1929=ORIENTED_EDGE('',*,*,#1333,.F.);
#1930=ORIENTED_EDGE('',*,*,#1353,.T.);
#1931=ORIENTED_EDGE('',*,*,#1351,.T.);
#1932=ORIENTED_EDGE('',*,*,#1354,.F.);
#1933=ORIENTED_EDGE('',*,*,#1355,.T.);
#1934=ORIENTED_EDGE('',*,*,#1086,.F.);
#1935=ORIENTED_EDGE('',*,*,#1356,.F.);
#1936=ORIENTED_EDGE('',*,*,#1306,.T.);
#1937=ORIENTED_EDGE('',*,*,#1303,.T.);
#1938=ORIENTED_EDGE('',*,*,#1300,.T.);
#1939=ORIENTED_EDGE('',*,*,#1309,.T.);
#1940=ORIENTED_EDGE('',*,*,#1066,.T.);
#1941=ORIENTED_EDGE('',*,*,#1357,.F.);
#1942=ORIENTED_EDGE('',*,*,#1358,.F.);
#1943=ORIENTED_EDGE('',*,*,#1356,.T.);
#1944=ORIENTED_EDGE('',*,*,#1085,.F.);
#1945=ORIENTED_EDGE('',*,*,#1080,.T.);
#1946=ORIENTED_EDGE('',*,*,#1359,.F.);
#1947=ORIENTED_EDGE('',*,*,#1360,.F.);
#1948=ORIENTED_EDGE('',*,*,#1357,.T.);
#1949=ORIENTED_EDGE('',*,*,#1079,.T.);
#1950=ORIENTED_EDGE('',*,*,#1087,.F.);
#1951=ORIENTED_EDGE('',*,*,#1355,.F.);
#1952=ORIENTED_EDGE('',*,*,#1361,.F.);
#1953=ORIENTED_EDGE('',*,*,#1359,.T.);
#1954=ORIENTED_EDGE('',*,*,#1361,.T.);
#1955=ORIENTED_EDGE('',*,*,#1354,.T.);
#1956=ORIENTED_EDGE('',*,*,#1358,.T.);
#1957=ORIENTED_EDGE('',*,*,#1360,.T.);
#1958=ORIENTED_EDGE('',*,*,#1353,.F.);
#1959=ORIENTED_EDGE('',*,*,#1332,.F.);
#1960=ORIENTED_EDGE('',*,*,#1349,.F.);
#1961=ORIENTED_EDGE('',*,*,#1352,.F.);
#1962=B_SPLINE_SURFACE_WITH_KNOTS('',3,3,((#2667,#2668,#2669,#2670),(#2671,
#2672,#2673,#2674),(#2675,#2676,#2677,#2678),(#2679,#2680,#2681,#2682),
(#2683,#2684,#2685,#2686),(#2687,#2688,#2689,#2690),(#2691,#2692,#2693,
#2694)),.UNSPECIFIED.,.F.,.F.,.F.,(4,1,2,4),(4,4),(0.894088010931964,0.90631010416696,
0.924643244019453,0.983671550254532),(0.6027696422197,1.),.UNSPECIFIED.);
#1963=B_SPLINE_SURFACE_WITH_KNOTS('',3,3,((#2722,#2723,#2724,#2725),(#2726,
#2727,#2728,#2729),(#2730,#2731,#2732,#2733),(#2734,#2735,#2736,#2737),
(#2738,#2739,#2740,#2741),(#2742,#2743,#2744,#2745),(#2746,#2747,#2748,
#2749),(#2750,#2751,#2752,#2753),(#2754,#2755,#2756,#2757),(#2758,#2759,
#2760,#2761),(#2762,#2763,#2764,#2765),(#2766,#2767,#2768,#2769),(#2770,
#2771,#2772,#2773),(#2774,#2775,#2776,#2777),(#2778,#2779,#2780,#2781),
(#2782,#2783,#2784,#2785),(#2786,#2787,#2788,#2789),(#2790,#2791,#2792,
#2793),(#2794,#2795,#2796,#2797),(#2798,#2799,#2800,#2801),(#2802,#2803,
#2804,#2805),(#2806,#2807,#2808,#2809),(#2810,#2811,#2812,#2813),(#2814,
#2815,#2816,#2817),(#2818,#2819,#2820,#2821),(#2822,#2823,#2824,#2825),
(#2826,#2827,#2828,#2829),(#2830,#2831,#2832,#2833),(#2834,#2835,#2836,
#2837),(#2838,#2839,#2840,#2841),(#2842,#2843,#2844,#2845),(#2846,#2847,
#2848,#2849),(#2850,#2851,#2852,#2853),(#2854,#2855,#2856,#2857),(#2858,
#2859,#2860,#2861),(#2862,#2863,#2864,#2865),(#2866,#2867,#2868,#2869),
(#2870,#2871,#2872,#2873),(#2874,#2875,#2876,#2877),(#2878,#2879,#2880,
#2881),(#2882,#2883,#2884,#2885),(#2886,#2887,#2888,#2889),(#2890,#2891,
#2892,#2893),(#2894,#2895,#2896,#2897),(#2898,#2899,#2900,#2901),(#2902,
#2903,#2904,#2905),(#2906,#2907,#2908,#2909),(#2910,#2911,#2912,#2913),
(#2914,#2915,#2916,#2917),(#2918,#2919,#2920,#2921),(#2922,#2923,#2924,
#2925),(#2926,#2927,#2928,#2929),(#2930,#2931,#2932,#2933),(#2934,#2935,
#2936,#2937),(#2938,#2939,#2940,#2941),(#2942,#2943,#2944,#2945),(#2946,
#2947,#2948,#2949),(#2950,#2951,#2952,#2953),(#2954,#2955,#2956,#2957),
(#2958,#2959,#2960,#2961),(#2962,#2963,#2964,#2965),(#2966,#2967,#2968,
#2969),(#2970,#2971,#2972,#2973)),.UNSPECIFIED.,.T.,.F.,.F.,(4,2,1,1,1,
2,2,1,1,1,2,1,2,1,1,2,1,1,1,2,1,1,2,1,1,1,2,1,1,1,2,1,1,2,1,2,1,1,1,2,2,
1,1,1,2,4),(4,4),(0.,0.0753567559805471,0.0878228368683652,0.100288917756183,
0.112754998644001,0.125221079531819,0.136909216037127,0.158574283381534,
0.180239350725942,0.201904418070349,0.223569485414756,0.273524723069246,
0.323479960723736,0.341882957575341,0.351084456001144,0.360285954426946,
0.369823974549222,0.379361994671498,0.388900014793774,0.39843803491605,
0.411133280551543,0.423828526187037,0.5,0.576171473812963,0.588866719448456,
0.595214342266203,0.60156196508395,0.611099985206226,0.620638005328502,
0.630176025450778,0.639714045573054,0.648915543998856,0.658117042424659,
0.676520039276264,0.726475276930754,0.776430514585244,0.798095581929651,
0.819760649274059,0.841425716618466,0.863090783962873,0.874778920468181,
0.887245001355999,0.899711082243817,0.912177163131635,0.924643244019453,
1.),(0.0621651937826243,1.),.UNSPECIFIED.);
#1964=B_SPLINE_SURFACE_WITH_KNOTS('',3,3,((#3240,#3241,#3242,#3243),(#3244,
#3245,#3246,#3247),(#3248,#3249,#3250,#3251),(#3252,#3253,#3254,#3255),
(#3256,#3257,#3258,#3259),(#3260,#3261,#3262,#3263),(#3264,#3265,#3266,
#3267)),.UNSPECIFIED.,.F.,.F.,.F.,(4,2,1,4),(4,4),(0.0163284497454679,0.0753567559805471,
0.0875788492155427,0.105911989068036),(0.6027696422197,1.),
 .UNSPECIFIED.);
#1965=B_SPLINE_SURFACE_WITH_KNOTS('',3,3,((#3623,#3624,#3625,#3626),(#3627,
#3628,#3629,#3630),(#3631,#3632,#3633,#3634),(#3635,#3636,#3637,#3638)),
 .UNSPECIFIED.,.F.,.F.,.F.,(4,4),(4,4),(0.,0.0180549560624009),(0.,1.),
 .UNSPECIFIED.);
#1966=B_SPLINE_SURFACE_WITH_KNOTS('',3,3,((#3655,#3656,#3657,#3658),(#3659,
#3660,#3661,#3662),(#3663,#3664,#3665,#3666),(#3667,#3668,#3669,#3670),
(#3671,#3672,#3673,#3674),(#3675,#3676,#3677,#3678),(#3679,#3680,#3681,
#3682),(#3683,#3684,#3685,#3686),(#3687,#3688,#3689,#3690),(#3691,#3692,
#3693,#3694),(#3695,#3696,#3697,#3698),(#3699,#3700,#3701,#3702),(#3703,
#3704,#3705,#3706),(#3707,#3708,#3709,#3710),(#3711,#3712,#3713,#3714),
(#3715,#3716,#3717,#3718),(#3719,#3720,#3721,#3722),(#3723,#3724,#3725,
#3726)),.UNSPECIFIED.,.F.,.F.,.F.,(4,1,1,1,1,1,1,1,1,1,1,1,1,1,1,4),(4,
4),(0.,0.285714285714286,0.428571428571429,0.571428571428571,0.589285714285714,
0.607142857142857,0.642857142857143,0.714285714285714,0.75,0.785714285714286,
0.821428571428571,0.839285714285714,0.857142857142857,0.928571428571429,
0.964285714285714,1.),(0.,1.),.UNSPECIFIED.);
#1967=B_SPLINE_SURFACE_WITH_KNOTS('',3,3,((#3788,#3789,#3790,#3791),(#3792,
#3793,#3794,#3795),(#3796,#3797,#3798,#3799),(#3800,#3801,#3802,#3803),
(#3804,#3805,#3806,#3807),(#3808,#3809,#3810,#3811),(#3812,#3813,#3814,
#3815),(#3816,#3817,#3818,#3819),(#3820,#3821,#3822,#3823),(#3824,#3825,
#3826,#3827),(#3828,#3829,#3830,#3831),(#3832,#3833,#3834,#3835),(#3836,
#3837,#3838,#3839)),.UNSPECIFIED.,.F.,.F.,.F.,(4,1,1,1,1,1,1,1,1,1,4),(4,
4),(0.,0.0714285714285714,0.142857142857143,0.178571428571429,0.214285714285714,
0.285714285714286,0.428571428571429,0.571428571428571,0.714285714285714,
0.857142857142857,1.),(0.,1.),.UNSPECIFIED.);
#1968=B_SPLINE_SURFACE_WITH_KNOTS('',3,3,((#3877,#3878,#3879,#3880),(#3881,
#3882,#3883,#3884),(#3885,#3886,#3887,#3888),(#3889,#3890,#3891,#3892)),
 .UNSPECIFIED.,.F.,.F.,.F.,(4,4),(4,4),(0.,1.),(0.,1.),.UNSPECIFIED.);
#1969=B_SPLINE_SURFACE_WITH_KNOTS('',3,3,((#3905,#3906,#3907,#3908),(#3909,
#3910,#3911,#3912),(#3913,#3914,#3915,#3916),(#3917,#3918,#3919,#3920),
(#3921,#3922,#3923,#3924),(#3925,#3926,#3927,#3928),(#3929,#3930,#3931,
#3932),(#3933,#3934,#3935,#3936),(#3937,#3938,#3939,#3940),(#3941,#3942,
#3943,#3944),(#3945,#3946,#3947,#3948),(#3949,#3950,#3951,#3952)),
 .UNSPECIFIED.,.F.,.F.,.F.,(4,1,1,1,1,1,1,1,1,4),(4,4),(0.,0.142857142857143,
0.285714285714286,0.357142857142857,0.428571428571429,0.571428571428571,
0.607142857142857,0.642857142857143,0.857142857142857,1.),(0.,1.),
 .UNSPECIFIED.);
#1970=B_SPLINE_SURFACE_WITH_KNOTS('',3,3,((#3987,#3988,#3989,#3990),(#3991,
#3992,#3993,#3994),(#3995,#3996,#3997,#3998),(#3999,#4000,#4001,#4002),
(#4003,#4004,#4005,#4006),(#4007,#4008,#4009,#4010),(#4011,#4012,#4013,
#4014),(#4015,#4016,#4017,#4018),(#4019,#4020,#4021,#4022)),
 .UNSPECIFIED.,.F.,.F.,.F.,(4,1,1,1,1,1,4),(4,4),(0.,0.142857142857143,
0.285714285714286,0.428571428571429,0.571428571428571,0.857142857142857,
1.),(0.,1.),.UNSPECIFIED.);
#1971=B_SPLINE_SURFACE_WITH_KNOTS('',3,3,((#4048,#4049,#4050,#4051),(#4052,
#4053,#4054,#4055),(#4056,#4057,#4058,#4059),(#4060,#4061,#4062,#4063)),
 .UNSPECIFIED.,.F.,.F.,.F.,(4,4),(4,4),(0.,1.),(0.,1.),.UNSPECIFIED.);
#1972=B_SPLINE_SURFACE_WITH_KNOTS('',3,3,((#4072,#4073,#4074,#4075),(#4076,
#4077,#4078,#4079),(#4080,#4081,#4082,#4083),(#4084,#4085,#4086,#4087)),
 .UNSPECIFIED.,.F.,.F.,.F.,(4,4),(4,4),(0.95600506570444,1.),(0.,1.),
 .UNSPECIFIED.);
#1973=B_SPLINE_SURFACE_WITH_KNOTS('',3,3,((#4103,#4104,#4105,#4106),(#4107,
#4108,#4109,#4110),(#4111,#4112,#4113,#4114),(#4115,#4116,#4117,#4118),
(#4119,#4120,#4121,#4122),(#4123,#4124,#4125,#4126),(#4127,#4128,#4129,
#4130),(#4131,#4132,#4133,#4134),(#4135,#4136,#4137,#4138),(#4139,#4140,
#4141,#4142),(#4143,#4144,#4145,#4146),(#4147,#4148,#4149,#4150)),
 .UNSPECIFIED.,.F.,.F.,.F.,(4,1,1,1,1,1,1,1,1,4),(4,4),(0.,0.142857142857143,
0.285714285714286,0.321428571428571,0.357142857142857,0.428571428571429,
0.571428571428571,0.714285714285714,0.857142857142857,1.),(0.,1.),
 .UNSPECIFIED.);
#1974=B_SPLINE_SURFACE_WITH_KNOTS('',3,3,((#4185,#4186,#4187,#4188),(#4189,
#4190,#4191,#4192),(#4193,#4194,#4195,#4196),(#4197,#4198,#4199,#4200),
(#4201,#4202,#4203,#4204),(#4205,#4206,#4207,#4208),(#4209,#4210,#4211,
#4212),(#4213,#4214,#4215,#4216)),.UNSPECIFIED.,.F.,.F.,.F.,(4,1,1,1,1,
4),(4,4),(0.,0.142857142857143,0.285714285714286,0.428571428571429,0.571428571428571,
1.),(0.,1.),.UNSPECIFIED.);
#1975=B_SPLINE_SURFACE_WITH_KNOTS('',3,3,((#4240,#4241,#4242,#4243),(#4244,
#4245,#4246,#4247),(#4248,#4249,#4250,#4251),(#4252,#4253,#4254,#4255),
(#4256,#4257,#4258,#4259),(#4260,#4261,#4262,#4263),(#4264,#4265,#4266,
#4267),(#4268,#4269,#4270,#4271),(#4272,#4273,#4274,#4275),(#4276,#4277,
#4278,#4279),(#4280,#4281,#4282,#4283)),.UNSPECIFIED.,.F.,.F.,.F.,(4,1,
1,1,1,1,1,1,4),(4,4),(0.,0.142857142857143,0.285714285714286,0.392857142857143,
0.428571428571429,0.571428571428571,0.642857142857143,0.857142857142857,
1.),(0.,1.),.UNSPECIFIED.);
#1976=B_SPLINE_SURFACE_WITH_KNOTS('',3,3,((#4315,#4316,#4317,#4318),(#4319,
#4320,#4321,#4322),(#4323,#4324,#4325,#4326),(#4327,#4328,#4329,#4330)),
 .UNSPECIFIED.,.F.,.F.,.F.,(4,4),(4,4),(0.,1.),(0.,1.),.UNSPECIFIED.);
#1977=B_SPLINE_SURFACE_WITH_KNOTS('',3,3,((#4343,#4344,#4345,#4346),(#4347,
#4348,#4349,#4350),(#4351,#4352,#4353,#4354),(#4355,#4356,#4357,#4358),
(#4359,#4360,#4361,#4362),(#4363,#4364,#4365,#4366),(#4367,#4368,#4369,
#4370),(#4371,#4372,#4373,#4374),(#4375,#4376,#4377,#4378)),
 .UNSPECIFIED.,.F.,.F.,.F.,(4,1,1,1,1,1,4),(4,4),(0.,0.428571428571429,
0.571428571428571,0.714285714285714,0.857142857142857,0.928571428571429,
1.),(0.,1.),.UNSPECIFIED.);
#1978=B_SPLINE_SURFACE_WITH_KNOTS('',3,3,((#4407,#4408,#4409,#4410),(#4411,
#4412,#4413,#4414),(#4415,#4416,#4417,#4418),(#4419,#4420,#4421,#4422)),
 .UNSPECIFIED.,.F.,.F.,.F.,(4,4),(4,4),(0.,1.),(0.,1.),.UNSPECIFIED.);
#1979=B_SPLINE_SURFACE_WITH_KNOTS('',3,3,((#4453,#4454,#4455,#4456),(#4457,
#4458,#4459,#4460),(#4461,#4462,#4463,#4464),(#4465,#4466,#4467,#4468),
(#4469,#4470,#4471,#4472),(#4473,#4474,#4475,#4476),(#4477,#4478,#4479,
#4480),(#4481,#4482,#4483,#4484),(#4485,#4486,#4487,#4488),(#4489,#4490,
#4491,#4492)),.UNSPECIFIED.,.F.,.F.,.F.,(4,1,1,1,1,1,1,4),(4,4),(0.,0.142857142857143,
0.285714285714286,0.428571428571429,0.571428571428571,0.714285714285714,
0.857142857142857,1.),(0.,1.),.UNSPECIFIED.);
#1980=B_SPLINE_SURFACE_WITH_KNOTS('',3,3,((#4512,#4513,#4514,#4515),(#4516,
#4517,#4518,#4519),(#4520,#4521,#4522,#4523),(#4524,#4525,#4526,#4527)),
 .UNSPECIFIED.,.F.,.F.,.F.,(4,4),(4,4),(0.,1.),(0.,1.),.UNSPECIFIED.);
#1981=B_SPLINE_SURFACE_WITH_KNOTS('',3,3,((#4529,#4530,#4531,#4532),(#4533,
#4534,#4535,#4536),(#4537,#4538,#4539,#4540),(#4541,#4542,#4543,#4544),
(#4545,#4546,#4547,#4548),(#4549,#4550,#4551,#4552),(#4553,#4554,#4555,
#4556),(#4557,#4558,#4559,#4560),(#4561,#4562,#4563,#4564),(#4565,#4566,
#4567,#4568)),.UNSPECIFIED.,.F.,.F.,.F.,(4,1,1,1,1,1,1,4),(4,4),(0.,0.142857142857143,
0.285714285714286,0.428571428571429,0.571428571428571,0.714285714285714,
0.857142857142857,1.),(0.,1.),.UNSPECIFIED.);
#1982=B_SPLINE_SURFACE_WITH_KNOTS('',3,3,((#4583,#4584,#4585,#4586),(#4587,
#4588,#4589,#4590),(#4591,#4592,#4593,#4594),(#4595,#4596,#4597,#4598),
(#4599,#4600,#4601,#4602),(#4603,#4604,#4605,#4606),(#4607,#4608,#4609,
#4610),(#4611,#4612,#4613,#4614),(#4615,#4616,#4617,#4618),(#4619,#4620,
#4621,#4622)),.UNSPECIFIED.,.F.,.F.,.F.,(4,1,1,1,1,1,1,4),(4,4),(0.,0.142857142857143,
0.285714285714286,0.428571428571429,0.571428571428571,0.714285714285714,
0.857142857142857,1.),(0.,1.),.UNSPECIFIED.);
#1983=B_SPLINE_SURFACE_WITH_KNOTS('',3,3,((#4635,#4636,#4637,#4638),(#4639,
#4640,#4641,#4642),(#4643,#4644,#4645,#4646),(#4647,#4648,#4649,#4650)),
 .UNSPECIFIED.,.F.,.F.,.F.,(4,4),(4,4),(0.,1.),(0.,1.),.UNSPECIFIED.);
#1984=B_SPLINE_SURFACE_WITH_KNOTS('',3,3,((#4652,#4653,#4654,#4655),(#4656,
#4657,#4658,#4659),(#4660,#4661,#4662,#4663),(#4664,#4665,#4666,#4667),
(#4668,#4669,#4670,#4671),(#4672,#4673,#4674,#4675),(#4676,#4677,#4678,
#4679),(#4680,#4681,#4682,#4683),(#4684,#4685,#4686,#4687),(#4688,#4689,
#4690,#4691)),.UNSPECIFIED.,.F.,.F.,.F.,(4,1,1,1,1,1,1,4),(4,4),(0.,0.142857142857143,
0.285714285714286,0.428571428571429,0.571428571428571,0.714285714285714,
0.857142857142857,1.),(0.,1.),.UNSPECIFIED.);
#1985=B_SPLINE_SURFACE_WITH_KNOTS('',3,1,((#4826,#4827),(#4828,#4829),(#4830,
#4831),(#4832,#4833),(#4834,#4835),(#4836,#4837),(#4838,#4839),(#4840,#4841),
(#4842,#4843),(#4844,#4845),(#4846,#4847),(#4848,#4849),(#4850,#4851),(#4852,
#4853),(#4854,#4855),(#4856,#4857),(#4858,#4859),(#4860,#4861),(#4862,#4863),
(#4864,#4865),(#4866,#4867),(#4868,#4869),(#4870,#4871),(#4872,#4873),(#4874,
#4875),(#4876,#4877),(#4878,#4879),(#4880,#4881),(#4882,#4883),(#4884,#4885),
(#4886,#4887),(#4888,#4889),(#4890,#4891),(#4892,#4893),(#4894,#4895),(#4896,
#4897),(#4898,#4899),(#4900,#4901),(#4902,#4903),(#4904,#4905),(#4906,#4907),
(#4908,#4909),(#4910,#4911),(#4912,#4913),(#4914,#4915),(#4916,#4917),(#4918,
#4919),(#4920,#4921),(#4922,#4923),(#4924,#4925),(#4926,#4927),(#4928,#4929),
(#4930,#4931),(#4932,#4933),(#4934,#4935),(#4936,#4937),(#4938,#4939),(#4940,
#4941),(#4942,#4943),(#4944,#4945),(#4946,#4947),(#4948,#4949),(#4950,#4951),
(#4952,#4953),(#4954,#4955),(#4956,#4957),(#4958,#4959),(#4960,#4961),(#4962,
#4963)),.UNSPECIFIED.,.T.,.F.,.F.,(4,3,2,2,2,2,2,2,2,2,2,2,2,2,2,2,2,2,
2,2,2,2,2,2,2,2,2,2,2,2,2,2,2,4),(2,2),(-2.47554083965439,0.,2.46852447607164,
2.58230608022203,2.67115466386214,2.83880623936504,3.47433095603608,4.08822116393515,
4.65521441793044,4.89723927759309,5.36410918619699,5.7585561830867,6.12189741434853,
6.46698899181929,6.50445386189465,7.50890628889404,8.45384141431856,8.7972467165247,
8.94684998568435,9.82772223021743,10.6871631969578,11.5306274117421,12.3603051296749,
13.1780294037866,14.0254590190483,14.8775832156488,15.7041031097555,15.8303607286164,
15.8687020262495,15.9699578155078,16.3698615996027,17.4679945122037,20.5309755169675,
21.0472680624427),(0.,1.5),.UNSPECIFIED.);
#1986=B_SPLINE_SURFACE_WITH_KNOTS('',3,3,((#5035,#5036,#5037,#5038,#5039,
#5040,#5041,#5042),(#5043,#5044,#5045,#5046,#5047,#5048,#5049,#5050),(#5051,
#5052,#5053,#5054,#5055,#5056,#5057,#5058),(#5059,#5060,#5061,#5062,#5063,
#5064,#5065,#5066),(#5067,#5068,#5069,#5070,#5071,#5072,#5073,#5074),(#5075,
#5076,#5077,#5078,#5079,#5080,#5081,#5082),(#5083,#5084,#5085,#5086,#5087,
#5088,#5089,#5090),(#5091,#5092,#5093,#5094,#5095,#5096,#5097,#5098),(#5099,
#5100,#5101,#5102,#5103,#5104,#5105,#5106),(#5107,#5108,#5109,#5110,#5111,
#5112,#5113,#5114),(#5115,#5116,#5117,#5118,#5119,#5120,#5121,#5122),(#5123,
#5124,#5125,#5126,#5127,#5128,#5129,#5130),(#5131,#5132,#5133,#5134,#5135,
#5136,#5137,#5138),(#5139,#5140,#5141,#5142,#5143,#5144,#5145,#5146),(#5147,
#5148,#5149,#5150,#5151,#5152,#5153,#5154),(#5155,#5156,#5157,#5158,#5159,
#5160,#5161,#5162),(#5163,#5164,#5165,#5166,#5167,#5168,#5169,#5170),(#5171,
#5172,#5173,#5174,#5175,#5176,#5177,#5178),(#5179,#5180,#5181,#5182,#5183,
#5184,#5185,#5186),(#5187,#5188,#5189,#5190,#5191,#5192,#5193,#5194),(#5195,
#5196,#5197,#5198,#5199,#5200,#5201,#5202),(#5203,#5204,#5205,#5206,#5207,
#5208,#5209,#5210),(#5211,#5212,#5213,#5214,#5215,#5216,#5217,#5218),(#5219,
#5220,#5221,#5222,#5223,#5224,#5225,#5226),(#5227,#5228,#5229,#5230,#5231,
#5232,#5233,#5234),(#5235,#5236,#5237,#5238,#5239,#5240,#5241,#5242),(#5243,
#5244,#5245,#5246,#5247,#5248,#5249,#5250),(#5251,#5252,#5253,#5254,#5255,
#5256,#5257,#5258),(#5259,#5260,#5261,#5262,#5263,#5264,#5265,#5266),(#5267,
#5268,#5269,#5270,#5271,#5272,#5273,#5274),(#5275,#5276,#5277,#5278,#5279,
#5280,#5281,#5282),(#5283,#5284,#5285,#5286,#5287,#5288,#5289,#5290),(#5291,
#5292,#5293,#5294,#5295,#5296,#5297,#5298),(#5299,#5300,#5301,#5302,#5303,
#5304,#5305,#5306),(#5307,#5308,#5309,#5310,#5311,#5312,#5313,#5314),(#5315,
#5316,#5317,#5318,#5319,#5320,#5321,#5322),(#5323,#5324,#5325,#5326,#5327,
#5328,#5329,#5330),(#5331,#5332,#5333,#5334,#5335,#5336,#5337,#5338),(#5339,
#5340,#5341,#5342,#5343,#5344,#5345,#5346),(#5347,#5348,#5349,#5350,#5351,
#5352,#5353,#5354),(#5355,#5356,#5357,#5358,#5359,#5360,#5361,#5362),(#5363,
#5364,#5365,#5366,#5367,#5368,#5369,#5370),(#5371,#5372,#5373,#5374,#5375,
#5376,#5377,#5378),(#5379,#5380,#5381,#5382,#5383,#5384,#5385,#5386),(#5387,
#5388,#5389,#5390,#5391,#5392,#5393,#5394),(#5395,#5396,#5397,#5398,#5399,
#5400,#5401,#5402),(#5403,#5404,#5405,#5406,#5407,#5408,#5409,#5410),(#5411,
#5412,#5413,#5414,#5415,#5416,#5417,#5418),(#5419,#5420,#5421,#5422,#5423,
#5424,#5425,#5426),(#5427,#5428,#5429,#5430,#5431,#5432,#5433,#5434),(#5435,
#5436,#5437,#5438,#5439,#5440,#5441,#5442),(#5443,#5444,#5445,#5446,#5447,
#5448,#5449,#5450),(#5451,#5452,#5453,#5454,#5455,#5456,#5457,#5458),(#5459,
#5460,#5461,#5462,#5463,#5464,#5465,#5466),(#5467,#5468,#5469,#5470,#5471,
#5472,#5473,#5474),(#5475,#5476,#5477,#5478,#5479,#5480,#5481,#5482),(#5483,
#5484,#5485,#5486,#5487,#5488,#5489,#5490),(#5491,#5492,#5493,#5494,#5495,
#5496,#5497,#5498),(#5499,#5500,#5501,#5502,#5503,#5504,#5505,#5506),(#5507,
#5508,#5509,#5510,#5511,#5512,#5513,#5514),(#5515,#5516,#5517,#5518,#5519,
#5520,#5521,#5522),(#5523,#5524,#5525,#5526,#5527,#5528,#5529,#5530),(#5531,
#5532,#5533,#5534,#5535,#5536,#5537,#5538),(#5539,#5540,#5541,#5542,#5543,
#5544,#5545,#5546),(#5547,#5548,#5549,#5550,#5551,#5552,#5553,#5554),(#5555,
#5556,#5557,#5558,#5559,#5560,#5561,#5562),(#5563,#5564,#5565,#5566,#5567,
#5568,#5569,#5570),(#5571,#5572,#5573,#5574,#5575,#5576,#5577,#5578),(#5579,
#5580,#5581,#5582,#5583,#5584,#5585,#5586),(#5587,#5588,#5589,#5590,#5591,
#5592,#5593,#5594),(#5595,#5596,#5597,#5598,#5599,#5600,#5601,#5602),(#5603,
#5604,#5605,#5606,#5607,#5608,#5609,#5610),(#5611,#5612,#5613,#5614,#5615,
#5616,#5617,#5618),(#5619,#5620,#5621,#5622,#5623,#5624,#5625,#5626),(#5627,
#5628,#5629,#5630,#5631,#5632,#5633,#5634),(#5635,#5636,#5637,#5638,#5639,
#5640,#5641,#5642),(#5643,#5644,#5645,#5646,#5647,#5648,#5649,#5650),(#5651,
#5652,#5653,#5654,#5655,#5656,#5657,#5658),(#5659,#5660,#5661,#5662,#5663,
#5664,#5665,#5666),(#5667,#5668,#5669,#5670,#5671,#5672,#5673,#5674),(#5675,
#5676,#5677,#5678,#5679,#5680,#5681,#5682),(#5683,#5684,#5685,#5686,#5687,
#5688,#5689,#5690),(#5691,#5692,#5693,#5694,#5695,#5696,#5697,#5698),(#5699,
#5700,#5701,#5702,#5703,#5704,#5705,#5706),(#5707,#5708,#5709,#5710,#5711,
#5712,#5713,#5714),(#5715,#5716,#5717,#5718,#5719,#5720,#5721,#5722),(#5723,
#5724,#5725,#5726,#5727,#5728,#5729,#5730),(#5731,#5732,#5733,#5734,#5735,
#5736,#5737,#5738),(#5739,#5740,#5741,#5742,#5743,#5744,#5745,#5746),(#5747,
#5748,#5749,#5750,#5751,#5752,#5753,#5754),(#5755,#5756,#5757,#5758,#5759,
#5760,#5761,#5762),(#5763,#5764,#5765,#5766,#5767,#5768,#5769,#5770),(#5771,
#5772,#5773,#5774,#5775,#5776,#5777,#5778),(#5779,#5780,#5781,#5782,#5783,
#5784,#5785,#5786),(#5787,#5788,#5789,#5790,#5791,#5792,#5793,#5794),(#5795,
#5796,#5797,#5798,#5799,#5800,#5801,#5802),(#5803,#5804,#5805,#5806,#5807,
#5808,#5809,#5810),(#5811,#5812,#5813,#5814,#5815,#5816,#5817,#5818),(#5819,
#5820,#5821,#5822,#5823,#5824,#5825,#5826),(#5827,#5828,#5829,#5830,#5831,
#5832,#5833,#5834),(#5835,#5836,#5837,#5838,#5839,#5840,#5841,#5842),(#5843,
#5844,#5845,#5846,#5847,#5848,#5849,#5850),(#5851,#5852,#5853,#5854,#5855,
#5856,#5857,#5858),(#5859,#5860,#5861,#5862,#5863,#5864,#5865,#5866),(#5867,
#5868,#5869,#5870,#5871,#5872,#5873,#5874),(#5875,#5876,#5877,#5878,#5879,
#5880,#5881,#5882),(#5883,#5884,#5885,#5886,#5887,#5888,#5889,#5890),(#5891,
#5892,#5893,#5894,#5895,#5896,#5897,#5898),(#5899,#5900,#5901,#5902,#5903,
#5904,#5905,#5906),(#5907,#5908,#5909,#5910,#5911,#5912,#5913,#5914),(#5915,
#5916,#5917,#5918,#5919,#5920,#5921,#5922),(#5923,#5924,#5925,#5926,#5927,
#5928,#5929,#5930),(#5931,#5932,#5933,#5934,#5935,#5936,#5937,#5938),(#5939,
#5940,#5941,#5942,#5943,#5944,#5945,#5946),(#5947,#5948,#5949,#5950,#5951,
#5952,#5953,#5954),(#5955,#5956,#5957,#5958,#5959,#5960,#5961,#5962),(#5963,
#5964,#5965,#5966,#5967,#5968,#5969,#5970),(#5971,#5972,#5973,#5974,#5975,
#5976,#5977,#5978),(#5979,#5980,#5981,#5982,#5983,#5984,#5985,#5986),(#5987,
#5988,#5989,#5990,#5991,#5992,#5993,#5994),(#5995,#5996,#5997,#5998,#5999,
#6000,#6001,#6002),(#6003,#6004,#6005,#6006,#6007,#6008,#6009,#6010),(#6011,
#6012,#6013,#6014,#6015,#6016,#6017,#6018),(#6019,#6020,#6021,#6022,#6023,
#6024,#6025,#6026),(#6027,#6028,#6029,#6030,#6031,#6032,#6033,#6034),(#6035,
#6036,#6037,#6038,#6039,#6040,#6041,#6042),(#6043,#6044,#6045,#6046,#6047,
#6048,#6049,#6050),(#6051,#6052,#6053,#6054,#6055,#6056,#6057,#6058),(#6059,
#6060,#6061,#6062,#6063,#6064,#6065,#6066),(#6067,#6068,#6069,#6070,#6071,
#6072,#6073,#6074),(#6075,#6076,#6077,#6078,#6079,#6080,#6081,#6082),(#6083,
#6084,#6085,#6086,#6087,#6088,#6089,#6090),(#6091,#6092,#6093,#6094,#6095,
#6096,#6097,#6098),(#6099,#6100,#6101,#6102,#6103,#6104,#6105,#6106),(#6107,
#6108,#6109,#6110,#6111,#6112,#6113,#6114),(#6115,#6116,#6117,#6118,#6119,
#6120,#6121,#6122),(#6123,#6124,#6125,#6126,#6127,#6128,#6129,#6130),(#6131,
#6132,#6133,#6134,#6135,#6136,#6137,#6138),(#6139,#6140,#6141,#6142,#6143,
#6144,#6145,#6146),(#6147,#6148,#6149,#6150,#6151,#6152,#6153,#6154),(#6155,
#6156,#6157,#6158,#6159,#6160,#6161,#6162),(#6163,#6164,#6165,#6166,#6167,
#6168,#6169,#6170),(#6171,#6172,#6173,#6174,#6175,#6176,#6177,#6178),(#6179,
#6180,#6181,#6182,#6183,#6184,#6185,#6186)),.UNSPECIFIED.,.T.,.F.,.F.,(4,
1,1,1,1,1,1,2,1,1,1,1,1,1,2,1,1,1,1,1,2,1,1,1,1,1,1,1,1,1,1,1,2,1,1,1,1,
1,1,1,1,2,1,1,1,1,1,1,1,2,1,1,1,1,1,2,1,1,1,1,1,1,1,1,1,1,2,1,1,1,1,1,2,
1,1,1,1,1,1,2,1,1,1,1,1,2,1,1,1,1,1,1,1,1,1,1,1,2,1,1,1,1,1,1,1,1,2,1,1,
1,2,1,1,1,1,1,1,1,1,2,1,1,1,1,1,1,4),(4,1,1,1,1,4),(0.,0.0423881752390578,
0.047097972487842,0.0518077697366262,0.0565175669854104,0.0612273642341946,
0.0659371614829787,0.0753567559805471,0.0784732762025017,0.0815897964244562,
0.0878228368683652,0.0940558773122742,0.100288917756183,0.112754998644001,
0.125221079531819,0.12558633379761,0.125951588063401,0.126682096594983,
0.128143113658146,0.131065147784473,0.136909216037127,0.13758624939164,
0.138263282746152,0.139617349455178,0.142325482873229,0.147741749709331,
0.153158016545433,0.158574283381534,0.169406817053738,0.17482308388984,
0.180239350725942,0.201904418070349,0.223569485414756,0.236058294828379,
0.248547104242001,0.273524723069246,0.298502341896491,0.310991151310114,
0.317235556016925,0.32035775837033,0.321918859547033,0.323479960723736,
0.324630148026961,0.325780335330187,0.328080709936637,0.332681459149539,
0.341882957575341,0.346483706788242,0.351084456001144,0.360285954426946,
0.362670459457515,0.365054964488084,0.369823974549222,0.379361994671498,
0.388900014793774,0.39843803491605,0.399231487768268,0.400024940620486,
0.401611846324923,0.404785657733796,0.411133280551543,0.41748090336929,
0.420654714778164,0.423828526187037,0.436523771822531,0.449219017458025,
0.5,0.550780982541975,0.576171473812963,0.588866719448456,0.595214342266203,
0.598388153675077,0.60156196508395,0.602754217599235,0.603946470114519,
0.606330975145088,0.611099985206226,0.620638005328502,0.630176025450778,
0.639714045573054,0.642014420179504,0.644314794785955,0.648915543998856,
0.658117042424659,0.667318540850461,0.676520039276264,0.678081140452967,
0.67964224162967,0.682764443983075,0.689008848689886,0.692131051043292,
0.695253253396698,0.698375455750103,0.699936556926806,0.701497658103509,
0.713986467517131,0.726475276930754,0.776430514585244,0.787263048257447,
0.798095581929651,0.808928115601855,0.819760649274059,0.841425716618466,
0.852258250290669,0.857674517126771,0.860382650544822,0.863090783962873,
0.863821292494455,0.864551801026037,0.8660128180892,0.874778920468181,0.877895440690135,
0.88101196091209,0.887245001355999,0.893478041799908,0.896594562021862,
0.89815282213284,0.899711082243817,0.912177163131635,0.924643244019453,
0.926998142643845,0.929353041268237,0.934062838517021,0.94348243301459,
0.962321622009726,0.971741216507295,1.),(0.0653051550756022,0.331922932302949,
0.598540709530297,0.73184959814397,0.865158486757644,0.998467375371317),
 .UNSPECIFIED.);
#1987=B_SPLINE_SURFACE_WITH_KNOTS('',3,3,((#6195,#6196,#6197,#6198),(#6199,
#6200,#6201,#6202),(#6203,#6204,#6205,#6206),(#6207,#6208,#6209,#6210),
(#6211,#6212,#6213,#6214)),.UNSPECIFIED.,.F.,.F.,.F.,(4,1,4),(4,4),(-6.19611889901126E-16,
1.75887283408932,4.10403661287507),(0.,0.700000000000002),.UNSPECIFIED.);
#1988=B_SPLINE_SURFACE_WITH_KNOTS('',3,3,((#6265,#6266,#6267,#6268,#6269,
#6270,#6271),(#6272,#6273,#6274,#6275,#6276,#6277,#6278),(#6279,#6280,#6281,
#6282,#6283,#6284,#6285),(#6286,#6287,#6288,#6289,#6290,#6291,#6292),(#6293,
#6294,#6295,#6296,#6297,#6298,#6299),(#6300,#6301,#6302,#6303,#6304,#6305,
#6306),(#6307,#6308,#6309,#6310,#6311,#6312,#6313),(#6314,#6315,#6316,#6317,
#6318,#6319,#6320),(#6321,#6322,#6323,#6324,#6325,#6326,#6327),(#6328,#6329,
#6330,#6331,#6332,#6333,#6334),(#6335,#6336,#6337,#6338,#6339,#6340,#6341),
(#6342,#6343,#6344,#6345,#6346,#6347,#6348),(#6349,#6350,#6351,#6352,#6353,
#6354,#6355)),.UNSPECIFIED.,.F.,.F.,.F.,(4,1,1,1,1,2,1,1,1,4),(4,1,1,1,
4),(0.0137178314522524,0.210974265161802,0.408230698871351,0.605487132580901,
0.802743566290451,1.,1.01605789633512,1.03211579267025,1.06423158534049,
1.16057896335123),(0.048934827891479,0.320667734208208,0.456534187366573,
0.728267093683302,1.00000000000003),.UNSPECIFIED.);
#1989=B_SPLINE_SURFACE_WITH_KNOTS('',3,3,((#6388,#6389,#6390,#6391,#6392,
#6393,#6394),(#6395,#6396,#6397,#6398,#6399,#6400,#6401),(#6402,#6403,#6404,
#6405,#6406,#6407,#6408),(#6409,#6410,#6411,#6412,#6413,#6414,#6415),(#6416,
#6417,#6418,#6419,#6420,#6421,#6422),(#6423,#6424,#6425,#6426,#6427,#6428,
#6429),(#6430,#6431,#6432,#6433,#6434,#6435,#6436),(#6437,#6438,#6439,#6440,
#6441,#6442,#6443),(#6444,#6445,#6446,#6447,#6448,#6449,#6450),(#6451,#6452,
#6453,#6454,#6455,#6456,#6457),(#6458,#6459,#6460,#6461,#6462,#6463,#6464),
(#6465,#6466,#6467,#6468,#6469,#6470,#6471),(#6472,#6473,#6474,#6475,#6476,
#6477,#6478),(#6479,#6480,#6481,#6482,#6483,#6484,#6485),(#6486,#6487,#6488,
#6489,#6490,#6491,#6492),(#6493,#6494,#6495,#6496,#6497,#6498,#6499)),
 .UNSPECIFIED.,.F.,.F.,.F.,(4,2,1,1,1,1,1,1,1,1,1,1,4),(4,1,1,1,4),(-0.160735107576827,
0.,0.0125,0.025,0.05,0.075,0.1,0.2,0.3,0.4,0.6,0.8,1.),(0.0251159410046785,
0.164385092289725,0.442923394859817,0.72146169742991,1.),.UNSPECIFIED.);
#1990=B_SPLINE_SURFACE_WITH_KNOTS('',3,3,((#6551,#6552,#6553,#6554),(#6555,
#6556,#6557,#6558),(#6559,#6560,#6561,#6562),(#6563,#6564,#6565,#6566),
(#6567,#6568,#6569,#6570)),.UNSPECIFIED.,.F.,.F.,.F.,(4,1,4),(4,4),(0.0316579105009764,
1.30632497043692,3.00588105035152),(0.,0.7),.UNSPECIFIED.);
#1991=B_SPLINE_SURFACE_WITH_KNOTS('',3,3,((#6574,#6575,#6576,#6577),(#6578,
#6579,#6580,#6581),(#6582,#6583,#6584,#6585),(#6586,#6587,#6588,#6589)),
 .UNSPECIFIED.,.F.,.F.,.F.,(4,4),(4,4),(0.,1.),(0.0105319904449565,1.),
 .UNSPECIFIED.);
#1992=B_SPLINE_SURFACE_WITH_KNOTS('',3,3,((#6592,#6593,#6594,#6595),(#6596,
#6597,#6598,#6599),(#6600,#6601,#6602,#6603),(#6604,#6605,#6606,#6607)),
 .UNSPECIFIED.,.F.,.F.,.F.,(4,4),(4,4),(0.,1.),(0.0216854333879636,1.),
 .UNSPECIFIED.);
#1993=B_SPLINE_SURFACE_WITH_KNOTS('',3,3,((#6609,#6610,#6611,#6612),(#6613,
#6614,#6615,#6616),(#6617,#6618,#6619,#6620),(#6621,#6622,#6623,#6624),
(#6625,#6626,#6627,#6628)),.UNSPECIFIED.,.F.,.F.,.F.,(4,1,4),(4,4),(-4.10167799741008,
-2.34381599852005,4.63436085029366E-16),(0.,0.700000000000002),
 .UNSPECIFIED.);
#1994=B_SPLINE_SURFACE_WITH_KNOTS('',3,3,((#6643,#6644,#6645,#6646,#6647,
#6648,#6649),(#6650,#6651,#6652,#6653,#6654,#6655,#6656),(#6657,#6658,#6659,
#6660,#6661,#6662,#6663),(#6664,#6665,#6666,#6667,#6668,#6669,#6670),(#6671,
#6672,#6673,#6674,#6675,#6676,#6677),(#6678,#6679,#6680,#6681,#6682,#6683,
#6684),(#6685,#6686,#6687,#6688,#6689,#6690,#6691),(#6692,#6693,#6694,#6695,
#6696,#6697,#6698),(#6699,#6700,#6701,#6702,#6703,#6704,#6705),(#6706,#6707,
#6708,#6709,#6710,#6711,#6712),(#6713,#6714,#6715,#6716,#6717,#6718,#6719),
(#6720,#6721,#6722,#6723,#6724,#6725,#6726)),.UNSPECIFIED.,.F.,.F.,.F.,
(4,1,1,1,2,1,1,1,4),(4,1,1,1,4),(0.,0.2,0.4,0.6,1.,1.01607351075768,1.03214702151536,
1.06429404303073,1.16073510757682),(0.0251159410046785,0.303654243574771,
0.442923394859818,0.721461697429911,1.),.UNSPECIFIED.);
#1995=B_SPLINE_SURFACE_WITH_KNOTS('',3,3,((#6782,#6783,#6784,#6785,#6786,
#6787,#6788),(#6789,#6790,#6791,#6792,#6793,#6794,#6795),(#6796,#6797,#6798,
#6799,#6800,#6801,#6802),(#6803,#6804,#6805,#6806,#6807,#6808,#6809),(#6810,
#6811,#6812,#6813,#6814,#6815,#6816),(#6817,#6818,#6819,#6820,#6821,#6822,
#6823),(#6824,#6825,#6826,#6827,#6828,#6829,#6830),(#6831,#6832,#6833,#6834,
#6835,#6836,#6837),(#6838,#6839,#6840,#6841,#6842,#6843,#6844),(#6845,#6846,
#6847,#6848,#6849,#6850,#6851),(#6852,#6853,#6854,#6855,#6856,#6857,#6858),
(#6859,#6860,#6861,#6862,#6863,#6864,#6865),(#6866,#6867,#6868,#6869,#6870,
#6871,#6872),(#6873,#6874,#6875,#6876,#6877,#6878,#6879),(#6880,#6881,#6882,
#6883,#6884,#6885,#6886),(#6887,#6888,#6889,#6890,#6891,#6892,#6893)),
 .UNSPECIFIED.,.F.,.F.,.F.,(4,2,1,1,1,1,1,1,1,1,1,1,4),(4,1,1,1,4),(-0.160578963351225,
0.,0.0123285271075442,0.0246570542150885,0.049314108430177,0.0986282168603539,
0.197256433720708,0.295884650581062,0.394512867441416,0.49314108430177,
0.542455192731947,0.591769301162123,0.986282168603539),(0.0489348278802873,
0.320667734200205,0.592400640520123,0.728267093680082,1.),.UNSPECIFIED.);
#1996=B_SPLINE_SURFACE_WITH_KNOTS('',3,3,((#6931,#6932,#6933,#6934),(#6935,
#6936,#6937,#6938),(#6939,#6940,#6941,#6942),(#6943,#6944,#6945,#6946)),
 .UNSPECIFIED.,.F.,.F.,.F.,(4,4),(4,4),(0.,1.),(0.0216854333879636,1.),
 .UNSPECIFIED.);
#1997=B_SPLINE_SURFACE_WITH_KNOTS('',3,3,((#6950,#6951,#6952,#6953),(#6954,
#6955,#6956,#6957),(#6958,#6959,#6960,#6961),(#6962,#6963,#6964,#6965)),
 .UNSPECIFIED.,.F.,.F.,.F.,(4,4),(4,4),(0.,1.),(0.0105319904449565,1.),
 .UNSPECIFIED.);
#1998=B_SPLINE_SURFACE_WITH_KNOTS('',3,3,((#6969,#6970,#6971,#6972),(#6973,
#6974,#6975,#6976),(#6977,#6978,#6979,#6980),(#6981,#6982,#6983,#6984),
(#6985,#6986,#6987,#6988)),.UNSPECIFIED.,.F.,.F.,.F.,(4,1,4),(4,4),(-0.568502707705816,
1.77666107151621,3.53553390593274),(0.,0.700000000000003),.UNSPECIFIED.);
#1999=B_SPLINE_SURFACE_WITH_KNOTS('',3,3,((#7005,#7006,#7007,#7008),(#7009,
#7010,#7011,#7012),(#7013,#7014,#7015,#7016),(#7017,#7018,#7019,#7020),
(#7021,#7022,#7023,#7024)),.UNSPECIFIED.,.F.,.F.,.F.,(4,1,4),(4,4),(-5.71299106221712E-16,
1.75786199889003,4.10167799741008),(0.,0.700000000000001),.UNSPECIFIED.);
#2000=B_SPLINE_SURFACE_WITH_KNOTS('',3,3,((#7026,#7027,#7028,#7029),(#7030,
#7031,#7032,#7033),(#7034,#7035,#7036,#7037),(#7038,#7039,#7040,#7041),
(#7042,#7043,#7044,#7045)),.UNSPECIFIED.,.F.,.F.,.F.,(4,1,4),(4,4),(0.0316579105009764,
1.30632497043692,3.00588105035152),(0.,0.7),.UNSPECIFIED.);
#2001=ADVANCED_FACE('',(#557),#1962,.F.);
#2002=ADVANCED_FACE('',(#558),#1963,.F.);
#2003=ADVANCED_FACE('',(#559),#1964,.F.);
#2004=ADVANCED_FACE('',(#560),#87,.T.);
#2005=ADVANCED_FACE('',(#561),#88,.T.);
#2006=ADVANCED_FACE('',(#562,#63),#89,.F.);
#2007=ADVANCED_FACE('',(#563),#1965,.F.);
#2008=ADVANCED_FACE('',(#564),#1966,.F.);
#2009=ADVANCED_FACE('',(#565),#90,.F.);
#2010=ADVANCED_FACE('',(#566),#1967,.F.);
#2011=ADVANCED_FACE('',(#567),#1968,.F.);
#2012=ADVANCED_FACE('',(#568),#1969,.F.);
#2013=ADVANCED_FACE('',(#569),#1970,.F.);
#2014=ADVANCED_FACE('',(#570),#1971,.F.);
#2015=ADVANCED_FACE('',(#571),#1972,.F.);
#2016=ADVANCED_FACE('',(#572),#1973,.F.);
#2017=ADVANCED_FACE('',(#573),#1974,.F.);
#2018=ADVANCED_FACE('',(#574),#1975,.F.);
#2019=ADVANCED_FACE('',(#575),#1976,.F.);
#2020=ADVANCED_FACE('',(#576),#1977,.F.);
#2021=ADVANCED_FACE('',(#577),#91,.F.);
#2022=ADVANCED_FACE('',(#578),#1978,.F.);
#2023=ADVANCED_FACE('',(#579),#92,.T.);
#2024=ADVANCED_FACE('',(#580),#93,.T.);
#2025=ADVANCED_FACE('',(#581),#49,.T.);
#2026=ADVANCED_FACE('',(#582),#94,.F.);
#2027=ADVANCED_FACE('',(#583),#95,.F.);
#2028=ADVANCED_FACE('',(#584),#96,.F.);
#2029=ADVANCED_FACE('',(#585),#1979,.T.);
#2030=ADVANCED_FACE('',(#586),#97,.T.);
#2031=ADVANCED_FACE('',(#587),#1980,.T.);
#2032=ADVANCED_FACE('',(#588),#1981,.T.);
#2033=ADVANCED_FACE('',(#589),#98,.F.);
#2034=ADVANCED_FACE('',(#590),#99,.T.);
#2035=ADVANCED_FACE('',(#591),#1982,.F.);
#2036=ADVANCED_FACE('',(#592),#1983,.F.);
#2037=ADVANCED_FACE('',(#593),#1984,.F.);
#2038=ADVANCED_FACE('',(#594),#100,.F.);
#2039=ADVANCED_FACE('',(#595),#50,.F.);
#2040=ADVANCED_FACE('',(#596,#64),#101,.T.);
#2041=ADVANCED_FACE('',(#597),#51,.F.);
#2042=ADVANCED_FACE('',(#598),#102,.T.);
#2043=ADVANCED_FACE('',(#599),#52,.F.);
#2044=ADVANCED_FACE('',(#600),#103,.T.);
#2045=ADVANCED_FACE('',(#601),#53,.T.);
#2046=ADVANCED_FACE('',(#602),#104,.T.);
#2047=ADVANCED_FACE('',(#603),#54,.T.);
#2048=ADVANCED_FACE('',(#604),#1985,.F.);
#2049=ADVANCED_FACE('',(#605),#1986,.T.);
#2050=ADVANCED_FACE('',(#606),#1987,.F.);
#2051=ADVANCED_FACE('',(#607),#1988,.T.);
#2052=ADVANCED_FACE('',(#608),#105,.F.);
#2053=ADVANCED_FACE('',(#609),#1989,.T.);
#2054=ADVANCED_FACE('',(#610),#1990,.T.);
#2055=ADVANCED_FACE('',(#611),#1991,.F.);
#2056=ADVANCED_FACE('',(#612),#1992,.F.);
#2057=ADVANCED_FACE('',(#613),#1993,.F.);
#2058=ADVANCED_FACE('',(#614),#106,.F.);
#2059=ADVANCED_FACE('',(#615),#1994,.T.);
#2060=ADVANCED_FACE('',(#616),#1995,.T.);
#2061=ADVANCED_FACE('',(#617),#1996,.F.);
#2062=ADVANCED_FACE('',(#618),#1997,.F.);
#2063=ADVANCED_FACE('',(#619),#1998,.F.);
#2064=ADVANCED_FACE('',(#620),#1999,.F.);
#2065=ADVANCED_FACE('',(#621),#2000,.F.);
#2066=ADVANCED_FACE('',(#622),#107,.T.);
#2067=ADVANCED_FACE('',(#623),#108,.T.);
#2068=ADVANCED_FACE('',(#624),#109,.T.);
#2069=ADVANCED_FACE('',(#625),#110,.T.);
#2070=ADVANCED_FACE('',(#626),#55,.F.);
#2071=ADVANCED_FACE('',(#627),#56,.F.);
#2072=ADVANCED_FACE('',(#628),#111,.F.);
#2073=ADVANCED_FACE('',(#629,#65,#66),#112,.F.);
#2074=ADVANCED_FACE('',(#630,#67,#68),#113,.T.);
#2075=ADVANCED_FACE('',(#631),#114,.F.);
#2076=ADVANCED_FACE('',(#632,#69),#115,.F.);
#2077=ADVANCED_FACE('',(#633),#57,.F.);
#2078=ADVANCED_FACE('',(#634),#58,.F.);
#2079=ADVANCED_FACE('',(#635),#116,.F.);
#2080=ADVANCED_FACE('',(#636,#70,#71),#117,.F.);
#2081=ADVANCED_FACE('',(#637,#72,#73),#118,.T.);
#2082=ADVANCED_FACE('',(#638),#119,.F.);
#2083=ADVANCED_FACE('',(#639),#120,.F.);
#2084=ADVANCED_FACE('',(#640),#121,.F.);
#2085=ADVANCED_FACE('',(#641),#122,.F.);
#2086=ADVANCED_FACE('',(#642,#74),#123,.F.);
#2087=ADVANCED_FACE('',(#643),#124,.F.);
#2088=ADVANCED_FACE('',(#644),#125,.F.);
#2089=ADVANCED_FACE('',(#645),#126,.F.);
#2090=ADVANCED_FACE('',(#646,#75),#127,.T.);
#2091=ADVANCED_FACE('',(#647),#128,.F.);
#2092=ADVANCED_FACE('',(#648),#129,.F.);
#2093=ADVANCED_FACE('',(#649),#130,.F.);
#2094=ADVANCED_FACE('',(#650),#131,.F.);
#2095=ADVANCED_FACE('',(#651),#59,.F.);
#2096=ADVANCED_FACE('',(#652),#60,.F.);
#2097=ADVANCED_FACE('',(#653),#132,.T.);
#2098=ADVANCED_FACE('',(#654,#76,#77),#133,.T.);
#2099=ADVANCED_FACE('',(#655,#78,#79),#134,.F.);
#2100=ADVANCED_FACE('',(#656),#135,.T.);
#2101=ADVANCED_FACE('',(#657,#80),#136,.T.);
#2102=ADVANCED_FACE('',(#658),#61,.F.);
#2103=ADVANCED_FACE('',(#659),#62,.F.);
#2104=ADVANCED_FACE('',(#660),#137,.T.);
#2105=ADVANCED_FACE('',(#661,#81,#82),#138,.T.);
#2106=ADVANCED_FACE('',(#662,#83,#84),#139,.F.);
#2107=ADVANCED_FACE('',(#663),#140,.T.);
#2108=ADVANCED_FACE('',(#664),#141,.T.);
#2109=ADVANCED_FACE('',(#665),#142,.T.);
#2110=ADVANCED_FACE('',(#666),#143,.T.);
#2111=ADVANCED_FACE('',(#667,#85),#144,.T.);
#2112=ADVANCED_FACE('',(#668),#145,.T.);
#2113=ADVANCED_FACE('',(#669),#146,.T.);
#2114=ADVANCED_FACE('',(#670),#147,.T.);
#2115=ADVANCED_FACE('',(#671,#86),#148,.F.);
#2116=CLOSED_SHELL('',(#2001,#2002,#2003,#2004,#2005,#2006,#2007,#2008,
#2009,#2010,#2011,#2012,#2013,#2014,#2015,#2016,#2017,#2018,#2019,#2020,
#2021,#2022,#2023,#2024,#2025,#2026,#2027,#2028,#2029,#2030,#2031,#2032,
#2033,#2034,#2035,#2036,#2037,#2038,#2039,#2040,#2041,#2042,#2043,#2044,
#2045,#2046,#2047,#2048,#2049,#2050,#2051,#2052,#2053,#2054,#2055,#2056,
#2057,#2058,#2059,#2060,#2061,#2062,#2063,#2064,#2065,#2066,#2067,#2068,
#2069,#2070,#2071,#2072,#2073,#2074,#2075,#2076,#2077,#2078,#2079,#2080,
#2081,#2082,#2083,#2084,#2085,#2086,#2087,#2088,#2089,#2090,#2091,#2092,
#2093,#2094,#2095,#2096,#2097,#2098,#2099,#2100,#2101,#2102,#2103,#2104,
#2105,#2106,#2107,#2108,#2109,#2110,#2111,#2112,#2113,#2114,#2115));
#2117=DERIVED_UNIT_ELEMENT(#2119,1.);
#2118=DERIVED_UNIT_ELEMENT(#7309,-3.);
#2119=(
MASS_UNIT()
NAMED_UNIT(*)
SI_UNIT(.KILO.,.GRAM.)
);
#2120=DERIVED_UNIT((#2117,#2118));
#2121=MEASURE_REPRESENTATION_ITEM('density measure',
POSITIVE_RATIO_MEASURE(7850.),#2120);
#2122=PROPERTY_DEFINITION_REPRESENTATION(#2127,#2124);
#2123=PROPERTY_DEFINITION_REPRESENTATION(#2128,#2125);
#2124=REPRESENTATION('material name',(#2126),#7306);
#2125=REPRESENTATION('density',(#2121),#7306);
#2126=DESCRIPTIVE_REPRESENTATION_ITEM('Steel','Steel');
#2127=PROPERTY_DEFINITION('material property','material name',#7316);
#2128=PROPERTY_DEFINITION('material property','density of part',#7316);
#2129=AXIS2_PLACEMENT_3D('',#2666,#2240,#2241);
#2130=AXIS2_PLACEMENT_3D('',#3295,#2243,#2244);
#2131=AXIS2_PLACEMENT_3D('',#3311,#2254,#2255);
#2132=AXIS2_PLACEMENT_3D('',#3317,#2259,#2260);
#2133=AXIS2_PLACEMENT_3D('',#3782,#2266,#2267);
#2134=AXIS2_PLACEMENT_3D('',#4404,#2299,#2300);
#2135=AXIS2_PLACEMENT_3D('',#4423,#2303,#2304);
#2136=AXIS2_PLACEMENT_3D('',#4432,#2309,#2310);
#2137=AXIS2_PLACEMENT_3D('',#4435,#2313,#2314);
#2138=AXIS2_PLACEMENT_3D('',#4436,#2315,#2316);
#2139=AXIS2_PLACEMENT_3D('',#4437,#2317,#2318);
#2140=AXIS2_PLACEMENT_3D('',#4438,#2319,#2320);
#2141=AXIS2_PLACEMENT_3D('',#4440,#2321,#2322);
#2142=AXIS2_PLACEMENT_3D('',#4442,#2324,#2325);
#2143=AXIS2_PLACEMENT_3D('',#4444,#2326,#2327);
#2144=AXIS2_PLACEMENT_3D('',#4446,#2329,#2330);
#2145=AXIS2_PLACEMENT_3D('',#4447,#2331,#2332);
#2146=AXIS2_PLACEMENT_3D('',#4451,#2334,#2335);
#2147=AXIS2_PLACEMENT_3D('',#4452,#2336,#2337);
#2148=AXIS2_PLACEMENT_3D('',#4495,#2338,#2339);
#2149=AXIS2_PLACEMENT_3D('',#4508,#2341,#2342);
#2150=AXIS2_PLACEMENT_3D('',#4509,#2343,#2344);
#2151=AXIS2_PLACEMENT_3D('',#4569,#2348,#2349);
#2152=AXIS2_PLACEMENT_3D('',#4571,#2350,#2351);
#2153=AXIS2_PLACEMENT_3D('',#4578,#2356,#2357);
#2154=AXIS2_PLACEMENT_3D('',#4579,#2358,#2359);
#2155=AXIS2_PLACEMENT_3D('',#4581,#2360,#2361);
#2156=AXIS2_PLACEMENT_3D('',#4582,#2362,#2363);
#2157=AXIS2_PLACEMENT_3D('',#4624,#2364,#2365);
#2158=AXIS2_PLACEMENT_3D('',#4692,#2367,#2368);
#2159=AXIS2_PLACEMENT_3D('',#4694,#2369,#2370);
#2160=AXIS2_PLACEMENT_3D('',#4697,#2372,#2373);
#2161=AXIS2_PLACEMENT_3D('',#4698,#2374,#2375);
#2162=AXIS2_PLACEMENT_3D('',#4700,#2377,#2378);
#2163=AXIS2_PLACEMENT_3D('',#4806,#2380,#2381);
#2164=AXIS2_PLACEMENT_3D('',#4809,#2383,#2384);
#2165=AXIS2_PLACEMENT_3D('',#4810,#2385,#2386);
#2166=AXIS2_PLACEMENT_3D('',#4813,#2389,#2390);
#2167=AXIS2_PLACEMENT_3D('',#4815,#2392,#2393);
#2168=AXIS2_PLACEMENT_3D('',#4817,#2395,#2396);
#2169=AXIS2_PLACEMENT_3D('',#4818,#2397,#2398);
#2170=AXIS2_PLACEMENT_3D('',#4819,#2399,#2400);
#2171=AXIS2_PLACEMENT_3D('',#4825,#2404,#2405);
#2172=AXIS2_PLACEMENT_3D('',#6381,#2408,#2409);
#2173=AXIS2_PLACEMENT_3D('',#6629,#2415,#2416);
#2174=AXIS2_PLACEMENT_3D('',#7046,#2422,#2423);
#2175=AXIS2_PLACEMENT_3D('',#7055,#2428,#2429);
#2176=AXIS2_PLACEMENT_3D('',#7061,#2433,#2434);
#2177=AXIS2_PLACEMENT_3D('',#7067,#2438,#2439);
#2178=AXIS2_PLACEMENT_3D('',#7070,#2442,#2443);
#2179=AXIS2_PLACEMENT_3D('',#7072,#2444,#2445);
#2180=AXIS2_PLACEMENT_3D('',#7075,#2447,#2448);
#2181=AXIS2_PLACEMENT_3D('',#7076,#2449,#2450);
#2182=AXIS2_PLACEMENT_3D('',#7078,#2451,#2452);
#2183=AXIS2_PLACEMENT_3D('',#7081,#2454,#2455);
#2184=AXIS2_PLACEMENT_3D('',#7082,#2456,#2457);
#2185=AXIS2_PLACEMENT_3D('',#7091,#2462,#2463);
#2186=AXIS2_PLACEMENT_3D('',#7097,#2467,#2468);
#2187=AXIS2_PLACEMENT_3D('',#7103,#2472,#2473);
#2188=AXIS2_PLACEMENT_3D('',#7118,#2482,#2483);
#2189=AXIS2_PLACEMENT_3D('',#7120,#2485,#2486);
#2190=AXIS2_PLACEMENT_3D('',#7122,#2487,#2488);
#2191=AXIS2_PLACEMENT_3D('',#7125,#2490,#2491);
#2192=AXIS2_PLACEMENT_3D('',#7126,#2492,#2493);
#2193=AXIS2_PLACEMENT_3D('',#7128,#2494,#2495);
#2194=AXIS2_PLACEMENT_3D('',#7131,#2497,#2498);
#2195=AXIS2_PLACEMENT_3D('',#7132,#2499,#2500);
#2196=AXIS2_PLACEMENT_3D('',#7138,#2504,#2505);
#2197=AXIS2_PLACEMENT_3D('',#7142,#2508,#2509);
#2198=AXIS2_PLACEMENT_3D('',#7146,#2512,#2513);
#2199=AXIS2_PLACEMENT_3D('',#7150,#2516,#2517);
#2200=AXIS2_PLACEMENT_3D('',#7152,#2519,#2520);
#2201=AXIS2_PLACEMENT_3D('',#7156,#2523,#2524);
#2202=AXIS2_PLACEMENT_3D('',#7158,#2526,#2527);
#2203=AXIS2_PLACEMENT_3D('',#7164,#2531,#2532);
#2204=AXIS2_PLACEMENT_3D('',#7168,#2535,#2536);
#2205=AXIS2_PLACEMENT_3D('',#7172,#2539,#2540);
#2206=AXIS2_PLACEMENT_3D('',#7174,#2542,#2543);
#2207=AXIS2_PLACEMENT_3D('',#7175,#2544,#2545);
#2208=AXIS2_PLACEMENT_3D('',#7184,#2550,#2551);
#2209=AXIS2_PLACEMENT_3D('',#7190,#2555,#2556);
#2210=AXIS2_PLACEMENT_3D('',#7196,#2560,#2561);
#2211=AXIS2_PLACEMENT_3D('',#7199,#2564,#2565);
#2212=AXIS2_PLACEMENT_3D('',#7201,#2566,#2567);
#2213=AXIS2_PLACEMENT_3D('',#7204,#2569,#2570);
#2214=AXIS2_PLACEMENT_3D('',#7205,#2571,#2572);
#2215=AXIS2_PLACEMENT_3D('',#7207,#2573,#2574);
#2216=AXIS2_PLACEMENT_3D('',#7210,#2576,#2577);
#2217=AXIS2_PLACEMENT_3D('',#7211,#2578,#2579);
#2218=AXIS2_PLACEMENT_3D('',#7220,#2584,#2585);
#2219=AXIS2_PLACEMENT_3D('',#7226,#2589,#2590);
#2220=AXIS2_PLACEMENT_3D('',#7232,#2594,#2595);
#2221=AXIS2_PLACEMENT_3D('',#7247,#2604,#2605);
#2222=AXIS2_PLACEMENT_3D('',#7249,#2607,#2608);
#2223=AXIS2_PLACEMENT_3D('',#7251,#2609,#2610);
#2224=AXIS2_PLACEMENT_3D('',#7254,#2612,#2613);
#2225=AXIS2_PLACEMENT_3D('',#7255,#2614,#2615);
#2226=AXIS2_PLACEMENT_3D('',#7257,#2616,#2617);
#2227=AXIS2_PLACEMENT_3D('',#7260,#2619,#2620);
#2228=AXIS2_PLACEMENT_3D('',#7261,#2621,#2622);
#2229=AXIS2_PLACEMENT_3D('',#7267,#2626,#2627);
#2230=AXIS2_PLACEMENT_3D('',#7271,#2630,#2631);
#2231=AXIS2_PLACEMENT_3D('',#7275,#2634,#2635);
#2232=AXIS2_PLACEMENT_3D('',#7279,#2638,#2639);
#2233=AXIS2_PLACEMENT_3D('',#7281,#2641,#2642);
#2234=AXIS2_PLACEMENT_3D('',#7285,#2645,#2646);
#2235=AXIS2_PLACEMENT_3D('',#7287,#2648,#2649);
#2236=AXIS2_PLACEMENT_3D('',#7293,#2653,#2654);
#2237=AXIS2_PLACEMENT_3D('',#7297,#2657,#2658);
#2238=AXIS2_PLACEMENT_3D('',#7301,#2661,#2662);
#2239=AXIS2_PLACEMENT_3D('',#7303,#2664,#2665);
#2240=DIRECTION('axis',(0.,0.,1.));
#2241=DIRECTION('refdir',(1.,0.,0.));
#2242=DIRECTION('',(0.,0.907547262241256,-0.419949957493034));
#2243=DIRECTION('center_axis',(0.,-1.,0.));
#2244=DIRECTION('ref_axis',(-1.,0.,0.));
#2245=DIRECTION('',(0.,0.,-1.));
#2246=DIRECTION('',(-1.,0.,-9.85405051442446E-17));
#2247=DIRECTION('',(0.,0.,1.));
#2248=DIRECTION('',(0.,0.,1.));
#2249=DIRECTION('',(1.,0.,-9.85405051442446E-17));
#2250=DIRECTION('',(0.,0.,-1.));
#2251=DIRECTION('',(0.,0.,-1.));
#2252=DIRECTION('',(-1.,0.,0.));
#2253=DIRECTION('',(0.,0.,-1.));
#2254=DIRECTION('center_axis',(0.,-1.,0.));
#2255=DIRECTION('ref_axis',(-1.,0.,0.));
#2256=DIRECTION('',(0.,0.,-1.));
#2257=DIRECTION('',(0.,0.,1.));
#2258=DIRECTION('',(-1.,0.,-2.66240533483251E-16));
#2259=DIRECTION('center_axis',(0.,0.,-1.));
#2260=DIRECTION('ref_axis',(-1.,0.,0.));
#2261=DIRECTION('',(-0.116578973299212,-0.951887356770619,-0.28340748579518));
#2262=DIRECTION('',(-1.,0.,0.));
#2263=DIRECTION('',(1.51029694376662E-14,-0.983119424677261,-0.182965015295961));
#2264=DIRECTION('',(-0.0153964491851873,-0.647949246950267,-0.761527887033081));
#2265=DIRECTION('',(-1.,0.,0.));
#2266=DIRECTION('center_axis',(0.,-0.761618163422816,0.648026059001069));
#2267=DIRECTION('ref_axis',(1.,0.,0.));
#2268=DIRECTION('',(-1.,0.,0.));
#2269=DIRECTION('',(1.,0.,0.));
#2270=DIRECTION('',(-0.0281412902392513,-0.647769411822638,-0.76131652871235));
#2271=DIRECTION('',(-1.,0.,0.));
#2272=DIRECTION('',(-0.0658178205500709,-0.984158752661794,-0.164619452244321));
#2273=DIRECTION('',(-1.,0.,0.));
#2274=DIRECTION('',(0.,0.342020143325669,-0.939692620785908));
#2275=DIRECTION('',(-1.96388480462373E-13,-0.998043485336583,-0.0625236065594896));
#2276=DIRECTION('',(0.,-0.342020143325669,0.939692620785908));
#2277=DIRECTION('',(1.,0.,0.));
#2278=DIRECTION('',(0.00100247721259438,-0.476547623771782,-0.87914808611343));
#2279=DIRECTION('',(1.,0.,0.));
#2280=DIRECTION('',(1.,0.,0.));
#2281=DIRECTION('',(1.33671763302205E-14,-0.981724097776884,-0.190309736598429));
#2282=DIRECTION('',(1.,0.,0.));
#2283=DIRECTION('',(-1.,0.,0.));
#2284=DIRECTION('',(-1.,0.,0.));
#2285=DIRECTION('',(-0.0263717711605217,-0.64780067836445,-0.761353275947779));
#2286=DIRECTION('',(1.,0.,0.));
#2287=DIRECTION('',(1.33671763302205E-14,-0.981724097776884,-0.190309736598429));
#2288=DIRECTION('',(-0.00100246624911288,-0.476547623776962,-0.879148086123123));
#2289=DIRECTION('',(1.,0.,0.));
#2290=DIRECTION('',(1.,0.,0.));
#2291=DIRECTION('',(0.,-0.998043485336574,-0.0625236065596399));
#2292=DIRECTION('',(1.,0.,0.));
#2293=DIRECTION('',(0.,0.342020143325669,-0.939692620785908));
#2294=DIRECTION('',(0.0658178205500808,-0.984158752661794,-0.164619452244315));
#2295=DIRECTION('',(0.,0.342020143325669,-0.939692620785908));
#2296=DIRECTION('',(-1.,0.,0.));
#2297=DIRECTION('',(-0.00605974935868638,-0.648014160951206,-0.76160417977084));
#2298=DIRECTION('',(-1.,0.,0.));
#2299=DIRECTION('center_axis',(1.20480514046969E-16,-0.761618163422819,
0.648026059001065));
#2300=DIRECTION('ref_axis',(1.,0.,-1.85919242557453E-16));
#2301=DIRECTION('',(-1.,0.,0.));
#2302=DIRECTION('',(1.,0.,0.));
#2303=DIRECTION('center_axis',(0.,1.,0.));
#2304=DIRECTION('ref_axis',(-1.,0.,0.));
#2305=DIRECTION('',(1.,0.,0.));
#2306=DIRECTION('',(0.,0.,1.));
#2307=DIRECTION('',(-1.,0.,0.));
#2308=DIRECTION('',(0.,0.,1.));
#2309=DIRECTION('center_axis',(0.,0.,1.));
#2310=DIRECTION('ref_axis',(1.,0.,0.));
#2311=DIRECTION('',(0.,1.,-8.88178419700126E-17));
#2312=DIRECTION('',(0.,-1.,8.88178419700126E-17));
#2313=DIRECTION('center_axis',(1.,0.,0.));
#2314=DIRECTION('ref_axis',(0.,0.342020143325669,-0.939692620785908));
#2315=DIRECTION('center_axis',(1.,0.,0.));
#2316=DIRECTION('ref_axis',(0.,0.342020143325669,-0.939692620785908));
#2317=DIRECTION('center_axis',(-1.,0.,0.));
#2318=DIRECTION('ref_axis',(0.,0.342020143325669,-0.939692620785908));
#2319=DIRECTION('center_axis',(1.,0.,0.));
#2320=DIRECTION('ref_axis',(0.,0.,-1.));
#2321=DIRECTION('center_axis',(-1.,0.,0.));
#2322=DIRECTION('ref_axis',(0.,0.342020143325669,-0.939692620785908));
#2323=DIRECTION('',(0.,0.,-1.));
#2324=DIRECTION('center_axis',(-1.,0.,0.));
#2325=DIRECTION('ref_axis',(0.,0.,1.));
#2326=DIRECTION('center_axis',(1.,0.,0.));
#2327=DIRECTION('ref_axis',(0.,0.342020143325669,-0.939692620785908));
#2328=DIRECTION('',(0.,0.,-1.));
#2329=DIRECTION('center_axis',(6.50946181817321E-16,1.74878915949151E-16,
-1.));
#2330=DIRECTION('ref_axis',(-1.,0.,-6.50946181817321E-16));
#2331=DIRECTION('center_axis',(0.,0.,-1.));
#2332=DIRECTION('ref_axis',(0.,-1.,0.));
#2333=DIRECTION('',(0.,-1.,-3.14059081309316E-33));
#2334=DIRECTION('center_axis',(-1.09777652974945E-15,-8.87969776009808E-17,
1.));
#2335=DIRECTION('ref_axis',(0.,-1.,-8.87969776009808E-17));
#2336=DIRECTION('center_axis',(-1.09777652974945E-15,-8.87969776009808E-17,
1.));
#2337=DIRECTION('ref_axis',(0.,-1.,-8.87969776009808E-17));
#2338=DIRECTION('center_axis',(-1.,0.,0.));
#2339=DIRECTION('ref_axis',(0.,0.342020143325669,-0.939692620785908));
#2340=DIRECTION('',(0.,-0.336260672067276,0.941768952780279));
#2341=DIRECTION('center_axis',(-1.,0.,0.));
#2342=DIRECTION('ref_axis',(0.,0.,1.));
#2343=DIRECTION('center_axis',(-1.,0.,0.));
#2344=DIRECTION('ref_axis',(0.,0.342020143325669,-0.939692620785908));
#2345=DIRECTION('',(0.,-0.342236242411285,0.939613939009104));
#2346=DIRECTION('',(0.,-1.,0.));
#2347=DIRECTION('',(0.0497041150938275,-0.339616583457482,0.939249741646708));
#2348=DIRECTION('center_axis',(-1.,0.,0.));
#2349=DIRECTION('ref_axis',(0.,0.,1.));
#2350=DIRECTION('center_axis',(1.,0.,0.));
#2351=DIRECTION('ref_axis',(0.,0.342020143325669,-0.939692620785908));
#2352=DIRECTION('',(0.,-0.336260672067276,0.941768952780279));
#2353=DIRECTION('',(0.,1.,0.));
#2354=DIRECTION('',(0.,-1.,-3.14059081309316E-33));
#2355=DIRECTION('',(0.,-0.342236242411285,0.939613939009104));
#2356=DIRECTION('center_axis',(6.50946181817321E-16,-1.74878915949151E-16,
1.));
#2357=DIRECTION('ref_axis',(1.,0.,-6.50946181817321E-16));
#2358=DIRECTION('center_axis',(0.,0.,-1.));
#2359=DIRECTION('ref_axis',(0.,1.,0.));
#2360=DIRECTION('center_axis',(-1.09777652974945E-15,8.87969776009808E-17,
-1.));
#2361=DIRECTION('ref_axis',(0.,-1.,-8.87969776009808E-17));
#2362=DIRECTION('center_axis',(-1.09777652974945E-15,8.87969776009808E-17,
-1.));
#2363=DIRECTION('ref_axis',(0.,-1.,-8.87969776009808E-17));
#2364=DIRECTION('center_axis',(1.,0.,0.));
#2365=DIRECTION('ref_axis',(0.,0.342020143325669,-0.939692620785908));
#2366=DIRECTION('',(-0.0497041150938275,-0.339616583457482,0.939249741646708));
#2367=DIRECTION('center_axis',(0.,0.,1.));
#2368=DIRECTION('ref_axis',(1.,0.,0.));
#2369=DIRECTION('center_axis',(0.,0.,1.));
#2370=DIRECTION('ref_axis',(0.,1.,0.));
#2371=DIRECTION('',(1.,0.,0.));
#2372=DIRECTION('center_axis',(0.,0.,1.));
#2373=DIRECTION('ref_axis',(0.,-1.,0.));
#2374=DIRECTION('center_axis',(-1.,0.,0.));
#2375=DIRECTION('ref_axis',(0.,0.342020143325669,-0.939692620785908));
#2376=DIRECTION('',(-1.,0.,0.));
#2377=DIRECTION('center_axis',(0.,0.,1.));
#2378=DIRECTION('ref_axis',(1.,0.,0.));
#2379=DIRECTION('',(1.,0.,0.));
#2380=DIRECTION('center_axis',(0.,0.,-1.));
#2381=DIRECTION('ref_axis',(0.,-1.,0.));
#2382=DIRECTION('',(-1.,0.,0.));
#2383=DIRECTION('center_axis',(0.,0.,-1.));
#2384=DIRECTION('ref_axis',(0.,1.,0.));
#2385=DIRECTION('center_axis',(0.,0.,-1.));
#2386=DIRECTION('ref_axis',(0.,-1.,0.));
#2387=DIRECTION('',(0.,0.,-1.));
#2388=DIRECTION('',(0.,0.,-1.));
#2389=DIRECTION('center_axis',(0.,1.,0.));
#2390=DIRECTION('ref_axis',(1.,0.,0.));
#2391=DIRECTION('',(0.,0.,-1.));
#2392=DIRECTION('center_axis',(0.,0.,-1.));
#2393=DIRECTION('ref_axis',(0.,1.,0.));
#2394=DIRECTION('',(0.,0.,-1.));
#2395=DIRECTION('center_axis',(0.,-1.,0.));
#2396=DIRECTION('ref_axis',(-1.,0.,0.));
#2397=DIRECTION('center_axis',(0.,0.,-1.));
#2398=DIRECTION('ref_axis',(0.,1.,0.));
#2399=DIRECTION('center_axis',(0.,-1.,0.));
#2400=DIRECTION('ref_axis',(-1.,0.,0.));
#2401=DIRECTION('',(0.,0.,1.));
#2402=DIRECTION('',(0.,0.,-1.));
#2403=DIRECTION('',(1.,0.,-2.66240533483251E-16));
#2404=DIRECTION('center_axis',(0.,0.,-1.));
#2405=DIRECTION('ref_axis',(0.,-1.,0.));
#2406=DIRECTION('',(0.,0.,-1.));
#2407=DIRECTION('',(0.707106781186547,0.,-0.707106781186548));
#2408=DIRECTION('center_axis',(0.,0.,-1.));
#2409=DIRECTION('ref_axis',(1.,0.,0.));
#2410=DIRECTION('',(0.,-0.998043485336575,-0.0625236065596138));
#2411=DIRECTION('',(0.706414032761748,0.0442541369203876,-0.706414032761747));
#2412=DIRECTION('',(-1.09555200558149E-16,-0.748526653746835,-0.663104704123387));
#2413=DIRECTION('',(0.707106781186547,0.,0.707106781186548));
#2414=DIRECTION('',(-1.44458988711495E-16,-0.998129504404978,-0.0611350344423891));
#2415=DIRECTION('center_axis',(0.,0.,-1.));
#2416=DIRECTION('ref_axis',(1.,0.,0.));
#2417=DIRECTION('',(1.09555200558149E-16,-0.748526653746836,-0.663104704123387));
#2418=DIRECTION('',(0.707106781186548,0.,0.707106781186547));
#2419=DIRECTION('',(0.,-0.998043485336575,-0.0625236065596138));
#2420=DIRECTION('',(0.707106781186548,0.,-0.707106781186547));
#2421=DIRECTION('',(-0.706414032761747,0.0442541369203876,-0.706414032761748));
#2422=DIRECTION('center_axis',(1.,0.,0.));
#2423=DIRECTION('ref_axis',(0.,1.,0.));
#2424=DIRECTION('',(0.,-1.,0.));
#2425=DIRECTION('',(0.,0.,-1.));
#2426=DIRECTION('',(0.,1.,0.));
#2427=DIRECTION('',(0.,0.,-1.));
#2428=DIRECTION('center_axis',(0.,1.,0.));
#2429=DIRECTION('ref_axis',(-1.,0.,0.));
#2430=DIRECTION('',(1.,0.,2.66240533483251E-16));
#2431=DIRECTION('',(0.,0.,-1.));
#2432=DIRECTION('',(-1.,0.,9.85405051442446E-17));
#2433=DIRECTION('center_axis',(-1.,0.,0.));
#2434=DIRECTION('ref_axis',(0.,-1.,0.));
#2435=DIRECTION('',(0.,1.,0.));
#2436=DIRECTION('',(0.,0.,-1.));
#2437=DIRECTION('',(0.,-1.,0.));
#2438=DIRECTION('center_axis',(0.,-1.,0.));
#2439=DIRECTION('ref_axis',(1.,0.,0.));
#2440=DIRECTION('',(-1.,0.,-2.66240533483251E-16));
#2441=DIRECTION('',(1.,0.,-9.85405051442446E-17));
#2442=DIRECTION('center_axis',(0.,-1.,0.));
#2443=DIRECTION('ref_axis',(-1.,0.,0.));
#2444=DIRECTION('center_axis',(0.,1.,0.));
#2445=DIRECTION('ref_axis',(-1.,0.,0.));
#2446=DIRECTION('',(0.,-1.,0.));
#2447=DIRECTION('center_axis',(0.,1.,0.));
#2448=DIRECTION('ref_axis',(-1.,0.,0.));
#2449=DIRECTION('center_axis',(0.,-1.,0.));
#2450=DIRECTION('ref_axis',(-1.,0.,0.));
#2451=DIRECTION('center_axis',(0.,1.,0.));
#2452=DIRECTION('ref_axis',(-1.,0.,0.));
#2453=DIRECTION('',(0.,-1.,0.));
#2454=DIRECTION('center_axis',(0.,1.,0.));
#2455=DIRECTION('ref_axis',(-1.,0.,0.));
#2456=DIRECTION('center_axis',(0.,0.,-1.));
#2457=DIRECTION('ref_axis',(-1.,0.,0.));
#2458=DIRECTION('',(-1.,0.,0.));
#2459=DIRECTION('',(0.,1.,0.));
#2460=DIRECTION('',(-1.,0.,0.));
#2461=DIRECTION('',(0.,-1.,0.));
#2462=DIRECTION('center_axis',(0.,-1.,0.));
#2463=DIRECTION('ref_axis',(-1.,0.,0.));
#2464=DIRECTION('',(0.,0.,-1.));
#2465=DIRECTION('',(-1.,0.,-2.66240533483251E-16));
#2466=DIRECTION('',(0.,0.,1.));
#2467=DIRECTION('center_axis',(0.,-1.,0.));
#2468=DIRECTION('ref_axis',(-1.,0.,0.));
#2469=DIRECTION('',(0.,0.,-1.));
#2470=DIRECTION('',(1.,0.,2.66240533483251E-16));
#2471=DIRECTION('',(0.,0.,1.));
#2472=DIRECTION('center_axis',(1.,0.,0.));
#2473=DIRECTION('ref_axis',(0.,0.,-1.));
#2474=DIRECTION('',(0.,1.,0.));
#2475=DIRECTION('',(0.,0.,-1.));
#2476=DIRECTION('',(0.,1.,0.));
#2477=DIRECTION('',(0.,0.,1.));
#2478=DIRECTION('',(0.,-1.,0.));
#2479=DIRECTION('',(0.,0.,-1.));
#2480=DIRECTION('',(0.,1.,0.));
#2481=DIRECTION('',(0.,1.,0.));
#2482=DIRECTION('center_axis',(2.66240533483251E-16,0.,-1.));
#2483=DIRECTION('ref_axis',(-1.,0.,-2.66240533483251E-16));
#2484=DIRECTION('',(0.,1.,0.));
#2485=DIRECTION('center_axis',(0.,-1.,0.));
#2486=DIRECTION('ref_axis',(-1.,0.,0.));
#2487=DIRECTION('center_axis',(0.,1.,0.));
#2488=DIRECTION('ref_axis',(-1.,0.,0.));
#2489=DIRECTION('',(0.,-1.,0.));
#2490=DIRECTION('center_axis',(0.,1.,0.));
#2491=DIRECTION('ref_axis',(-1.,0.,0.));
#2492=DIRECTION('center_axis',(0.,-1.,0.));
#2493=DIRECTION('ref_axis',(-1.,0.,0.));
#2494=DIRECTION('center_axis',(0.,1.,0.));
#2495=DIRECTION('ref_axis',(-1.,0.,0.));
#2496=DIRECTION('',(0.,-1.,0.));
#2497=DIRECTION('center_axis',(0.,1.,0.));
#2498=DIRECTION('ref_axis',(-1.,0.,0.));
#2499=DIRECTION('center_axis',(0.,0.,1.));
#2500=DIRECTION('ref_axis',(1.,0.,0.));
#2501=DIRECTION('',(-1.,0.,0.));
#2502=DIRECTION('',(0.,1.,0.));
#2503=DIRECTION('',(1.,0.,0.));
#2504=DIRECTION('center_axis',(0.,-1.,0.));
#2505=DIRECTION('ref_axis',(-1.,0.,0.));
#2506=DIRECTION('',(0.,0.,1.));
#2507=DIRECTION('',(1.,0.,0.));
#2508=DIRECTION('center_axis',(0.,-1.,0.));
#2509=DIRECTION('ref_axis',(-1.,0.,0.));
#2510=DIRECTION('',(-1.,0.,0.));
#2511=DIRECTION('',(0.,0.,-1.));
#2512=DIRECTION('center_axis',(0.,0.,1.));
#2513=DIRECTION('ref_axis',(1.,0.,0.));
#2514=DIRECTION('',(1.,0.,0.));
#2515=DIRECTION('',(0.,1.,0.));
#2516=DIRECTION('center_axis',(0.,0.,1.));
#2517=DIRECTION('ref_axis',(1.,0.,0.));
#2518=DIRECTION('',(0.,1.,0.));
#2519=DIRECTION('center_axis',(-1.,0.,0.));
#2520=DIRECTION('ref_axis',(0.,0.,1.));
#2521=DIRECTION('',(0.,0.,1.));
#2522=DIRECTION('',(0.,1.,0.));
#2523=DIRECTION('center_axis',(2.66240533483251E-16,0.,-1.));
#2524=DIRECTION('ref_axis',(-1.,0.,-2.66240533483251E-16));
#2525=DIRECTION('',(-1.,0.,-2.66240533483251E-16));
#2526=DIRECTION('center_axis',(9.85405051442446E-17,0.,1.));
#2527=DIRECTION('ref_axis',(1.,0.,-9.85405051442446E-17));
#2528=DIRECTION('',(-1.,0.,9.85405051442446E-17));
#2529=DIRECTION('',(0.,1.,0.));
#2530=DIRECTION('',(0.,1.,0.));
#2531=DIRECTION('center_axis',(1.,0.,0.));
#2532=DIRECTION('ref_axis',(0.,0.,-1.));
#2533=DIRECTION('',(0.,0.,1.));
#2534=DIRECTION('',(0.,1.,0.));
#2535=DIRECTION('center_axis',(0.,0.,-1.));
#2536=DIRECTION('ref_axis',(-1.,0.,0.));
#2537=DIRECTION('',(1.,0.,0.));
#2538=DIRECTION('',(0.,1.,0.));
#2539=DIRECTION('center_axis',(-1.,0.,0.));
#2540=DIRECTION('ref_axis',(0.,0.,1.));
#2541=DIRECTION('',(0.,0.,-1.));
#2542=DIRECTION('center_axis',(0.,-1.,0.));
#2543=DIRECTION('ref_axis',(-1.,0.,0.));
#2544=DIRECTION('center_axis',(1.,0.,0.));
#2545=DIRECTION('ref_axis',(0.,1.,0.));
#2546=DIRECTION('',(0.,-1.,0.));
#2547=DIRECTION('',(0.,0.,-1.));
#2548=DIRECTION('',(0.,1.,0.));
#2549=DIRECTION('',(0.,0.,-1.));
#2550=DIRECTION('center_axis',(0.,-1.,0.));
#2551=DIRECTION('ref_axis',(1.,0.,0.));
#2552=DIRECTION('',(-1.,0.,2.66240533483251E-16));
#2553=DIRECTION('',(1.,0.,9.85405051442446E-17));
#2554=DIRECTION('',(0.,0.,-1.));
#2555=DIRECTION('center_axis',(-1.,0.,0.));
#2556=DIRECTION('ref_axis',(0.,-1.,0.));
#2557=DIRECTION('',(0.,1.,0.));
#2558=DIRECTION('',(0.,-1.,0.));
#2559=DIRECTION('',(0.,0.,-1.));
#2560=DIRECTION('center_axis',(0.,1.,0.));
#2561=DIRECTION('ref_axis',(-1.,0.,0.));
#2562=DIRECTION('',(1.,0.,-2.66240533483251E-16));
#2563=DIRECTION('',(-1.,0.,-9.85405051442446E-17));
#2564=DIRECTION('center_axis',(0.,1.,0.));
#2565=DIRECTION('ref_axis',(1.,0.,0.));
#2566=DIRECTION('center_axis',(0.,-1.,0.));
#2567=DIRECTION('ref_axis',(1.,0.,0.));
#2568=DIRECTION('',(0.,-1.,0.));
#2569=DIRECTION('center_axis',(0.,-1.,0.));
#2570=DIRECTION('ref_axis',(1.,0.,0.));
#2571=DIRECTION('center_axis',(0.,1.,0.));
#2572=DIRECTION('ref_axis',(1.,0.,0.));
#2573=DIRECTION('center_axis',(0.,-1.,0.));
#2574=DIRECTION('ref_axis',(1.,0.,0.));
#2575=DIRECTION('',(0.,-1.,0.));
#2576=DIRECTION('center_axis',(0.,-1.,0.));
#2577=DIRECTION('ref_axis',(1.,0.,0.));
#2578=DIRECTION('center_axis',(0.,0.,1.));
#2579=DIRECTION('ref_axis',(1.,0.,0.));
#2580=DIRECTION('',(1.,0.,0.));
#2581=DIRECTION('',(0.,-1.,0.));
#2582=DIRECTION('',(1.,0.,0.));
#2583=DIRECTION('',(0.,1.,0.));
#2584=DIRECTION('center_axis',(0.,1.,0.));
#2585=DIRECTION('ref_axis',(1.,0.,0.));
#2586=DIRECTION('',(0.,0.,1.));
#2587=DIRECTION('',(1.,0.,-2.66240533483251E-16));
#2588=DIRECTION('',(0.,0.,-1.));
#2589=DIRECTION('center_axis',(0.,1.,0.));
#2590=DIRECTION('ref_axis',(1.,0.,0.));
#2591=DIRECTION('',(0.,0.,1.));
#2592=DIRECTION('',(-1.,0.,2.66240533483251E-16));
#2593=DIRECTION('',(0.,0.,-1.));
#2594=DIRECTION('center_axis',(1.,0.,0.));
#2595=DIRECTION('ref_axis',(0.,0.,-1.));
#2596=DIRECTION('',(0.,1.,0.));
#2597=DIRECTION('',(0.,1.,0.));
#2598=DIRECTION('',(0.,0.,-1.));
#2599=DIRECTION('',(0.,-1.,0.));
#2600=DIRECTION('',(0.,0.,1.));
#2601=DIRECTION('',(0.,1.,0.));
#2602=DIRECTION('',(0.,0.,-1.));
#2603=DIRECTION('',(0.,1.,0.));
#2604=DIRECTION('center_axis',(2.66240533483251E-16,0.,1.));
#2605=DIRECTION('ref_axis',(1.,0.,-2.66240533483251E-16));
#2606=DIRECTION('',(0.,1.,0.));
#2607=DIRECTION('center_axis',(0.,1.,0.));
#2608=DIRECTION('ref_axis',(1.,0.,0.));
#2609=DIRECTION('center_axis',(0.,-1.,0.));
#2610=DIRECTION('ref_axis',(1.,0.,0.));
#2611=DIRECTION('',(0.,-1.,0.));
#2612=DIRECTION('center_axis',(0.,-1.,0.));
#2613=DIRECTION('ref_axis',(1.,0.,0.));
#2614=DIRECTION('center_axis',(0.,1.,0.));
#2615=DIRECTION('ref_axis',(1.,0.,0.));
#2616=DIRECTION('center_axis',(0.,-1.,0.));
#2617=DIRECTION('ref_axis',(1.,0.,0.));
#2618=DIRECTION('',(0.,-1.,0.));
#2619=DIRECTION('center_axis',(0.,-1.,0.));
#2620=DIRECTION('ref_axis',(1.,0.,0.));
#2621=DIRECTION('center_axis',(0.,0.,-1.));
#2622=DIRECTION('ref_axis',(-1.,0.,0.));
#2623=DIRECTION('',(1.,0.,0.));
#2624=DIRECTION('',(-1.,0.,0.));
#2625=DIRECTION('',(0.,1.,0.));
#2626=DIRECTION('center_axis',(0.,1.,0.));
#2627=DIRECTION('ref_axis',(1.,0.,0.));
#2628=DIRECTION('',(-1.,0.,0.));
#2629=DIRECTION('',(0.,0.,1.));
#2630=DIRECTION('center_axis',(0.,1.,0.));
#2631=DIRECTION('ref_axis',(1.,0.,0.));
#2632=DIRECTION('',(0.,0.,-1.));
#2633=DIRECTION('',(1.,0.,0.));
#2634=DIRECTION('center_axis',(0.,0.,-1.));
#2635=DIRECTION('ref_axis',(-1.,0.,0.));
#2636=DIRECTION('',(0.,1.,0.));
#2637=DIRECTION('',(-1.,0.,0.));
#2638=DIRECTION('center_axis',(0.,0.,-1.));
#2639=DIRECTION('ref_axis',(-1.,0.,0.));
#2640=DIRECTION('',(0.,1.,0.));
#2641=DIRECTION('center_axis',(-1.,0.,0.));
#2642=DIRECTION('ref_axis',(0.,0.,1.));
#2643=DIRECTION('',(0.,1.,0.));
#2644=DIRECTION('',(0.,0.,1.));
#2645=DIRECTION('center_axis',(2.66240533483251E-16,0.,1.));
#2646=DIRECTION('ref_axis',(1.,0.,-2.66240533483251E-16));
#2647=DIRECTION('',(1.,0.,-2.66240533483251E-16));
#2648=DIRECTION('center_axis',(9.85405051442446E-17,0.,-1.));
#2649=DIRECTION('ref_axis',(-1.,0.,-9.85405051442446E-17));
#2650=DIRECTION('',(1.,0.,9.85405051442446E-17));
#2651=DIRECTION('',(0.,1.,0.));
#2652=DIRECTION('',(0.,1.,0.));
#2653=DIRECTION('center_axis',(1.,0.,0.));
#2654=DIRECTION('ref_axis',(0.,0.,-1.));
#2655=DIRECTION('',(0.,1.,0.));
#2656=DIRECTION('',(0.,0.,1.));
#2657=DIRECTION('center_axis',(0.,0.,1.));
#2658=DIRECTION('ref_axis',(1.,0.,0.));
#2659=DIRECTION('',(0.,1.,0.));
#2660=DIRECTION('',(-1.,0.,0.));
#2661=DIRECTION('center_axis',(-1.,0.,0.));
#2662=DIRECTION('ref_axis',(0.,0.,1.));
#2663=DIRECTION('',(0.,0.,-1.));
#2664=DIRECTION('center_axis',(0.,1.,0.));
#2665=DIRECTION('ref_axis',(1.,0.,0.));
#2666=CARTESIAN_POINT('',(0.,0.,0.));
#2667=CARTESIAN_POINT('Ctrl Pts',(-78.1828909828984,-167.516721700172,57.278078912524));
#2668=CARTESIAN_POINT('Ctrl Pts',(-63.8740487025152,-133.388739580801,41.3032892589559));
#2669=CARTESIAN_POINT('Ctrl Pts',(-50.5897336973657,-100.155178018811,25.3284996053877));
#2670=CARTESIAN_POINT('Ctrl Pts',(-42.2900000000092,-71.2731960578734,9.35370995181947));
#2671=CARTESIAN_POINT('Ctrl Pts',(-75.7223255071555,-168.982616246266,57.278078912524));
#2672=CARTESIAN_POINT('Ctrl Pts',(-61.7623472791971,-134.300414461377,41.3032892589559));
#2673=CARTESIAN_POINT('Ctrl Pts',(-48.7960136419598,-100.539932245309,25.3284996053877));
#2674=CARTESIAN_POINT('Ctrl Pts',(-40.6632646717546,-71.2731960578734,9.35370995181947));
#2675=CARTESIAN_POINT('Ctrl Pts',(-69.0380693006129,-172.110966080252,57.278078912524));
#2676=CARTESIAN_POINT('Ctrl Pts',(-56.2186875678192,-136.310425794613,41.3032892589559));
#2677=CARTESIAN_POINT('Ctrl Pts',(-44.2761268523874,-101.467614162314,25.3284996053876));
#2678=CARTESIAN_POINT('Ctrl Pts',(-36.596426351118,-71.2731960578734,9.35370995181946));
#2679=CARTESIAN_POINT('Ctrl Pts',(-61.4832748638282,-173.544621421119,57.278078912524));
#2680=CARTESIAN_POINT('Ctrl Pts',(-50.2192983953401,-137.493206456707,41.3032892589558));
#2681=CARTESIAN_POINT('Ctrl Pts',(-39.6600518062106,-102.297499046791,25.3284996053877));
#2682=CARTESIAN_POINT('Ctrl Pts',(-32.5295880304814,-71.2731960578734,9.35370995181946));
#2683=CARTESIAN_POINT('Ctrl Pts',(-42.2828087978917,-174.255855371049,57.278078912524));
#2684=CARTESIAN_POINT('Ctrl Pts',(-34.8919272756731,-139.046735843307,41.3032892589558));
#2685=CARTESIAN_POINT('Ctrl Pts',(-27.8102385367685,-104.222083070312,25.3284996053876));
#2686=CARTESIAN_POINT('Ctrl Pts',(-22.2329395778921,-71.2731960578734,9.35370995181947));
#2687=CARTESIAN_POINT('Ctrl Pts',(-27.4850131786676,-174.641366780517,57.278078912524));
#2688=CARTESIAN_POINT('Ctrl Pts',(-22.8743074933263,-139.882457274204,41.3032892589559));
#2689=CARTESIAN_POINT('Ctrl Pts',(-18.3691893153546,-105.256804526743,25.3284996053877));
#2690=CARTESIAN_POINT('Ctrl Pts',(-14.3763941176847,-71.2731960578734,9.35370995181946));
#2691=CARTESIAN_POINT('Ctrl Pts',(-12.49,-174.782405218154,57.278078912524));
#2692=CARTESIAN_POINT('Ctrl Pts',(-10.4287193594826,-140.189766560979,41.3032892589559));
#2693=CARTESIAN_POINT('Ctrl Pts',(-8.39856512799288,-105.636268038822,25.3284996053877));
#2694=CARTESIAN_POINT('Ctrl Pts',(-6.51984865747732,-71.2731960578734,9.35370995181946));
#2695=CARTESIAN_POINT('',(-12.49,-71.2731960578413,9.35370995180437));
#2696=CARTESIAN_POINT('',(-12.49,-174.782405218154,57.2780789125241));
#2697=CARTESIAN_POINT('Ctrl Pts',(-12.49,-71.2731960578413,9.35370995180436));
#2698=CARTESIAN_POINT('Ctrl Pts',(-12.49,-79.6467332369366,13.2935287506877));
#2699=CARTESIAN_POINT('Ctrl Pts',(-12.49,-88.6893531805387,17.5016198432981));
#2700=CARTESIAN_POINT('Ctrl Pts',(-12.49,-119.078202668508,31.5966363858637));
#2701=CARTESIAN_POINT('Ctrl Pts',(-12.49,-134.152890491404,38.5259855344025));
#2702=CARTESIAN_POINT('Ctrl Pts',(-12.49,-174.782405218154,57.2780789125241));
#2703=CARTESIAN_POINT('',(-42.29,-174.198302115021,57.2780789125241));
#2704=CARTESIAN_POINT('Ctrl Pts',(-12.49,-174.782405218154,57.278078912524));
#2705=CARTESIAN_POINT('Ctrl Pts',(-22.5063522305945,-174.688194519398,57.278078912524));
#2706=CARTESIAN_POINT('Ctrl Pts',(-32.4347068154674,-174.484901008622,57.278078912524));
#2707=CARTESIAN_POINT('Ctrl Pts',(-42.2898933537451,-174.198544061138,57.278078912524));
#2708=CARTESIAN_POINT('',(-42.29,-71.2731960578413,9.35370995180172));
#2709=CARTESIAN_POINT('Ctrl Pts',(-42.29,-174.198302115021,57.2780789125241));
#2710=CARTESIAN_POINT('Ctrl Pts',(-42.29,-156.460837490108,49.295458555519));
#2711=CARTESIAN_POINT('Ctrl Pts',(-42.29,-138.689501084974,41.388069202154));
#2712=CARTESIAN_POINT('Ctrl Pts',(-42.29,-101.923339474702,24.7605888074888));
#2713=CARTESIAN_POINT('Ctrl Pts',(-42.29,-86.3703148243513,17.7040128152327));
#2714=CARTESIAN_POINT('Ctrl Pts',(-42.29,-71.2731960578413,9.35370995180171));
#2715=CARTESIAN_POINT('Ctrl Pts',(-42.2900000000092,-71.2731960578734,9.35370995181947));
#2716=CARTESIAN_POINT('Ctrl Pts',(-40.6632646717546,-71.2731960578734,9.35370995181947));
#2717=CARTESIAN_POINT('Ctrl Pts',(-36.596426351118,-71.2731960578734,9.35370995181946));
#2718=CARTESIAN_POINT('Ctrl Pts',(-32.5295880304814,-71.2731960578734,9.35370995181946));
#2719=CARTESIAN_POINT('Ctrl Pts',(-24.2229900253997,-71.2731960578734,9.35370995181947));
#2720=CARTESIAN_POINT('Ctrl Pts',(-18.3564950126998,-71.2731960578734,9.35370995181946));
#2721=CARTESIAN_POINT('Ctrl Pts',(-12.49,-71.2731960578734,9.35370995181946));
#2722=CARTESIAN_POINT('Ctrl Pts',(0.,-315.791867708613,122.5));
#2723=CARTESIAN_POINT('Ctrl Pts',(0.,-234.285643825033,84.7845699839399));
#2724=CARTESIAN_POINT('Ctrl Pts',(0.,-152.779419941453,47.0691399678797));
#2725=CARTESIAN_POINT('Ctrl Pts',(0.,-71.2731960578734,9.35370995181946));
#2726=CARTESIAN_POINT('Ctrl Pts',(31.8846664299835,-315.791867708613,122.5));
#2727=CARTESIAN_POINT('Ctrl Pts',(24.5997265026343,-234.285590395672,84.7845699839399));
#2728=CARTESIAN_POINT('Ctrl Pts',(17.3147743740167,-152.779419941453,47.0691399678797));
#2729=CARTESIAN_POINT('Ctrl Pts',(10.0298283460332,-71.2731960578734,9.35370995181946));
#2730=CARTESIAN_POINT('Ctrl Pts',(64.1248029462102,-316.242164162908,122.5));
#2731=CARTESIAN_POINT('Ctrl Pts',(50.9698706986536,-236.528632583252,84.78456998394));
#2732=CARTESIAN_POINT('Ctrl Pts',(32.4533736693219,-150.022542849084,47.0691399678797));
#2733=CARTESIAN_POINT('Ctrl Pts',(20.059702754796,-71.2733330889433,9.35370995181947));
#2734=CARTESIAN_POINT('Ctrl Pts',(101.990553870166,-317.084686197306,122.5));
#2735=CARTESIAN_POINT('Ctrl Pts',(83.1591482100721,-240.724866822185,84.78456998394));
#2736=CARTESIAN_POINT('Ctrl Pts',(48.3052321673884,-144.864360220776,47.0691399678797));
#2737=CARTESIAN_POINT('Ctrl Pts',(31.748772793348,-71.2734157493877,9.35370995181948));
#2738=CARTESIAN_POINT('Ctrl Pts',(112.752999680528,-315.58889031165,122.5));
#2739=CARTESIAN_POINT('Ctrl Pts',(92.3648464207089,-240.43407504007,84.78456998394));
#2740=CARTESIAN_POINT('Ctrl Pts',(52.7213148423884,-143.308641295032,47.0691399678797));
#2741=CARTESIAN_POINT('Ctrl Pts',(35.0671893820091,-71.2734364957018,9.35370995181947));
#2742=CARTESIAN_POINT('Ctrl Pts',(127.295953019084,-308.403227852485,122.5));
#2743=CARTESIAN_POINT('Ctrl Pts',(104.906970244272,-235.7660951575,84.7845699839401));
#2744=CARTESIAN_POINT('Ctrl Pts',(59.110495959766,-140.730555805028,47.0691399678797));
#2745=CARTESIAN_POINT('Ctrl Pts',(40.0448468428591,-71.27346370543,9.35370995181947));
#2746=CARTESIAN_POINT('Ctrl Pts',(138.752539625023,-297.026463829599,122.5));
#2747=CARTESIAN_POINT('Ctrl Pts',(114.849063855444,-227.513675269084,84.7845699839399));
#2748=CARTESIAN_POINT('Ctrl Pts',(65.2820241137594,-137.937592182685,47.0691399678797));
#2749=CARTESIAN_POINT('Ctrl Pts',(45.0224590711059,-71.2735640209762,9.35370995181947));
#2750=CARTESIAN_POINT('Ctrl Pts',(143.558174873287,-287.441644604259,122.5));
#2751=CARTESIAN_POINT('Ctrl Pts',(119.047562318897,-220.315636702241,84.78456998394));
#2752=CARTESIAN_POINT('Ctrl Pts',(69.2629755392201,-135.951919826474,47.0691399678797));
#2753=CARTESIAN_POINT('Ctrl Pts',(48.3409598717894,-71.2735338131369,9.35370995181947));
#2754=CARTESIAN_POINT('Ctrl Pts',(146.604518837556,-277.665083084154,122.5));
#2755=CARTESIAN_POINT('Ctrl Pts',(121.723193027649,-212.939535800277,84.78456998394));
#2756=CARTESIAN_POINT('Ctrl Pts',(73.0604468536958,-133.978387945905,47.0691399678797));
#2757=CARTESIAN_POINT('Ctrl Pts',(51.5557060351505,-71.2740153641129,9.35370995181947));
#2758=CARTESIAN_POINT('Ctrl Pts',(147.348785510466,-272.711123850873,122.5));
#2759=CARTESIAN_POINT('Ctrl Pts',(122.392577054213,-209.170459284107,84.78456998394));
#2760=CARTESIAN_POINT('Ctrl Pts',(74.9240697958386,-132.852880901539,47.0691399678797));
#2761=CARTESIAN_POINT('Ctrl Pts',(53.1641437932448,-71.1265599532158,9.35370995181947));
#2762=CARTESIAN_POINT('Ctrl Pts',(147.291288440215,-258.576096596128,122.5));
#2763=CARTESIAN_POINT('Ctrl Pts',(122.409328257055,-198.401178018558,84.7845699839399));
#2764=CARTESIAN_POINT('Ctrl Pts',(80.1784661660862,-129.116480269407,47.0691399678797));
#2765=CARTESIAN_POINT('Ctrl Pts',(57.7599943120526,-70.2346963412755,9.35370995181947));
#2766=CARTESIAN_POINT('Ctrl Pts',(147.245994579362,-239.592639144108,122.5));
#2767=CARTESIAN_POINT('Ctrl Pts',(122.571721279729,-183.813440072025,84.7845699839399));
#2768=CARTESIAN_POINT('Ctrl Pts',(86.8529763274153,-122.950826653372,47.0691399678797));
#2769=CARTESIAN_POINT('Ctrl Pts',(63.7466875518977,-67.8934746419536,9.35370995181947));
#2770=CARTESIAN_POINT('Ctrl Pts',(147.221993189136,-210.649167450736,122.5));
#2771=CARTESIAN_POINT('Ctrl Pts',(122.90729614461,-161.325760415477,84.7845699839399));
#2772=CARTESIAN_POINT('Ctrl Pts',(94.4486885675832,-110.349068481312,47.0691399678797));
#2773=CARTESIAN_POINT('Ctrl Pts',(70.722666727486,-61.2602701814441,9.35370995181946));
#2774=CARTESIAN_POINT('Ctrl Pts',(147.214915597669,-182.645430828926,122.5));
#2775=CARTESIAN_POINT('Ctrl Pts',(123.11642944673,-139.570665104131,84.7845699839399));
#2776=CARTESIAN_POINT('Ctrl Pts',(98.4986799035637,-96.2758605958793,47.0691399678797));
#2777=CARTESIAN_POINT('Ctrl Pts',(74.4737511544139,-53.2323987341075,9.35370995181947));
#2778=CARTESIAN_POINT('Ctrl Pts',(147.213204194265,-165.543919034543,122.5));
#2779=CARTESIAN_POINT('Ctrl Pts',(123.141602773783,-126.478336092766,84.78456998394));
#2780=CARTESIAN_POINT('Ctrl Pts',(99.0700745531009,-87.4126411169493,47.0691399678797));
#2781=CARTESIAN_POINT('Ctrl Pts',(74.9989811935216,-48.3471766249794,9.35370995181947));
#2782=CARTESIAN_POINT('Ctrl Pts',(147.212171437376,-139.346966618176,122.5));
#2783=CARTESIAN_POINT('Ctrl Pts',(123.142621828467,-106.72803527765,84.7845699839399));
#2784=CARTESIAN_POINT('Ctrl Pts',(99.078857045305,-74.1090492120631,47.0691399678798));
#2785=CARTESIAN_POINT('Ctrl Pts',(75.0077636857257,-41.4901792525883,9.35370995181947));
#2786=CARTESIAN_POINT('Ctrl Pts',(146.760732563149,-102.304225604023,122.5));
#2787=CARTESIAN_POINT('Ctrl Pts',(120.687894857521,-79.4903677072404,84.7845699839399));
#2788=CARTESIAN_POINT('Ctrl Pts',(98.8465857815764,-54.4316330867887,47.0691399678796));
#2789=CARTESIAN_POINT('Ctrl Pts',(72.1731770184743,-31.936387224176,9.35370995181946));
#2790=CARTESIAN_POINT('Ctrl Pts',(146.227011665819,-66.0299336192038,122.5));
#2791=CARTESIAN_POINT('Ctrl Pts',(117.576036921206,-53.4809806899977,84.7845699839399));
#2792=CARTESIAN_POINT('Ctrl Pts',(93.9953528371976,-37.4920686855386,47.0691399678798));
#2793=CARTESIAN_POINT('Ctrl Pts',(64.6242400604431,-25.4321373583564,9.35370995181947));
#2794=CARTESIAN_POINT('Ctrl Pts',(146.155977997591,-42.0695970125291,122.5));
#2795=CARTESIAN_POINT('Ctrl Pts',(116.76546728822,-36.2713461524963,84.78456998394));
#2796=CARTESIAN_POINT('Ctrl Pts',(88.1546604572802,-28.2324041703734,47.0691399678797));
#2797=CARTESIAN_POINT('Ctrl Pts',(58.6530188854162,-22.7519600904296,9.35370995181947));
#2798=CARTESIAN_POINT('Ctrl Pts',(144.100957443487,-32.2113846391342,122.5));
#2799=CARTESIAN_POINT('Ctrl Pts',(114.792991754401,-29.1310164294003,84.78456998394));
#2800=CARTESIAN_POINT('Ctrl Pts',(85.4273356640557,-24.8293628175791,47.0691399678798));
#2801=CARTESIAN_POINT('Ctrl Pts',(56.1281469678506,-21.9225018866518,9.35370995181947));
#2802=CARTESIAN_POINT('Ctrl Pts',(137.738127303532,-20.779150329385,122.5));
#2803=CARTESIAN_POINT('Ctrl Pts',(109.398398224633,-21.0345204032508,84.7845699839401));
#2804=CARTESIAN_POINT('Ctrl Pts',(80.970478942378,-21.0813069905718,47.0691399678797));
#2805=CARTESIAN_POINT('Ctrl Pts',(52.6431293758081,-21.3660859533956,9.35370995181947));
#2806=CARTESIAN_POINT('Ctrl Pts',(133.608319800246,-15.9076522310372,122.5));
#2807=CARTESIAN_POINT('Ctrl Pts',(106.032508483169,-17.6961551180243,84.7845699839401));
#2808=CARTESIAN_POINT('Ctrl Pts',(78.4567575793769,-19.4841648845893,47.0691399678797));
#2809=CARTESIAN_POINT('Ctrl Pts',(50.8812241742934,-21.2726457815749,9.35370995181947));
#2810=CARTESIAN_POINT('Ctrl Pts',(129.061900467307,-11.4735034078067,122.5));
#2811=CARTESIAN_POINT('Ctrl Pts',(102.40364751929,-14.7400960060791,84.7845699839401));
#2812=CARTESIAN_POINT('Ctrl Pts',(75.7452972955392,-18.0061617429036,47.0691399678797));
#2813=CARTESIAN_POINT('Ctrl Pts',(49.0869639406022,-21.2727373672969,9.35370995181947));
#2814=CARTESIAN_POINT('Ctrl Pts',(123.870060733801,-7.31023287819308,122.5));
#2815=CARTESIAN_POINT('Ctrl Pts',(98.2278627985427,-11.9350999083718,84.7845699839401));
#2816=CARTESIAN_POINT('Ctrl Pts',(72.8835232544575,-16.6626538407613,47.0691399678796));
#2817=CARTESIAN_POINT('Ctrl Pts',(47.1991652640173,-21.2728095447115,9.35370995181947));
#2818=CARTESIAN_POINT('Ctrl Pts',(114.844851912211,-2.69241410282165,122.5));
#2819=CARTESIAN_POINT('Ctrl Pts',(90.918438672161,-8.88166831715853,84.7845699839399));
#2820=CARTESIAN_POINT('Ctrl Pts',(68.3169805202756,-15.0855621701665,47.0691399678798));
#2821=CARTESIAN_POINT('Ctrl Pts',(44.2023543407881,-21.2728473247807,9.35370995181947));
#2822=CARTESIAN_POINT('Ctrl Pts',(105.239939826939,-0.0288565636282349,
122.5));
#2823=CARTESIAN_POINT('Ctrl Pts',(83.1415239181668,-7.30392956963775,84.7845699839401));
#2824=CARTESIAN_POINT('Ctrl Pts',(63.5075090974983,-13.9017865300414,47.0691399678796));
#2825=CARTESIAN_POINT('Ctrl Pts',(41.0592391713487,-21.2728940069406,9.35370995181947));
#2826=CARTESIAN_POINT('Ctrl Pts',(98.9410589397674,0.446656654859791,122.5));
#2827=CARTESIAN_POINT('Ctrl Pts',(78.07816241151,-7.25318479722861,84.78456998394));
#2828=CARTESIAN_POINT('Ctrl Pts',(60.1599052981455,-13.3448403715838,47.0691399678797));
#2829=CARTESIAN_POINT('Ctrl Pts',(38.878859621263,-21.2729136712816,9.35370995181947));
#2830=CARTESIAN_POINT('Ctrl Pts',(91.9231292925441,0.359919327381894,122.5));
#2831=CARTESIAN_POINT('Ctrl Pts',(72.4784058989347,-7.68527033842844,84.78456998394));
#2832=CARTESIAN_POINT('Ctrl Pts',(56.187945752161,-12.8136042950698,47.0691399678797));
#2833=CARTESIAN_POINT('Ctrl Pts',(36.2954111921407,-21.2729381683265,9.35370995181947));
#2834=CARTESIAN_POINT('Ctrl Pts',(83.9148135321177,0.290090600843048,122.5));
#2835=CARTESIAN_POINT('Ctrl Pts',(66.110543724085,-8.03309706281732,84.78456998394));
#2836=CARTESIAN_POINT('Ctrl Pts',(51.5450836731332,-12.3861332262499,47.0691399678797));
#2837=CARTESIAN_POINT('Ctrl Pts',(33.2809518725122,-21.2729776120446,9.35370995181946));
#2838=CARTESIAN_POINT('Ctrl Pts',(51.9205928540318,0.198790151034839,122.5));
#2839=CARTESIAN_POINT('Ctrl Pts',(40.8073519680231,-8.4878744980069,84.78456998394));
#2840=CARTESIAN_POINT('Ctrl Pts',(32.3136209841184,-11.8271432931411,47.0691399678796));
#2841=CARTESIAN_POINT('Ctrl Pts',(20.8284695406016,-21.2730430119473,9.35370995181947));
#2842=CARTESIAN_POINT('Ctrl Pts',(24.0107471349329,0.553225419735544,122.5));
#2843=CARTESIAN_POINT('Ctrl Pts',(19.0360346565032,-6.72225137008899,84.7845699839399));
#2844=CARTESIAN_POINT('Ctrl Pts',(14.06132507083,-13.9976450214175,47.0691399678797));
#2845=CARTESIAN_POINT('Ctrl Pts',(9.0866091792879,-21.2731161264157,9.35370995181947));
#2846=CARTESIAN_POINT('Ctrl Pts',(-24.0107481346505,0.55322736940074,122.5));
#2847=CARTESIAN_POINT('Ctrl Pts',(-19.0360328949145,-6.72223878909175,84.78456998394));
#2848=CARTESIAN_POINT('Ctrl Pts',(-14.0613250875716,-13.9976421334296,47.0691399678797));
#2849=CARTESIAN_POINT('Ctrl Pts',(-9.08660919602946,-21.2731132384278,9.35370995181947));
#2850=CARTESIAN_POINT('Ctrl Pts',(-51.9205771358605,0.198781302633068,122.5));
#2851=CARTESIAN_POINT('Ctrl Pts',(-40.8073500574274,-8.48790029533491,84.78456998394));
#2852=CARTESIAN_POINT('Ctrl Pts',(-32.3136139633789,-11.8271615787846,47.0691399678797));
#2853=CARTESIAN_POINT('Ctrl Pts',(-20.828462519862,-21.2730612975908,9.35370995181946));
#2854=CARTESIAN_POINT('Ctrl Pts',(-81.9151747314149,0.284384241702012,122.5));
#2855=CARTESIAN_POINT('Ctrl Pts',(-64.5290823387674,-8.06150939864069,84.78456998394));
#2856=CARTESIAN_POINT('Ctrl Pts',(-50.343116282116,-12.3511996595305,47.0691399678797));
#2857=CARTESIAN_POINT('Ctrl Pts',(-32.502670753814,-21.2729850036384,9.35370995181947));
#2858=CARTESIAN_POINT('Ctrl Pts',(-89.9210312465446,0.342451775554115,122.5));
#2859=CARTESIAN_POINT('Ctrl Pts',(-70.8864520992843,-7.7722640893389,84.78456998394));
#2860=CARTESIAN_POINT('Ctrl Pts',(-55.0272204710052,-12.7067611414241,47.0691399678797));
#2861=CARTESIAN_POINT('Ctrl Pts',(-35.5417866008346,-21.2729726428152,9.35370995181947));
#2862=CARTESIAN_POINT('Ctrl Pts',(-93.9267531622645,0.384681120457274,122.5));
#2863=CARTESIAN_POINT('Ctrl Pts',(-74.0771150956234,-7.56188987821605,84.78456998394));
#2864=CARTESIAN_POINT('Ctrl Pts',(-57.3219328782755,-12.965302119704,47.0691399678797));
#2865=CARTESIAN_POINT('Ctrl Pts',(-37.0329768053693,-21.2729604912313,9.35370995181947));
#2866=CARTESIAN_POINT('Ctrl Pts',(-98.9410551952933,0.446654480083962,122.5));
#2867=CARTESIAN_POINT('Ctrl Pts',(-78.0781803741907,-7.25320556383307,84.7845699839399));
#2868=CARTESIAN_POINT('Ctrl Pts',(-60.159892834705,-13.3448711113434,47.0691399678797));
#2869=CARTESIAN_POINT('Ctrl Pts',(-38.8788471578225,-21.2729444110413,9.35370995181947));
#2870=CARTESIAN_POINT('Ctrl Pts',(-105.23993718743,-0.0288581050248389,
122.5));
#2871=CARTESIAN_POINT('Ctrl Pts',(-83.1415087620556,-7.30392040082584,84.78456998394));
#2872=CARTESIAN_POINT('Ctrl Pts',(-63.5074997997312,-13.9018094749432,47.0691399678797));
#2873=CARTESIAN_POINT('Ctrl Pts',(-41.0592298735816,-21.2729169518424,9.35370995181947));
#2874=CARTESIAN_POINT('Ctrl Pts',(-114.844849377593,-2.69241557756234,122.5));
#2875=CARTESIAN_POINT('Ctrl Pts',(-90.9184435173063,-8.88167610473105,84.7845699839399));
#2876=CARTESIAN_POINT('Ctrl Pts',(-68.3169719221907,-15.0855833805189,47.0691399678797));
#2877=CARTESIAN_POINT('Ctrl Pts',(-44.2023457427032,-21.2728685351331,9.35370995181946));
#2878=CARTESIAN_POINT('Ctrl Pts',(-123.870058722571,-7.31023405026104,122.5));
#2879=CARTESIAN_POINT('Ctrl Pts',(-98.2278559436555,-11.9350969372437,84.78456998394));
#2880=CARTESIAN_POINT('Ctrl Pts',(-72.8835163184544,-16.662670953786,47.0691399678797));
#2881=CARTESIAN_POINT('Ctrl Pts',(-47.1991583280143,-21.2728266577362,9.35370995181946));
#2882=CARTESIAN_POINT('Ctrl Pts',(-129.06189867352,-11.4735044521944,122.5));
#2883=CARTESIAN_POINT('Ctrl Pts',(-102.403647659974,-14.7400987051414,84.7845699839399));
#2884=CARTESIAN_POINT('Ctrl Pts',(-75.7452911682746,-18.0061768591128,47.0691399678797));
#2885=CARTESIAN_POINT('Ctrl Pts',(-49.0869578133376,-21.2727524835062,9.35370995181946));
#2886=CARTESIAN_POINT('Ctrl Pts',(-133.608318231051,-15.9076531447624,122.5));
#2887=CARTESIAN_POINT('Ctrl Pts',(-106.032505984958,-17.696155237106,84.78456998394));
#2888=CARTESIAN_POINT('Ctrl Pts',(-78.456752213132,-19.4841781234836,47.0691399678797));
#2889=CARTESIAN_POINT('Ctrl Pts',(-50.8812188080485,-21.2726590204692,9.35370995181947));
#2890=CARTESIAN_POINT('Ctrl Pts',(-137.738126003385,-20.7791510864177,122.5));
#2891=CARTESIAN_POINT('Ctrl Pts',(-109.398397311516,-21.0345214913329,84.7845699839399));
#2892=CARTESIAN_POINT('Ctrl Pts',(-80.9704744979381,-21.0813179552674,47.0691399678797));
#2893=CARTESIAN_POINT('Ctrl Pts',(-52.6431249313682,-21.3660969180912,9.35370995181947));
#2894=CARTESIAN_POINT('Ctrl Pts',(-144.100956310251,-32.2113852989992,122.5));
#2895=CARTESIAN_POINT('Ctrl Pts',(-114.792990384551,-29.1310168868762,84.78456998394));
#2896=CARTESIAN_POINT('Ctrl Pts',(-85.4273317890675,-24.8293723774313,47.0691399678798));
#2897=CARTESIAN_POINT('Ctrl Pts',(-56.1281430928624,-21.9225114465039,9.35370995181947));
#2898=CARTESIAN_POINT('Ctrl Pts',(-146.155976935339,-42.0695976310511,122.5));
#2899=CARTESIAN_POINT('Ctrl Pts',(-116.765466296553,-36.2713468313938,84.7845699839399));
#2900=CARTESIAN_POINT('Ctrl Pts',(-88.1546568256099,-28.2324131299298,47.0691399678797));
#2901=CARTESIAN_POINT('Ctrl Pts',(-58.6530152537459,-22.751969049986,9.35370995181947));
#2902=CARTESIAN_POINT('Ctrl Pts',(-146.227011058352,-66.0299339729195,122.5));
#2903=CARTESIAN_POINT('Ctrl Pts',(-117.576036268314,-53.4809810048586,84.7845699839399));
#2904=CARTESIAN_POINT('Ctrl Pts',(-93.9953507601655,-37.4920738097107,47.0691399678797));
#2905=CARTESIAN_POINT('Ctrl Pts',(-64.624237983411,-25.4321424825284,9.35370995181946));
#2906=CARTESIAN_POINT('Ctrl Pts',(-146.760732404139,-102.304225696609,122.5));
#2907=CARTESIAN_POINT('Ctrl Pts',(-120.687894741885,-79.4903678369261,84.7845699839399));
#2908=CARTESIAN_POINT('Ctrl Pts',(-98.8465852379861,-54.431634427859,47.0691399678797));
#2909=CARTESIAN_POINT('Ctrl Pts',(-72.1731764748839,-31.9363885652464,9.35370995181946));
#2910=CARTESIAN_POINT('Ctrl Pts',(-147.212171251817,-139.346966726223,122.5));
#2911=CARTESIAN_POINT('Ctrl Pts',(-123.142621623457,-106.728035369058,84.7845699839399));
#2912=CARTESIAN_POINT('Ctrl Pts',(-99.0788564108569,-74.1090507772871,47.0691399678797));
#2913=CARTESIAN_POINT('Ctrl Pts',(-75.0077630512776,-41.4901808178122,9.35370995181946));
#2914=CARTESIAN_POINT('Ctrl Pts',(-147.213204111229,-165.543919082893,122.5));
#2915=CARTESIAN_POINT('Ctrl Pts',(-123.141602698677,-126.4783361479,84.7845699839398));
#2916=CARTESIAN_POINT('Ctrl Pts',(-99.0700742691966,-87.4126418173591,47.0691399678797));
#2917=CARTESIAN_POINT('Ctrl Pts',(-74.9989809096173,-48.3471773253891,9.35370995181946));
#2918=CARTESIAN_POINT('Ctrl Pts',(-147.214915556531,-182.645430852879,122.5));
#2919=CARTESIAN_POINT('Ctrl Pts',(-123.116429401235,-139.570665124359,84.7845699839398));
#2920=CARTESIAN_POINT('Ctrl Pts',(-98.4986797629077,-96.2758609428863,47.0691399678796));
#2921=CARTESIAN_POINT('Ctrl Pts',(-74.473751013758,-53.2323990811145,9.35370995181946));
#2922=CARTESIAN_POINT('Ctrl Pts',(-147.221993157558,-210.649167469123,122.5));
#2923=CARTESIAN_POINT('Ctrl Pts',(-122.907296115255,-161.325760435765,84.7845699839398));
#2924=CARTESIAN_POINT('Ctrl Pts',(-94.4486884596174,-110.34906874767,47.0691399678798));
#2925=CARTESIAN_POINT('Ctrl Pts',(-70.7226666195201,-61.2602704478027,9.35370995181946));
#2926=CARTESIAN_POINT('Ctrl Pts',(-147.245994562817,-239.592639153741,122.5));
#2927=CARTESIAN_POINT('Ctrl Pts',(-122.571721261619,-183.813440080318,84.7845699839397));
#2928=CARTESIAN_POINT('Ctrl Pts',(-86.8529762708503,-122.950826792922,47.0691399678796));
#2929=CARTESIAN_POINT('Ctrl Pts',(-63.7466874953327,-67.8934747815027,9.35370995181945));
#2930=CARTESIAN_POINT('Ctrl Pts',(-147.291288427731,-258.576096603396,122.5));
#2931=CARTESIAN_POINT('Ctrl Pts',(-122.409328245292,-198.401178026442,84.7845699839397));
#2932=CARTESIAN_POINT('Ctrl Pts',(-80.1784661234049,-129.116480374704,47.0691399678798));
#2933=CARTESIAN_POINT('Ctrl Pts',(-57.7599942693712,-70.2346964465725,9.35370995181945));
#2934=CARTESIAN_POINT('Ctrl Pts',(-147.348785500569,-272.711123856635,122.5));
#2935=CARTESIAN_POINT('Ctrl Pts',(-122.392577043979,-209.17045928958,84.7845699839397));
#2936=CARTESIAN_POINT('Ctrl Pts',(-74.9240697620014,-132.852880985017,47.0691399678797));
#2937=CARTESIAN_POINT('Ctrl Pts',(-53.1641437594076,-71.1265600366938,9.35370995181945));
#2938=CARTESIAN_POINT('Ctrl Pts',(-146.604518827962,-277.66508308974,122.5));
#2939=CARTESIAN_POINT('Ctrl Pts',(-121.723193018214,-212.939535805999,84.7845699839397));
#2940=CARTESIAN_POINT('Ctrl Pts',(-73.0604468208923,-133.978388026833,47.0691399678797));
#2941=CARTESIAN_POINT('Ctrl Pts',(-51.555706002347,-71.2740154450407,9.35370995181945));
#2942=CARTESIAN_POINT('Ctrl Pts',(-143.558174864739,-287.441644609236,122.5));
#2943=CARTESIAN_POINT('Ctrl Pts',(-119.047562310259,-220.31563670714,84.7845699839397));
#2944=CARTESIAN_POINT('Ctrl Pts',(-69.262975509995,-135.951919898574,47.0691399678797));
#2945=CARTESIAN_POINT('Ctrl Pts',(-48.3409598425644,-71.2735338852366,9.35370995181945));
#2946=CARTESIAN_POINT('Ctrl Pts',(-138.752539618611,-297.026463833332,122.5));
#2947=CARTESIAN_POINT('Ctrl Pts',(-114.849063849083,-227.513675272861,84.7845699839397));
#2948=CARTESIAN_POINT('Ctrl Pts',(-65.2820240918367,-137.93759223677,47.0691399678797));
#2949=CARTESIAN_POINT('Ctrl Pts',(-45.0224590491831,-71.2735640750607,9.35370995181945));
#2950=CARTESIAN_POINT('Ctrl Pts',(-127.295953013208,-308.403227855906,122.5));
#2951=CARTESIAN_POINT('Ctrl Pts',(-104.906970238367,-235.766095160896,84.7845699839398));
#2952=CARTESIAN_POINT('Ctrl Pts',(-59.1104959396758,-140.730555854592,47.0691399678797));
#2953=CARTESIAN_POINT('Ctrl Pts',(-40.0448468227689,-71.2734637549933,9.35370995181945));
#2954=CARTESIAN_POINT('Ctrl Pts',(-112.752999675792,-315.588890314408,122.5));
#2955=CARTESIAN_POINT('Ctrl Pts',(-92.3648464159904,-240.434075042841,84.7845699839397));
#2956=CARTESIAN_POINT('Ctrl Pts',(-52.7213148261963,-143.308641334979,47.0691399678797));
#2957=CARTESIAN_POINT('Ctrl Pts',(-35.067189365817,-71.2734365356482,9.35370995181945));
#2958=CARTESIAN_POINT('Ctrl Pts',(-101.990553865566,-317.084686199984,122.5));
#2959=CARTESIAN_POINT('Ctrl Pts',(-83.1591482054684,-240.72486682486,84.7845699839398));
#2960=CARTESIAN_POINT('Ctrl Pts',(-48.3052321516617,-144.864360259575,47.0691399678797));
#2961=CARTESIAN_POINT('Ctrl Pts',(-31.7487727776213,-71.2734157881859,9.35370995181945));
#2962=CARTESIAN_POINT('Ctrl Pts',(-64.1248029434218,-316.242164164531,122.5));
#2963=CARTESIAN_POINT('Ctrl Pts',(-50.96987069587,-236.528632584879,84.7845699839398));
#2964=CARTESIAN_POINT('Ctrl Pts',(-32.4533736597889,-150.022542872602,47.0691399678797));
#2965=CARTESIAN_POINT('Ctrl Pts',(-20.059702745263,-71.2733331124614,9.35370995181946));
#2966=CARTESIAN_POINT('Ctrl Pts',(-31.8846664299834,-315.791867708613,122.5));
#2967=CARTESIAN_POINT('Ctrl Pts',(-24.5997265026314,-234.28559039567,84.78456998394));
#2968=CARTESIAN_POINT('Ctrl Pts',(-17.3147743740166,-152.779419941453,47.0691399678797));
#2969=CARTESIAN_POINT('Ctrl Pts',(-10.0298283460331,-71.2731960578734,9.35370995181946));
#2970=CARTESIAN_POINT('Ctrl Pts',(1.5858896639523E-13,-315.791867708613,
122.5));
#2971=CARTESIAN_POINT('Ctrl Pts',(1.45962740638927E-13,-234.285643825033,
84.7845699839399));
#2972=CARTESIAN_POINT('Ctrl Pts',(4.44089209850063E-14,-152.779419941453,
47.0691399678797));
#2973=CARTESIAN_POINT('Ctrl Pts',(4.44089209850063E-14,-71.2731960578734,
9.35370995181946));
#2974=CARTESIAN_POINT('',(44.29,-71.2731960578413,9.35370995180141));
#2975=CARTESIAN_POINT('',(44.29,-178.591231239288,59.2780789125241));
#2976=CARTESIAN_POINT('Ctrl Pts',(44.29,-71.2731960578413,9.35370995180141));
#2977=CARTESIAN_POINT('Ctrl Pts',(44.29,-72.2467064386012,9.90126019788394));
#2978=CARTESIAN_POINT('Ctrl Pts',(44.29,-73.2224641612297,10.4432414663142));
#2979=CARTESIAN_POINT('Ctrl Pts',(44.29,-89.5074064886906,19.3790752625987));
#2980=CARTESIAN_POINT('Ctrl Pts',(44.29,-105.414152258736,26.5041502996589));
#2981=CARTESIAN_POINT('Ctrl Pts',(44.29,-134.092688100464,39.3625821634386));
#2982=CARTESIAN_POINT('Ctrl Pts',(44.2899999996346,-143.210397772727,43.4386070285541));
#2983=CARTESIAN_POINT('Ctrl Pts',(44.2899999996346,-162.064388395664,51.8637899195967));
#2984=CARTESIAN_POINT('Ctrl Pts',(44.29,-169.772003408326,55.3137801288602));
#2985=CARTESIAN_POINT('Ctrl Pts',(44.29,-178.591231239288,59.2780789125241));
#2986=CARTESIAN_POINT('',(50.,-71.2731960578734,9.35370995181947));
#2987=CARTESIAN_POINT('Ctrl Pts',(44.2901045859413,-71.2735342431807,9.35370995181947));
#2988=CARTESIAN_POINT('Ctrl Pts',(44.53423003215,-71.2735365267196,9.35370995181947));
#2989=CARTESIAN_POINT('Ctrl Pts',(46.4375797122946,-71.2735511393349,9.35370995181947));
#2990=CARTESIAN_POINT('Ctrl Pts',(48.3409598717894,-71.2735338131369,9.35370995181947));
#2991=CARTESIAN_POINT('Ctrl Pts',(50.0001022506962,-71.2737823433757,9.35370995181947));
#2992=CARTESIAN_POINT('',(50.,-21.2731960578734,9.35370995181947));
#2993=CARTESIAN_POINT('Ctrl Pts',(50.0001022506962,-71.2737823433757,9.35370995181947));
#2994=CARTESIAN_POINT('Ctrl Pts',(51.5557060351505,-71.2740153641129,9.35370995181947));
#2995=CARTESIAN_POINT('Ctrl Pts',(53.1641437932448,-71.1265599532158,9.35370995181947));
#2996=CARTESIAN_POINT('Ctrl Pts',(57.7599943120526,-70.2346963412755,9.35370995181947));
#2997=CARTESIAN_POINT('Ctrl Pts',(63.7466875518977,-67.8934746419536,9.35370995181947));
#2998=CARTESIAN_POINT('Ctrl Pts',(70.722666727486,-61.2602701814441,9.35370995181946));
#2999=CARTESIAN_POINT('Ctrl Pts',(74.4737511544139,-53.2323987341075,9.35370995181947));
#3000=CARTESIAN_POINT('Ctrl Pts',(74.9989811935216,-48.3471766249794,9.35370995181947));
#3001=CARTESIAN_POINT('Ctrl Pts',(75.0077636857257,-41.4901792525883,9.35370995181947));
#3002=CARTESIAN_POINT('Ctrl Pts',(72.1731770184743,-31.936387224176,9.35370995181946));
#3003=CARTESIAN_POINT('Ctrl Pts',(64.6242400604431,-25.4321373583564,9.35370995181947));
#3004=CARTESIAN_POINT('Ctrl Pts',(58.6530188854162,-22.7519600904296,9.35370995181947));
#3005=CARTESIAN_POINT('Ctrl Pts',(56.1281469678506,-21.9225018866518,9.35370995181947));
#3006=CARTESIAN_POINT('Ctrl Pts',(52.6431293758081,-21.3660859533956,9.35370995181947));
#3007=CARTESIAN_POINT('Ctrl Pts',(50.8812241742934,-21.2726457815749,9.35370995181947));
#3008=CARTESIAN_POINT('Ctrl Pts',(50.0002045966862,-21.272690752094,9.35370995181947));
#3009=CARTESIAN_POINT('',(-50.,-21.2731960578734,9.35370995181947));
#3010=CARTESIAN_POINT('Ctrl Pts',(50.0002045966862,-21.272690752094,9.35370995181947));
#3011=CARTESIAN_POINT('Ctrl Pts',(49.0869639406022,-21.2727373672969,9.35370995181947));
#3012=CARTESIAN_POINT('Ctrl Pts',(47.1991652640173,-21.2728095447115,9.35370995181947));
#3013=CARTESIAN_POINT('Ctrl Pts',(44.2023543407881,-21.2728473247807,9.35370995181947));
#3014=CARTESIAN_POINT('Ctrl Pts',(41.0592391713487,-21.2728940069406,9.35370995181947));
#3015=CARTESIAN_POINT('Ctrl Pts',(38.878859621263,-21.2729136712816,9.35370995181947));
#3016=CARTESIAN_POINT('Ctrl Pts',(36.2954111921407,-21.2729381683265,9.35370995181947));
#3017=CARTESIAN_POINT('Ctrl Pts',(33.2809518725122,-21.2729776120446,9.35370995181946));
#3018=CARTESIAN_POINT('Ctrl Pts',(20.8284695406016,-21.2730430119473,9.35370995181947));
#3019=CARTESIAN_POINT('Ctrl Pts',(9.0866091792879,-21.2731161264157,9.35370995181947));
#3020=CARTESIAN_POINT('Ctrl Pts',(-9.08660919602946,-21.2731132384278,9.35370995181947));
#3021=CARTESIAN_POINT('Ctrl Pts',(-20.828462519862,-21.2730612975908,9.35370995181946));
#3022=CARTESIAN_POINT('Ctrl Pts',(-32.502670753814,-21.2729850036384,9.35370995181947));
#3023=CARTESIAN_POINT('Ctrl Pts',(-35.5417866008346,-21.2729726428152,9.35370995181947));
#3024=CARTESIAN_POINT('Ctrl Pts',(-37.0329768053693,-21.2729604912313,9.35370995181947));
#3025=CARTESIAN_POINT('Ctrl Pts',(-38.8788471578225,-21.2729444110413,9.35370995181947));
#3026=CARTESIAN_POINT('Ctrl Pts',(-41.0592298735816,-21.2729169518424,9.35370995181947));
#3027=CARTESIAN_POINT('Ctrl Pts',(-44.2023457427032,-21.2728685351331,9.35370995181946));
#3028=CARTESIAN_POINT('Ctrl Pts',(-47.1991583280143,-21.2728266577362,9.35370995181946));
#3029=CARTESIAN_POINT('Ctrl Pts',(-49.0869578133376,-21.2727524835062,9.35370995181946));
#3030=CARTESIAN_POINT('Ctrl Pts',(-50.0001988567646,-21.2727049127895,9.35370995181946));
#3031=CARTESIAN_POINT('',(-50.,-71.2731960578734,9.35370995181947));
#3032=CARTESIAN_POINT('Ctrl Pts',(-50.0001988567646,-21.2727049127895,9.35370995181946));
#3033=CARTESIAN_POINT('Ctrl Pts',(-50.8812188080485,-21.2726590204692,9.35370995181947));
#3034=CARTESIAN_POINT('Ctrl Pts',(-52.6431249313682,-21.3660969180912,9.35370995181947));
#3035=CARTESIAN_POINT('Ctrl Pts',(-56.1281430928624,-21.9225114465039,9.35370995181947));
#3036=CARTESIAN_POINT('Ctrl Pts',(-58.6530152537459,-22.751969049986,9.35370995181947));
#3037=CARTESIAN_POINT('Ctrl Pts',(-64.624237983411,-25.4321424825284,9.35370995181946));
#3038=CARTESIAN_POINT('Ctrl Pts',(-72.1731764748839,-31.9363885652464,9.35370995181946));
#3039=CARTESIAN_POINT('Ctrl Pts',(-75.0077630512776,-41.4901808178122,9.35370995181946));
#3040=CARTESIAN_POINT('Ctrl Pts',(-74.9989809096173,-48.3471773253891,9.35370995181946));
#3041=CARTESIAN_POINT('Ctrl Pts',(-74.473751013758,-53.2323990811145,9.35370995181946));
#3042=CARTESIAN_POINT('Ctrl Pts',(-70.7226666195201,-61.2602704478027,9.35370995181946));
#3043=CARTESIAN_POINT('Ctrl Pts',(-63.7466874953327,-67.8934747815027,9.35370995181945));
#3044=CARTESIAN_POINT('Ctrl Pts',(-57.7599942693712,-70.2346964465725,9.35370995181945));
#3045=CARTESIAN_POINT('Ctrl Pts',(-53.1641437594076,-71.1265600366938,9.35370995181945));
#3046=CARTESIAN_POINT('Ctrl Pts',(-51.555706002347,-71.2740154450407,9.35370995181945));
#3047=CARTESIAN_POINT('Ctrl Pts',(-50.0001022196243,-71.2737824200317,9.35370995181945));
#3048=CARTESIAN_POINT('',(-44.29,-71.2731960578413,9.35370995180141));
#3049=CARTESIAN_POINT('Ctrl Pts',(-50.0001022196243,-71.2737824200317,9.35370995181945));
#3050=CARTESIAN_POINT('Ctrl Pts',(-48.3409598425644,-71.2735338852366,9.35370995181945));
#3051=CARTESIAN_POINT('Ctrl Pts',(-46.4375796872579,-71.2735512011017,9.35370995181945));
#3052=CARTESIAN_POINT('Ctrl Pts',(-44.5342300093013,-71.2735365830885,9.35370995181945));
#3053=CARTESIAN_POINT('Ctrl Pts',(-44.2901045633463,-71.2735342989239,9.35370995181945));
#3054=CARTESIAN_POINT('',(-44.29,-178.591231239288,59.2780789125241));
#3055=CARTESIAN_POINT('Ctrl Pts',(-44.29,-71.2731960578413,9.35370995180141));
#3056=CARTESIAN_POINT('Ctrl Pts',(-44.29,-72.2467064386012,9.90126019788394));
#3057=CARTESIAN_POINT('Ctrl Pts',(-44.29,-73.2224641612297,10.4432414663142));
#3058=CARTESIAN_POINT('Ctrl Pts',(-44.29,-89.5074064886906,19.3790752625987));
#3059=CARTESIAN_POINT('Ctrl Pts',(-44.29,-105.414152258736,26.5041502996589));
#3060=CARTESIAN_POINT('Ctrl Pts',(-44.29,-134.092688100464,39.3625821634386));
#3061=CARTESIAN_POINT('Ctrl Pts',(-44.2899999996346,-143.210397772727,43.4386070285541));
#3062=CARTESIAN_POINT('Ctrl Pts',(-44.2899999996346,-162.064388395664,51.8637899195967));
#3063=CARTESIAN_POINT('Ctrl Pts',(-44.29,-169.772003408326,55.3137801288602));
#3064=CARTESIAN_POINT('Ctrl Pts',(-44.29,-178.591231239288,59.2780789125241));
#3065=CARTESIAN_POINT('',(-10.49,-179.129657011753,59.2780789125241));
#3066=CARTESIAN_POINT('Ctrl Pts',(-44.290025225917,-178.59135992109,59.278078912524));
#3067=CARTESIAN_POINT('Ctrl Pts',(-33.1050657064126,-178.867229087732,59.278078912524));
#3068=CARTESIAN_POINT('Ctrl Pts',(-21.8439480277426,-179.056115325817,59.278078912524));
#3069=CARTESIAN_POINT('Ctrl Pts',(-10.4900050139333,-179.129662078737,59.278078912524));
#3070=CARTESIAN_POINT('',(-10.49,-71.2731960578413,9.35370995180444));
#3071=CARTESIAN_POINT('Ctrl Pts',(-10.49,-179.129657011753,59.278078912524));
#3072=CARTESIAN_POINT('Ctrl Pts',(-10.49,-157.450143738501,49.2638297448606));
#3073=CARTESIAN_POINT('Ctrl Pts',(-10.4900000085218,-140.389897780075,41.3893024369437));
#3074=CARTESIAN_POINT('Ctrl Pts',(-10.4900000085218,-116.966155646546,30.5678761736054));
#3075=CARTESIAN_POINT('Ctrl Pts',(-10.4900000001008,-106.874666050494,25.9034635786611));
#3076=CARTESIAN_POINT('Ctrl Pts',(-10.4900000001008,-89.539975311889,17.8707376506069));
#3077=CARTESIAN_POINT('Ctrl Pts',(-10.49,-80.0084085145977,13.4438941569963));
#3078=CARTESIAN_POINT('Ctrl Pts',(-10.49,-71.2731960578413,9.35370995180443));
#3079=CARTESIAN_POINT('',(0.,-71.2731960578734,9.35370995181946));
#3080=CARTESIAN_POINT('Ctrl Pts',(-10.4900140565496,-71.2732374222367,9.35370995181946));
#3081=CARTESIAN_POINT('Ctrl Pts',(-6.99333893066762,-71.2732127155737,9.35370995181946));
#3082=CARTESIAN_POINT('Ctrl Pts',(-3.49666666666663,-71.2731960578734,9.35370995181946));
#3083=CARTESIAN_POINT('Ctrl Pts',(4.44089209850063E-14,-71.2731960578734,
9.35370995181946));
#3084=CARTESIAN_POINT('',(0.,-315.791867708613,122.5));
#3085=CARTESIAN_POINT('',(0.,-332.,130.));
#3086=CARTESIAN_POINT('Ctrl Pts',(1.77635683940025E-13,-315.791867708613,
122.5));
#3087=CARTESIAN_POINT('Ctrl Pts',(-31.8846664299833,-315.791867708613,122.5));
#3088=CARTESIAN_POINT('Ctrl Pts',(-64.1248029434217,-316.242164164531,122.5));
#3089=CARTESIAN_POINT('Ctrl Pts',(-96.6156703989688,-316.965093754348,122.5));
#3090=CARTESIAN_POINT('Ctrl Pts',(-101.990553865566,-317.084686199983,122.5));
#3091=CARTESIAN_POINT('Ctrl Pts',(-107.371776770679,-316.336788257195,122.5));
#3092=CARTESIAN_POINT('Ctrl Pts',(-112.486213779471,-314.765228876051,122.5));
#3093=CARTESIAN_POINT('Ctrl Pts',(-117.600650788264,-313.193669494907,122.5));
#3094=CARTESIAN_POINT('Ctrl Pts',(-122.448301900736,-310.798448675407,122.5));
#3095=CARTESIAN_POINT('Ctrl Pts',(-126.781558557872,-307.704710928561,122.5));
#3096=CARTESIAN_POINT('Ctrl Pts',(-131.114815215009,-304.610973181715,122.5));
#3097=CARTESIAN_POINT('Ctrl Pts',(-134.93367741681,-300.818718507523,122.5));
#3098=CARTESIAN_POINT('Ctrl Pts',(-138.044517329243,-296.526386364403,122.5));
#3099=CARTESIAN_POINT('Ctrl Pts',(-141.155357241675,-292.234054221284,122.5));
#3100=CARTESIAN_POINT('Ctrl Pts',(-143.558174864739,-287.441644609235,122.5));
#3101=CARTESIAN_POINT('Ctrl Pts',(-145.13040424562,-282.395925067875,122.5));
#3102=CARTESIAN_POINT('Ctrl Pts',(-146.604518827962,-277.66508308974,122.5));
#3103=CARTESIAN_POINT('Ctrl Pts',(-147.348785500569,-272.711123856635,122.5));
#3104=CARTESIAN_POINT('Ctrl Pts',(-147.32863650262,-267.757712820426,122.5));
#3105=CARTESIAN_POINT('Ctrl Pts',(-147.291288427731,-258.576096603396,122.5));
#3106=CARTESIAN_POINT('Ctrl Pts',(-147.268641495274,-249.084367878568,122.5));
#3107=CARTESIAN_POINT('Ctrl Pts',(-147.253317794836,-239.514591568718,122.5));
#3108=CARTESIAN_POINT('Ctrl Pts',(-147.237994094398,-229.944815258868,122.5));
#3109=CARTESIAN_POINT('Ctrl Pts',(-147.229993625978,-220.296991363995,122.5));
#3110=CARTESIAN_POINT('Ctrl Pts',(-147.224813791597,-210.805789980518,122.5));
#3111=CARTESIAN_POINT('Ctrl Pts',(-147.219633957216,-201.314588597041,122.5));
#3112=CARTESIAN_POINT('Ctrl Pts',(-147.217274756873,-191.98000972496,122.5));
#3113=CARTESIAN_POINT('Ctrl Pts',(-147.215667295376,-183.037342346423,122.5));
#3114=CARTESIAN_POINT('Ctrl Pts',(-147.21405983388,-174.094674967886,122.5));
#3115=CARTESIAN_POINT('Ctrl Pts',(-147.213204111228,-165.543919082893,122.5));
#3116=CARTESIAN_POINT('Ctrl Pts',(-147.212891672337,-157.619368398081,122.5));
#3117=CARTESIAN_POINT('Ctrl Pts',(-147.212171251817,-139.346966726222,122.5));
#3118=CARTESIAN_POINT('Ctrl Pts',(-146.986451827978,-120.825596211416,122.5));
#3119=CARTESIAN_POINT('Ctrl Pts',(-146.740161779612,-102.49633802309,122.5));
#3120=CARTESIAN_POINT('Ctrl Pts',(-146.493871731245,-84.1670798347642,122.5));
#3121=CARTESIAN_POINT('Ctrl Pts',(-146.227011058351,-66.0299339729194,122.5));
#3122=CARTESIAN_POINT('Ctrl Pts',(-146.175100318961,-48.5200567081281,122.5));
#3123=CARTESIAN_POINT('Ctrl Pts',(-146.155976935339,-42.0695976310511,122.5));
#3124=CARTESIAN_POINT('Ctrl Pts',(-144.78596318528,-35.4974560763498,122.5));
#3125=CARTESIAN_POINT('Ctrl Pts',(-142.208348499639,-29.4959974872555,122.5));
#3126=CARTESIAN_POINT('Ctrl Pts',(-140.919541156818,-26.4952681927084,122.5));
#3127=CARTESIAN_POINT('Ctrl Pts',(-139.328833580102,-23.637209639563,122.5));
#3128=CARTESIAN_POINT('Ctrl Pts',(-137.50102784866,-20.9903058775765,122.5));
#3129=CARTESIAN_POINT('Ctrl Pts',(-135.673222117218,-18.34340211559,122.5));
#3130=CARTESIAN_POINT('Ctrl Pts',(-133.608318231051,-15.9076531447625,122.5));
#3131=CARTESIAN_POINT('Ctrl Pts',(-131.375930440814,-13.7303927146314,122.5));
#3132=CARTESIAN_POINT('Ctrl Pts',(-129.06189867352,-11.4735044521945,122.5));
#3133=CARTESIAN_POINT('Ctrl Pts',(-126.465978698046,-9.39186925122777,122.5));
#3134=CARTESIAN_POINT('Ctrl Pts',(-123.663817152812,-7.58141523862795,122.5));
#3135=CARTESIAN_POINT('Ctrl Pts',(-120.861655607578,-5.77096122602818,122.5));
#3136=CARTESIAN_POINT('Ctrl Pts',(-117.853252492586,-4.23168840179529,122.5));
#3137=CARTESIAN_POINT('Ctrl Pts',(-114.748232236729,-3.01812574425594,122.5));
#3138=CARTESIAN_POINT('Ctrl Pts',(-111.643211980872,-1.80456308671656,122.5));
#3139=CARTESIAN_POINT('Ctrl Pts',(-108.441574584151,-0.916710595870727,
122.5));
#3140=CARTESIAN_POINT('Ctrl Pts',(-105.266035387756,-0.353906204170601,
122.5));
#3141=CARTESIAN_POINT('Ctrl Pts',(-102.090496191362,0.208898187529528,122.5));
#3142=CARTESIAN_POINT('Ctrl Pts',(-98.9410551952932,0.446654480083934,122.5));
#3143=CARTESIAN_POINT('Ctrl Pts',(-95.9303798407753,0.40944458222861,122.5));
#3144=CARTESIAN_POINT('Ctrl Pts',(-93.9267531622645,0.384681120457245,122.5));
#3145=CARTESIAN_POINT('Ctrl Pts',(-91.9238922044046,0.363566448005666,122.5));
#3146=CARTESIAN_POINT('Ctrl Pts',(-89.9217296610834,0.345750670048363,122.5));
#3147=CARTESIAN_POINT('Ctrl Pts',(-87.9195671177622,0.32793489209106,122.5));
#3148=CARTESIAN_POINT('Ctrl Pts',(-85.9181029889797,0.313418008628034,122.5));
#3149=CARTESIAN_POINT('Ctrl Pts',(-83.9172469565568,0.301837798784484,122.5));
#3150=CARTESIAN_POINT('Ctrl Pts',(-79.9155348917112,0.278677379097386,122.5));
#3151=CARTESIAN_POINT('Ctrl Pts',(-75.916255212304,0.267263653888193,122.5));
#3152=CARTESIAN_POINT('Ctrl Pts',(-71.9187128544201,0.264714054051082,122.5));
#3153=CARTESIAN_POINT('Ctrl Pts',(-47.9334587071163,0.249416455028418,122.5));
#3154=CARTESIAN_POINT('Ctrl Pts',(-24.0107481346504,0.553227369400714,122.5));
#3155=CARTESIAN_POINT('Ctrl Pts',(-4.99858776592527E-7,0.553226394568116,
122.5));
#3156=CARTESIAN_POINT('Ctrl Pts',(24.0107471349329,0.553225419735517,122.5));
#3157=CARTESIAN_POINT('Ctrl Pts',(47.9334720370177,0.249423760849194,122.5));
#3158=CARTESIAN_POINT('Ctrl Pts',(71.9187174589422,0.264716670170712,122.5));
#3159=CARTESIAN_POINT('Ctrl Pts',(75.9162583625962,0.267265488390965,122.5));
#3160=CARTESIAN_POINT('Ctrl Pts',(79.9155359473569,0.278678044616992,122.5));
#3161=CARTESIAN_POINT('Ctrl Pts',(83.9172536798439,0.301841504364717,122.5));
#3162=CARTESIAN_POINT('Ctrl Pts',(87.9189714123308,0.325004964112442,122.5));
#3163=CARTESIAN_POINT('Ctrl Pts',(91.9231292925441,0.359919327381865,122.5));
#3164=CARTESIAN_POINT('Ctrl Pts',(95.9303831838434,0.409446539897344,122.5));
#3165=CARTESIAN_POINT('Ctrl Pts',(98.9410589397673,0.446656654859764,122.5));
#3166=CARTESIAN_POINT('Ctrl Pts',(102.090499383353,0.208900045615753,122.5));
#3167=CARTESIAN_POINT('Ctrl Pts',(105.266038286025,-0.35390451553849,122.5));
#3168=CARTESIAN_POINT('Ctrl Pts',(108.441577188696,-0.916709076692729,122.5));
#3169=CARTESIAN_POINT('Ctrl Pts',(111.643214550454,-1.80456158975721,122.5));
#3170=CARTESIAN_POINT('Ctrl Pts',(114.748234701598,-3.01812430885134,122.5));
#3171=CARTESIAN_POINT('Ctrl Pts',(117.853254852741,-4.23168702794548,122.5));
#3172=CARTESIAN_POINT('Ctrl Pts',(120.861657793271,-5.77095995306928,122.5));
#3173=CARTESIAN_POINT('Ctrl Pts',(123.663819196913,-7.5814140480346,122.5));
#3174=CARTESIAN_POINT('Ctrl Pts',(126.465980600554,-9.39186814299992,122.5));
#3175=CARTESIAN_POINT('Ctrl Pts',(129.061900467307,-11.4735034078067,122.5));
#3176=CARTESIAN_POINT('Ctrl Pts',(131.375932120288,-13.7303917367481,122.5));
#3177=CARTESIAN_POINT('Ctrl Pts',(133.608319800246,-15.9076522310372,122.5));
#3178=CARTESIAN_POINT('Ctrl Pts',(135.673223551889,-18.3434012802111,122.5));
#3179=CARTESIAN_POINT('Ctrl Pts',(137.501029195205,-20.9903050935167,122.5));
#3180=CARTESIAN_POINT('Ctrl Pts',(139.32883483852,-23.6372089068223,122.5));
#3181=CARTESIAN_POINT('Ctrl Pts',(140.919542373509,-26.4952674842596,122.5));
#3182=CARTESIAN_POINT('Ctrl Pts',(142.208349680625,-29.495996799595,122.5));
#3183=CARTESIAN_POINT('Ctrl Pts',(144.785964294855,-35.4974554302658,122.5));
#3184=CARTESIAN_POINT('Ctrl Pts',(146.155977997591,-42.0695970125291,122.5));
#3185=CARTESIAN_POINT('Ctrl Pts',(146.175101258778,-48.5200561608958,122.5));
#3186=CARTESIAN_POINT('Ctrl Pts',(146.227011665819,-66.0299336192038,122.5));
#3187=CARTESIAN_POINT('Ctrl Pts',(146.493872114484,-84.1670796116132,122.5));
#3188=CARTESIAN_POINT('Ctrl Pts',(146.740162057373,-102.496337861356,122.5));
#3189=CARTESIAN_POINT('Ctrl Pts',(146.986452000262,-120.825596111099,122.5));
#3190=CARTESIAN_POINT('Ctrl Pts',(147.212171437375,-139.346966618176,122.5));
#3191=CARTESIAN_POINT('Ctrl Pts',(147.212891786386,-157.619368331672,122.5));
#3192=CARTESIAN_POINT('Ctrl Pts',(147.213204194265,-165.543919034543,122.5));
#3193=CARTESIAN_POINT('Ctrl Pts',(147.214059895967,-174.094674931734,122.5));
#3194=CARTESIAN_POINT('Ctrl Pts',(147.215667345396,-183.037342317298,122.5));
#3195=CARTESIAN_POINT('Ctrl Pts',(147.217274794825,-191.980009702862,122.5));
#3196=CARTESIAN_POINT('Ctrl Pts',(147.21963399198,-201.314588576799,122.5));
#3197=CARTESIAN_POINT('Ctrl Pts',(147.224813822263,-210.805789962663,122.5));
#3198=CARTESIAN_POINT('Ctrl Pts',(147.229993652545,-220.296991348526,122.5));
#3199=CARTESIAN_POINT('Ctrl Pts',(147.237994115953,-229.944815246317,122.5));
#3200=CARTESIAN_POINT('Ctrl Pts',(147.253317812871,-239.514591558217,122.5));
#3201=CARTESIAN_POINT('Ctrl Pts',(147.268641509788,-249.084367870117,122.5));
#3202=CARTESIAN_POINT('Ctrl Pts',(147.291288440215,-258.576096596127,122.5));
#3203=CARTESIAN_POINT('Ctrl Pts',(147.328636513423,-267.757712814136,122.5));
#3204=CARTESIAN_POINT('Ctrl Pts',(147.348785510466,-272.711123850873,122.5));
#3205=CARTESIAN_POINT('Ctrl Pts',(146.604518837556,-277.665083084154,122.5));
#3206=CARTESIAN_POINT('Ctrl Pts',(145.130404254708,-282.395925062584,122.5));
#3207=CARTESIAN_POINT('Ctrl Pts',(143.558174873287,-287.441644604259,122.5));
#3208=CARTESIAN_POINT('Ctrl Pts',(141.155357249155,-292.234054216929,122.5));
#3209=CARTESIAN_POINT('Ctrl Pts',(138.044517336099,-296.526386360412,122.5));
#3210=CARTESIAN_POINT('Ctrl Pts',(134.933677423043,-300.818718503894,122.5));
#3211=CARTESIAN_POINT('Ctrl Pts',(131.114815221063,-304.61097317819,122.5));
#3212=CARTESIAN_POINT('Ctrl Pts',(126.781558563648,-307.704710925198,122.5));
#3213=CARTESIAN_POINT('Ctrl Pts',(122.448301906232,-310.798448672207,122.5));
#3214=CARTESIAN_POINT('Ctrl Pts',(117.60065079338,-313.193669491928,122.5));
#3215=CARTESIAN_POINT('Ctrl Pts',(112.486213784363,-314.765228873203,122.5));
#3216=CARTESIAN_POINT('Ctrl Pts',(107.371776775347,-316.336788254478,122.5));
#3217=CARTESIAN_POINT('Ctrl Pts',(101.990553870166,-317.084686197306,122.5));
#3218=CARTESIAN_POINT('Ctrl Pts',(96.6156704033117,-316.96509375182,122.5));
#3219=CARTESIAN_POINT('Ctrl Pts',(64.1248029462113,-316.242164162908,122.5));
#3220=CARTESIAN_POINT('Ctrl Pts',(31.8846664299857,-315.791867708613,122.5));
#3221=CARTESIAN_POINT('Ctrl Pts',(3.40616423954999E-12,-315.791867708613,
122.5));
#3222=CARTESIAN_POINT('',(10.49,-71.2731960578413,9.35370995180444));
#3223=CARTESIAN_POINT('Ctrl Pts',(0.,-71.2731960578734,9.35370995181946));
#3224=CARTESIAN_POINT('Ctrl Pts',(3.49666666666667,-71.2731960578734,9.35370995181946));
#3225=CARTESIAN_POINT('Ctrl Pts',(6.99333893182629,-71.2732127127153,9.35370995181946));
#3226=CARTESIAN_POINT('Ctrl Pts',(10.4900140594428,-71.2732374150989,9.35370995181947));
#3227=CARTESIAN_POINT('',(10.49,-179.129657011753,59.2780789125241));
#3228=CARTESIAN_POINT('Ctrl Pts',(10.49,-179.129657011753,59.278078912524));
#3229=CARTESIAN_POINT('Ctrl Pts',(10.49,-157.450143738501,49.2638297448606));
#3230=CARTESIAN_POINT('Ctrl Pts',(10.4900000085218,-140.389897780075,41.3893024369437));
#3231=CARTESIAN_POINT('Ctrl Pts',(10.4900000085218,-116.966155646546,30.5678761736054));
#3232=CARTESIAN_POINT('Ctrl Pts',(10.4900000001008,-106.874666050494,25.9034635786611));
#3233=CARTESIAN_POINT('Ctrl Pts',(10.4900000001008,-89.539975311889,17.8707376506069));
#3234=CARTESIAN_POINT('Ctrl Pts',(10.49,-80.0084085145977,13.4438941569963));
#3235=CARTESIAN_POINT('Ctrl Pts',(10.49,-71.2731960578413,9.35370995180443));
#3236=CARTESIAN_POINT('Ctrl Pts',(44.2900252333181,-178.591359905206,59.2780789125241));
#3237=CARTESIAN_POINT('Ctrl Pts',(33.1050657111218,-178.867229077624,59.2780789125241));
#3238=CARTESIAN_POINT('Ctrl Pts',(21.8439480295476,-179.056115321944,59.2780789125241));
#3239=CARTESIAN_POINT('Ctrl Pts',(10.4900050145217,-179.129662077475,59.2780789125241));
#3240=CARTESIAN_POINT('Ctrl Pts',(12.49,-174.782405218154,57.2780789125241));
#3241=CARTESIAN_POINT('Ctrl Pts',(10.4287193594826,-140.189766560979,41.3032892589559));
#3242=CARTESIAN_POINT('Ctrl Pts',(8.39856512799289,-105.636268038822,25.3284996053877));
#3243=CARTESIAN_POINT('Ctrl Pts',(6.51984865747734,-71.2731960578734,9.35370995181946));
#3244=CARTESIAN_POINT('Ctrl Pts',(27.4850131786676,-174.641366780517,57.2780789125241));
#3245=CARTESIAN_POINT('Ctrl Pts',(22.8745215909368,-139.883050819959,41.3032892589558));
#3246=CARTESIAN_POINT('Ctrl Pts',(18.3691893153547,-105.256804526743,25.3284996053877));
#3247=CARTESIAN_POINT('Ctrl Pts',(14.3763941176848,-71.2731960578734,9.35370995181946));
#3248=CARTESIAN_POINT('Ctrl Pts',(42.2823575847003,-174.255620707392,57.2780789125241));
#3249=CARTESIAN_POINT('Ctrl Pts',(34.8911113434398,-139.045495312445,41.3032892589559));
#3250=CARTESIAN_POINT('Ctrl Pts',(27.8102385367685,-104.222083070312,25.3284996053876));
#3251=CARTESIAN_POINT('Ctrl Pts',(22.2329395778922,-71.2731960578734,9.35370995181947));
#3252=CARTESIAN_POINT('Ctrl Pts',(59.9643650452021,-173.595540725166,57.2780789125241));
#3253=CARTESIAN_POINT('Ctrl Pts',(49.0066373519238,-137.611476934975,41.3032892589559));
#3254=CARTESIAN_POINT('Ctrl Pts',(38.72399431297,-102.449528556085,25.3284996053877));
#3255=CARTESIAN_POINT('Ctrl Pts',(31.7162203663542,-71.2731960578734,9.35370995181947));
#3256=CARTESIAN_POINT('Ctrl Pts',(67.5334193540302,-172.558647329587,57.2780789125241));
#3257=CARTESIAN_POINT('Ctrl Pts',(55.0270387024542,-136.625897006357,41.3032892589559));
#3258=CARTESIAN_POINT('Ctrl Pts',(43.3614734991556,-101.642889450943,25.3284996053876));
#3259=CARTESIAN_POINT('Ctrl Pts',(35.7830586869907,-71.2731960578734,9.35370995181946));
#3260=CARTESIAN_POINT('Ctrl Pts',(74.4920427692841,-169.715563519314,57.2780789125241));
#3261=CARTESIAN_POINT('Ctrl Pts',(60.7050471638057,-134.752635198885,41.3032892589558));
#3262=CARTESIAN_POINT('Ctrl Pts',(47.8991536142569,-100.732309358558,25.3284996053877));
#3263=CARTESIAN_POINT('Ctrl Pts',(39.8498970076273,-71.2731960578734,9.35370995181946));
#3264=CARTESIAN_POINT('Ctrl Pts',(78.1828909828984,-167.516721700172,57.2780789125241));
#3265=CARTESIAN_POINT('Ctrl Pts',(63.8740487025152,-133.388739580801,41.3032892589558));
#3266=CARTESIAN_POINT('Ctrl Pts',(50.5897336973657,-100.155178018811,25.3284996053877));
#3267=CARTESIAN_POINT('Ctrl Pts',(42.2900000000092,-71.2731960578734,9.35370995181946));
#3268=CARTESIAN_POINT('',(42.29,-174.198302115021,57.2780789125241));
#3269=CARTESIAN_POINT('',(42.29,-71.2731960578413,9.35370995180172));
#3270=CARTESIAN_POINT('Ctrl Pts',(42.29,-174.198302115021,57.2780789125241));
#3271=CARTESIAN_POINT('Ctrl Pts',(42.29,-156.460837490108,49.295458555519));
#3272=CARTESIAN_POINT('Ctrl Pts',(42.29,-138.689501084974,41.388069202154));
#3273=CARTESIAN_POINT('Ctrl Pts',(42.29,-101.923339474702,24.7605888074888));
#3274=CARTESIAN_POINT('Ctrl Pts',(42.29,-86.3703148243513,17.7040128152327));
#3275=CARTESIAN_POINT('Ctrl Pts',(42.29,-71.2731960578413,9.35370995180171));
#3276=CARTESIAN_POINT('',(12.49,-174.782405218154,57.2780789125241));
#3277=CARTESIAN_POINT('Ctrl Pts',(12.49,-174.782405218154,57.278078912524));
#3278=CARTESIAN_POINT('Ctrl Pts',(22.5063522305945,-174.688194519398,57.278078912524));
#3279=CARTESIAN_POINT('Ctrl Pts',(32.4345054860388,-174.484796302685,57.278078912524));
#3280=CARTESIAN_POINT('Ctrl Pts',(42.2891267677591,-174.197128088851,57.2780789125241));
#3281=CARTESIAN_POINT('',(12.49,-71.2731960578413,9.35370995180437));
#3282=CARTESIAN_POINT('Ctrl Pts',(12.49,-71.2731960578413,9.35370995180436));
#3283=CARTESIAN_POINT('Ctrl Pts',(12.49,-79.6467332369366,13.2935287506877));
#3284=CARTESIAN_POINT('Ctrl Pts',(12.49,-88.6893531805387,17.5016198432981));
#3285=CARTESIAN_POINT('Ctrl Pts',(12.49,-119.078202668508,31.5966363858637));
#3286=CARTESIAN_POINT('Ctrl Pts',(12.49,-134.152890491404,38.5259855344025));
#3287=CARTESIAN_POINT('Ctrl Pts',(12.49,-174.782405218154,57.2780789125241));
#3288=CARTESIAN_POINT('Ctrl Pts',(12.49,-71.2731960578734,9.35370995181946));
#3289=CARTESIAN_POINT('Ctrl Pts',(18.3564950126999,-71.2731960578734,9.35370995181946));
#3290=CARTESIAN_POINT('Ctrl Pts',(24.2229900253997,-71.2731960578734,9.35370995181947));
#3291=CARTESIAN_POINT('Ctrl Pts',(31.7162203663542,-71.2731960578734,9.35370995181947));
#3292=CARTESIAN_POINT('Ctrl Pts',(35.7830586869907,-71.2731960578734,9.35370995181946));
#3293=CARTESIAN_POINT('Ctrl Pts',(39.8498970076273,-71.2731960578734,9.35370995181946));
#3294=CARTESIAN_POINT('Ctrl Pts',(42.2900000000092,-71.2731960578734,9.35370995181946));
#3295=CARTESIAN_POINT('Origin',(50.,-71.2731960578734,9.35370995181947));
#3296=CARTESIAN_POINT('',(44.29,-71.2731960578413,-9.94372108747595));
#3297=CARTESIAN_POINT('',(44.29,-71.2731960578413,-9.94372108747595));
#3298=CARTESIAN_POINT('',(10.49,-71.2731960578413,-9.94372108747595));
#3299=CARTESIAN_POINT('',(10.49,-71.2731960578413,-9.94372108747595));
#3300=CARTESIAN_POINT('',(10.49,-71.2731960578413,59.2780789125241));
#3301=CARTESIAN_POINT('',(-10.49,-71.2731960578413,-9.94372108747595));
#3302=CARTESIAN_POINT('',(-10.49,-71.2731960578413,59.2780789125241));
#3303=CARTESIAN_POINT('',(-44.29,-71.2731960578413,-9.94372108747595));
#3304=CARTESIAN_POINT('',(-10.49,-71.2731960578413,-9.94372108747595));
#3305=CARTESIAN_POINT('',(-44.29,-71.2731960578413,-9.94372108747595));
#3306=CARTESIAN_POINT('',(-50.,-71.2731960578734,-10.6462900481805));
#3307=CARTESIAN_POINT('',(-50.,-71.2731960578734,9.35370995181947));
#3308=CARTESIAN_POINT('',(50.,-71.2731960578734,-10.6462900481805));
#3309=CARTESIAN_POINT('',(-50.,-71.2731960578734,-10.6462900481805));
#3310=CARTESIAN_POINT('',(50.,-71.2731960578734,9.35370995181947));
#3311=CARTESIAN_POINT('Origin',(50.,-71.2731960578734,9.35370995181947));
#3312=CARTESIAN_POINT('',(-12.49,-71.2731960578413,-7.94372108747595));
#3313=CARTESIAN_POINT('',(-12.49,-71.2731960578413,57.2780789125241));
#3314=CARTESIAN_POINT('',(-42.29,-71.2731960578413,-7.94372108747595));
#3315=CARTESIAN_POINT('',(-42.29,-71.2731960578413,13.8790789125241));
#3316=CARTESIAN_POINT('',(-25.,-71.2731960578413,-7.94372108747595));
#3317=CARTESIAN_POINT('Origin',(8.89952525588868,-158.42063350571,122.5));
#3318=CARTESIAN_POINT('',(1.56187550145426E-13,-311.029395503736,122.5));
#3319=CARTESIAN_POINT('Ctrl Pts',(-2.75335310107039E-13,-311.029395503736,
122.5));
#3320=CARTESIAN_POINT('Ctrl Pts',(11.4675010197945,-311.029395503736,122.5));
#3321=CARTESIAN_POINT('Ctrl Pts',(23.0756102214289,-311.099115196235,122.5));
#3322=CARTESIAN_POINT('Ctrl Pts',(34.9933350173086,-311.234907049368,122.5));
#3323=CARTESIAN_POINT('Ctrl Pts',(44.7633159097665,-311.346227274762,122.5));
#3324=CARTESIAN_POINT('Ctrl Pts',(54.7142970861283,-311.502058144399,122.5));
#3325=CARTESIAN_POINT('Ctrl Pts',(64.8419791999554,-311.699500193443,122.5));
#3326=CARTESIAN_POINT('Ctrl Pts',(69.905820256869,-311.798221217965,122.5));
#3327=CARTESIAN_POINT('Ctrl Pts',(75.0138367340881,-311.907327178649,122.5));
#3328=CARTESIAN_POINT('Ctrl Pts',(80.1654940606043,-312.026348093323,122.5));
#3329=CARTESIAN_POINT('Ctrl Pts',(82.7413227238623,-312.08585855066,122.5));
#3330=CARTESIAN_POINT('Ctrl Pts',(85.3280616428317,-312.147846622948,122.5));
#3331=CARTESIAN_POINT('Ctrl Pts',(87.9256442975951,-312.212246805615,122.5));
#3332=CARTESIAN_POINT('Ctrl Pts',(89.2244356249768,-312.244446896949,122.5));
#3333=CARTESIAN_POINT('Ctrl Pts',(90.5259378897768,-312.277249945368,122.5));
#3334=CARTESIAN_POINT('Ctrl Pts',(91.830142798932,-312.310647339195,122.5));
#3335=CARTESIAN_POINT('Ctrl Pts',(92.5606522589815,-312.329353841495,122.5));
#3336=CARTESIAN_POINT('Ctrl Pts',(93.2920096276827,-312.348246804416,122.5));
#3337=CARTESIAN_POINT('Ctrl Pts',(94.0242134498459,-312.367324675873,122.5));
#3338=CARTESIAN_POINT('Ctrl Pts',(94.4691133336682,-312.37891672516,122.5));
#3339=CARTESIAN_POINT('Ctrl Pts',(94.9143257273538,-312.390577041965,122.5));
#3340=CARTESIAN_POINT('Ctrl Pts',(95.3598503047415,-312.402305273082,122.5));
#3341=CARTESIAN_POINT('Ctrl Pts',(95.4901592267856,-312.405735595969,122.5));
#3342=CARTESIAN_POINT('Ctrl Pts',(95.6238417555403,-312.409259572926,122.5));
#3343=CARTESIAN_POINT('Ctrl Pts',(95.7700251731342,-312.41311978821,122.5));
#3344=CARTESIAN_POINT('Ctrl Pts',(96.2010531135029,-312.424501794946,122.5));
#3345=CARTESIAN_POINT('Ctrl Pts',(96.7221217878871,-312.433475032363,122.5));
#3346=CARTESIAN_POINT('Ctrl Pts',(97.3826933357593,-312.429233271451,122.5));
#3347=CARTESIAN_POINT('Ctrl Pts',(97.9041642525495,-312.425884724336,122.5));
#3348=CARTESIAN_POINT('Ctrl Pts',(98.5035647918107,-312.412638978675,122.5));
#3349=CARTESIAN_POINT('Ctrl Pts',(99.0805322329437,-312.388964228278,122.5));
#3350=CARTESIAN_POINT('Ctrl Pts',(102.207542353145,-312.260653376043,122.5));
#3351=CARTESIAN_POINT('Ctrl Pts',(105.498192416585,-311.822965317414,122.5));
#3352=CARTESIAN_POINT('Ctrl Pts',(108.833486230722,-310.997416406695,122.5));
#3353=CARTESIAN_POINT('Ctrl Pts',(114.441288843316,-309.609378171884,122.5));
#3354=CARTESIAN_POINT('Ctrl Pts',(120.041249445463,-307.17032864647,122.5));
#3355=CARTESIAN_POINT('Ctrl Pts',(125.223140918893,-303.491762342902,122.5));
#3356=CARTESIAN_POINT('Ctrl Pts',(129.98547789532,-300.111033044044,122.5));
#3357=CARTESIAN_POINT('Ctrl Pts',(134.340491403426,-295.716860195051,122.5));
#3358=CARTESIAN_POINT('Ctrl Pts',(137.794026687189,-290.280824287348,122.5));
#3359=CARTESIAN_POINT('Ctrl Pts',(139.89230935573,-286.978023246245,122.5));
#3360=CARTESIAN_POINT('Ctrl Pts',(141.636616054554,-283.316344535872,122.5));
#3361=CARTESIAN_POINT('Ctrl Pts',(142.880322538454,-279.345511149492,122.5));
#3362=CARTESIAN_POINT('Ctrl Pts',(143.363993145766,-277.801275897537,122.5));
#3363=CARTESIAN_POINT('Ctrl Pts',(143.771862678149,-276.2101141349,122.5));
#3364=CARTESIAN_POINT('Ctrl Pts',(144.093629074234,-274.574561304553,122.5));
#3365=CARTESIAN_POINT('Ctrl Pts',(144.366630478797,-273.186883084093,122.5));
#3366=CARTESIAN_POINT('Ctrl Pts',(144.559168923231,-271.846568160316,122.5));
#3367=CARTESIAN_POINT('Ctrl Pts',(144.684211515005,-270.660392895437,122.5));
#3368=CARTESIAN_POINT('Ctrl Pts',(144.91236029571,-268.496134809096,122.5));
#3369=CARTESIAN_POINT('Ctrl Pts',(144.928192310076,-266.795878926533,122.5));
#3370=CARTESIAN_POINT('Ctrl Pts',(144.924929655051,-265.928696561204,122.5));
#3371=CARTESIAN_POINT('Ctrl Pts',(144.923829961722,-265.63640863771,122.5));
#3372=CARTESIAN_POINT('Ctrl Pts',(144.922918805994,-265.39050741496,122.5));
#3373=CARTESIAN_POINT('Ctrl Pts',(144.921898530432,-265.111392406945,122.5));
#3374=CARTESIAN_POINT('Ctrl Pts',(144.915681488339,-263.410607032551,122.5));
#3375=CARTESIAN_POINT('Ctrl Pts',(144.908991415588,-261.404690751378,122.5));
#3376=CARTESIAN_POINT('Ctrl Pts',(144.903146378422,-259.439376734274,122.5));
#3377=CARTESIAN_POINT('Ctrl Pts',(144.846872385169,-240.51801411636,122.5));
#3378=CARTESIAN_POINT('Ctrl Pts',(144.843878866217,-220.947793292437,122.5));
#3379=CARTESIAN_POINT('Ctrl Pts',(144.842013043023,-200.655290700222,122.5));
#3380=CARTESIAN_POINT('Ctrl Pts',(144.841546587225,-195.582165052168,122.5));
#3381=CARTESIAN_POINT('Ctrl Pts',(144.841398369379,-190.463896694865,122.5));
#3382=CARTESIAN_POINT('Ctrl Pts',(144.841270407652,-185.299338700915,122.5));
#3383=CARTESIAN_POINT('Ctrl Pts',(144.841214485641,-183.042316393522,122.5));
#3384=CARTESIAN_POINT('Ctrl Pts',(144.841165403228,-180.776453334853,122.5));
#3385=CARTESIAN_POINT('Ctrl Pts',(144.841113093749,-178.501653766983,122.5));
#3386=CARTESIAN_POINT('Ctrl Pts',(144.841084903647,-177.275741521904,122.5));
#3387=CARTESIAN_POINT('Ctrl Pts',(144.841057869124,-176.132039142154,122.5));
#3388=CARTESIAN_POINT('Ctrl Pts',(144.841032590464,-175.093113445312,122.5));
#3389=CARTESIAN_POINT('Ctrl Pts',(144.840907683119,-169.959556115967,122.5));
#3390=CARTESIAN_POINT('Ctrl Pts',(144.840825788955,-167.084995306254,122.5));
#3391=CARTESIAN_POINT('Ctrl Pts',(144.840768472627,-164.607415211727,122.5));
#3392=CARTESIAN_POINT('Ctrl Pts',(144.840731474003,-163.008096901281,122.5));
#3393=CARTESIAN_POINT('Ctrl Pts',(144.840701058762,-161.574196993451,122.5));
#3394=CARTESIAN_POINT('Ctrl Pts',(144.840678168288,-159.804868597398,122.5));
#3395=CARTESIAN_POINT('Ctrl Pts',(144.84066559804,-158.83324618578,122.5));
#3396=CARTESIAN_POINT('Ctrl Pts',(144.840655651209,-157.739416907436,122.5));
#3397=CARTESIAN_POINT('Ctrl Pts',(144.840655651209,-156.56045544794,122.5));
#3398=CARTESIAN_POINT('Ctrl Pts',(144.840655651209,-154.782901741108,122.5));
#3399=CARTESIAN_POINT('Ctrl Pts',(144.837906081627,-152.734607880265,122.5));
#3400=CARTESIAN_POINT('Ctrl Pts',(144.832122209874,-150.71818272333,122.5));
#3401=CARTESIAN_POINT('Ctrl Pts',(144.803935888048,-140.891614840018,122.5));
#3402=CARTESIAN_POINT('Ctrl Pts',(144.705742035283,-130.596491104024,122.5));
#3403=CARTESIAN_POINT('Ctrl Pts',(144.565847811143,-119.885095023464,122.5));
#3404=CARTESIAN_POINT('Ctrl Pts',(144.456074056135,-111.479957667988,122.5));
#3405=CARTESIAN_POINT('Ctrl Pts',(144.322256243774,-102.910603608414,122.5));
#3406=CARTESIAN_POINT('Ctrl Pts',(144.187484162008,-94.2185639691575,122.5));
#3407=CARTESIAN_POINT('Ctrl Pts',(144.109214023839,-89.170581222161,122.5));
#3408=CARTESIAN_POINT('Ctrl Pts',(144.03069172903,-84.0787973227904,122.5));
#3409=CARTESIAN_POINT('Ctrl Pts',(143.957509143647,-78.9470305532192,122.5));
#3410=CARTESIAN_POINT('Ctrl Pts',(143.922125498393,-76.465830771185,122.5));
#3411=CARTESIAN_POINT('Ctrl Pts',(143.888004399386,-73.9752838716965,122.5));
#3412=CARTESIAN_POINT('Ctrl Pts',(143.855867825454,-71.4758204365972,122.5));
#3413=CARTESIAN_POINT('Ctrl Pts',(143.832730085124,-69.6762528769597,122.5));
#3414=CARTESIAN_POINT('Ctrl Pts',(143.810622299885,-67.8720632044904,122.5));
#3415=CARTESIAN_POINT('Ctrl Pts',(143.789835861154,-66.0634122216255,122.5));
#3416=CARTESIAN_POINT('Ctrl Pts',(143.775382154978,-64.8057792898476,122.5));
#3417=CARTESIAN_POINT('Ctrl Pts',(143.762064870385,-63.5867733684577,122.5));
#3418=CARTESIAN_POINT('Ctrl Pts',(143.75051203942,-62.478117339974,122.5));
#3419=CARTESIAN_POINT('Ctrl Pts',(143.658571886498,-53.6551712496689,122.5));
#3420=CARTESIAN_POINT('Ctrl Pts',(143.64960030727,-50.3016244094121,122.5));
#3421=CARTESIAN_POINT('Ctrl Pts',(143.639978975895,-48.2808434520587,122.5));
#3422=CARTESIAN_POINT('Ctrl Pts',(143.635526234006,-47.3456281822729,122.5));
#3423=CARTESIAN_POINT('Ctrl Pts',(143.610149212539,-46.6710194561047,122.5));
#3424=CARTESIAN_POINT('Ctrl Pts',(143.568746331954,-45.929677038466,122.5));
#3425=CARTESIAN_POINT('Ctrl Pts',(143.293492312408,-41.0010953206034,122.5));
#3426=CARTESIAN_POINT('Ctrl Pts',(142.213445682729,-35.8737279821068,122.5));
#3427=CARTESIAN_POINT('Ctrl Pts',(140.136342998197,-30.8259654929539,122.5));
#3428=CARTESIAN_POINT('Ctrl Pts',(137.819387395037,-25.1953138791665,122.5));
#3429=CARTESIAN_POINT('Ctrl Pts',(134.294541065553,-19.7504589165516,122.5));
#3430=CARTESIAN_POINT('Ctrl Pts',(129.461153940045,-15.0515806456396,122.5));
#3431=CARTESIAN_POINT('Ctrl Pts',(125.385378116529,-11.0892300296183,122.5));
#3432=CARTESIAN_POINT('Ctrl Pts',(120.411324683045,-7.69058511769856,122.5));
#3433=CARTESIAN_POINT('Ctrl Pts',(114.637180058893,-5.28649665752357,122.5));
#3434=CARTESIAN_POINT('Ctrl Pts',(111.750107746817,-4.08445242743607,122.5));
#3435=CARTESIAN_POINT('Ctrl Pts',(108.680494075544,-3.13997152639665,122.5));
#3436=CARTESIAN_POINT('Ctrl Pts',(105.463083281908,-2.51135352790333,122.5));
#3437=CARTESIAN_POINT('Ctrl Pts',(103.854377885089,-2.19704452865667,122.5));
#3438=CARTESIAN_POINT('Ctrl Pts',(102.208660335752,-1.96169396978321,122.5));
#3439=CARTESIAN_POINT('Ctrl Pts',(100.530070433567,-1.81337363071069,122.5));
#3440=CARTESIAN_POINT('Ctrl Pts',(99.5844198015801,-1.72981586463702,122.5));
#3441=CARTESIAN_POINT('Ctrl Pts',(98.6270106574913,-1.67386037252594,122.5));
#3442=CARTESIAN_POINT('Ctrl Pts',(97.6626542931977,-1.64723835684092,122.5));
#3443=CARTESIAN_POINT('Ctrl Pts',(96.9152168930115,-1.62660460470522,122.5));
#3444=CARTESIAN_POINT('Ctrl Pts',(96.179661210934,-1.62751144676698,122.5));
#3445=CARTESIAN_POINT('Ctrl Pts',(95.7443359967734,-1.63312567898573,122.5));
#3446=CARTESIAN_POINT('Ctrl Pts',(95.4971298295228,-1.63631380773112,122.5));
#3447=CARTESIAN_POINT('Ctrl Pts',(95.3424584984878,-1.63826978118989,122.5));
#3448=CARTESIAN_POINT('Ctrl Pts',(95.1478711712018,-1.64070683385265,122.5));
#3449=CARTESIAN_POINT('Ctrl Pts',(94.3207326459617,-1.65106609092004,122.5));
#3450=CARTESIAN_POINT('Ctrl Pts',(93.4089962855409,-1.66179205537614,122.5));
#3451=CARTESIAN_POINT('Ctrl Pts',(92.5166768201643,-1.67153755717957,122.5));
#3452=CARTESIAN_POINT('Ctrl Pts',(88.1965181548952,-1.7187203383438,122.5));
#3453=CARTESIAN_POINT('Ctrl Pts',(83.6634044435504,-1.75130998721467,122.5));
#3454=CARTESIAN_POINT('Ctrl Pts',(78.9371157758328,-1.76891663863958,122.5));
#3455=CARTESIAN_POINT('Ctrl Pts',(70.892097958458,-1.79888641712248,122.5));
#3456=CARTESIAN_POINT('Ctrl Pts',(62.5206887184819,-1.78426619249555,122.5));
#3457=CARTESIAN_POINT('Ctrl Pts',(53.7365557454253,-1.74372190363652,122.5));
#3458=CARTESIAN_POINT('Ctrl Pts',(45.8472295143502,-1.70730770970332,122.5));
#3459=CARTESIAN_POINT('Ctrl Pts',(37.7061815809197,-1.65047967779691,122.5));
#3460=CARTESIAN_POINT('Ctrl Pts',(29.3499335447003,-1.5979284414559,122.5));
#3461=CARTESIAN_POINT('Ctrl Pts',(22.3514774836263,-1.55391616263249,122.5));
#3462=CARTESIAN_POINT('Ctrl Pts',(15.1901948899769,-1.51293964573567,122.5));
#3463=CARTESIAN_POINT('Ctrl Pts',(7.85628363378712,-1.49414225798335,122.5));
#3464=CARTESIAN_POINT('Ctrl Pts',(5.2481227690191,-1.48745733783871,122.5));
#3465=CARTESIAN_POINT('Ctrl Pts',(2.61703207858485,-1.48365494732628,122.5));
#3466=CARTESIAN_POINT('Ctrl Pts',(-2.66453525910038E-14,-1.48365494732628,
122.5));
#3467=CARTESIAN_POINT('Ctrl Pts',(-6.56529754344225,-1.48365494732628,122.5));
#3468=CARTESIAN_POINT('Ctrl Pts',(-13.0855105080704,-1.50745642389169,122.5));
#3469=CARTESIAN_POINT('Ctrl Pts',(-19.4124259365801,-1.54014773235825,122.5));
#3470=CARTESIAN_POINT('Ctrl Pts',(-23.3883630382909,-1.5606914851086,122.5));
#3471=CARTESIAN_POINT('Ctrl Pts',(-27.2859561400695,-1.58466473835533,122.5));
#3472=CARTESIAN_POINT('Ctrl Pts',(-31.2498541650449,-1.60997410436882,122.5));
#3473=CARTESIAN_POINT('Ctrl Pts',(-41.5272758217379,-1.67559512305935,122.5));
#3474=CARTESIAN_POINT('Ctrl Pts',(-52.0083992169906,-1.75018873233854,122.5));
#3475=CARTESIAN_POINT('Ctrl Pts',(-62.7413902821395,-1.77595829313047,122.5));
#3476=CARTESIAN_POINT('Ctrl Pts',(-68.107885814714,-1.78884307352644,122.5));
#3477=CARTESIAN_POINT('Ctrl Pts',(-73.5373555927984,-1.78928092824848,122.5));
#3478=CARTESIAN_POINT('Ctrl Pts',(-79.0358383504671,-1.76854661864994,122.5));
#3479=CARTESIAN_POINT('Ctrl Pts',(-81.7850797293015,-1.75817946385068,122.5));
#3480=CARTESIAN_POINT('Ctrl Pts',(-84.5515742729714,-1.7425032082077,122.5));
#3481=CARTESIAN_POINT('Ctrl Pts',(-87.3360736860965,-1.72033609273394,122.5));
#3482=CARTESIAN_POINT('Ctrl Pts',(-88.7283233926591,-1.70925253499706,122.5));
#3483=CARTESIAN_POINT('Ctrl Pts',(-90.125074261746,-1.6965453576292,122.5));
#3484=CARTESIAN_POINT('Ctrl Pts',(-91.5264198299542,-1.68206174636251,122.5));
#3485=CARTESIAN_POINT('Ctrl Pts',(-92.2270926140583,-1.67481994072916,122.5));
#3486=CARTESIAN_POINT('Ctrl Pts',(-92.9289140677061,-1.66713397630593,122.5));
#3487=CARTESIAN_POINT('Ctrl Pts',(-93.6318958484677,-1.65898446315232,122.5));
#3488=CARTESIAN_POINT('Ctrl Pts',(-93.9833867388485,-1.65490970657552,122.5));
#3489=CARTESIAN_POINT('Ctrl Pts',(-94.3351677106234,-1.65071905992671,122.5));
#3490=CARTESIAN_POINT('Ctrl Pts',(-94.6872402185867,-1.64641008261365,122.5));
#3491=CARTESIAN_POINT('Ctrl Pts',(-94.9217773690863,-1.64353960781737,122.5));
#3492=CARTESIAN_POINT('Ctrl Pts',(-95.1564438949008,-1.64061662105813,122.5));
#3493=CARTESIAN_POINT('Ctrl Pts',(-95.3912402256864,-1.63764039818326,122.5));
#3494=CARTESIAN_POINT('Ctrl Pts',(-95.5089054681065,-1.63614890134046,122.5));
#3495=CARTESIAN_POINT('Ctrl Pts',(-95.6262258849518,-1.63464890248298,122.5));
#3496=CARTESIAN_POINT('Ctrl Pts',(-95.744335996765,-1.63312567898586,122.5));
#3497=CARTESIAN_POINT('Ctrl Pts',(-96.1734739453379,-1.62759124169891,122.5));
#3498=CARTESIAN_POINT('Ctrl Pts',(-97.2534826735684,-1.61084971082125,122.5));
#3499=CARTESIAN_POINT('Ctrl Pts',(-98.8476496471566,-1.6947854979533,122.5));
#3500=CARTESIAN_POINT('Ctrl Pts',(-99.8174807048088,-1.74584886493921,122.5));
#3501=CARTESIAN_POINT('Ctrl Pts',(-101.004321359132,-1.84339114807298,122.5));
#3502=CARTESIAN_POINT('Ctrl Pts',(-102.15815432946,-1.9855477373893,122.5));
#3503=CARTESIAN_POINT('Ctrl Pts',(-105.016255709486,-2.33767664560469,122.5));
#3504=CARTESIAN_POINT('Ctrl Pts',(-108.001753959568,-2.97296282074535,122.5));
#3505=CARTESIAN_POINT('Ctrl Pts',(-110.9920822186,-3.9405207402994,122.5));
#3506=CARTESIAN_POINT('Ctrl Pts',(-116.37249068819,-5.68141885389747,122.5));
#3507=CARTESIAN_POINT('Ctrl Pts',(-121.676577867735,-8.45345941905325,122.5));
#3508=CARTESIAN_POINT('Ctrl Pts',(-126.483342569086,-12.3927143522005,122.5));
#3509=CARTESIAN_POINT('Ctrl Pts',(-127.503417323694,-13.2286892248909,122.5));
#3510=CARTESIAN_POINT('Ctrl Pts',(-128.497663400641,-14.1149031889678,122.5));
#3511=CARTESIAN_POINT('Ctrl Pts',(-129.461153940045,-15.0515806456396,122.5));
#3512=CARTESIAN_POINT('Ctrl Pts',(-132.986762164516,-18.4790743364069,122.5));
#3513=CARTESIAN_POINT('Ctrl Pts',(-136.115739397793,-22.600624314981,122.5));
#3514=CARTESIAN_POINT('Ctrl Pts',(-138.550534544053,-27.3766197484041,122.5));
#3515=CARTESIAN_POINT('Ctrl Pts',(-140.203829925937,-30.6196569320913,122.5));
#3516=CARTESIAN_POINT('Ctrl Pts',(-141.52482846157,-34.1426112236706,122.5));
#3517=CARTESIAN_POINT('Ctrl Pts',(-142.409142701708,-37.9034849672248,122.5));
#3518=CARTESIAN_POINT('Ctrl Pts',(-142.665756482321,-38.994830086344,122.5));
#3519=CARTESIAN_POINT('Ctrl Pts',(-142.885504057332,-40.1062590277077,122.5));
#3520=CARTESIAN_POINT('Ctrl Pts',(-143.065416819485,-41.2367997814315,122.5));
#3521=CARTESIAN_POINT('Ctrl Pts',(-143.197794108382,-42.0686358233764,122.5));
#3522=CARTESIAN_POINT('Ctrl Pts',(-143.305345489671,-42.9004545411506,122.5));
#3523=CARTESIAN_POINT('Ctrl Pts',(-143.383528302367,-43.6386015838017,122.5));
#3524=CARTESIAN_POINT('Ctrl Pts',(-143.565261032465,-45.3543940022251,122.5));
#3525=CARTESIAN_POINT('Ctrl Pts',(-143.632676973089,-46.7471941423787,122.5));
#3526=CARTESIAN_POINT('Ctrl Pts',(-143.639978975895,-48.2808434520572,122.5));
#3527=CARTESIAN_POINT('Ctrl Pts',(-143.646141357206,-49.575136551245,122.5));
#3528=CARTESIAN_POINT('Ctrl Pts',(-143.654245996791,-51.0176499225943,122.5));
#3529=CARTESIAN_POINT('Ctrl Pts',(-143.664713095233,-52.5748915131488,122.5));
#3530=CARTESIAN_POINT('Ctrl Pts',(-143.680748103017,-54.9604982944377,122.5));
#3531=CARTESIAN_POINT('Ctrl Pts',(-143.701551986866,-57.498707925372,122.5));
#3532=CARTESIAN_POINT('Ctrl Pts',(-143.727134807719,-60.1497654097543,122.5));
#3533=CARTESIAN_POINT('Ctrl Pts',(-143.869284831988,-74.8802710057722,122.5));
#3534=CARTESIAN_POINT('Ctrl Pts',(-144.136880815328,-90.5264333518196,122.5));
#3535=CARTESIAN_POINT('Ctrl Pts',(-144.382071265764,-106.887555860598,122.5));
#3536=CARTESIAN_POINT('Ctrl Pts',(-144.504666490982,-115.068117114987,122.5));
#3537=CARTESIAN_POINT('Ctrl Pts',(-144.62084700395,-123.427440353843,122.5));
#3538=CARTESIAN_POINT('Ctrl Pts',(-144.706239092417,-131.940523269968,122.5));
#3539=CARTESIAN_POINT('Ctrl Pts',(-144.762810295812,-137.580335503272,122.5));
#3540=CARTESIAN_POINT('Ctrl Pts',(-144.80533440396,-143.369569486699,122.5));
#3541=CARTESIAN_POINT('Ctrl Pts',(-144.825584870983,-148.74875651992,122.5));
#3542=CARTESIAN_POINT('Ctrl Pts',(-144.835901716794,-151.489248536426,122.5));
#3543=CARTESIAN_POINT('Ctrl Pts',(-144.840655651209,-154.119726350115,122.5));
#3544=CARTESIAN_POINT('Ctrl Pts',(-144.840655651209,-156.56045544794,122.5));
#3545=CARTESIAN_POINT('Ctrl Pts',(-144.840655651209,-161.933953897298,122.5));
#3546=CARTESIAN_POINT('Ctrl Pts',(-144.840810274521,-166.387721383701,122.5));
#3547=CARTESIAN_POINT('Ctrl Pts',(-144.840879727676,-169.071054414038,122.5));
#3548=CARTESIAN_POINT('Ctrl Pts',(-144.840905823243,-170.07926051225,122.5));
#3549=CARTESIAN_POINT('Ctrl Pts',(-144.840925485271,-170.837527652263,122.5));
#3550=CARTESIAN_POINT('Ctrl Pts',(-144.840937402526,-171.300728331172,122.5));
#3551=CARTESIAN_POINT('Ctrl Pts',(-144.840944719216,-171.585113926771,122.5));
#3552=CARTESIAN_POINT('Ctrl Pts',(-144.840951648064,-171.855427548604,122.5));
#3553=CARTESIAN_POINT('Ctrl Pts',(-144.840958732156,-172.133166280469,122.5));
#3554=CARTESIAN_POINT('Ctrl Pts',(-144.841179741262,-180.798043376703,122.5));
#3555=CARTESIAN_POINT('Ctrl Pts',(-144.841133361334,-189.835599461225,122.5));
#3556=CARTESIAN_POINT('Ctrl Pts',(-144.841896162491,-199.298857377708,122.5));
#3557=CARTESIAN_POINT('Ctrl Pts',(-144.841957947779,-200.065361351882,122.5));
#3558=CARTESIAN_POINT('Ctrl Pts',(-144.842026887826,-200.834658210535,122.5));
#3559=CARTESIAN_POINT('Ctrl Pts',(-144.842104639095,-201.606776129803,122.5));
#3560=CARTESIAN_POINT('Ctrl Pts',(-144.842166559645,-202.221685274155,122.5));
#3561=CARTESIAN_POINT('Ctrl Pts',(-144.842240814837,-202.912933977472,122.5));
#3562=CARTESIAN_POINT('Ctrl Pts',(-144.842342723404,-203.742265119914,122.5));
#3563=CARTESIAN_POINT('Ctrl Pts',(-144.843017701475,-209.235231494302,122.5));
#3564=CARTESIAN_POINT('Ctrl Pts',(-144.843698657325,-219.756434097078,122.5));
#3565=CARTESIAN_POINT('Ctrl Pts',(-144.853695929919,-231.414043861386,122.5));
#3566=CARTESIAN_POINT('Ctrl Pts',(-144.858694566217,-237.24284874354,122.5));
#3567=CARTESIAN_POINT('Ctrl Pts',(-144.866368218855,-243.355755316565,122.5));
#3568=CARTESIAN_POINT('Ctrl Pts',(-144.878133943679,-249.266282798012,122.5));
#3569=CARTESIAN_POINT('Ctrl Pts',(-144.884016806091,-252.221546538735,122.5));
#3570=CARTESIAN_POINT('Ctrl Pts',(-144.890907297352,-255.126215436293,122.5));
#3571=CARTESIAN_POINT('Ctrl Pts',(-144.898752650169,-257.919479743747,122.5));
#3572=CARTESIAN_POINT('Ctrl Pts',(-144.902675326578,-259.316111897474,122.5));
#3573=CARTESIAN_POINT('Ctrl Pts',(-144.906833162032,-260.684892912622,122.5));
#3574=CARTESIAN_POINT('Ctrl Pts',(-144.911194470829,-262.018221714658,122.5));
#3575=CARTESIAN_POINT('Ctrl Pts',(-144.913600379674,-262.753750361587,122.5));
#3576=CARTESIAN_POINT('Ctrl Pts',(-144.916067881639,-263.47849033825,122.5));
#3577=CARTESIAN_POINT('Ctrl Pts',(-144.918589112389,-264.191165637953,122.5));
#3578=CARTESIAN_POINT('Ctrl Pts',(-144.920195524276,-264.645249450998,122.5));
#3579=CARTESIAN_POINT('Ctrl Pts',(-144.921823710857,-265.094435427488,122.5));
#3580=CARTESIAN_POINT('Ctrl Pts',(-144.923471235697,-265.53839351871,122.5));
#3581=CARTESIAN_POINT('Ctrl Pts',(-144.923925281964,-265.660745248431,122.5));
#3582=CARTESIAN_POINT('Ctrl Pts',(-144.924403177328,-265.788763839794,122.5));
#3583=CARTESIAN_POINT('Ctrl Pts',(-144.924929655051,-265.928696561204,122.5));
#3584=CARTESIAN_POINT('Ctrl Pts',(-144.926492273355,-266.344025496343,122.5));
#3585=CARTESIAN_POINT('Ctrl Pts',(-144.922921904263,-266.849020847771,122.5));
#3586=CARTESIAN_POINT('Ctrl Pts',(-144.903466035023,-267.462465440634,122.5));
#3587=CARTESIAN_POINT('Ctrl Pts',(-144.88345724668,-268.093343602216,122.5));
#3588=CARTESIAN_POINT('Ctrl Pts',(-144.848444800668,-268.749750512625,122.5));
#3589=CARTESIAN_POINT('Ctrl Pts',(-144.798570047284,-269.402448850432,122.5));
#3590=CARTESIAN_POINT('Ctrl Pts',(-144.570623489319,-272.385528051816,122.5));
#3591=CARTESIAN_POINT('Ctrl Pts',(-144.019644434537,-275.513097133544,122.5));
#3592=CARTESIAN_POINT('Ctrl Pts',(-143.092007791596,-278.650177984417,122.5));
#3593=CARTESIAN_POINT('Ctrl Pts',(-143.023431874883,-278.882087964243,122.5));
#3594=CARTESIAN_POINT('Ctrl Pts',(-142.952873177626,-279.113875708209,122.5));
#3595=CARTESIAN_POINT('Ctrl Pts',(-142.880322538454,-279.345511149492,122.5));
#3596=CARTESIAN_POINT('Ctrl Pts',(-141.267426608629,-284.495071025404,122.5));
#3597=CARTESIAN_POINT('Ctrl Pts',(-138.66416967233,-289.585686821785,122.5));
#3598=CARTESIAN_POINT('Ctrl Pts',(-134.982607652294,-294.237019267663,122.5));
#3599=CARTESIAN_POINT('Ctrl Pts',(-131.448488373059,-298.702070672922,122.5));
#3600=CARTESIAN_POINT('Ctrl Pts',(-126.954180467894,-302.718012193377,122.5));
#3601=CARTESIAN_POINT('Ctrl Pts',(-121.533769274943,-305.86510727874,122.5));
#3602=CARTESIAN_POINT('Ctrl Pts',(-117.565853869356,-308.168882145174,122.5));
#3603=CARTESIAN_POINT('Ctrl Pts',(-113.142557852053,-309.980651405763,122.5));
#3604=CARTESIAN_POINT('Ctrl Pts',(-108.34345636422,-311.116024480586,122.5));
#3605=CARTESIAN_POINT('Ctrl Pts',(-107.070432103587,-311.41719699648,122.5));
#3606=CARTESIAN_POINT('Ctrl Pts',(-105.753651805735,-311.673183932126,122.5));
#3607=CARTESIAN_POINT('Ctrl Pts',(-104.448714745657,-311.871877150121,122.5));
#3608=CARTESIAN_POINT('Ctrl Pts',(-100.834244077061,-312.422226151972,122.5));
#3609=CARTESIAN_POINT('Ctrl Pts',(-97.9277619895267,-312.470098402998,122.5));
#3610=CARTESIAN_POINT('Ctrl Pts',(-95.7700251731345,-312.413119788211,122.5));
#3611=CARTESIAN_POINT('Ctrl Pts',(-94.8360845428684,-312.388457538857,122.5));
#3612=CARTESIAN_POINT('Ctrl Pts',(-94.0758754702713,-312.368598478537,122.5));
#3613=CARTESIAN_POINT('Ctrl Pts',(-93.2310451251608,-312.346722174102,122.5));
#3614=CARTESIAN_POINT('Ctrl Pts',(-91.6116495363258,-312.304789032011,122.5));
#3615=CARTESIAN_POINT('Ctrl Pts',(-89.8623914648843,-312.26034314804,122.5));
#3616=CARTESIAN_POINT('Ctrl Pts',(-88.1313829378414,-312.217352029102,122.5));
#3617=CARTESIAN_POINT('Ctrl Pts',(-81.6595473705472,-312.056618301756,122.5));
#3618=CARTESIAN_POINT('Ctrl Pts',(-74.9252682933492,-311.902488335627,122.5));
#3619=CARTESIAN_POINT('Ctrl Pts',(-67.8987001983359,-311.760240356042,122.5));
#3620=CARTESIAN_POINT('Ctrl Pts',(-45.8376427856756,-311.313629606378,122.5));
#3621=CARTESIAN_POINT('Ctrl Pts',(-23.2283490395067,-311.029395503736,122.5));
#3622=CARTESIAN_POINT('Ctrl Pts',(-2.75335310107039E-13,-311.029395503736,
122.5));
#3623=CARTESIAN_POINT('Ctrl Pts',(0.,-52.5664018783198,-62.0427846468893));
#3624=CARTESIAN_POINT('Ctrl Pts',(-0.106378124289154,-53.4349975494099,
-62.3013935185854));
#3625=CARTESIAN_POINT('Ctrl Pts',(-0.212756248578309,-54.3035932204999,
-62.5600023902815));
#3626=CARTESIAN_POINT('Ctrl Pts',(-0.319134372867463,-55.17218889159,-62.8186112619775));
#3627=CARTESIAN_POINT('Ctrl Pts',(0.,-52.5657740852095,-62.0445094942839));
#3628=CARTESIAN_POINT('Ctrl Pts',(-0.105734752682507,-53.4345790206697,
-62.3025728341174));
#3629=CARTESIAN_POINT('Ctrl Pts',(-0.211469505365014,-54.3033839561298,
-62.560636173951));
#3630=CARTESIAN_POINT('Ctrl Pts',(-0.317204258047521,-55.17218889159,-62.8186995137845));
#3631=CARTESIAN_POINT('Ctrl Pts',(0.,-52.5651462920992,-62.0462343416785));
#3632=CARTESIAN_POINT('Ctrl Pts',(-0.105091439380999,-53.4341604919295,
-62.3037521668284));
#3633=CARTESIAN_POINT('Ctrl Pts',(-0.210182878761997,-54.3031746917597,
-62.5612699919784));
#3634=CARTESIAN_POINT('Ctrl Pts',(-0.315274318142997,-55.17218889159,-62.8187878171284));
#3635=CARTESIAN_POINT('Ctrl Pts',(0.,-52.5645184989889,-62.047959189073));
#3636=CARTESIAN_POINT('Ctrl Pts',(-0.104448184311126,-53.4337419631893,
-62.3049315167233));
#3637=CARTESIAN_POINT('Ctrl Pts',(-0.208896368622253,-54.3029654273896,
-62.5619038443736));
#3638=CARTESIAN_POINT('Ctrl Pts',(-0.313344552933379,-55.17218889159,-62.8188761720239));
#3639=CARTESIAN_POINT('',(0.,-52.5645184989889,-62.047959189073));
#3640=CARTESIAN_POINT('',(-0.319134372867458,-55.17218889159,-62.8186112619776));
#3641=CARTESIAN_POINT('Ctrl Pts',(0.,-52.5645184989889,-62.047959189073));
#3642=CARTESIAN_POINT('Ctrl Pts',(-0.000484728424396737,-52.5685553160549,
-62.049143844378));
#3643=CARTESIAN_POINT('Ctrl Pts',(-0.000969497914938279,-52.5725921196544,
-62.0503285340515));
#3644=CARTESIAN_POINT('Ctrl Pts',(-0.0532215006267689,-53.0076700345209,
-62.1780159419778));
#3645=CARTESIAN_POINT('Ctrl Pts',(-0.105456875123494,-53.438556685777,-62.3049102742953));
#3646=CARTESIAN_POINT('Ctrl Pts',(-0.211335377076997,-54.3037392400811,
-62.5605955762927));
#3647=CARTESIAN_POINT('Ctrl Pts',(-0.264990662319966,-54.7380629927039,
-62.6894026299865));
#3648=CARTESIAN_POINT('Ctrl Pts',(-0.319134372867463,-55.17218889159,-62.8186112619775));
#3649=CARTESIAN_POINT('',(0.,-52.5664018783198,-62.0427846468893));
#3650=CARTESIAN_POINT('Ctrl Pts',(0.,-52.5645184989889,-62.047959189073));
#3651=CARTESIAN_POINT('Ctrl Pts',(0.,-52.5651462920992,-62.0462343416785));
#3652=CARTESIAN_POINT('Ctrl Pts',(0.,-52.5657740852095,-62.0445094942839));
#3653=CARTESIAN_POINT('Ctrl Pts',(0.,-52.5664018783198,-62.0427846468893));
#3654=CARTESIAN_POINT('',(0.,-52.5664018783198,-62.0427846468893));
#3655=CARTESIAN_POINT('Ctrl Pts',(0.,-52.4620881749616,-62.3293841914055));
#3656=CARTESIAN_POINT('Ctrl Pts',(-6.62479330652369E-13,-53.3654550805044,
-62.4975067363799));
#3657=CARTESIAN_POINT('Ctrl Pts',(-1.32495866130474E-12,-54.2688219860472,
-62.6656292813543));
#3658=CARTESIAN_POINT('Ctrl Pts',(-1.98743799195711E-12,-55.17218889159,
-62.8337518263287));
#3659=CARTESIAN_POINT('Ctrl Pts',(-2.11028910201913,-52.4620881749616,-62.3293841914055));
#3660=CARTESIAN_POINT('Ctrl Pts',(-2.20037037761981,-53.3654550805044,-62.5364570190043));
#3661=CARTESIAN_POINT('Ctrl Pts',(-2.29038367446974,-54.2688219860472,-62.7437505380242));
#3662=CARTESIAN_POINT('Ctrl Pts',(-2.38046495007043,-55.17218889159,-62.950823365623));
#3663=CARTESIAN_POINT('Ctrl Pts',(-5.27572275504788,-52.4620881749618,-62.3293841914057));
#3664=CARTESIAN_POINT('Ctrl Pts',(-5.33899616259438,-53.3654550805046,-62.6351400134797));
#3665=CARTESIAN_POINT('Ctrl Pts',(-5.40230750863862,-54.2688219860474,-62.9410696879828));
#3666=CARTESIAN_POINT('Ctrl Pts',(-5.46558091618513,-55.1721888915902,-63.2468255100568));
#3667=CARTESIAN_POINT('Ctrl Pts',(-9.49630095908614,-52.4620881749618,-62.3293841914057));
#3668=CARTESIAN_POINT('Ctrl Pts',(-9.49620868348754,-53.3654550805046,-62.8197843382247));
#3669=CARTESIAN_POINT('Ctrl Pts',(-9.49597551780728,-54.2688219860474,-63.3102394419498));
#3670=CARTESIAN_POINT('Ctrl Pts',(-9.49588324220868,-55.1721888915902,-63.8006395887688));
#3671=CARTESIAN_POINT('Ctrl Pts',(-11.7384831299815,-52.462088174962,-62.3293841914059));
#3672=CARTESIAN_POINT('Ctrl Pts',(-11.7472356110319,-53.3654550805047,-62.9350436066893));
#3673=CARTESIAN_POINT('Ctrl Pts',(-11.7560399493435,-54.2688219860475,-63.5408791461121));
#3674=CARTESIAN_POINT('Ctrl Pts',(-11.764792430394,-55.1721888915903,-64.1465385613955));
#3675=CARTESIAN_POINT('Ctrl Pts',(-13.0574138187435,-52.462088174962,-62.3293841914059));
#3676=CARTESIAN_POINT('Ctrl Pts',(-13.1025068052804,-53.3654550805048,-63.0075607373144));
#3677=CARTESIAN_POINT('Ctrl Pts',(-13.1471006935991,-54.2688219860476,-63.6856424728452));
#3678=CARTESIAN_POINT('Ctrl Pts',(-13.192193680136,-55.1721888915904,-64.3638190187537));
#3679=CARTESIAN_POINT('Ctrl Pts',(-13.5849860942483,-52.462088174962,-62.3293841914059));
#3680=CARTESIAN_POINT('Ctrl Pts',(-13.6408878856186,-53.3654550805048,-63.0358674682356));
#3681=CARTESIAN_POINT('Ctrl Pts',(-13.6964042709799,-54.2688219860476,-63.7423275224559));
#3682=CARTESIAN_POINT('Ctrl Pts',(-13.7523060623502,-55.1721888915904,-64.4488107992856));
#3683=CARTESIAN_POINT('Ctrl Pts',(-14.5082375763816,-52.462088174962,-62.3293841914059));
#3684=CARTESIAN_POINT('Ctrl Pts',(-14.5773207913261,-53.3654550805048,-63.0842507792652));
#3685=CARTESIAN_POINT('Ctrl Pts',(-14.6461099121013,-54.2688219860476,-63.8390664969577));
#3686=CARTESIAN_POINT('Ctrl Pts',(-14.7151931270457,-55.1721888915904,-64.593933084817));
#3687=CARTESIAN_POINT('Ctrl Pts',(-15.5633821273912,-52.4620881749619,-62.3293841914059));
#3688=CARTESIAN_POINT('Ctrl Pts',(-15.635567312981,-53.3654550805047,-63.1364225668046));
#3689=CARTESIAN_POINT('Ctrl Pts',(-15.7071146654671,-54.2688219860475,-63.9433983589537));
#3690=CARTESIAN_POINT('Ctrl Pts',(-15.779299851057,-55.1721888915903,-64.7504367343524));
#3691=CARTESIAN_POINT('Ctrl Pts',(-16.6185266784007,-52.4620881749619,-62.3293841914058));
#3692=CARTESIAN_POINT('Ctrl Pts',(-16.6871035617863,-53.3654550805047,-63.185467028588));
#3693=CARTESIAN_POINT('Ctrl Pts',(-16.7553424437961,-54.2688219860475,-64.0415056264783));
#3694=CARTESIAN_POINT('Ctrl Pts',(-16.8239193271817,-55.1721888915903,-64.8975884636605));
#3695=CARTESIAN_POINT('Ctrl Pts',(-17.4098850916579,-52.4620881749619,-62.3293841914058));
#3696=CARTESIAN_POINT('Ctrl Pts',(-17.4740657530497,-53.3654550805047,-63.2207004830205));
#3697=CARTESIAN_POINT('Ctrl Pts',(-17.5372762181061,-54.2688219860475,-64.1119119624658));
#3698=CARTESIAN_POINT('Ctrl Pts',(-17.6014568794979,-55.1721888915903,-65.0032282540805));
#3699=CARTESIAN_POINT('Ctrl Pts',(-18.0693504360389,-52.4620881749619,-62.3293841914058));
#3700=CARTESIAN_POINT('Ctrl Pts',(-18.1285894806592,-53.3654550805047,-63.2486587992729));
#3701=CARTESIAN_POINT('Ctrl Pts',(-18.1879529774744,-54.2688219860475,-64.1679426988711));
#3702=CARTESIAN_POINT('Ctrl Pts',(-18.2471920220947,-55.1721888915902,-65.0872173067382));
#3703=CARTESIAN_POINT('Ctrl Pts',(-18.5969227115437,-52.4620881749619,-62.3293841914058));
#3704=CARTESIAN_POINT('Ctrl Pts',(-18.6536530948292,-53.3654550805047,-63.2703257133872));
#3705=CARTESIAN_POINT('Ctrl Pts',(-18.7088099290324,-54.2688219860474,-64.2110942938284));
#3706=CARTESIAN_POINT('Ctrl Pts',(-18.765540312318,-55.1721888915902,-65.1520358158098));
#3707=CARTESIAN_POINT('Ctrl Pts',(-19.3882811248008,-52.4620881749619,-62.3293841914058));
#3708=CARTESIAN_POINT('Ctrl Pts',(-19.4388500374791,-53.3654550805046,-63.3016587709178));
#3709=CARTESIAN_POINT('Ctrl Pts',(-19.4911937806975,-54.2688219860474,-64.2741240996868));
#3710=CARTESIAN_POINT('Ctrl Pts',(-19.5417626933757,-55.1721888915902,-65.2463986791989));
#3711=CARTESIAN_POINT('Ctrl Pts',(-20.3115326069341,-52.4620881749617,-62.3293841914055));
#3712=CARTESIAN_POINT('Ctrl Pts',(-20.3643975567441,-53.3654550805045,-63.3364371848328));
#3713=CARTESIAN_POINT('Ctrl Pts',(-20.4200490039496,-54.2688219860472,-64.3437836568694));
#3714=CARTESIAN_POINT('Ctrl Pts',(-20.4729139537596,-55.17218889159,-65.3508366502968));
#3715=CARTESIAN_POINT('Ctrl Pts',(-21.3666771579437,-52.4620881749617,-62.3293841914055));
#3716=CARTESIAN_POINT('Ctrl Pts',(-21.4186044265496,-53.3654550805045,-63.3708342939507));
#3717=CARTESIAN_POINT('Ctrl Pts',(-21.4691640031527,-54.2688219860472,-64.4121405242882));
#3718=CARTESIAN_POINT('Ctrl Pts',(-21.5210912717587,-55.17218889159,-65.4535906268334));
#3719=CARTESIAN_POINT('Ctrl Pts',(-21.8942494334485,-52.4620881749616,-62.3293841914055));
#3720=CARTESIAN_POINT('Ctrl Pts',(-21.9237694562329,-53.3654550805044,-63.3843596363941));
#3721=CARTESIAN_POINT('Ctrl Pts',(-21.9577535135192,-54.2688219860472,-64.4398119513623));
#3722=CARTESIAN_POINT('Ctrl Pts',(-21.9872735363037,-55.17218889159,-65.494787396351));
#3723=CARTESIAN_POINT('Ctrl Pts',(-22.1580355712009,-52.4620881749616,-62.3293841914055));
#3724=CARTESIAN_POINT('Ctrl Pts',(-22.1795012071627,-53.3654550805044,-63.3911017472658));
#3725=CARTESIAN_POINT('Ctrl Pts',(-22.2009668431245,-54.2688219860472,-64.4528193031262));
#3726=CARTESIAN_POINT('Ctrl Pts',(-22.2224324790863,-55.17218889159,-65.5145368589866));
#3727=CARTESIAN_POINT('',(0.,-52.4620881749616,-62.3293841914055));
#3728=CARTESIAN_POINT('',(-5.61728810528203,-52.4620881749616,-62.3293841914055));
#3729=CARTESIAN_POINT('',(50.,-52.4620881749616,-62.3293841914055));
#3730=CARTESIAN_POINT('',(4.21884749357559E-14,-55.17218889159,-62.8337518263287));
#3731=CARTESIAN_POINT('',(0.,-52.4620881749616,-62.3293841914055));
#3732=CARTESIAN_POINT('',(-22.2224324790863,-55.17218889159,-65.5145368589866));
#3733=CARTESIAN_POINT('Ctrl Pts',(-22.2224324790863,-55.17218889159,-65.5145368589866));
#3734=CARTESIAN_POINT('Ctrl Pts',(-21.9872735363037,-55.17218889159,-65.494787396351));
#3735=CARTESIAN_POINT('Ctrl Pts',(-21.7541824040312,-55.17218889159,-65.4741890115922));
#3736=CARTESIAN_POINT('Ctrl Pts',(-21.506614673145,-55.17218889159,-65.4510455721457));
#3737=CARTESIAN_POINT('Ctrl Pts',(-21.2590469422589,-55.17218889159,-65.4279021326992));
#3738=CARTESIAN_POINT('Ctrl Pts',(-20.9970026127591,-55.17218889159,-65.4022136385651));
#3739=CARTESIAN_POINT('Ctrl Pts',(-20.7336253206751,-55.17218889159,-65.3751415023711));
#3740=CARTESIAN_POINT('Ctrl Pts',(-20.2068707365071,-55.1721888915901,-65.3209972299831));
#3741=CARTESIAN_POINT('Ctrl Pts',(-19.674784302002,-55.1721888915902,-65.2613183893557));
#3742=CARTESIAN_POINT('Ctrl Pts',(-19.1543817452035,-55.1721888915902,-65.1990557607561));
#3743=CARTESIAN_POINT('Ctrl Pts',(-19.0242811060039,-55.1721888915902,-65.1834901036062));
#3744=CARTESIAN_POINT('Ctrl Pts',(-18.8949107091609,-55.1721888915902,-65.167762959708));
#3745=CARTESIAN_POINT('Ctrl Pts',(-18.7654319744615,-55.1721888915902,-65.1517970741249));
#3746=CARTESIAN_POINT('Ctrl Pts',(-18.6359532397621,-55.1721888915902,-65.1358311885419));
#3747=CARTESIAN_POINT('Ctrl Pts',(-18.5063661672063,-55.1721888915902,-65.119626561274));
#3748=CARTESIAN_POINT('Ctrl Pts',(-18.376925775996,-55.1721888915902,-65.1032242062516));
#3749=CARTESIAN_POINT('Ctrl Pts',(-18.1180449935754,-55.1721888915903,-65.0704194962066));
#3750=CARTESIAN_POINT('Ctrl Pts',(-17.8597509365366,-55.1721888915903,-65.0368238751436));
#3751=CARTESIAN_POINT('Ctrl Pts',(-17.6010143159646,-55.1721888915903,-65.0024194328754));
#3752=CARTESIAN_POINT('Ctrl Pts',(-17.3422776953925,-55.1721888915903,-64.9680149906071));
#3753=CARTESIAN_POINT('Ctrl Pts',(-17.0830985112871,-55.1721888915903,-64.9328017271338));
#3754=CARTESIAN_POINT('Ctrl Pts',(-16.8229314847188,-55.1721888915903,-64.8968011292337));
#3755=CARTESIAN_POINT('Ctrl Pts',(-16.5627644581505,-55.1721888915903,-64.8608005313335));
#3756=CARTESIAN_POINT('Ctrl Pts',(-16.3016095891194,-55.1721888915903,-64.8240125990065));
#3757=CARTESIAN_POINT('Ctrl Pts',(-16.0388307827643,-55.1721888915903,-64.7864453399938));
#3758=CARTESIAN_POINT('Ctrl Pts',(-15.5132731700542,-55.1721888915903,-64.7113108219686));
#3759=CARTESIAN_POINT('Ctrl Pts',(-14.9812198080486,-55.1721888915903,-64.6330589972009));
#3760=CARTESIAN_POINT('Ctrl Pts',(-14.437054567496,-55.1721888915904,-64.5516903754092));
#3761=CARTESIAN_POINT('Ctrl Pts',(-14.1649719472197,-55.1721888915904,-64.5110060645134));
#3762=CARTESIAN_POINT('Ctrl Pts',(-13.8898613573067,-55.1721888915904,-64.4695425543616));
#3763=CARTESIAN_POINT('Ctrl Pts',(-13.611453699931,-55.1721888915904,-64.4273907908003));
#3764=CARTESIAN_POINT('Ctrl Pts',(-13.4722498712431,-55.1721888915904,-64.4063149090197));
#3765=CARTESIAN_POINT('Ctrl Pts',(-13.3322217756896,-55.1721888915904,-64.3850669638867));
#3766=CARTESIAN_POINT('Ctrl Pts',(-13.1908376654257,-55.1721888915904,-64.3635789684523));
#3767=CARTESIAN_POINT('Ctrl Pts',(-13.0494535551618,-55.1721888915904,-64.3420909730179));
#3768=CARTESIAN_POINT('Ctrl Pts',(-12.9067134301876,-55.1721888915904,-64.3203629272821));
#3769=CARTESIAN_POINT('Ctrl Pts',(-12.7650038472812,-55.1721888915904,-64.2987883312514));
#3770=CARTESIAN_POINT('Ctrl Pts',(-11.6313271840301,-55.1721888915903,-64.1261915630057));
#3771=CARTESIAN_POINT('Ctrl Pts',(-10.5636052131194,-55.1721888915903,-63.9634155758872));
#3772=CARTESIAN_POINT('Ctrl Pts',(-9.52595643691109,-55.1721888915902,-63.812800822489));
#3773=CARTESIAN_POINT('Ctrl Pts',(-8.48830766070279,-55.1721888915902,-63.6621860690908));
#3774=CARTESIAN_POINT('Ctrl Pts',(-7.48073207919691,-55.1721888915902,-63.5237325494128));
#3775=CARTESIAN_POINT('Ctrl Pts',(-6.46622436195801,-55.1721888915902,-63.3985410758015));
#3776=CARTESIAN_POINT('Ctrl Pts',(-4.43720892748023,-55.1721888915901,-63.1481581285789));
#3777=CARTESIAN_POINT('Ctrl Pts',(-2.38046495007044,-55.17218889159,-62.950823365623));
#3778=CARTESIAN_POINT('Ctrl Pts',(-1.998537949344E-12,-55.17218889159,-62.8337518263287));
#3779=CARTESIAN_POINT('',(-22.1580355712009,-52.4620881749616,-62.3293841914055));
#3780=CARTESIAN_POINT('',(-22.1580355712009,-52.4620881749616,-62.3293841914055));
#3781=CARTESIAN_POINT('',(50.,-52.4620881749616,-62.3293841914055));
#3782=CARTESIAN_POINT('Origin',(-22.1580355712009,-52.4620881749616,-62.3293841914055));
#3783=CARTESIAN_POINT('',(-27.1926486091369,-52.4620881749616,-62.3293841914055));
#3784=CARTESIAN_POINT('',(50.,-52.4620881749616,-62.3293841914055));
#3785=CARTESIAN_POINT('',(-27.3103845340699,-55.17218889159,-65.5145368589866));
#3786=CARTESIAN_POINT('',(63.2468410774526,-55.17218889159,-65.5145368589866));
#3787=CARTESIAN_POINT('',(-27.1926486091369,-52.4620881749616,-62.3293841914055));
#3788=CARTESIAN_POINT('Ctrl Pts',(-27.1926486091369,-52.4620881749616,-62.3293841914055));
#3789=CARTESIAN_POINT('Ctrl Pts',(-27.2318939174479,-53.3654550805044,-63.3911017472659));
#3790=CARTESIAN_POINT('Ctrl Pts',(-27.2711392257589,-54.2688219860472,-64.4528193031262));
#3791=CARTESIAN_POINT('Ctrl Pts',(-27.3103845340699,-55.17218889159,-65.5145368589866));
#3792=CARTESIAN_POINT('Ctrl Pts',(-27.7356807851099,-52.4620881749616,-62.3293841914055));
#3793=CARTESIAN_POINT('Ctrl Pts',(-27.7210689467516,-53.3654550805044,-63.3789459061637));
#3794=CARTESIAN_POINT('Ctrl Pts',(-27.7045102468304,-54.2688219860472,-64.4288008977791));
#3795=CARTESIAN_POINT('Ctrl Pts',(-27.6898984084721,-55.17218889159,-65.4783626125374));
#3796=CARTESIAN_POINT('Ctrl Pts',(-28.8217451370557,-52.4620881749616,-62.3293841914055));
#3797=CARTESIAN_POINT('Ctrl Pts',(-28.6977823022744,-53.3654550805044,-63.3531225670316));
#3798=CARTESIAN_POINT('Ctrl Pts',(-28.5759193423928,-54.2688219860472,-64.3765757413826));
#3799=CARTESIAN_POINT('Ctrl Pts',(-28.4519565076115,-55.17218889159,-65.4003141170087));
#3800=CARTESIAN_POINT('Ctrl Pts',(-30.179325576988,-52.4620881749616,-62.3293841914054));
#3801=CARTESIAN_POINT('Ctrl Pts',(-29.967773850326,-53.3654550805044,-63.310604200051));
#3802=CARTESIAN_POINT('Ctrl Pts',(-29.7567085342581,-54.2688219860472,-64.2917310937136));
#3803=CARTESIAN_POINT('Ctrl Pts',(-29.5451568075961,-55.17218889159,-65.2729511023592));
#3804=CARTESIAN_POINT('Ctrl Pts',(-31.2653899289339,-52.4620881749616,-62.3293841914054));
#3805=CARTESIAN_POINT('Ctrl Pts',(-31.0281910316053,-53.3654550805044,-63.2677393773914));
#3806=CARTESIAN_POINT('Ctrl Pts',(-30.7941363285732,-54.2688219860472,-64.2056648510108));
#3807=CARTESIAN_POINT('Ctrl Pts',(-30.5569374312446,-55.1721888915899,-65.1440200369967));
#3808=CARTESIAN_POINT('Ctrl Pts',(-32.3514542808798,-52.4620881749616,-62.3293841914054));
#3809=CARTESIAN_POINT('Ctrl Pts',(-32.1419712884181,-53.3654550805044,-63.2151967370601));
#3810=CARTESIAN_POINT('Ctrl Pts',(-31.9296522228445,-54.2688219860472,-64.1013400218328));
#3811=CARTESIAN_POINT('Ctrl Pts',(-31.7201692303828,-55.17218889159,-64.9871525674876));
#3812=CARTESIAN_POINT('Ctrl Pts',(-34.252066896785,-52.4620881749616,-62.3293841914055));
#3813=CARTESIAN_POINT('Ctrl Pts',(-34.0975921067044,-53.3654550805044,-63.1151991576034));
#3814=CARTESIAN_POINT('Ctrl Pts',(-33.9412767178782,-54.2688219860472,-63.9013656738321));
#3815=CARTESIAN_POINT('Ctrl Pts',(-33.7868019277976,-55.17218889159,-64.68718064003));
#3816=CARTESIAN_POINT('Ctrl Pts',(-36.9672277766497,-52.4620881749616,-62.3293841914055));
#3817=CARTESIAN_POINT('Ctrl Pts',(-36.8698914998126,-53.3654550805044,-62.9629014985514));
#3818=CARTESIAN_POINT('Ctrl Pts',(-36.7731652772818,-54.2688219860472,-63.5963022904408));
#3819=CARTESIAN_POINT('Ctrl Pts',(-36.6758290004448,-55.17218889159,-64.2298195975867));
#3820=CARTESIAN_POINT('Ctrl Pts',(-40.2254208324873,-52.4620881749616,-62.3293841914055));
#3821=CARTESIAN_POINT('Ctrl Pts',(-40.1971515488686,-53.3654550805044,-62.781658646849));
#3822=CARTESIAN_POINT('Ctrl Pts',(-40.170781306907,-54.2688219860472,-63.2336880083991));
#3823=CARTESIAN_POINT('Ctrl Pts',(-40.1425120232884,-55.17218889159,-63.6859624638426));
#3824=CARTESIAN_POINT('Ctrl Pts',(-43.4836138883249,-52.4620881749616,-62.3293841914055));
#3825=CARTESIAN_POINT('Ctrl Pts',(-43.4996779230501,-53.3654550805044,-62.6294450728597));
#3826=CARTESIAN_POINT('Ctrl Pts',(-43.5087962247907,-54.2688219860472,-62.9307940602783));
#3827=CARTESIAN_POINT('Ctrl Pts',(-43.5248602595159,-55.17218889159,-63.2308549417326));
#3828=CARTESIAN_POINT('Ctrl Pts',(-46.7418069441624,-52.4620881749616,-62.3293841914055));
#3829=CARTESIAN_POINT('Ctrl Pts',(-46.7333267304208,-53.3654550805044,-62.5280199206084));
#3830=CARTESIAN_POINT('Ctrl Pts',(-46.7267509263981,-54.2688219860472,-62.7263485562047));
#3831=CARTESIAN_POINT('Ctrl Pts',(-46.7182707126564,-55.17218889159,-62.9249842854077));
#3832=CARTESIAN_POINT('Ctrl Pts',(-48.9139356480542,-52.4620881749616,-62.3293841914055));
#3833=CARTESIAN_POINT('Ctrl Pts',(-48.9390541576974,-53.3654550805044,-62.4902724484538));
#3834=CARTESIAN_POINT('Ctrl Pts',(-48.955827698668,-54.2688219860472,-62.652961815135));
#3835=CARTESIAN_POINT('Ctrl Pts',(-48.9809462083113,-55.17218889159,-62.8138500721834));
#3836=CARTESIAN_POINT('Ctrl Pts',(-50.,-52.4620881749616,-62.3293841914055));
#3837=CARTESIAN_POINT('Ctrl Pts',(-50.0604146848454,-53.3654550805044,-62.4804896556041));
#3838=CARTESIAN_POINT('Ctrl Pts',(-50.1208293696908,-54.2688219860472,-62.6315951198027));
#3839=CARTESIAN_POINT('Ctrl Pts',(-50.1812440545362,-55.17218889159,-62.7827005840013));
#3840=CARTESIAN_POINT('',(-42.9786932646965,-52.4620881749616,-62.3293841914055));
#3841=CARTESIAN_POINT('',(50.,-52.4620881749616,-62.3293841914055));
#3842=CARTESIAN_POINT('',(-50.1812440545364,-55.1721888915905,-62.7827005840014));
#3843=CARTESIAN_POINT('Ctrl Pts',(-50.1812440545362,-55.17218889159,-62.7827005840013));
#3844=CARTESIAN_POINT('Ctrl Pts',(-48.9809462083113,-55.17218889159,-62.8138500721834));
#3845=CARTESIAN_POINT('Ctrl Pts',(-47.8496084604839,-55.17218889159,-62.8694171787955));
#3846=CARTESIAN_POINT('Ctrl Pts',(-46.7517045110467,-55.17218889159,-62.9481791748224));
#3847=CARTESIAN_POINT('Ctrl Pts',(-45.6538005616096,-55.17218889159,-63.0269411708493));
#3848=CARTESIAN_POINT('Ctrl Pts',(-44.5893304105628,-55.17218889159,-63.1288980562909));
#3849=CARTESIAN_POINT('Ctrl Pts',(-43.4933706290014,-55.17218889159,-63.2557277526967));
#3850=CARTESIAN_POINT('Ctrl Pts',(-42.3974108474401,-55.17218889159,-63.3825574491026));
#3851=CARTESIAN_POINT('Ctrl Pts',(-41.2699614353642,-55.17218889159,-63.5342599564726));
#3852=CARTESIAN_POINT('Ctrl Pts',(-40.128456225519,-55.17218889159,-63.7007540657816));
#3853=CARTESIAN_POINT('Ctrl Pts',(-38.9869510156738,-55.17218889159,-63.8672481750907));
#3854=CARTESIAN_POINT('Ctrl Pts',(-37.8313900080593,-55.17218889159,-64.0485338863387));
#3855=CARTESIAN_POINT('Ctrl Pts',(-36.6758040897226,-55.17218889159,-64.2306489504514));
#3856=CARTESIAN_POINT('Ctrl Pts',(-35.5202181713859,-55.17218889159,-64.4127640145641));
#3857=CARTESIAN_POINT('Ctrl Pts',(-34.364607342327,-55.17218889159,-64.5957084315414));
#3858=CARTESIAN_POINT('Ctrl Pts',(-33.1921150860065,-55.17218889159,-64.770964923851));
#3859=CARTESIAN_POINT('Ctrl Pts',(-32.6058689578463,-55.17218889159,-64.8585931700058));
#3860=CARTESIAN_POINT('Ctrl Pts',(-32.0154024728707,-55.17218889159,-64.9442994349936));
#3861=CARTESIAN_POINT('Ctrl Pts',(-31.430836378166,-55.17218889159,-65.0251573464926));
#3862=CARTESIAN_POINT('Ctrl Pts',(-31.1385533308137,-55.17218889159,-65.0655863022421));
#3863=CARTESIAN_POINT('Ctrl Pts',(-30.8477453810292,-55.17218889159,-65.1048031696194));
#3864=CARTESIAN_POINT('Ctrl Pts',(-30.5758688281808,-55.17218889159,-65.1405279864784));
#3865=CARTESIAN_POINT('Ctrl Pts',(-30.3039922753325,-55.1721888915899,-65.1762528033373));
#3866=CARTESIAN_POINT('Ctrl Pts',(-30.0510471194203,-55.1721888915899,-65.208485569678));
#3867=CARTESIAN_POINT('Ctrl Pts',(-29.80953699548,-55.17218889159,-65.238464948215));
#3868=CARTESIAN_POINT('Ctrl Pts',(-29.3265167475992,-55.17218889159,-65.2984237052891));
#3869=CARTESIAN_POINT('Ctrl Pts',(-28.8892366276053,-55.17218889159,-65.3493689111489));
#3870=CARTESIAN_POINT('Ctrl Pts',(-28.4800820428236,-55.17218889159,-65.3943536379609));
#3871=CARTESIAN_POINT('Ctrl Pts',(-28.0709274580418,-55.17218889159,-65.439338364773));
#3872=CARTESIAN_POINT('Ctrl Pts',(-27.6898984084721,-55.17218889159,-65.4783626125374));
#3873=CARTESIAN_POINT('Ctrl Pts',(-27.3103845340699,-55.17218889159,-65.5145368589866));
#3874=CARTESIAN_POINT('',(-50.,-52.4620881749616,-62.3293841914055));
#3875=CARTESIAN_POINT('',(-50.,-52.4620881749616,-62.3293841914055));
#3876=CARTESIAN_POINT('',(50.,-52.4620881749616,-62.3293841914055));
#3877=CARTESIAN_POINT('Ctrl Pts',(-50.,-52.4620881749616,-62.3293841914055));
#3878=CARTESIAN_POINT('Ctrl Pts',(-50.0604146848454,-53.3654550805044,-62.4804896556041));
#3879=CARTESIAN_POINT('Ctrl Pts',(-50.1208293696908,-54.2688219860472,-62.6315951198027));
#3880=CARTESIAN_POINT('Ctrl Pts',(-50.1812440545362,-55.17218889159,-62.7827005840013));
#3881=CARTESIAN_POINT('Ctrl Pts',(-50.,-53.2601351760548,-60.1367680762384));
#3882=CARTESIAN_POINT('Ctrl Pts',(-50.0289823626446,-53.8974864145666,-60.240050246265));
#3883=CARTESIAN_POINT('Ctrl Pts',(-50.0579651662989,-54.5348376530783,-60.3432934853246));
#3884=CARTESIAN_POINT('Ctrl Pts',(-50.0869475289435,-55.17218889159,-60.4465756553512));
#3885=CARTESIAN_POINT('Ctrl Pts',(-50.,-54.0581821771481,-57.9441519610713));
#3886=CARTESIAN_POINT('Ctrl Pts',(-50.0088328712587,-54.4295177486287,-57.999157163359));
#3887=CARTESIAN_POINT('Ctrl Pts',(-50.0176681983188,-54.8008533201093,-58.0542013844467));
#3888=CARTESIAN_POINT('Ctrl Pts',(-50.0265010695775,-55.17218889159,-58.1092065867345));
#3889=CARTESIAN_POINT('Ctrl Pts',(-50.,-54.8562291782413,-55.7515358459042));
#3890=CARTESIAN_POINT('Ctrl Pts',(-50.,-54.9615490826908,-55.7581337350397));
#3891=CARTESIAN_POINT('Ctrl Pts',(-50.,-55.0668689871404,-55.7647316241752));
#3892=CARTESIAN_POINT('Ctrl Pts',(-50.,-55.17218889159,-55.7713295133108));
#3893=CARTESIAN_POINT('',(-50.,-54.17218889159,-57.6309210874759));
#3894=CARTESIAN_POINT('',(-50.,-54.17218889159,-57.6309210874759));
#3895=CARTESIAN_POINT('',(-50.,-55.17218889159,-55.7713295133108));
#3896=CARTESIAN_POINT('Ctrl Pts',(-50.,-55.17218889159,-55.7713295133108));
#3897=CARTESIAN_POINT('Ctrl Pts',(-50.0132530116447,-55.17218889159,-56.9404865538381));
#3898=CARTESIAN_POINT('Ctrl Pts',(-50.0349934152076,-55.17218889159,-58.1094858553434));
#3899=CARTESIAN_POINT('Ctrl Pts',(-50.0954239654611,-55.17218889159,-60.446732026738));
#3900=CARTESIAN_POINT('Ctrl Pts',(-50.134104604928,-55.17218889159,-61.614856459732));
#3901=CARTESIAN_POINT('Ctrl Pts',(-50.1812440545362,-55.17218889159,-62.7827005840013));
#3902=CARTESIAN_POINT('',(-50.,-54.8562291782413,-55.7515358459041));
#3903=CARTESIAN_POINT('',(-50.,-54.8562291782413,-55.7515358459041));
#3904=CARTESIAN_POINT('',(-50.,-71.2731960578734,-10.6462900481805));
#3905=CARTESIAN_POINT('Ctrl Pts',(-50.,-54.8562291782413,-55.7515358459041));
#3906=CARTESIAN_POINT('Ctrl Pts',(-50.,-54.9615490826908,-55.7581337350397));
#3907=CARTESIAN_POINT('Ctrl Pts',(-50.,-55.0668689871404,-55.7647316241752));
#3908=CARTESIAN_POINT('Ctrl Pts',(-50.0000000000001,-55.17218889159,-55.7713295133107));
#3909=CARTESIAN_POINT('Ctrl Pts',(-48.8095554600269,-54.8562291782413,-55.7515358459041));
#3910=CARTESIAN_POINT('Ctrl Pts',(-48.7941369176021,-54.9615490826908,-55.7628184258254));
#3911=CARTESIAN_POINT('Ctrl Pts',(-48.7769475325358,-55.0668689871404,-55.774140751003));
#3912=CARTESIAN_POINT('Ctrl Pts',(-48.761528990111,-55.17218889159,-55.7854233309242));
#3913=CARTESIAN_POINT('Ctrl Pts',(-46.4286663800807,-54.8562291782413,-55.7515358459041));
#3914=CARTESIAN_POINT('Ctrl Pts',(-46.4230520296912,-54.9615490826909,-55.7743610443863));
#3915=CARTESIAN_POINT('Ctrl Pts',(-46.419290329759,-55.0668689871404,-55.7971323114778));
#3916=CARTESIAN_POINT('Ctrl Pts',(-46.4136759793695,-55.17218889159,-55.8199575099599));
#3917=CARTESIAN_POINT('Ctrl Pts',(-43.4525550301479,-54.8562291782413,-55.7515358459041));
#3918=CARTESIAN_POINT('Ctrl Pts',(-43.4945827757574,-54.9615490826908,-55.7934249914191));
#3919=CARTESIAN_POINT('Ctrl Pts',(-43.5357082229613,-55.0668689871404,-55.8353521601593));
#3920=CARTESIAN_POINT('Ctrl Pts',(-43.5777359685708,-55.17218889159,-55.8772413056743));
#3921=CARTESIAN_POINT('Ctrl Pts',(-41.0716659502017,-54.8562291782413,-55.7515358459041));
#3922=CARTESIAN_POINT('Ctrl Pts',(-41.1195738369333,-54.9615490826908,-55.8121152605338));
#3923=CARTESIAN_POINT('Ctrl Pts',(-41.1684272609284,-55.0668689871404,-55.8726777020195));
#3924=CARTESIAN_POINT('Ctrl Pts',(-41.21633514766,-55.17218889159,-55.9332571166492));
#3925=CARTESIAN_POINT('Ctrl Pts',(-38.6907768702555,-54.8562291782413,-55.7515358459041));
#3926=CARTESIAN_POINT('Ctrl Pts',(-38.7186043952403,-54.9615490826908,-55.8329929364964));
#3927=CARTESIAN_POINT('Ctrl Pts',(-38.7432538594336,-55.0668689871404,-55.9145618054684));
#3928=CARTESIAN_POINT('Ctrl Pts',(-38.7710813844184,-55.17218889159,-55.9960188960607));
#3929=CARTESIAN_POINT('Ctrl Pts',(-36.6074989253025,-54.8562291782413,-55.7515358459041));
#3930=CARTESIAN_POINT('Ctrl Pts',(-36.5263274327225,-54.9615490826908,-55.8555365562263));
#3931=CARTESIAN_POINT('Ctrl Pts',(-36.448774158457,-55.0668689871404,-55.9594636585022));
#3932=CARTESIAN_POINT('Ctrl Pts',(-36.367602665877,-55.17218889159,-56.0634643688244));
#3933=CARTESIAN_POINT('Ctrl Pts',(-34.8218321153429,-54.8562291782413,-55.7515358459041));
#3934=CARTESIAN_POINT('Ctrl Pts',(-34.7151036627314,-54.9615490826908,-55.8730950345484));
#3935=CARTESIAN_POINT('Ctrl Pts',(-34.6071910270814,-55.0668689871404,-55.9946671576967));
#3936=CARTESIAN_POINT('Ctrl Pts',(-34.50046257447,-55.17218889159,-56.116226346341));
#3937=CARTESIAN_POINT('Ctrl Pts',(-32.4409430353966,-54.8562291782413,-55.7515358459041));
#3938=CARTESIAN_POINT('Ctrl Pts',(-32.3142524094305,-54.9615490826908,-55.8958925426941));
#3939=CARTESIAN_POINT('Ctrl Pts',(-32.1876638992261,-55.0668689871404,-56.0402657854093));
#3940=CARTESIAN_POINT('Ctrl Pts',(-32.06097327326,-55.17218889159,-56.1846224821992));
#3941=CARTESIAN_POINT('Ctrl Pts',(-29.1672205504706,-54.8562291782412,-55.7515358459041));
#3942=CARTESIAN_POINT('Ctrl Pts',(-29.0990491194834,-54.9615490826908,-55.923431511675));
#3943=CARTESIAN_POINT('Ctrl Pts',(-29.0300459167169,-55.0668689871404,-56.0953035279969));
#3944=CARTESIAN_POINT('Ctrl Pts',(-28.9618744857298,-55.1721888915899,-56.2671991937678));
#3945=CARTESIAN_POINT('Ctrl Pts',(-26.1911092005378,-54.8562291782413,-55.7515358459041));
#3946=CARTESIAN_POINT('Ctrl Pts',(-26.1785029937856,-54.9615490826908,-55.9408049867648));
#3947=CARTESIAN_POINT('Ctrl Pts',(-26.1667108500611,-55.0668689871404,-56.1301099197158));
#3948=CARTESIAN_POINT('Ctrl Pts',(-26.1541046433088,-55.17218889159,-56.3193790605765));
#3949=CARTESIAN_POINT('Ctrl Pts',(-25.0006646605647,-54.8562291782413,-55.7515358459041));
#3950=CARTESIAN_POINT('Ctrl Pts',(-25.0004431070431,-54.9615490826908,-55.9458328852926));
#3951=CARTESIAN_POINT('Ctrl Pts',(-25.0002215535216,-55.0668689871404,-56.1401299246812));
#3952=CARTESIAN_POINT('Ctrl Pts',(-25.,-55.17218889159,-56.3344269640697));
#3953=CARTESIAN_POINT('',(-44.0667295356054,-54.8562291782413,-55.7515358459041));
#3954=CARTESIAN_POINT('',(0.,-54.8562291782413,-55.7515358459041));
#3955=CARTESIAN_POINT('',(-25.,-55.17218889159,-56.3344269640697));
#3956=CARTESIAN_POINT('Ctrl Pts',(-25.,-55.17218889159,-56.3344269640697));
#3957=CARTESIAN_POINT('Ctrl Pts',(-26.1541046433088,-55.17218889159,-56.3193790605765));
#3958=CARTESIAN_POINT('Ctrl Pts',(-27.2772125802772,-55.17218889159,-56.298507113853));
#3959=CARTESIAN_POINT('Ctrl Pts',(-28.4018553479172,-55.17218889159,-56.2739727877726));
#3960=CARTESIAN_POINT('Ctrl Pts',(-30.0888194993771,-55.17218889159,-56.237171298652));
#3961=CARTESIAN_POINT('Ctrl Pts',(-31.7792370198482,-55.17218889159,-56.1921294559782));
#3962=CARTESIAN_POINT('Ctrl Pts',(-33.5889683592647,-55.17218889159,-56.1417259625445));
#3963=CARTESIAN_POINT('Ctrl Pts',(-33.8905902491675,-55.17218889159,-56.1333253803056));
#3964=CARTESIAN_POINT('Ctrl Pts',(-34.1955264118187,-55.17218889159,-56.1247758633233));
#3965=CARTESIAN_POINT('Ctrl Pts',(-34.5035895007616,-55.17218889159,-56.1161042733724));
#3966=CARTESIAN_POINT('Ctrl Pts',(-34.8116525897045,-55.17218889159,-56.1074326834216));
#3967=CARTESIAN_POINT('Ctrl Pts',(-35.122842604939,-55.17218889159,-56.0986390205021));
#3968=CARTESIAN_POINT('Ctrl Pts',(-35.4404654376564,-55.17218889159,-56.0896770766591));
#3969=CARTESIAN_POINT('Ctrl Pts',(-36.7109567685258,-55.17218889159,-56.0538293012867));
#3970=CARTESIAN_POINT('Ctrl Pts',(-38.0843731791209,-55.17218889159,-56.015289031136));
#3971=CARTESIAN_POINT('Ctrl Pts',(-39.3572632370664,-55.17218889159,-55.981521681282));
#3972=CARTESIAN_POINT('Ctrl Pts',(-39.9937082660392,-55.17218889159,-55.964638006355));
#3973=CARTESIAN_POINT('Ctrl Pts',(-40.6050217068496,-55.17218889159,-55.9489475615021));
#3974=CARTESIAN_POINT('Ctrl Pts',(-41.2058535298687,-55.17218889159,-55.9341003627038));
#3975=CARTESIAN_POINT('Ctrl Pts',(-41.8066853528877,-55.17218889159,-55.9192531639055));
#3976=CARTESIAN_POINT('Ctrl Pts',(-42.3970355581154,-55.17218889159,-55.9052492111618));
#3977=CARTESIAN_POINT('Ctrl Pts',(-42.9796650289871,-55.17218889159,-55.8920943229516));
#3978=CARTESIAN_POINT('Ctrl Pts',(-44.1449239707305,-55.17218889159,-55.8657845465314));
#3979=CARTESIAN_POINT('Ctrl Pts',(-45.27929997505,-55.17218889159,-55.8428710282457));
#3980=CARTESIAN_POINT('Ctrl Pts',(-46.4334512298951,-55.17218889159,-55.8227807243439));
#3981=CARTESIAN_POINT('Ctrl Pts',(-47.5876024847402,-55.17218889159,-55.8026904204421));
#3982=CARTESIAN_POINT('Ctrl Pts',(-48.761528990111,-55.17218889159,-55.7854233309242));
#3983=CARTESIAN_POINT('Ctrl Pts',(-50.0000000000001,-55.17218889159,-55.7713295133107));
#3984=CARTESIAN_POINT('',(-25.0006646605647,-54.8562291782413,-55.7515358459041));
#3985=CARTESIAN_POINT('',(-25.0006646605647,-54.8562291782413,-55.7515358459041));
#3986=CARTESIAN_POINT('',(0.,-54.8562291782413,-55.7515358459041));
#3987=CARTESIAN_POINT('Ctrl Pts',(-25.0006646605647,-54.8562291782413,-55.7515358459041));
#3988=CARTESIAN_POINT('Ctrl Pts',(-25.0004431070431,-54.9615490826908,-55.9458328852926));
#3989=CARTESIAN_POINT('Ctrl Pts',(-25.0002215535216,-55.0668689871404,-56.1401299246812));
#3990=CARTESIAN_POINT('Ctrl Pts',(-25.,-55.17218889159,-56.3344269640697));
#3991=CARTESIAN_POINT('Ctrl Pts',(-23.8101568195854,-54.8562291782413,-55.7515358459041));
#3992=CARTESIAN_POINT('Ctrl Pts',(-23.8004690561658,-54.9615490826908,-55.9502541723493));
#3993=CARTESIAN_POINT('Ctrl Pts',(-23.7913673810491,-55.0668689871404,-56.1490205112088));
#3994=CARTESIAN_POINT('Ctrl Pts',(-23.7816796176295,-55.17218889159,-56.3477388376539));
#3995=CARTESIAN_POINT('Ctrl Pts',(-21.4291411376269,-54.8562291782412,-55.7515358459041));
#3996=CARTESIAN_POINT('Ctrl Pts',(-21.4147074934904,-54.9615490826908,-55.9539809524639));
#3997=CARTESIAN_POINT('Ctrl Pts',(-21.4004297106184,-55.0668689871404,-56.1563936626604));
#3998=CARTESIAN_POINT('Ctrl Pts',(-21.3859960664819,-55.1721888915899,-56.3588387692202));
#3999=CARTESIAN_POINT('Ctrl Pts',(-17.8576176146891,-54.8562291782413,-55.7515358459041));
#4000=CARTESIAN_POINT('Ctrl Pts',(-17.8488967932245,-54.9615490826908,-55.9454967820368));
#4001=CARTESIAN_POINT('Ctrl Pts',(-17.8405225085225,-55.0668689871404,-56.1394936160102));
#4002=CARTESIAN_POINT('Ctrl Pts',(-17.831801687058,-55.17218889159,-56.3334545521429));
#4003=CARTESIAN_POINT('Ctrl Pts',(-14.2860940917513,-54.8562291782413,-55.7515358459041));
#4004=CARTESIAN_POINT('Ctrl Pts',(-14.2749865523013,-54.9615490826908,-55.9244929374823));
#4005=CARTESIAN_POINT('Ctrl Pts',(-14.2663518772357,-55.0668689871404,-56.0974862110625));
#4006=CARTESIAN_POINT('Ctrl Pts',(-14.2552443377857,-55.17218889159,-56.2704433026407));
#4007=CARTESIAN_POINT('Ctrl Pts',(-9.52406272783418,-54.8562291782413,-55.7515358459041));
#4008=CARTESIAN_POINT('Ctrl Pts',(-9.4532611633835,-54.9615490826908,-55.8806026134177));
#4009=CARTESIAN_POINT('Ctrl Pts',(-9.38036859463029,-55.0668689871404,-56.0096752790836));
#4010=CARTESIAN_POINT('Ctrl Pts',(-9.30956703017961,-55.17218889159,-56.1387420465971));
#4011=CARTESIAN_POINT('Ctrl Pts',(-4.76203136391709,-54.8562291782413,-55.7515358459041));
#4012=CARTESIAN_POINT('Ctrl Pts',(-4.69225615597499,-54.9615490826908,-55.8231695912689));
#4013=CARTESIAN_POINT('Ctrl Pts',(-4.62280650411111,-55.0668689871404,-55.8948139151049));
#4014=CARTESIAN_POINT('Ctrl Pts',(-4.55303129616901,-55.17218889159,-55.9664476604696));
#4015=CARTESIAN_POINT('Ctrl Pts',(-1.19050784097928,-54.8562291782413,-55.7515358459041));
#4016=CARTESIAN_POINT('Ctrl Pts',(-1.16794626184587,-54.9615490826908,-55.7838520981276));
#4017=CARTESIAN_POINT('Ctrl Pts',(-1.14649587806078,-55.0668689871404,-55.8161873744858));
#4018=CARTESIAN_POINT('Ctrl Pts',(-1.12393429892737,-55.17218889159,-55.8485036267092));
#4019=CARTESIAN_POINT('Ctrl Pts',(-4.44089209850063E-15,-54.8562291782413,
-55.7515358459041));
#4020=CARTESIAN_POINT('Ctrl Pts',(-2.96059473233375E-15,-54.9615490826908,
-55.7719523797549));
#4021=CARTESIAN_POINT('Ctrl Pts',(-1.48029736616688E-15,-55.0668689871404,
-55.7923689136057));
#4022=CARTESIAN_POINT('Ctrl Pts',(0.,-55.17218889159,-55.8127854474564));
#4023=CARTESIAN_POINT('',(-1.71746745765617,-54.8562291782413,-55.7515358459041));
#4024=CARTESIAN_POINT('',(0.,-54.8562291782413,-55.7515358459041));
#4025=CARTESIAN_POINT('',(4.29616239351349E-15,-55.17218889159,-55.8127854474564));
#4026=CARTESIAN_POINT('Ctrl Pts',(0.,-55.17218889159,-55.8127854474564));
#4027=CARTESIAN_POINT('Ctrl Pts',(-1.12393429892737,-55.17218889159,-55.8485036267092));
#4028=CARTESIAN_POINT('Ctrl Pts',(-2.26696663134125,-55.17218889159,-55.8878183046293));
#4029=CARTESIAN_POINT('Ctrl Pts',(-3.42536616411806,-55.17218889159,-55.92838595542));
#4030=CARTESIAN_POINT('Ctrl Pts',(-5.74216522967166,-55.17218889159,-56.0095212570015));
#4031=CARTESIAN_POINT('Ctrl Pts',(-8.12043309667696,-55.17218889159,-56.0956684500652));
#4032=CARTESIAN_POINT('Ctrl Pts',(-10.5617481548808,-55.17218889159,-56.1682845997677));
#4033=CARTESIAN_POINT('Ctrl Pts',(-11.7824056839827,-55.17218889159,-56.2045926746189));
#4034=CARTESIAN_POINT('Ctrl Pts',(-13.0188250108842,-55.17218889159,-56.2375179886298));
#4035=CARTESIAN_POINT('Ctrl Pts',(-14.2331275658803,-55.17218889159,-56.2644825205523));
#4036=CARTESIAN_POINT('Ctrl Pts',(-15.4474301208765,-55.17218889159,-56.2914470524747));
#4037=CARTESIAN_POINT('Ctrl Pts',(-16.6396159039672,-55.17218889159,-56.3124508023088));
#4038=CARTESIAN_POINT('Ctrl Pts',(-17.8280745254166,-55.17218889159,-56.3271833800721));
#4039=CARTESIAN_POINT('Ctrl Pts',(-19.0165331468659,-55.17218889159,-56.3419159578353));
#4040=CARTESIAN_POINT('Ctrl Pts',(-20.2012646066739,-55.17218889159,-56.3503773635277));
#4041=CARTESIAN_POINT('Ctrl Pts',(-21.3925512243648,-55.17218889159,-56.3518330834824));
#4042=CARTESIAN_POINT('Ctrl Pts',(-22.5838378420557,-55.17218889159,-56.3532888034371));
#4043=CARTESIAN_POINT('Ctrl Pts',(-23.7816796176295,-55.17218889159,-56.3477388376539));
#4044=CARTESIAN_POINT('Ctrl Pts',(-25.,-55.17218889159,-56.3344269640697));
#4045=CARTESIAN_POINT('',(0.,-54.8562291782413,-55.7515358459041));
#4046=CARTESIAN_POINT('',(0.,-54.8562291782413,-55.7515358459041));
#4047=CARTESIAN_POINT('',(0.,-54.8562291782413,-55.7515358459041));
#4048=CARTESIAN_POINT('Ctrl Pts',(0.,-54.8562291782413,-55.7515358459041));
#4049=CARTESIAN_POINT('Ctrl Pts',(1.43403807347416E-15,-54.9615490826909,
-55.7719523797549));
#4050=CARTESIAN_POINT('Ctrl Pts',(2.86807614694832E-15,-55.0668689871404,
-55.7923689136057));
#4051=CARTESIAN_POINT('Ctrl Pts',(4.30211422042248E-15,-55.17218889159,
-55.8127854474564));
#4052=CARTESIAN_POINT('Ctrl Pts',(0.,-54.0929534116008,-57.8486187795659));
#4053=CARTESIAN_POINT('Ctrl Pts',(-0.024659003018849,-54.4526985715972,
-57.9488752228688));
#4054=CARTESIAN_POINT('Ctrl Pts',(-0.0493208779236674,-54.8124437315936,
-58.0491671027343));
#4055=CARTESIAN_POINT('Ctrl Pts',(-0.0739798809425163,-55.17218889159,-58.1494235460373));
#4056=CARTESIAN_POINT('Ctrl Pts',(0.,-53.3296776449603,-59.9457017132276));
#4057=CARTESIAN_POINT('Ctrl Pts',(-0.0601364947124349,-53.9438480605035,
-60.1254535620765));
#4058=CARTESIAN_POINT('Ctrl Pts',(-0.120272637393311,-54.5580184760467,
-60.3051700735742));
#4059=CARTESIAN_POINT('Ctrl Pts',(-0.180409132105746,-55.17218889159,-60.4849219224231));
#4060=CARTESIAN_POINT('Ctrl Pts',(0.,-52.5664018783198,-62.0427846468893));
#4061=CARTESIAN_POINT('Ctrl Pts',(-0.106378124289153,-53.4349975494098,
-62.3013935185854));
#4062=CARTESIAN_POINT('Ctrl Pts',(-0.212756248578305,-54.3035932204999,
-62.5600023902815));
#4063=CARTESIAN_POINT('Ctrl Pts',(-0.319134372867458,-55.17218889159,-62.8186112619776));
#4064=CARTESIAN_POINT('Ctrl Pts',(0.,-52.5664018783198,-62.0427846468893));
#4065=CARTESIAN_POINT('Ctrl Pts',(0.,-53.3296776449603,-59.9457017132276));
#4066=CARTESIAN_POINT('Ctrl Pts',(0.,-54.0929534116008,-57.8486187795659));
#4067=CARTESIAN_POINT('Ctrl Pts',(0.,-54.8562291782413,-55.7515358459041));
#4068=CARTESIAN_POINT('Ctrl Pts',(4.30211422042248E-15,-55.17218889159,
-55.8127854474564));
#4069=CARTESIAN_POINT('Ctrl Pts',(-0.0739798809425163,-55.17218889159,-58.1494235460373));
#4070=CARTESIAN_POINT('Ctrl Pts',(-0.180409132105746,-55.17218889159,-60.4849219224231));
#4071=CARTESIAN_POINT('Ctrl Pts',(-0.319134372867458,-55.17218889159,-62.8186112619776));
#4072=CARTESIAN_POINT('Ctrl Pts',(0.,-52.466677449487,-62.3167752632754));
#4073=CARTESIAN_POINT('Ctrl Pts',(-0.00465855775292197,-53.3685145968547,
-62.4888720338857));
#4074=CARTESIAN_POINT('Ctrl Pts',(-0.00931711550584395,-54.2703517442223,
-62.6609688044961));
#4075=CARTESIAN_POINT('Ctrl Pts',(-0.0139756732587659,-55.17218889159,-62.8330655751064));
#4076=CARTESIAN_POINT('Ctrl Pts',(0.,-52.4651476913119,-62.3209782393187));
#4077=CARTESIAN_POINT('Ctrl Pts',(-0.00310538243818567,-53.3674947580713,
-62.4917501645929));
#4078=CARTESIAN_POINT('Ctrl Pts',(-0.00621076487637295,-54.2698418248306,
-62.662522089867));
#4079=CARTESIAN_POINT('Ctrl Pts',(-0.00931614731455862,-55.17218889159,
-62.8332940151411));
#4080=CARTESIAN_POINT('Ctrl Pts',(0.,-52.4636179331368,-62.3251812153621));
#4081=CARTESIAN_POINT('Ctrl Pts',(-0.00155253020835354,-53.3664749192878,
-62.4946283987372));
#4082=CARTESIAN_POINT('Ctrl Pts',(-0.00310506041670379,-54.2693319054389,
-62.6640755821124));
#4083=CARTESIAN_POINT('Ctrl Pts',(-0.00465759062505733,-55.17218889159,
-62.8335227654875));
#4084=CARTESIAN_POINT('Ctrl Pts',(0.,-52.4620881749616,-62.3293841914055));
#4085=CARTESIAN_POINT('Ctrl Pts',(1.38777878078145E-14,-53.3654550805044,
-62.4975067363799));
#4086=CARTESIAN_POINT('Ctrl Pts',(2.77555756156289E-14,-54.2688219860472,
-62.6656292813543));
#4087=CARTESIAN_POINT('Ctrl Pts',(4.16333634234434E-14,-55.17218889159,
-62.8337518263287));
#4088=CARTESIAN_POINT('',(-0.0139756732587665,-55.17218889159,-62.8330655751064));
#4089=CARTESIAN_POINT('Ctrl Pts',(-0.0139756732587651,-55.17218889159,-62.8330655751064));
#4090=CARTESIAN_POINT('Ctrl Pts',(-0.0139348430973723,-55.1680060945341,
-62.8322683181653));
#4091=CARTESIAN_POINT('Ctrl Pts',(-0.01389409346744,-55.1638233753673,-62.8314711581798));
#4092=CARTESIAN_POINT('Ctrl Pts',(-0.0138534226670043,-55.1596405465896,
-62.8306740595375));
#4093=CARTESIAN_POINT('Ctrl Pts',(-0.00950171257869241,-54.7120846097902,
-62.7453857896747));
#4094=CARTESIAN_POINT('Ctrl Pts',(-0.00605161142909421,-54.2631780734265,
-62.6607815320422));
#4095=CARTESIAN_POINT('Ctrl Pts',(-0.00368309291829602,-53.8152258651071,
-62.5774663057539));
#4096=CARTESIAN_POINT('Ctrl Pts',(-0.00130198071907462,-53.3648918427912,
-62.4937080827164));
#4097=CARTESIAN_POINT('Ctrl Pts',(6.91192791764217E-15,-52.9128747696519,
-62.4107601357829));
#4098=CARTESIAN_POINT('Ctrl Pts',(0.,-52.4620881749616,-62.3293841914055));
#4099=CARTESIAN_POINT('Ctrl Pts',(-0.0139756732587659,-55.17218889159,-62.8330655751064));
#4100=CARTESIAN_POINT('Ctrl Pts',(-0.00931614731455862,-55.17218889159,
-62.8332940151411));
#4101=CARTESIAN_POINT('Ctrl Pts',(-0.00465759062505733,-55.17218889159,
-62.8335227654875));
#4102=CARTESIAN_POINT('Ctrl Pts',(4.16333634234434E-14,-55.17218889159,
-62.8337518263287));
#4103=CARTESIAN_POINT('Ctrl Pts',(22.3327598657469,-52.4620881749616,-62.3293841914055));
#4104=CARTESIAN_POINT('Ctrl Pts',(22.2959840701933,-53.3654550805044,-63.3911017472659));
#4105=CARTESIAN_POINT('Ctrl Pts',(22.2592082746398,-54.2688219860472,-64.4528193031262));
#4106=CARTESIAN_POINT('Ctrl Pts',(22.2224324790863,-55.17218889159,-65.5145368589866));
#4107=CARTESIAN_POINT('Ctrl Pts',(21.2692951102351,-52.4620881749616,-62.3293841914055));
#4108=CARTESIAN_POINT('Ctrl Pts',(21.3303411780706,-53.3654550805044,-63.3694061937349));
#4109=CARTESIAN_POINT('Ctrl Pts',(21.3919299512472,-54.2688219860472,-64.4098932376504));
#4110=CARTESIAN_POINT('Ctrl Pts',(21.4529760190827,-55.17218889159,-65.4499152399798));
#4111=CARTESIAN_POINT('Ctrl Pts',(19.1423655992116,-52.4620881749616,-62.3293841914054));
#4112=CARTESIAN_POINT('Ctrl Pts',(19.3998481131447,-53.3654550805044,-63.3191547793367));
#4113=CARTESIAN_POINT('Ctrl Pts',(19.6571391191029,-54.2688219860472,-64.30869647107));
#4114=CARTESIAN_POINT('Ctrl Pts',(19.914621633036,-55.1721888915899,-65.2984670590013));
#4115=CARTESIAN_POINT('Ctrl Pts',(16.7495698993101,-52.4620881749616,-62.3293841914054));
#4116=CARTESIAN_POINT('Ctrl Pts',(17.0861138325862,-53.3654550805044,-63.2293526313114));
#4117=CARTESIAN_POINT('Ctrl Pts',(17.4231133421724,-54.2688219860472,-64.1294766522189));
#4118=CARTESIAN_POINT('Ctrl Pts',(17.7596572754484,-55.1721888915899,-65.0294450921249));
#4119=CARTESIAN_POINT('Ctrl Pts',(15.1543727660425,-52.4620881749616,-62.3293841914054));
#4120=CARTESIAN_POINT('Ctrl Pts',(15.4280208963386,-53.3654550805043,-63.1456208997497));
#4121=CARTESIAN_POINT('Ctrl Pts',(15.7028348601319,-54.2688219860471,-63.9619595862842));
#4122=CARTESIAN_POINT('Ctrl Pts',(15.976482990428,-55.1721888915899,-64.7781962946285));
#4123=CARTESIAN_POINT('Ctrl Pts',(14.0909080105307,-52.4620881749616,-62.3293841914054));
#4124=CARTESIAN_POINT('Ctrl Pts',(14.3301142523474,-53.3654550805044,-63.0889346335164));
#4125=CARTESIAN_POINT('Ctrl Pts',(14.5700763572276,-54.2688219860472,-63.8486347669643));
#4126=CARTESIAN_POINT('Ctrl Pts',(14.8092825990443,-55.1721888915899,-64.6081852090753));
#4127=CARTESIAN_POINT('Ctrl Pts',(12.2298446883852,-52.4620881749616,-62.3293841914054));
#4128=CARTESIAN_POINT('Ctrl Pts',(12.4078156058958,-53.3654550805043,-62.9863796228057));
#4129=CARTESIAN_POINT('Ctrl Pts',(12.5866346638101,-54.2688219860471,-63.6433440213899));
#4130=CARTESIAN_POINT('Ctrl Pts',(12.7646055813208,-55.1721888915899,-64.3003394527902));
#4131=CARTESIAN_POINT('Ctrl Pts',(9.57118279960579,-52.4620881749616,-62.3293841914054));
#4132=CARTESIAN_POINT('Ctrl Pts',(9.67382498296738,-53.3654550805044,-62.8379309204091));
#4133=CARTESIAN_POINT('Ctrl Pts',(9.77759339910224,-54.2688219860472,-63.3466291606753));
#4134=CARTESIAN_POINT('Ctrl Pts',(9.88023558246383,-55.1721888915899,-63.855175889679));
#4135=CARTESIAN_POINT('Ctrl Pts',(6.38078853307053,-52.4620881749616,-62.3293841914054));
#4136=CARTESIAN_POINT('Ctrl Pts',(6.37693046212807,-53.3654550805044,-62.6755881444661));
#4137=CARTESIAN_POINT('Ctrl Pts',(6.37127001257673,-54.2688219860472,-63.0217626300256));
#4138=CARTESIAN_POINT('Ctrl Pts',(6.36741194163428,-55.17218889159,-63.3679665830862));
#4139=CARTESIAN_POINT('Ctrl Pts',(3.19039426653526,-52.4620881749616,-62.3293841914055));
#4140=CARTESIAN_POINT('Ctrl Pts',(3.16285427146662,-53.3654550805044,-62.5601554180011));
#4141=CARTESIAN_POINT('Ctrl Pts',(3.13580167423836,-54.2688219860472,-62.7908999027642));
#4142=CARTESIAN_POINT('Ctrl Pts',(3.10826167916972,-55.1721888915899,-63.0216711293598));
#4143=CARTESIAN_POINT('Ctrl Pts',(1.06346475551176,-52.4620881749616,-62.3293841914055));
#4144=CARTESIAN_POINT('Ctrl Pts',(0.997240787032765,-53.3654550805044,-62.5103188082267));
#4145=CARTESIAN_POINT('Ctrl Pts',(0.932430239679326,-54.2688219860472,-62.691874692149));
#4146=CARTESIAN_POINT('Ctrl Pts',(0.866206271200335,-55.17218889159,-62.8728093089703));
#4147=CARTESIAN_POINT('Ctrl Pts',(0.,-52.4620881749616,-62.3293841914055));
#4148=CARTESIAN_POINT('Ctrl Pts',(-0.106378124289154,-53.3654550805044,
-62.4924598815962));
#4149=CARTESIAN_POINT('Ctrl Pts',(-0.212756248578309,-54.2688219860472,
-62.6555355717868));
#4150=CARTESIAN_POINT('Ctrl Pts',(-0.319134372867463,-55.17218889159,-62.8186112619775));
#4151=CARTESIAN_POINT('',(5.78105329588188,-52.4620881749616,-62.3293841914055));
#4152=CARTESIAN_POINT('',(50.,-52.4620881749616,-62.3293841914055));
#4153=CARTESIAN_POINT('',(22.3327598657469,-52.4620881749616,-62.3293841914055));
#4154=CARTESIAN_POINT('',(50.,-52.4620881749616,-62.3293841914055));
#4155=CARTESIAN_POINT('',(22.2224324790863,-55.17218889159,-65.5145368589866));
#4156=CARTESIAN_POINT('',(22.3327598657469,-52.4620881749616,-62.3293841914055));
#4157=CARTESIAN_POINT('Ctrl Pts',(3.74439128869586E-5,-55.17218889159,-62.8337690251935));
#4158=CARTESIAN_POINT('Ctrl Pts',(1.06826943986068,-55.17218889159,-62.8864014414984));
#4159=CARTESIAN_POINT('Ctrl Pts',(2.0867737753735,-55.17218889159,-62.9558017860641));
#4160=CARTESIAN_POINT('Ctrl Pts',(3.09093953758813,-55.17218889159,-63.0421715832168));
#4161=CARTESIAN_POINT('Ctrl Pts',(4.19464509999124,-55.17218889159,-63.1371029472686));
#4162=CARTESIAN_POINT('Ctrl Pts',(5.28102852081276,-55.17218889159,-63.2525347651774));
#4163=CARTESIAN_POINT('Ctrl Pts',(6.40969083802844,-55.17218889159,-63.3914522252306));
#4164=CARTESIAN_POINT('Ctrl Pts',(7.53835315524412,-55.1721888915899,-63.5303696852838));
#4165=CARTESIAN_POINT('Ctrl Pts',(8.70929436885397,-55.1721888915899,-63.6927727874814));
#4166=CARTESIAN_POINT('Ctrl Pts',(9.8716389754303,-55.1721888915899,-63.8630070512024));
#4167=CARTESIAN_POINT('Ctrl Pts',(11.0339835820066,-55.1721888915899,-64.0332413149235));
#4168=CARTESIAN_POINT('Ctrl Pts',(12.1877315815494,-55.1721888915899,-64.211306740168));
#4169=CARTESIAN_POINT('Ctrl Pts',(13.3512388262441,-55.1721888915899,-64.387936455739));
#4170=CARTESIAN_POINT('Ctrl Pts',(13.9329924485914,-55.1721888915899,-64.4762513135245));
#4171=CARTESIAN_POINT('Ctrl Pts',(14.5171858822266,-55.1721888915899,-64.5642072438917));
#4172=CARTESIAN_POINT('Ctrl Pts',(15.1009838238996,-55.1721888915899,-64.6501962491985));
#4173=CARTESIAN_POINT('Ctrl Pts',(15.3928827947361,-55.1721888915899,-64.6931907518519));
#4174=CARTESIAN_POINT('Ctrl Pts',(15.684682892582,-55.1721888915899,-64.7356935232402));
#4175=CARTESIAN_POINT('Ctrl Pts',(15.97918079859,-55.1721888915899,-64.7778823087257));
#4176=CARTESIAN_POINT('Ctrl Pts',(16.273678704598,-55.1721888915899,-64.8200710942112));
#4177=CARTESIAN_POINT('Ctrl Pts',(16.5708744187681,-55.1721888915899,-64.861945893794));
#4178=CARTESIAN_POINT('Ctrl Pts',(16.8565190869394,-55.1721888915899,-64.9014239993907));
#4179=CARTESIAN_POINT('Ctrl Pts',(17.9990977596248,-55.1721888915899,-65.0593364217778));
#4180=CARTESIAN_POINT('Ctrl Pts',(18.9568596963304,-55.1721888915899,-65.1789017403895));
#4181=CARTESIAN_POINT('Ctrl Pts',(19.8203292611949,-55.1721888915899,-65.27654644494));
#4182=CARTESIAN_POINT('Ctrl Pts',(20.6837988260594,-55.17218889159,-65.3741911494905));
#4183=CARTESIAN_POINT('Ctrl Pts',(21.4529760190827,-55.17218889159,-65.4499152399798));
#4184=CARTESIAN_POINT('Ctrl Pts',(22.2224324790863,-55.17218889159,-65.5145368589866));
#4185=CARTESIAN_POINT('Ctrl Pts',(0.,-54.8562291782413,-55.7515358459041));
#4186=CARTESIAN_POINT('Ctrl Pts',(1.48029736616688E-15,-54.9615490826909,
-55.7719523797549));
#4187=CARTESIAN_POINT('Ctrl Pts',(2.96059473233375E-15,-55.0668689871404,
-55.7923689136057));
#4188=CARTESIAN_POINT('Ctrl Pts',(4.44089209850063E-15,-55.17218889159,
-55.8127854474564));
#4189=CARTESIAN_POINT('Ctrl Pts',(1.19050784063313,-54.8562291782413,-55.7515358459041));
#4190=CARTESIAN_POINT('Ctrl Pts',(1.16834950443609,-54.9615490826909,-55.7838421703589));
#4191=CARTESIAN_POINT('Ctrl Pts',(1.14612557208174,-55.0668689871404,-55.8161983489777));
#4192=CARTESIAN_POINT('Ctrl Pts',(1.12396723588471,-55.17218889159,-55.8485046734325));
#4193=CARTESIAN_POINT('Ctrl Pts',(3.57152352189939,-54.8562291782413,-55.7515358459041));
#4194=CARTESIAN_POINT('Ctrl Pts',(3.51698195879138,-54.9615490826909,-55.8100829698716));
#4195=CARTESIAN_POINT('Ctrl Pts',(3.46258215226742,-55.0668689871404,-55.8686183748549));
#4196=CARTESIAN_POINT('Ctrl Pts',(3.40804058915941,-55.17218889159,-55.9271654988224));
#4197=CARTESIAN_POINT('Ctrl Pts',(7.14304704379878,-54.8562291782413,-55.7515358459041));
#4198=CARTESIAN_POINT('Ctrl Pts',(7.07318503547648,-54.9615490826909,-55.8518625564977));
#4199=CARTESIAN_POINT('Ctrl Pts',(7.00412453929459,-55.0668689871404,-55.9523029153988));
#4200=CARTESIAN_POINT('Ctrl Pts',(6.9342625309723,-55.17218889159,-56.0526296259923));
#4201=CARTESIAN_POINT('Ctrl Pts',(10.7145705656982,-54.8562291782413,-55.7515358459041));
#4202=CARTESIAN_POINT('Ctrl Pts',(10.6586959700625,-54.9615490826908,-55.8916091957221));
#4203=CARTESIAN_POINT('Ctrl Pts',(10.6029606262696,-55.0668689871404,-56.0317850144697));
#4204=CARTESIAN_POINT('Ctrl Pts',(10.547086030634,-55.17218889159,-56.1718583642877));
#4205=CARTESIAN_POINT('Ctrl Pts',(16.6671097688638,-54.8562291782413,-55.7515358459041));
#4206=CARTESIAN_POINT('Ctrl Pts',(16.6843519747436,-54.9615490826909,-55.9462969689983));
#4207=CARTESIAN_POINT('Ctrl Pts',(16.7049722246981,-55.0668689871404,-56.1412400192723));
#4208=CARTESIAN_POINT('Ctrl Pts',(16.722214430578,-55.17218889159,-56.3360011423664));
#4209=CARTESIAN_POINT('Ctrl Pts',(21.4291411313963,-54.8562291782413,-55.7515358459041));
#4210=CARTESIAN_POINT('Ctrl Pts',(21.3995431729524,-54.9615490826909,-55.958951186135));
#4211=CARTESIAN_POINT('Ctrl Pts',(21.3746657332947,-55.0668689871404,-56.1669469285783));
#4212=CARTESIAN_POINT('Ctrl Pts',(21.3450677748508,-55.17218889159,-56.3743622688092));
#4213=CARTESIAN_POINT('Ctrl Pts',(25.0006646532957,-54.8562291782413,-55.7515358459041));
#4214=CARTESIAN_POINT('Ctrl Pts',(25.0004431021971,-54.9615490826909,-55.9458328852927));
#4215=CARTESIAN_POINT('Ctrl Pts',(25.0002215510986,-55.0668689871404,-56.1401299246812));
#4216=CARTESIAN_POINT('Ctrl Pts',(25.,-55.17218889159,-56.3344269640697));
#4217=CARTESIAN_POINT('',(1.71742104974915,-54.8562291782413,-55.7515358459041));
#4218=CARTESIAN_POINT('',(0.,-54.8562291782413,-55.7515358459041));
#4219=CARTESIAN_POINT('',(0.,-54.8562291782413,-55.7515358459041));
#4220=CARTESIAN_POINT('',(25.,-55.17218889159,-56.3344269640697));
#4221=CARTESIAN_POINT('Ctrl Pts',(25.,-55.17218889159,-56.3344269640697));
#4222=CARTESIAN_POINT('Ctrl Pts',(21.3450677748508,-55.17218889159,-56.3743622688092));
#4223=CARTESIAN_POINT('Ctrl Pts',(17.8779277666462,-55.17218889159,-56.3455914239771));
#4224=CARTESIAN_POINT('Ctrl Pts',(14.2323349846202,-55.17218889159,-56.2645344626337));
#4225=CARTESIAN_POINT('Ctrl Pts',(13.0171373906116,-55.17218889159,-56.2375154755192));
#4226=CARTESIAN_POINT('Ctrl Pts',(11.7821117106228,-55.17218889159,-56.2046869199035));
#4227=CARTESIAN_POINT('Ctrl Pts',(10.5624616206848,-55.17218889159,-56.168401185713));
#4228=CARTESIAN_POINT('Ctrl Pts',(9.34281153074675,-55.17218889159,-56.1321154515226));
#4229=CARTESIAN_POINT('Ctrl Pts',(8.13853703085953,-55.17218889159,-56.0923725387575));
#4230=CARTESIAN_POINT('Ctrl Pts',(6.9486961239471,-55.17218889159,-56.0515903945132));
#4231=CARTESIAN_POINT('Ctrl Pts',(5.75885521703467,-55.17218889159,-56.010808250269));
#4232=CARTESIAN_POINT('Ctrl Pts',(4.58344790309704,-55.17218889159,-55.9689868745457));
#4233=CARTESIAN_POINT('Ctrl Pts',(3.42472590780955,-55.17218889159,-55.9284109803366));
#4234=CARTESIAN_POINT('Ctrl Pts',(2.26600391252206,-55.17218889159,-55.8878350861274));
#4235=CARTESIAN_POINT('Ctrl Pts',(1.1239672358847,-55.17218889159,-55.8485046734325));
#4236=CARTESIAN_POINT('Ctrl Pts',(4.44089209850063E-15,-55.17218889159,
-55.8127854474564));
#4237=CARTESIAN_POINT('',(25.0006646532957,-54.8562291782413,-55.7515358459041));
#4238=CARTESIAN_POINT('',(25.0006646532957,-54.8562291782413,-55.7515358459041));
#4239=CARTESIAN_POINT('',(0.,-54.8562291782413,-55.7515358459041));
#4240=CARTESIAN_POINT('Ctrl Pts',(25.0006646532957,-54.8562291782413,-55.7515358459041));
#4241=CARTESIAN_POINT('Ctrl Pts',(25.0004431021972,-54.9615490826909,-55.9458328852926));
#4242=CARTESIAN_POINT('Ctrl Pts',(25.0002215510986,-55.0668689871404,-56.1401299246812));
#4243=CARTESIAN_POINT('Ctrl Pts',(25.,-55.17218889159,-56.3344269640697));
#4244=CARTESIAN_POINT('Ctrl Pts',(26.191109193615,-54.8562291782413,-55.7515358459041));
#4245=CARTESIAN_POINT('Ctrl Pts',(26.1784723481275,-54.9615490826909,-55.9408011632886));
#4246=CARTESIAN_POINT('Ctrl Pts',(26.1668183172613,-55.0668689871404,-56.1301127414568));
#4247=CARTESIAN_POINT('Ctrl Pts',(26.1541814717738,-55.17218889159,-56.3193780588413));
#4248=CARTESIAN_POINT('Ctrl Pts',(28.5719982742535,-54.8562291782413,-55.7515358459041));
#4249=CARTESIAN_POINT('Ctrl Pts',(28.5151878198838,-54.9615490826908,-55.9269083350481));
#4250=CARTESIAN_POINT('Ctrl Pts',(28.4575819256654,-55.0668689871404,-56.1022820600833));
#4251=CARTESIAN_POINT('Ctrl Pts',(28.4007714712957,-55.1721888915899,-56.2776545492273));
#4252=CARTESIAN_POINT('Ctrl Pts',(31.8457207601314,-54.8562291782413,-55.7515358459041));
#4253=CARTESIAN_POINT('Ctrl Pts',(31.7292921509561,-54.9615490826909,-55.9010514224265));
#4254=CARTESIAN_POINT('Ctrl Pts',(31.6119685185684,-55.0668689871404,-56.050610134929));
#4255=CARTESIAN_POINT('Ctrl Pts',(31.495539909393,-55.17218889159,-56.2001257114514));
#4256=CARTESIAN_POINT('Ctrl Pts',(34.2266098407699,-54.8562291782413,-55.7515358459041));
#4257=CARTESIAN_POINT('Ctrl Pts',(34.1106910684331,-54.9615490826908,-55.8789586463109));
#4258=CARTESIAN_POINT('Ctrl Pts',(33.9951270558151,-55.0668689871404,-56.0063639372117));
#4259=CARTESIAN_POINT('Ctrl Pts',(33.8792082834783,-55.1721888915899,-56.1337867376184));
#4260=CARTESIAN_POINT('Ctrl Pts',(36.6074989214084,-54.8562291782413,-55.7515358459041));
#4261=CARTESIAN_POINT('Ctrl Pts',(36.5274388896167,-54.9615490826908,-55.8555137067869));
#4262=CARTESIAN_POINT('Ctrl Pts',(36.4481105089492,-55.0668689871404,-55.9594937570845));
#4263=CARTESIAN_POINT('Ctrl Pts',(36.3680504771575,-55.17218889159,-56.0634716179673));
#4264=CARTESIAN_POINT('Ctrl Pts',(38.6907768669671,-54.8562291782413,-55.7515358459041));
#4265=CARTESIAN_POINT('Ctrl Pts',(38.7174227911817,-54.9615490826908,-55.8330191187338));
#4266=CARTESIAN_POINT('Ctrl Pts',(38.7448054994932,-55.0668689871404,-55.9144821349362));
#4267=CARTESIAN_POINT('Ctrl Pts',(38.7714514237079,-55.17218889159,-55.9959654077658));
#4268=CARTESIAN_POINT('Ctrl Pts',(42.2621104879249,-54.8562291782413,-55.7515358459041));
#4269=CARTESIAN_POINT('Ctrl Pts',(42.3229240492957,-54.9615490826908,-55.8016080610801));
#4270=CARTESIAN_POINT('Ctrl Pts',(42.3841662545815,-55.0668689871404,-55.8516573069743));
#4271=CARTESIAN_POINT('Ctrl Pts',(42.4449798159523,-55.1721888915899,-55.9017295221503));
#4272=CARTESIAN_POINT('Ctrl Pts',(45.8334441088826,-54.8562291782413,-55.7515358459041));
#4273=CARTESIAN_POINT('Ctrl Pts',(45.8334422356559,-54.9615490826908,-55.7771694224003));
#4274=CARTESIAN_POINT('Ctrl Pts',(45.8338094532496,-55.0668689871404,-55.8027873656368));
#4275=CARTESIAN_POINT('Ctrl Pts',(45.8338075800228,-55.17218889159,-55.828420942133));
#4276=CARTESIAN_POINT('Ctrl Pts',(48.8095554596808,-54.8562291782413,-55.7515358459041));
#4277=CARTESIAN_POINT('Ctrl Pts',(48.7927250036469,-54.9615490826909,-55.7628528260981));
#4278=CARTESIAN_POINT('Ctrl Pts',(48.7784042081804,-55.0668689871404,-55.7741058413377));
#4279=CARTESIAN_POINT('Ctrl Pts',(48.7615737521465,-55.17218889159,-55.7854228215316));
#4280=CARTESIAN_POINT('Ctrl Pts',(50.,-54.8562291782413,-55.7515358459041));
#4281=CARTESIAN_POINT('Ctrl Pts',(50.,-54.9615490826909,-55.7581337350397));
#4282=CARTESIAN_POINT('Ctrl Pts',(50.,-55.0668689871404,-55.7647316241752));
#4283=CARTESIAN_POINT('Ctrl Pts',(50.0000000000001,-55.17218889159,-55.7713295133107));
#4284=CARTESIAN_POINT('',(44.0661314898643,-54.8562291782413,-55.7515358459041));
#4285=CARTESIAN_POINT('',(0.,-54.8562291782413,-55.7515358459041));
#4286=CARTESIAN_POINT('',(50.,-55.17218889159,-55.7713295133108));
#4287=CARTESIAN_POINT('Ctrl Pts',(50.0000000000001,-55.17218889159,-55.7713295133107));
#4288=CARTESIAN_POINT('Ctrl Pts',(48.7615737521465,-55.17218889159,-55.7854228215316));
#4289=CARTESIAN_POINT('Ctrl Pts',(47.590467283297,-55.17218889159,-55.8026220697722));
#4290=CARTESIAN_POINT('Ctrl Pts',(46.4359597001113,-55.17218889159,-55.8227160960521));
#4291=CARTESIAN_POINT('Ctrl Pts',(44.7041983253327,-55.17218889159,-55.8528571354721));
#4292=CARTESIAN_POINT('Ctrl Pts',(43.0097844432974,-55.1721888915899,-55.8895114254807));
#4293=CARTESIAN_POINT('Ctrl Pts',(41.2086078256969,-55.17218889159,-55.9340134550887));
#4294=CARTESIAN_POINT('Ctrl Pts',(40.6082156198301,-55.1721888915899,-55.948847464958));
#4295=CARTESIAN_POINT('Ctrl Pts',(39.9959608877894,-55.1721888915899,-55.964553445894));
#4296=CARTESIAN_POINT('Ctrl Pts',(39.358895738186,-55.1721888915899,-55.9814532627276));
#4297=CARTESIAN_POINT('Ctrl Pts',(38.0847654389792,-55.17218889159,-56.0152528963948));
#4298=CARTESIAN_POINT('Ctrl Pts',(36.7113934695219,-55.17218889159,-56.0538278736528));
#4299=CARTESIAN_POINT('Ctrl Pts',(35.4411821981587,-55.1721888915899,-56.0896689169648));
#4300=CARTESIAN_POINT('Ctrl Pts',(35.1236293803179,-55.1721888915899,-56.0986291777928));
#4301=CARTESIAN_POINT('Ctrl Pts',(34.812524106108,-55.1721888915899,-56.1074185677492));
#4302=CARTESIAN_POINT('Ctrl Pts',(34.5047055137604,-55.1721888915899,-56.1160837031488));
#4303=CARTESIAN_POINT('Ctrl Pts',(33.5812497367177,-55.1721888915899,-56.1420791093475));
#4304=CARTESIAN_POINT('Ctrl Pts',(32.6873740964357,-55.17218889159,-56.1669562245349));
#4305=CARTESIAN_POINT('Ctrl Pts',(31.8148618351982,-55.17218889159,-56.1902335311352));
#4306=CARTESIAN_POINT('Ctrl Pts',(30.6515121535483,-55.17218889159,-56.2212699399357));
#4307=CARTESIAN_POINT('Ctrl Pts',(29.526141812422,-55.17218889159,-56.2494622445815));
#4308=CARTESIAN_POINT('Ctrl Pts',(28.4018091419784,-55.17218889159,-56.2739892743079));
#4309=CARTESIAN_POINT('Ctrl Pts',(27.2774764715348,-55.17218889159,-56.2985163040343));
#4310=CARTESIAN_POINT('Ctrl Pts',(26.1541814717738,-55.17218889159,-56.3193780588412));
#4311=CARTESIAN_POINT('Ctrl Pts',(25.,-55.17218889159,-56.3344269640696));
#4312=CARTESIAN_POINT('',(50.,-54.8562291782413,-55.7515358459041));
#4313=CARTESIAN_POINT('',(50.,-54.8562291782413,-55.7515358459041));
#4314=CARTESIAN_POINT('',(0.,-54.8562291782413,-55.7515358459041));
#4315=CARTESIAN_POINT('Ctrl Pts',(50.,-54.8562291782413,-55.7515358459041));
#4316=CARTESIAN_POINT('Ctrl Pts',(50.,-54.9615490826909,-55.7581337350397));
#4317=CARTESIAN_POINT('Ctrl Pts',(50.,-55.0668689871404,-55.7647316241752));
#4318=CARTESIAN_POINT('Ctrl Pts',(50.,-55.17218889159,-55.7713295133108));
#4319=CARTESIAN_POINT('Ctrl Pts',(50.,-54.0581821771481,-57.9441519610713));
#4320=CARTESIAN_POINT('Ctrl Pts',(50.0088328715917,-54.4295177486287,-57.9991571824396));
#4321=CARTESIAN_POINT('Ctrl Pts',(50.0176681979849,-54.8008533201094,-58.0542013652805));
#4322=CARTESIAN_POINT('Ctrl Pts',(50.0265010695765,-55.17218889159,-58.1092065866489));
#4323=CARTESIAN_POINT('Ctrl Pts',(50.,-53.2601351760549,-60.1367680762384));
#4324=CARTESIAN_POINT('Ctrl Pts',(50.0289823633004,-53.8974864145666,-60.2400502654216));
#4325=CARTESIAN_POINT('Ctrl Pts',(50.0579651656466,-54.5348376530782,-60.3432934662536));
#4326=CARTESIAN_POINT('Ctrl Pts',(50.086947528947,-55.17218889159,-60.4465756554369));
#4327=CARTESIAN_POINT('Ctrl Pts',(50.,-52.4620881749616,-62.3293841914055));
#4328=CARTESIAN_POINT('Ctrl Pts',(50.0604146848454,-53.3654550805044,-62.4804896556041));
#4329=CARTESIAN_POINT('Ctrl Pts',(50.1208293696908,-54.2688219860472,-62.6315951198027));
#4330=CARTESIAN_POINT('Ctrl Pts',(50.1812440545361,-55.1721888915899,-62.7827005840014));
#4331=CARTESIAN_POINT('',(50.,-54.17218889159,-57.6309210874759));
#4332=CARTESIAN_POINT('',(50.,-71.2731960578734,-10.6462900481805));
#4333=CARTESIAN_POINT('',(50.1812440545364,-55.1721888915905,-62.7827005840014));
#4334=CARTESIAN_POINT('Ctrl Pts',(50.1812440545362,-55.17218889159,-62.7827005840014));
#4335=CARTESIAN_POINT('Ctrl Pts',(50.134084553642,-55.17218889159,-61.6143597043222));
#4336=CARTESIAN_POINT('Ctrl Pts',(50.0953910615676,-55.17218889159,-60.4457383034479));
#4337=CARTESIAN_POINT('Ctrl Pts',(50.0349749289058,-55.17218889159,-58.1084917594098));
#4338=CARTESIAN_POINT('Ctrl Pts',(50.0132473764359,-55.17218889159,-56.9399894257653));
#4339=CARTESIAN_POINT('Ctrl Pts',(50.,-55.17218889159,-55.7713295133108));
#4340=CARTESIAN_POINT('',(50.,-52.4620881749616,-62.3293841914055));
#4341=CARTESIAN_POINT('',(50.,-52.4620881749616,-62.3293841914055));
#4342=CARTESIAN_POINT('',(50.,-54.17218889159,-57.6309210874759));
#4343=CARTESIAN_POINT('Ctrl Pts',(50.,-52.4620881749616,-62.3293841914055));
#4344=CARTESIAN_POINT('Ctrl Pts',(50.0604146848454,-53.3654550805044,-62.4804896556041));
#4345=CARTESIAN_POINT('Ctrl Pts',(50.1208293696908,-54.2688219860472,-62.6315951198027));
#4346=CARTESIAN_POINT('Ctrl Pts',(50.1812440545362,-55.17218889159,-62.7827005840013));
#4347=CARTESIAN_POINT('Ctrl Pts',(46.7622467703435,-52.4620881749616,-62.3293841914055));
#4348=CARTESIAN_POINT('Ctrl Pts',(46.7692764674236,-53.3654550805044,-62.5107520072852));
#4349=CARTESIAN_POINT('Ctrl Pts',(46.7778693319647,-54.2688219860472,-62.6894728989787));
#4350=CARTESIAN_POINT('Ctrl Pts',(46.7848990290448,-55.17218889159,-62.8708407148584));
#4351=CARTESIAN_POINT('Ctrl Pts',(42.4452424641348,-52.4620881749617,-62.3293841914055));
#4352=CARTESIAN_POINT('Ctrl Pts',(42.7111017904032,-53.3654550805045,-62.629450219326));
#4353=CARTESIAN_POINT('Ctrl Pts',(42.9772448931345,-54.2688219860472,-62.9293524205484));
#4354=CARTESIAN_POINT('Ctrl Pts',(43.2431042194029,-55.17218889159,-63.2294184484689));
#4355=CARTESIAN_POINT('Ctrl Pts',(37.0489870813739,-52.4620881749617,-62.3293841914055));
#4356=CARTESIAN_POINT('Ctrl Pts',(37.3637266709834,-53.3654550805044,-62.8922467832657));
#4357=CARTESIAN_POINT('Ctrl Pts',(37.6779161754859,-54.2688219860472,-63.455204443385));
#4358=CARTESIAN_POINT('Ctrl Pts',(37.9926557650955,-55.17218889159,-64.0180670352452));
#4359=CARTESIAN_POINT('Ctrl Pts',(33.8112338517173,-52.4620881749617,-62.3293841914055));
#4360=CARTESIAN_POINT('Ctrl Pts',(33.9984740516268,-53.3654550805045,-63.0857725746713));
#4361=CARTESIAN_POINT('Ctrl Pts',(34.1905083126163,-54.2688219860472,-63.8410874787763));
#4362=CARTESIAN_POINT('Ctrl Pts',(34.3777485125259,-55.17218889159,-64.597475862042));
#4363=CARTESIAN_POINT('Ctrl Pts',(31.1131061603369,-52.4620881749616,-62.3293841914055));
#4364=CARTESIAN_POINT('Ctrl Pts',(31.1869271066257,-53.3654550805044,-63.2363102747008));
#4365=CARTESIAN_POINT('Ctrl Pts',(31.2642466277318,-54.2688219860472,-64.1433012829467));
#4366=CARTESIAN_POINT('Ctrl Pts',(31.3380675740206,-55.17218889159,-65.050227366242));
#4367=CARTESIAN_POINT('Ctrl Pts',(28.9546040072325,-52.4620881749617,-62.3293841914055));
#4368=CARTESIAN_POINT('Ctrl Pts',(28.9128776282289,-53.3654550805044,-63.3400785310053));
#4369=CARTESIAN_POINT('Ctrl Pts',(28.8694624259324,-54.2688219860472,-64.3506267497826));
#4370=CARTESIAN_POINT('Ctrl Pts',(28.8277360469287,-55.17218889159,-65.3613210893824));
#4371=CARTESIAN_POINT('Ctrl Pts',(27.8753529306803,-52.4620881749616,-62.3293841914055));
#4372=CARTESIAN_POINT('Ctrl Pts',(27.8503941678502,-53.3654550805044,-63.3753927734366));
#4373=CARTESIAN_POINT('Ctrl Pts',(27.8335969345856,-54.2688219860472,-64.4210360741678));
#4374=CARTESIAN_POINT('Ctrl Pts',(27.8086381717555,-55.17218889159,-65.4670446561989));
#4375=CARTESIAN_POINT('Ctrl Pts',(27.3357273924042,-52.4620881749616,-62.3293841914055));
#4376=CARTESIAN_POINT('Ctrl Pts',(27.3272797729595,-53.3654550805044,-63.3911017472659));
#4377=CARTESIAN_POINT('Ctrl Pts',(27.3188321535147,-54.2688219860472,-64.4528193031262));
#4378=CARTESIAN_POINT('Ctrl Pts',(27.31038453407,-55.17218889159,-65.5145368589866));
#4379=CARTESIAN_POINT('',(42.3441250217376,-52.4620881749616,-62.3293841914055));
#4380=CARTESIAN_POINT('',(50.,-52.4620881749616,-62.3293841914055));
#4381=CARTESIAN_POINT('',(27.31038453407,-55.17218889159,-65.5145368589866));
#4382=CARTESIAN_POINT('Ctrl Pts',(27.31038453407,-55.17218889159,-65.5145368589866));
#4383=CARTESIAN_POINT('Ctrl Pts',(27.8086381717555,-55.17218889159,-65.4670446561989));
#4384=CARTESIAN_POINT('Ctrl Pts',(28.3181871093421,-55.17218889159,-65.4141828727906));
#4385=CARTESIAN_POINT('Ctrl Pts',(28.8867530190219,-55.17218889159,-65.348865265694));
#4386=CARTESIAN_POINT('Ctrl Pts',(29.4553189287017,-55.17218889159,-65.2835476585973));
#4387=CARTESIAN_POINT('Ctrl Pts',(30.0829018104747,-55.17218889159,-65.2057742278122));
#4388=CARTESIAN_POINT('Ctrl Pts',(30.7039357942237,-55.17218889159,-65.1237418403422));
#4389=CARTESIAN_POINT('Ctrl Pts',(31.9460037617217,-55.17218889159,-64.959677065402));
#4390=CARTESIAN_POINT('Ctrl Pts',(33.1618761371238,-55.17218889159,-64.778576463722));
#4391=CARTESIAN_POINT('Ctrl Pts',(34.3722968669198,-55.17218889159,-64.5914580250825));
#4392=CARTESIAN_POINT('Ctrl Pts',(35.5827175967157,-55.17218889159,-64.4043395864431));
#4393=CARTESIAN_POINT('Ctrl Pts',(36.7876866809056,-55.17218889159,-64.2112033108441));
#4394=CARTESIAN_POINT('Ctrl Pts',(37.9152160684313,-55.17218889159,-64.035770314367));
#4395=CARTESIAN_POINT('Ctrl Pts',(39.042745455957,-55.17218889159,-63.8603373178899));
#4396=CARTESIAN_POINT('Ctrl Pts',(40.0928351468184,-55.17218889159,-63.7026076005347));
#4397=CARTESIAN_POINT('Ctrl Pts',(41.1017645905672,-55.17218889159,-63.5618992041676));
#4398=CARTESIAN_POINT('Ctrl Pts',(44.1285529218134,-55.17218889159,-63.1397740150663));
#4399=CARTESIAN_POINT('Ctrl Pts',(46.7848990290448,-55.17218889159,-62.8708407148584));
#4400=CARTESIAN_POINT('Ctrl Pts',(50.1812440545362,-55.17218889159,-62.7827005840013));
#4401=CARTESIAN_POINT('',(27.3357273924042,-52.4620881749616,-62.3293841914055));
#4402=CARTESIAN_POINT('',(27.3357273924042,-52.4620881749616,-62.3293841914055));
#4403=CARTESIAN_POINT('',(50.,-52.4620881749616,-62.3293841914055));
#4404=CARTESIAN_POINT('Origin',(27.3357273924042,-52.4620881749616,-62.3293841914055));
#4405=CARTESIAN_POINT('',(50.,-52.4620881749616,-62.3293841914055));
#4406=CARTESIAN_POINT('',(63.2468410774526,-55.17218889159,-65.5145368589866));
#4407=CARTESIAN_POINT('Ctrl Pts',(0.,-52.4620881749616,-62.3293841914055));
#4408=CARTESIAN_POINT('Ctrl Pts',(-0.106378124289153,-53.3654550805044,
-62.4924598815962));
#4409=CARTESIAN_POINT('Ctrl Pts',(-0.212756248578305,-54.2688219860472,
-62.6555355717869));
#4410=CARTESIAN_POINT('Ctrl Pts',(-0.319134372867458,-55.17218889159,-62.8186112619776));
#4411=CARTESIAN_POINT('Ctrl Pts',(0.,-53.2601351760549,-60.1367680762384));
#4412=CARTESIAN_POINT('Ctrl Pts',(-0.0601364947124347,-53.8974864145666,
-60.252831137417));
#4413=CARTESIAN_POINT('Ctrl Pts',(-0.120272637393311,-54.5348376530783,
-60.3688588612444));
#4414=CARTESIAN_POINT('Ctrl Pts',(-0.180409132105746,-55.17218889159,-60.4849219224231));
#4415=CARTESIAN_POINT('Ctrl Pts',(0.,-54.0581821771481,-57.9441519610713));
#4416=CARTESIAN_POINT('Ctrl Pts',(-0.0246590030188491,-54.4295177486287,
-58.0125640105391));
#4417=CARTESIAN_POINT('Ctrl Pts',(-0.0493208779236672,-54.8008533201094,
-58.0810114965695));
#4418=CARTESIAN_POINT('Ctrl Pts',(-0.0739798809425163,-55.17218889159,-58.1494235460373));
#4419=CARTESIAN_POINT('Ctrl Pts',(0.,-54.8562291782413,-55.7515358459041));
#4420=CARTESIAN_POINT('Ctrl Pts',(1.43403807347416E-15,-54.9615490826909,
-55.7719523797549));
#4421=CARTESIAN_POINT('Ctrl Pts',(2.86807614694832E-15,-55.0668689871404,
-55.7923689136057));
#4422=CARTESIAN_POINT('Ctrl Pts',(4.30211422042248E-15,-55.17218889159,
-55.8127854474564));
#4423=CARTESIAN_POINT('Origin',(50.,-16.2731960578734,-10.6462900481805));
#4424=CARTESIAN_POINT('',(-50.,-16.2731960578734,-10.6462900481805));
#4425=CARTESIAN_POINT('',(50.,-16.2731960578734,-10.6462900481805));
#4426=CARTESIAN_POINT('',(-50.,-16.2731960578734,-10.6462900481805));
#4427=CARTESIAN_POINT('',(-50.,-16.2731960578734,9.35370995181946));
#4428=CARTESIAN_POINT('',(-50.,-16.2731960578734,-10.6462900481805));
#4429=CARTESIAN_POINT('',(50.,-16.2731960578734,9.35370995181946));
#4430=CARTESIAN_POINT('',(-50.,-16.2731960578734,9.35370995181946));
#4431=CARTESIAN_POINT('',(50.,-16.2731960578734,-10.6462900481805));
#4432=CARTESIAN_POINT('Origin',(0.,-21.2731960578734,9.35370995181946));
#4433=CARTESIAN_POINT('',(50.,-21.2731960578734,9.35370995181946));
#4434=CARTESIAN_POINT('',(-50.,-21.2731960578734,9.35370995181946));
#4435=CARTESIAN_POINT('Origin',(-50.,-71.2731960578734,-10.6462900481805));
#4436=CARTESIAN_POINT('Origin',(-50.,-71.2731960578734,-10.6462900481805));
#4437=CARTESIAN_POINT('Origin',(50.,-71.2731960578734,-10.6462900481805));
#4438=CARTESIAN_POINT('Origin',(-50.,-30.3155938434238,-39.3251118657328));
#4439=CARTESIAN_POINT('',(-50.,-21.2731960578734,-10.6462900481805));
#4440=CARTESIAN_POINT('Origin',(-50.,-71.2731960578734,-10.6462900481805));
#4441=CARTESIAN_POINT('',(-50.,-21.2731960578734,9.35370995181947));
#4442=CARTESIAN_POINT('Origin',(50.,-30.3155938434238,-39.3251118657328));
#4443=CARTESIAN_POINT('',(50.,-21.2731960578734,-10.6462900481805));
#4444=CARTESIAN_POINT('Origin',(50.,-71.2731960578734,-10.6462900481805));
#4445=CARTESIAN_POINT('',(50.,-21.2731960578734,9.35370995181947));
#4446=CARTESIAN_POINT('Origin',(63.5074189753423,-46.3155941341532,-10.6462900481805));
#4447=CARTESIAN_POINT('Origin',(50.,-46.2731960578734,-10.6462900481805));
#4448=CARTESIAN_POINT('',(50.,-71.2849444132765,-10.6462900481805));
#4449=CARTESIAN_POINT('',(50.,-69.2849444132765,-10.6462900481805));
#4450=CARTESIAN_POINT('',(52.4863775897599,-71.1610249391786,-10.6462900481805));
#4451=CARTESIAN_POINT('Origin',(50.,-46.279070235575,-10.6462900481805));
#4452=CARTESIAN_POINT('Origin',(50.,-46.279070235575,-10.6462900481805));
#4453=CARTESIAN_POINT('Ctrl Pts',(50.,-23.2731960578734,-10.6462900481805));
#4454=CARTESIAN_POINT('Ctrl Pts',(50.,-23.2731960578734,-10.6462900481805));
#4455=CARTESIAN_POINT('Ctrl Pts',(50.,-23.2731960578734,-10.6462900481805));
#4456=CARTESIAN_POINT('Ctrl Pts',(50.,-23.2731960578734,-10.6462900481805));
#4457=CARTESIAN_POINT('Ctrl Pts',(50.,-23.2731960578734,-13.3636226784753));
#4458=CARTESIAN_POINT('Ctrl Pts',(51.1470362430559,-23.2720084647734,-12.4578493999657));
#4459=CARTESIAN_POINT('Ctrl Pts',(52.2946344858049,-23.2743836509734,-11.5520633266902));
#4460=CARTESIAN_POINT('Ctrl Pts',(53.4416707288609,-23.2731960578734,-10.6462900481805));
#4461=CARTESIAN_POINT('Ctrl Pts',(50.,-23.7358351718663,-18.7982306250021));
#4462=CARTESIAN_POINT('Ctrl Pts',(53.4411418169205,-24.1053097093111,-16.0809042273777));
#4463=CARTESIAN_POINT('Ctrl Pts',(56.8806459511473,-24.4747342474527,-13.363616445805));
#4464=CARTESIAN_POINT('Ctrl Pts',(60.3217877680678,-24.8442087848975,-10.6462900481805));
#4465=CARTESIAN_POINT('Ctrl Pts',(50.,-25.7973753293587,-26.7157164841814));
#4466=CARTESIAN_POINT('Ctrl Pts',(56.2005664699278,-27.6794495409566,-21.3592620762318));
#4467=CARTESIAN_POINT('Ctrl Pts',(62.404136652199,-29.5608573080995,-16.0027444561302));
#4468=CARTESIAN_POINT('Ctrl Pts',(68.6047031221268,-31.4429315196973,-10.6462900481805));
#4469=CARTESIAN_POINT('Ctrl Pts',(50.,-29.1678878594181,-34.1706148894153));
#4470=CARTESIAN_POINT('Ctrl Pts',(57.7320448877905,-33.1070514898701,-26.3291461675898));
#4471=CARTESIAN_POINT('Ctrl Pts',(65.4612171407105,-37.0459217759753,-18.4877587700061));
#4472=CARTESIAN_POINT('Ctrl Pts',(73.193262028501,-40.9850854064273,-10.6462900481805));
#4473=CARTESIAN_POINT('Ctrl Pts',(50.,-33.7494873498434,-40.9488884108421));
#4474=CARTESIAN_POINT('Ctrl Pts',(57.7319953465022,-39.6905760290595,-30.8480525326374));
#4475=CARTESIAN_POINT('Ctrl Pts',(65.4671537992245,-45.6324114603489,-20.7471259263853));
#4476=CARTESIAN_POINT('Ctrl Pts',(73.1991491457268,-51.573500139565,-10.6462900481805));
#4477=CARTESIAN_POINT('Ctrl Pts',(50.,-39.4112121928903,-46.8549061339398));
#4478=CARTESIAN_POINT('Ctrl Pts',(56.200665831377,-46.645572634172,-34.7853217983358));
#4479=CARTESIAN_POINT('Ctrl Pts',(62.398912370528,-53.8770398769508,-22.7158743837846));
#4480=CARTESIAN_POINT('Ctrl Pts',(68.599578201905,-61.1114003182325,-10.6462900481805));
#4481=CARTESIAN_POINT('Ctrl Pts',(50.,-45.9893908661149,-51.7194012986851));
#4482=CARTESIAN_POINT('Ctrl Pts',(53.4409241461599,-53.2309236884695,-38.0284011087635));
#4483=CARTESIAN_POINT('Ctrl Pts',(56.8839426100371,-60.4746262771002,-24.3372902381022));
#4484=CARTESIAN_POINT('Ctrl Pts',(60.324866756197,-67.7161590994548,-10.6462900481805));
#4485=CARTESIAN_POINT('Ctrl Pts',(50.,-50.8600249645526,-54.1742849771739));
#4486=CARTESIAN_POINT('Ctrl Pts',(51.1471618135373,-57.0028725312041,-39.6649066080361));
#4487=CARTESIAN_POINT('Ctrl Pts',(52.2945089153235,-63.142096846625,-25.1556684173184));
#4488=CARTESIAN_POINT('Ctrl Pts',(53.4416707288609,-69.2849444132765,-10.6462900481805));
#4489=CARTESIAN_POINT('Ctrl Pts',(50.,-53.3815319800323,-55.1871516981946));
#4490=CARTESIAN_POINT('Ctrl Pts',(50.,-58.6826694577804,-40.3401978148566));
#4491=CARTESIAN_POINT('Ctrl Pts',(50.,-63.9838069355285,-25.4932439315185));
#4492=CARTESIAN_POINT('Ctrl Pts',(50.,-69.2849444132765,-10.6462900481805));
#4493=CARTESIAN_POINT('',(50.,-23.2731960578734,-10.6462900481805));
#4494=CARTESIAN_POINT('',(50.,-53.3815319800323,-55.1871516981946));
#4495=CARTESIAN_POINT('Origin',(50.,-71.2731960578734,-10.6462900481805));
#4496=CARTESIAN_POINT('',(50.,-69.2849444132765,-10.6462900481805));
#4497=CARTESIAN_POINT('',(50.,-53.3815319800323,-55.1871516981946));
#4498=CARTESIAN_POINT('Ctrl Pts',(50.,-23.2731960578734,-10.6462900481805));
#4499=CARTESIAN_POINT('Ctrl Pts',(53.4416707288609,-23.2731960578734,-10.6462900481805));
#4500=CARTESIAN_POINT('Ctrl Pts',(60.3217877680678,-24.8442087848975,-10.6462900481805));
#4501=CARTESIAN_POINT('Ctrl Pts',(68.6047031221268,-31.4429315196973,-10.6462900481805));
#4502=CARTESIAN_POINT('Ctrl Pts',(73.193262028501,-40.9850854064273,-10.6462900481805));
#4503=CARTESIAN_POINT('Ctrl Pts',(73.1991491457268,-51.573500139565,-10.6462900481805));
#4504=CARTESIAN_POINT('Ctrl Pts',(68.599578201905,-61.1114003182325,-10.6462900481805));
#4505=CARTESIAN_POINT('Ctrl Pts',(60.324866756197,-67.7161590994548,-10.6462900481805));
#4506=CARTESIAN_POINT('Ctrl Pts',(53.4416707288609,-69.2849444132765,-10.6462900481805));
#4507=CARTESIAN_POINT('Ctrl Pts',(50.,-69.2849444132765,-10.6462900481805));
#4508=CARTESIAN_POINT('Origin',(50.,-71.2731960578734,-10.6462900481805));
#4509=CARTESIAN_POINT('Origin',(50.,-71.2731960578734,-10.6462900481805));
#4510=CARTESIAN_POINT('',(50.,-54.8562291782413,-55.7515358459042));
#4511=CARTESIAN_POINT('',(50.,-58.7731960578734,-10.6462900481805));
#4512=CARTESIAN_POINT('Ctrl Pts',(50.,-54.8562291782413,-55.7515358459042));
#4513=CARTESIAN_POINT('Ctrl Pts',(50.,-60.3324675899197,-40.7164539133296));
#4514=CARTESIAN_POINT('Ctrl Pts',(50.,-65.8087060015981,-25.6813719807551));
#4515=CARTESIAN_POINT('Ctrl Pts',(50.,-71.2849444132765,-10.6462900481805));
#4516=CARTESIAN_POINT('Ctrl Pts',(50.,-54.6282157493575,-56.3779975930947));
#4517=CARTESIAN_POINT('Ctrl Pts',(50.2767215385597,-60.1804610790772,-41.1340950781234));
#4518=CARTESIAN_POINT('Ctrl Pts',(50.5534427697232,-65.7326990835568,-25.8901925631519));
#4519=CARTESIAN_POINT('Ctrl Pts',(50.8301643082829,-71.2849444132765,-10.6462900481805));
#4520=CARTESIAN_POINT('Ctrl Pts',(50.,-54.4002023204737,-57.0044593402853));
#4521=CARTESIAN_POINT('Ctrl Pts',(50.5534425594323,-60.0146605272074,-41.551736242917));
#4522=CARTESIAN_POINT('Ctrl Pts',(51.106884696376,-65.629111414437,-26.0990131455488));
#4523=CARTESIAN_POINT('Ctrl Pts',(51.6603272558083,-71.2435696211707,-10.6462900481805));
#4524=CARTESIAN_POINT('Ctrl Pts',(50.,-54.17218889159,-57.6309210874759));
#4525=CARTESIAN_POINT('Ctrl Pts',(50.82879252992,-59.8351342407862,-41.9693774077108));
#4526=CARTESIAN_POINT('Ctrl Pts',(51.6575850598399,-65.4980795899824,-26.3078337279457));
#4527=CARTESIAN_POINT('Ctrl Pts',(52.4863775897599,-71.1610249391786,-10.6462900481805));
#4528=CARTESIAN_POINT('',(50.,-54.17218889159,-57.6309210874759));
#4529=CARTESIAN_POINT('Ctrl Pts',(50.,-54.17218889159,-57.6309210874759));
#4530=CARTESIAN_POINT('Ctrl Pts',(50.82879252992,-59.8351342407862,-41.9693774077108));
#4531=CARTESIAN_POINT('Ctrl Pts',(51.6575850598399,-65.4980795899824,-26.3078337279457));
#4532=CARTESIAN_POINT('Ctrl Pts',(52.4863775897599,-71.1610249391786,-10.6462900481805));
#4533=CARTESIAN_POINT('Ctrl Pts',(50.,-51.4387338600219,-56.63602481928));
#4534=CARTESIAN_POINT('Ctrl Pts',(52.0301742748895,-57.8939723932356,-41.306060183302));
#4535=CARTESIAN_POINT('Ctrl Pts',(54.0605278435342,-64.3456172857713,-25.9762546841585));
#4536=CARTESIAN_POINT('Ctrl Pts',(56.0907021184237,-70.8008558189851,-10.6462900481805));
#4537=CARTESIAN_POINT('Ctrl Pts',(50.,-46.1459851503747,-54.1679275362741));
#4538=CARTESIAN_POINT('Ctrl Pts',(54.3796296102884,-53.5937642980879,-39.6607041538368));
#4539=CARTESIAN_POINT('Ctrl Pts',(58.7577078065617,-61.0415921934404,-25.1535134306178));
#4540=CARTESIAN_POINT('Ctrl Pts',(63.1373374168501,-68.4893713411536,-10.6462900481805));
#4541=CARTESIAN_POINT('Ctrl Pts',(50.,-38.9700810335878,-49.1436266927858));
#4542=CARTESIAN_POINT('Ctrl Pts',(57.0897074475129,-46.2784542409653,-36.3112104296571));
#4543=CARTESIAN_POINT('Ctrl Pts',(64.1823120209828,-53.5874828397235,-23.4787063113092));
#4544=CARTESIAN_POINT('Ctrl Pts',(71.2720194684956,-60.8958560471011,-10.6462900481805));
#4545=CARTESIAN_POINT('Ctrl Pts',(50.,-32.7760957247954,-42.9492021194795));
#4546=CARTESIAN_POINT('Ctrl Pts',(58.4818739009434,-38.7109961297475,-32.1815366281765));
#4547=CARTESIAN_POINT('Ctrl Pts',(66.9609989983263,-44.6460782647377,-21.4139555394835));
#4548=CARTESIAN_POINT('Ctrl Pts',(75.4428728992696,-50.5809786696898,-10.6462900481805));
#4549=CARTESIAN_POINT('Ctrl Pts',(50.,-27.7513493729239,-35.7736530785479));
#4550=CARTESIAN_POINT('Ctrl Pts',(58.2972176416336,-31.6570872955265,-27.3978926361155));
#4551=CARTESIAN_POINT('Ctrl Pts',(66.5974350008837,-35.5622108957393,-19.0220504906129));
#4552=CARTESIAN_POINT('Ctrl Pts',(74.8946526425174,-39.4679488183419,-10.6462900481805));
#4553=CARTESIAN_POINT('Ctrl Pts',(50.,-24.0495181715354,-27.8343087132697));
#4554=CARTESIAN_POINT('Ctrl Pts',(56.570233740197,-25.9066259364171,-22.1049511255837));
#4555=CARTESIAN_POINT('Ctrl Pts',(63.1382057703135,-27.7662645993443,-16.3756476358664));
#4556=CARTESIAN_POINT('Ctrl Pts',(69.7084395105105,-29.6233723642261,-10.6462900481805));
#4557=CARTESIAN_POINT('Ctrl Pts',(50.,-21.7820343842107,-19.3729426688385));
#4558=CARTESIAN_POINT('Ctrl Pts',(53.621584611042,-22.1454399624452,-16.4640746425439));
#4559=CARTESIAN_POINT('Ctrl Pts',(57.2451356316245,-22.5069351479354,-13.5551580744752));
#4560=CARTESIAN_POINT('Ctrl Pts',(60.8667202426665,-22.8703407261699,-10.6462900481805));
#4561=CARTESIAN_POINT('Ctrl Pts',(50.,-21.2731960578734,-13.5551721348378));
#4562=CARTESIAN_POINT('Ctrl Pts',(51.2073681984861,-21.2721180026573,-12.5855460536477));
#4563=CARTESIAN_POINT('Ctrl Pts',(52.4149069295334,-21.2742741130896,-11.6159161293706));
#4564=CARTESIAN_POINT('Ctrl Pts',(53.6222751280195,-21.2731960578734,-10.6462900481805));
#4565=CARTESIAN_POINT('Ctrl Pts',(50.,-21.2731960578734,-10.6462900481805));
#4566=CARTESIAN_POINT('Ctrl Pts',(50.,-21.2731960578734,-10.6462900481805));
#4567=CARTESIAN_POINT('Ctrl Pts',(50.,-21.2731960578734,-10.6462900481805));
#4568=CARTESIAN_POINT('Ctrl Pts',(50.,-21.2731960578734,-10.6462900481805));
#4569=CARTESIAN_POINT('Origin',(-50.,-71.2731960578734,-10.6462900481805));
#4570=CARTESIAN_POINT('',(-50.,-53.3815319800323,-55.1871516981946));
#4571=CARTESIAN_POINT('Origin',(-50.,-71.2731960578734,-10.6462900481805));
#4572=CARTESIAN_POINT('',(-50.,-69.2849444132765,-10.6462900481805));
#4573=CARTESIAN_POINT('',(-50.,-53.3815319800323,-55.1871516981946));
#4574=CARTESIAN_POINT('',(-50.,-58.7731960578734,-10.6462900481805));
#4575=CARTESIAN_POINT('',(-50.,-71.2849444132765,-10.6462900481805));
#4576=CARTESIAN_POINT('',(-50.,-69.2849444132765,-10.6462900481805));
#4577=CARTESIAN_POINT('',(-50.,-54.8562291782413,-55.7515358459042));
#4578=CARTESIAN_POINT('Origin',(-63.5074189753423,-46.3155941341532,-10.6462900481805));
#4579=CARTESIAN_POINT('Origin',(-50.,-46.2731960578734,-10.6462900481805));
#4580=CARTESIAN_POINT('',(-52.4863775897599,-71.1610249391786,-10.6462900481805));
#4581=CARTESIAN_POINT('Origin',(-50.,-46.279070235575,-10.6462900481805));
#4582=CARTESIAN_POINT('Origin',(-50.,-46.279070235575,-10.6462900481805));
#4583=CARTESIAN_POINT('Ctrl Pts',(-50.,-23.2731960578734,-10.6462900481805));
#4584=CARTESIAN_POINT('Ctrl Pts',(-50.,-23.2731960578734,-10.6462900481805));
#4585=CARTESIAN_POINT('Ctrl Pts',(-50.,-23.2731960578734,-10.6462900481805));
#4586=CARTESIAN_POINT('Ctrl Pts',(-50.,-23.2731960578734,-10.6462900481805));
#4587=CARTESIAN_POINT('Ctrl Pts',(-50.,-23.2731960578734,-13.3636226784753));
#4588=CARTESIAN_POINT('Ctrl Pts',(-51.1470362430559,-23.2720084647734,-12.4578493999657));
#4589=CARTESIAN_POINT('Ctrl Pts',(-52.2946344858049,-23.2743836509734,-11.5520633266902));
#4590=CARTESIAN_POINT('Ctrl Pts',(-53.4416707288609,-23.2731960578734,-10.6462900481805));
#4591=CARTESIAN_POINT('Ctrl Pts',(-50.,-23.7358351718663,-18.7982306250021));
#4592=CARTESIAN_POINT('Ctrl Pts',(-53.4411418169205,-24.1053097093111,-16.0809042273777));
#4593=CARTESIAN_POINT('Ctrl Pts',(-56.8806459511473,-24.4747342474527,-13.363616445805));
#4594=CARTESIAN_POINT('Ctrl Pts',(-60.3217877680678,-24.8442087848975,-10.6462900481805));
#4595=CARTESIAN_POINT('Ctrl Pts',(-50.,-25.7973753293587,-26.7157164841814));
#4596=CARTESIAN_POINT('Ctrl Pts',(-56.2005664699278,-27.6794495409566,-21.3592620762318));
#4597=CARTESIAN_POINT('Ctrl Pts',(-62.404136652199,-29.5608573080995,-16.0027444561302));
#4598=CARTESIAN_POINT('Ctrl Pts',(-68.6047031221268,-31.4429315196973,-10.6462900481805));
#4599=CARTESIAN_POINT('Ctrl Pts',(-50.,-29.1678878594181,-34.1706148894153));
#4600=CARTESIAN_POINT('Ctrl Pts',(-57.7320448877905,-33.1070514898701,-26.3291461675898));
#4601=CARTESIAN_POINT('Ctrl Pts',(-65.4612171407105,-37.0459217759753,-18.4877587700061));
#4602=CARTESIAN_POINT('Ctrl Pts',(-73.193262028501,-40.9850854064273,-10.6462900481805));
#4603=CARTESIAN_POINT('Ctrl Pts',(-50.,-33.7494873498434,-40.9488884108421));
#4604=CARTESIAN_POINT('Ctrl Pts',(-57.7319953465022,-39.6905760290595,-30.8480525326374));
#4605=CARTESIAN_POINT('Ctrl Pts',(-65.4671537992245,-45.6324114603489,-20.7471259263853));
#4606=CARTESIAN_POINT('Ctrl Pts',(-73.1991491457268,-51.573500139565,-10.6462900481805));
#4607=CARTESIAN_POINT('Ctrl Pts',(-50.,-39.4112121928903,-46.8549061339398));
#4608=CARTESIAN_POINT('Ctrl Pts',(-56.200665831377,-46.645572634172,-34.7853217983358));
#4609=CARTESIAN_POINT('Ctrl Pts',(-62.398912370528,-53.8770398769508,-22.7158743837846));
#4610=CARTESIAN_POINT('Ctrl Pts',(-68.599578201905,-61.1114003182325,-10.6462900481805));
#4611=CARTESIAN_POINT('Ctrl Pts',(-50.,-45.9893908661149,-51.7194012986851));
#4612=CARTESIAN_POINT('Ctrl Pts',(-53.4409241461599,-53.2309236884695,-38.0284011087635));
#4613=CARTESIAN_POINT('Ctrl Pts',(-56.8839426100371,-60.4746262771002,-24.3372902381022));
#4614=CARTESIAN_POINT('Ctrl Pts',(-60.324866756197,-67.7161590994548,-10.6462900481805));
#4615=CARTESIAN_POINT('Ctrl Pts',(-50.,-50.8600249645526,-54.1742849771739));
#4616=CARTESIAN_POINT('Ctrl Pts',(-51.1471618135373,-57.0028725312041,-39.6649066080361));
#4617=CARTESIAN_POINT('Ctrl Pts',(-52.2945089153235,-63.142096846625,-25.1556684173184));
#4618=CARTESIAN_POINT('Ctrl Pts',(-53.4416707288609,-69.2849444132765,-10.6462900481805));
#4619=CARTESIAN_POINT('Ctrl Pts',(-50.,-53.3815319800323,-55.1871516981946));
#4620=CARTESIAN_POINT('Ctrl Pts',(-50.,-58.6826694577804,-40.3401978148566));
#4621=CARTESIAN_POINT('Ctrl Pts',(-50.,-63.9838069355285,-25.4932439315185));
#4622=CARTESIAN_POINT('Ctrl Pts',(-50.,-69.2849444132765,-10.6462900481805));
#4623=CARTESIAN_POINT('',(-50.,-23.2731960578734,-10.6462900481805));
#4624=CARTESIAN_POINT('Origin',(-50.,-71.2731960578734,-10.6462900481805));
#4625=CARTESIAN_POINT('Ctrl Pts',(-50.,-69.2849444132765,-10.6462900481805));
#4626=CARTESIAN_POINT('Ctrl Pts',(-53.4416707288609,-69.2849444132765,-10.6462900481805));
#4627=CARTESIAN_POINT('Ctrl Pts',(-60.324866756197,-67.7161590994548,-10.6462900481805));
#4628=CARTESIAN_POINT('Ctrl Pts',(-68.599578201905,-61.1114003182325,-10.6462900481805));
#4629=CARTESIAN_POINT('Ctrl Pts',(-73.1991491457268,-51.573500139565,-10.6462900481805));
#4630=CARTESIAN_POINT('Ctrl Pts',(-73.193262028501,-40.9850854064273,-10.6462900481805));
#4631=CARTESIAN_POINT('Ctrl Pts',(-68.6047031221268,-31.4429315196973,-10.6462900481805));
#4632=CARTESIAN_POINT('Ctrl Pts',(-60.3217877680678,-24.8442087848975,-10.6462900481805));
#4633=CARTESIAN_POINT('Ctrl Pts',(-53.4416707288609,-23.2731960578734,-10.6462900481805));
#4634=CARTESIAN_POINT('Ctrl Pts',(-50.,-23.2731960578734,-10.6462900481805));
#4635=CARTESIAN_POINT('Ctrl Pts',(-50.,-54.8562291782413,-55.7515358459042));
#4636=CARTESIAN_POINT('Ctrl Pts',(-50.,-60.3324675899197,-40.7164539133296));
#4637=CARTESIAN_POINT('Ctrl Pts',(-50.,-65.8087060015981,-25.6813719807551));
#4638=CARTESIAN_POINT('Ctrl Pts',(-50.,-71.2849444132765,-10.6462900481805));
#4639=CARTESIAN_POINT('Ctrl Pts',(-50.,-54.6282157493575,-56.3779975930947));
#4640=CARTESIAN_POINT('Ctrl Pts',(-50.2767215385597,-60.1804610790772,-41.1340950781234));
#4641=CARTESIAN_POINT('Ctrl Pts',(-50.5534427697232,-65.7326990835568,-25.8901925631519));
#4642=CARTESIAN_POINT('Ctrl Pts',(-50.8301643082829,-71.2849444132765,-10.6462900481805));
#4643=CARTESIAN_POINT('Ctrl Pts',(-50.,-54.4002023204737,-57.0044593402853));
#4644=CARTESIAN_POINT('Ctrl Pts',(-50.5534425594323,-60.0146605272074,-41.551736242917));
#4645=CARTESIAN_POINT('Ctrl Pts',(-51.106884696376,-65.629111414437,-26.0990131455488));
#4646=CARTESIAN_POINT('Ctrl Pts',(-51.6603272558083,-71.2435696211707,-10.6462900481805));
#4647=CARTESIAN_POINT('Ctrl Pts',(-50.,-54.17218889159,-57.6309210874759));
#4648=CARTESIAN_POINT('Ctrl Pts',(-50.82879252992,-59.8351342407862,-41.9693774077108));
#4649=CARTESIAN_POINT('Ctrl Pts',(-51.6575850598399,-65.4980795899824,-26.3078337279457));
#4650=CARTESIAN_POINT('Ctrl Pts',(-52.4863775897599,-71.1610249391786,-10.6462900481805));
#4651=CARTESIAN_POINT('',(-50.,-54.17218889159,-57.6309210874759));
#4652=CARTESIAN_POINT('Ctrl Pts',(-50.,-54.17218889159,-57.6309210874759));
#4653=CARTESIAN_POINT('Ctrl Pts',(-50.82879252992,-59.8351342407862,-41.9693774077108));
#4654=CARTESIAN_POINT('Ctrl Pts',(-51.6575850598399,-65.4980795899824,-26.3078337279457));
#4655=CARTESIAN_POINT('Ctrl Pts',(-52.4863775897599,-71.1610249391786,-10.6462900481805));
#4656=CARTESIAN_POINT('Ctrl Pts',(-50.,-51.4387338600219,-56.63602481928));
#4657=CARTESIAN_POINT('Ctrl Pts',(-52.0301742748895,-57.8939723932356,-41.306060183302));
#4658=CARTESIAN_POINT('Ctrl Pts',(-54.0605278435342,-64.3456172857713,-25.9762546841585));
#4659=CARTESIAN_POINT('Ctrl Pts',(-56.0907021184237,-70.8008558189851,-10.6462900481805));
#4660=CARTESIAN_POINT('Ctrl Pts',(-50.,-46.1459851503747,-54.1679275362741));
#4661=CARTESIAN_POINT('Ctrl Pts',(-54.3796296102884,-53.5937642980879,-39.6607041538368));
#4662=CARTESIAN_POINT('Ctrl Pts',(-58.7577078065617,-61.0415921934404,-25.1535134306178));
#4663=CARTESIAN_POINT('Ctrl Pts',(-63.1373374168501,-68.4893713411536,-10.6462900481805));
#4664=CARTESIAN_POINT('Ctrl Pts',(-50.,-38.9700810335878,-49.1436266927858));
#4665=CARTESIAN_POINT('Ctrl Pts',(-57.0897074475129,-46.2784542409653,-36.3112104296571));
#4666=CARTESIAN_POINT('Ctrl Pts',(-64.1823120209828,-53.5874828397235,-23.4787063113092));
#4667=CARTESIAN_POINT('Ctrl Pts',(-71.2720194684956,-60.8958560471011,-10.6462900481805));
#4668=CARTESIAN_POINT('Ctrl Pts',(-50.,-32.7760957247954,-42.9492021194795));
#4669=CARTESIAN_POINT('Ctrl Pts',(-58.4818739009434,-38.7109961297475,-32.1815366281765));
#4670=CARTESIAN_POINT('Ctrl Pts',(-66.9609989983263,-44.6460782647377,-21.4139555394835));
#4671=CARTESIAN_POINT('Ctrl Pts',(-75.4428728992696,-50.5809786696898,-10.6462900481805));
#4672=CARTESIAN_POINT('Ctrl Pts',(-50.,-27.7513493729239,-35.7736530785479));
#4673=CARTESIAN_POINT('Ctrl Pts',(-58.2972176416336,-31.6570872955265,-27.3978926361155));
#4674=CARTESIAN_POINT('Ctrl Pts',(-66.5974350008837,-35.5622108957393,-19.0220504906129));
#4675=CARTESIAN_POINT('Ctrl Pts',(-74.8946526425174,-39.4679488183419,-10.6462900481805));
#4676=CARTESIAN_POINT('Ctrl Pts',(-50.,-24.0495181715354,-27.8343087132697));
#4677=CARTESIAN_POINT('Ctrl Pts',(-56.570233740197,-25.9066259364171,-22.1049511255837));
#4678=CARTESIAN_POINT('Ctrl Pts',(-63.1382057703135,-27.7662645993443,-16.3756476358664));
#4679=CARTESIAN_POINT('Ctrl Pts',(-69.7084395105105,-29.6233723642261,-10.6462900481805));
#4680=CARTESIAN_POINT('Ctrl Pts',(-50.,-21.7820343842107,-19.3729426688385));
#4681=CARTESIAN_POINT('Ctrl Pts',(-53.621584611042,-22.1454399624452,-16.4640746425439));
#4682=CARTESIAN_POINT('Ctrl Pts',(-57.2451356316245,-22.5069351479354,-13.5551580744752));
#4683=CARTESIAN_POINT('Ctrl Pts',(-60.8667202426665,-22.8703407261699,-10.6462900481805));
#4684=CARTESIAN_POINT('Ctrl Pts',(-50.,-21.2731960578734,-13.5551721348378));
#4685=CARTESIAN_POINT('Ctrl Pts',(-51.2073681984861,-21.2721180026573,-12.5855460536477));
#4686=CARTESIAN_POINT('Ctrl Pts',(-52.4149069295334,-21.2742741130896,-11.6159161293706));
#4687=CARTESIAN_POINT('Ctrl Pts',(-53.6222751280195,-21.2731960578734,-10.6462900481805));
#4688=CARTESIAN_POINT('Ctrl Pts',(-50.,-21.2731960578734,-10.6462900481805));
#4689=CARTESIAN_POINT('Ctrl Pts',(-50.,-21.2731960578734,-10.6462900481805));
#4690=CARTESIAN_POINT('Ctrl Pts',(-50.,-21.2731960578734,-10.6462900481805));
#4691=CARTESIAN_POINT('Ctrl Pts',(-50.,-21.2731960578734,-10.6462900481805));
#4692=CARTESIAN_POINT('Origin',(0.,-46.2731960578734,-10.6462900481805));
#4693=CARTESIAN_POINT('',(-50.,-69.2731960578734,-10.6462900481805));
#4694=CARTESIAN_POINT('Origin',(-50.,-46.2731960578734,-10.6462900481805));
#4695=CARTESIAN_POINT('',(50.,-69.2731960578734,-10.6462900481805));
#4696=CARTESIAN_POINT('',(-50.,-69.2731960578734,-10.6462900481805));
#4697=CARTESIAN_POINT('Origin',(50.,-46.2731960578734,-10.6462900481805));
#4698=CARTESIAN_POINT('Origin',(0.,-71.2731960578734,-10.6462900481805));
#4699=CARTESIAN_POINT('',(0.,-23.2731960578734,-10.6462900481805));
#4700=CARTESIAN_POINT('Origin',(0.,-46.2731960578734,9.35370995181947));
#4701=CARTESIAN_POINT('',(-1.07353168490188E-17,-70.8328924640326,9.35370995181946));
#4702=CARTESIAN_POINT('Ctrl Pts',(2.99760216648792E-14,-70.8328924640325,
9.35370995181946));
#4703=CARTESIAN_POINT('Ctrl Pts',(1.73133916750761,-70.8328924640325,9.35370995181946));
#4704=CARTESIAN_POINT('Ctrl Pts',(3.45591005044104,-70.8324948919287,9.35370995181947));
#4705=CARTESIAN_POINT('Ctrl Pts',(5.17043854018907,-70.8317323918973,9.35370995181947));
#4706=CARTESIAN_POINT('Ctrl Pts',(15.3421294589325,-70.8272087489883,9.35370995181947));
#4707=CARTESIAN_POINT('Ctrl Pts',(25.7015594830863,-70.8095974590404,9.35370995181947));
#4708=CARTESIAN_POINT('Ctrl Pts',(35.3467507713373,-70.7808305149365,9.35370995181947));
#4709=CARTESIAN_POINT('Ctrl Pts',(38.8047225920857,-70.7705170562287,9.35370995181947));
#4710=CARTESIAN_POINT('Ctrl Pts',(42.178004870607,-70.7587542119685,9.35370995181947));
#4711=CARTESIAN_POINT('Ctrl Pts',(45.4544285067983,-70.7456197546687,9.35370995181947));
#4712=CARTESIAN_POINT('Ctrl Pts',(46.6475939199974,-70.7408366185692,9.35370995181947));
#4713=CARTESIAN_POINT('Ctrl Pts',(47.8082387072478,-70.7359511316233,9.35370995181927));
#4714=CARTESIAN_POINT('Ctrl Pts',(48.9384033175133,-70.7309797247629,9.35370995181927));
#4715=CARTESIAN_POINT('Ctrl Pts',(49.2245614239268,-70.7297209626671,9.35370995181927));
#4716=CARTESIAN_POINT('Ctrl Pts',(49.5028580630277,-70.7284826917952,9.35370995181944));
#4717=CARTESIAN_POINT('Ctrl Pts',(49.7739026053077,-70.7272642229505,9.35370995181944));
#4718=CARTESIAN_POINT('Ctrl Pts',(49.8765357440496,-70.7268028401795,9.35370995181944));
#4719=CARTESIAN_POINT('Ctrl Pts',(49.9763484022604,-70.7263523016388,9.35370995181944));
#4720=CARTESIAN_POINT('Ctrl Pts',(50.073560925722,-70.7259118892215,9.35370995181944));
#4721=CARTESIAN_POINT('Ctrl Pts',(50.3936810701466,-70.7244616142818,9.35370995181944));
#4722=CARTESIAN_POINT('Ctrl Pts',(50.7079776303837,-70.721800896209,9.35370995181959));
#4723=CARTESIAN_POINT('Ctrl Pts',(51.2069511211507,-70.6976354858294,9.35370995181959));
#4724=CARTESIAN_POINT('Ctrl Pts',(54.4733798758804,-70.5394415280452,9.35370995181959));
#4725=CARTESIAN_POINT('Ctrl Pts',(57.5815365312817,-69.723842429496,9.35370995181946));
#4726=CARTESIAN_POINT('Ctrl Pts',(60.3784869277293,-68.393155627549,9.35370995181946));
#4727=CARTESIAN_POINT('Ctrl Pts',(63.2620825029815,-67.0212462154214,9.35370995181946));
#4728=CARTESIAN_POINT('Ctrl Pts',(65.762903531469,-65.1284772488699,9.35370995181944));
#4729=CARTESIAN_POINT('Ctrl Pts',(67.7972112860723,-62.891194394803,9.35370995181944));
#4730=CARTESIAN_POINT('Ctrl Pts',(69.820311492222,-60.6662373335935,9.35370995181944));
#4731=CARTESIAN_POINT('Ctrl Pts',(71.346829471693,-58.1411844832398,9.3537099518195));
#4732=CARTESIAN_POINT('Ctrl Pts',(72.3662608335057,-55.4820657201268,9.3537099518195));
#4733=CARTESIAN_POINT('Ctrl Pts',(73.3499575976168,-52.9161582734397,9.3537099518195));
#4734=CARTESIAN_POINT('Ctrl Pts',(73.8443923918894,-50.2731958197651,9.3537099517525));
#4735=CARTESIAN_POINT('Ctrl Pts',(73.898775534113,-47.6674883446706,9.3537099517525));
#4736=CARTESIAN_POINT('Ctrl Pts',(73.9539536458097,-45.0236907958139,9.3537099517525));
#4737=CARTESIAN_POINT('Ctrl Pts',(73.5598239363323,-41.9964977822943,9.35370995172589));
#4738=CARTESIAN_POINT('Ctrl Pts',(72.4565537251533,-38.932876346292,9.35370995172589));
#4739=CARTESIAN_POINT('Ctrl Pts',(71.33495081567,-35.8183476647791,9.35370995172589));
#4740=CARTESIAN_POINT('Ctrl Pts',(69.626423827533,-33.0395586939401,9.35370995182927));
#4741=CARTESIAN_POINT('Ctrl Pts',(67.5082871591633,-30.7262222483678,9.35370995182927));
#4742=CARTESIAN_POINT('Ctrl Pts',(65.350029115676,-28.3690669875642,9.35370995182927));
#4743=CARTESIAN_POINT('Ctrl Pts',(62.8079572941268,-26.5371674170152,9.35370995172703));
#4744=CARTESIAN_POINT('Ctrl Pts',(60.0631386469001,-25.2654001779808,9.35370995172703));
#4745=CARTESIAN_POINT('Ctrl Pts',(57.2498743783965,-23.9619197695232,9.35370995172703));
#4746=CARTESIAN_POINT('Ctrl Pts',(54.2960662415705,-23.2778601819383,9.3537099518193));
#4747=CARTESIAN_POINT('Ctrl Pts',(51.3603081057292,-23.1476205785835,9.3537099518193));
#4748=CARTESIAN_POINT('Ctrl Pts',(50.861712517879,-23.1255012865331,9.3537099518193));
#4749=CARTESIAN_POINT('Ctrl Pts',(48.9256682960188,-23.052834337231,9.35370995181946));
#4750=CARTESIAN_POINT('Ctrl Pts',(46.0825556299359,-22.9922241532663,9.35370995181946));
#4751=CARTESIAN_POINT('Ctrl Pts',(39.5563615849356,-22.8530971231014,9.35370995181946));
#4752=CARTESIAN_POINT('Ctrl Pts',(31.2975116770469,-22.8478969789013,9.35370995200669));
#4753=CARTESIAN_POINT('Ctrl Pts',(25.8382510118854,-22.8547084012803,9.35370995200669));
#4754=CARTESIAN_POINT('Ctrl Pts',(10.8162139955125,-22.8734511295338,9.35370995200669));
#4755=CARTESIAN_POINT('Ctrl Pts',(3.51691832167891,-22.9511183872899,9.3537099518146));
#4756=CARTESIAN_POINT('Ctrl Pts',(-10.7116471672283,-22.9006731205915,9.3537099518146));
#4757=CARTESIAN_POINT('Ctrl Pts',(-25.8364073264318,-22.8470505287305,9.3537099518146));
#4758=CARTESIAN_POINT('Ctrl Pts',(-40.4449828938054,-22.7712287926358,9.35370995210529));
#4759=CARTESIAN_POINT('Ctrl Pts',(-50.1698447536824,-23.103648716026,9.35370995210529));
#4760=CARTESIAN_POINT('Ctrl Pts',(-50.5325704301683,-23.1160475802286,9.35370995210529));
#4761=CARTESIAN_POINT('Ctrl Pts',(-51.1805883870025,-23.1378917085173,9.35370995191751));
#4762=CARTESIAN_POINT('Ctrl Pts',(-51.5185471270314,-23.1551770926637,9.35370995191751));
#4763=CARTESIAN_POINT('Ctrl Pts',(-54.6315090692986,-23.3143939929298,9.35370995191751));
#4764=CARTESIAN_POINT('Ctrl Pts',(-57.5782559902809,-24.0868435882853,9.35370995173177));
#4765=CARTESIAN_POINT('Ctrl Pts',(-60.2445799093235,-25.3504250952462,9.35370995173177));
#4766=CARTESIAN_POINT('Ctrl Pts',(-63.0519083952525,-26.6808292271111,9.35370995173177));
#4767=CARTESIAN_POINT('Ctrl Pts',(-65.4804513480965,-28.5208919613054,9.35370995177706));
#4768=CARTESIAN_POINT('Ctrl Pts',(-67.4737359926644,-30.6885676888166,9.35370995177706));
#4769=CARTESIAN_POINT('Ctrl Pts',(-69.6376664094401,-33.0418188680953,9.35370995177706));
#4770=CARTESIAN_POINT('Ctrl Pts',(-71.2538916340239,-35.7413020042454,9.35370995132196));
#4771=CARTESIAN_POINT('Ctrl Pts',(-72.3238176235463,-38.5731061125081,9.35370995132196));
#4772=CARTESIAN_POINT('Ctrl Pts',(-73.5901886515427,-41.9248469943849,9.35370995132196));
#4773=CARTESIAN_POINT('Ctrl Pts',(-73.9743771331062,-45.1200404992932,9.35370995185434));
#4774=CARTESIAN_POINT('Ctrl Pts',(-73.8938383088221,-47.8641162312851,9.35370995185434));
#4775=CARTESIAN_POINT('Ctrl Pts',(-73.8520870687324,-49.2866421463199,9.35370995185434));
#4776=CARTESIAN_POINT('Ctrl Pts',(-73.681074890496,-50.6608355933882,9.35370995180747));
#4777=CARTESIAN_POINT('Ctrl Pts',(-73.4019246544733,-51.9791682237892,9.35370995180747));
#4778=CARTESIAN_POINT('Ctrl Pts',(-72.7479575335062,-55.0676348755254,9.35370995180747));
#4779=CARTESIAN_POINT('Ctrl Pts',(-71.4906741488864,-57.9004204012725,9.35370995181952));
#4780=CARTESIAN_POINT('Ctrl Pts',(-69.7981919407205,-60.3650237146135,9.35370995181952));
#4781=CARTESIAN_POINT('Ctrl Pts',(-67.9657217176355,-63.0334784620982,9.35370995181952));
#4782=CARTESIAN_POINT('Ctrl Pts',(-65.6578115407802,-65.2234135637648,9.35370995181946));
#4783=CARTESIAN_POINT('Ctrl Pts',(-63.0808299533554,-66.8866166991795,9.35370995181946));
#4784=CARTESIAN_POINT('Ctrl Pts',(-60.4130312620885,-68.6084338707194,9.35370995181946));
#4785=CARTESIAN_POINT('Ctrl Pts',(-57.5056565745138,-69.7363607408356,9.35370995181955));
#4786=CARTESIAN_POINT('Ctrl Pts',(-54.5510678619631,-70.2997810243152,9.35370995181955));
#4787=CARTESIAN_POINT('Ctrl Pts',(-53.7716466378495,-70.4484114327286,9.35370995181955));
#4788=CARTESIAN_POINT('Ctrl Pts',(-53.0068219419956,-70.5544030022884,9.35370995181963));
#4789=CARTESIAN_POINT('Ctrl Pts',(-52.2584550230691,-70.6235970691946,9.35370995181963));
#4790=CARTESIAN_POINT('Ctrl Pts',(-51.8618506929858,-70.6602671381903,9.35370995181963));
#4791=CARTESIAN_POINT('Ctrl Pts',(-51.4753030229858,-70.6860991207886,9.35370995181949));
#4792=CARTESIAN_POINT('Ctrl Pts',(-51.0984062634144,-70.7026467105195,9.35370995181949));
#4793=CARTESIAN_POINT('Ctrl Pts',(-50.6157433311968,-70.723837946522,9.35370995181949));
#4794=CARTESIAN_POINT('Ctrl Pts',(-50.3090520739211,-70.7248502801403,9.35370995181959));
#4795=CARTESIAN_POINT('Ctrl Pts',(-49.927495903133,-70.7265723772479,9.35370995181959));
#4796=CARTESIAN_POINT('Ctrl Pts',(-41.6495255438672,-70.7639337670101,9.35370995181959));
#4797=CARTESIAN_POINT('Ctrl Pts',(-33.238782019927,-70.7898125890978,9.35370995182146));
#4798=CARTESIAN_POINT('Ctrl Pts',(-25.0103846720655,-70.806818038666,9.35370995182146));
#4799=CARTESIAN_POINT('Ctrl Pts',(-16.7585994955415,-70.8238718233502,9.35370995182146));
#4800=CARTESIAN_POINT('Ctrl Pts',(-8.3014966108288,-70.8328924640325,9.35370995181946));
#4801=CARTESIAN_POINT('Ctrl Pts',(-5.82664739913301E-14,-70.8328924640325,
9.35370995181946));
#4802=CARTESIAN_POINT('',(-50.,-23.2731960578734,9.35370995181947));
#4803=CARTESIAN_POINT('',(50.,-23.2731960578734,9.35370995181947));
#4804=CARTESIAN_POINT('',(0.,-23.2731960578734,9.35370995181947));
#4805=CARTESIAN_POINT('',(50.,-69.2731960578734,9.35370995181947));
#4806=CARTESIAN_POINT('Origin',(50.,-46.2731960578734,9.35370995181947));
#4807=CARTESIAN_POINT('',(-50.,-69.2731960578734,9.35370995181947));
#4808=CARTESIAN_POINT('',(-50.,-69.2731960578734,9.35370995181947));
#4809=CARTESIAN_POINT('Origin',(-50.,-46.2731960578734,9.35370995181947));
#4810=CARTESIAN_POINT('Origin',(50.,-46.2731960578734,9.35370995181947));
#4811=CARTESIAN_POINT('',(50.,-23.2731960578734,9.35370995181947));
#4812=CARTESIAN_POINT('',(50.,-69.2731960578734,9.35370995181947));
#4813=CARTESIAN_POINT('Origin',(-50.,-69.2731960578734,9.35370995181947));
#4814=CARTESIAN_POINT('',(-50.,-69.2731960578734,9.35370995181947));
#4815=CARTESIAN_POINT('Origin',(-50.,-46.2731960578734,9.35370995181947));
#4816=CARTESIAN_POINT('',(-50.,-23.2731960578734,9.35370995181947));
#4817=CARTESIAN_POINT('Origin',(50.,-23.2731960578734,9.35370995181947));
#4818=CARTESIAN_POINT('Origin',(-50.,-46.2731960578734,9.35370995181947));
#4819=CARTESIAN_POINT('Origin',(50.,-71.2731960578734,9.35370995181947));
#4820=CARTESIAN_POINT('',(42.29,-71.2731960578413,-7.94372108747595));
#4821=CARTESIAN_POINT('',(42.29,-71.2731960578413,13.8790789125241));
#4822=CARTESIAN_POINT('',(12.49,-71.2731960578413,-7.94372108747595));
#4823=CARTESIAN_POINT('',(12.49,-71.2731960578413,57.2780789125241));
#4824=CARTESIAN_POINT('',(25.,-71.2731960578413,-7.94372108747595));
#4825=CARTESIAN_POINT('Origin',(50.,-46.2731960578734,9.35370995181947));
#4826=CARTESIAN_POINT('Ctrl Pts',(3.10862446895044E-14,-70.8328924640325,
11.3537099518195));
#4827=CARTESIAN_POINT('Ctrl Pts',(3.10862446895044E-14,-70.8328924640325,
-3.64629004818054));
#4828=CARTESIAN_POINT('Ctrl Pts',(-8.30149661082875,-70.8328924640325,11.3537099518195));
#4829=CARTESIAN_POINT('Ctrl Pts',(-8.30149661082875,-70.8328924640325,-3.64629004818054));
#4830=CARTESIAN_POINT('Ctrl Pts',(-16.7585994955414,-70.8238718233502,11.3537099518215));
#4831=CARTESIAN_POINT('Ctrl Pts',(-16.7585994955414,-70.8238718233502,-3.64629004817854));
#4832=CARTESIAN_POINT('Ctrl Pts',(-25.0103846720656,-70.806818038666,11.3537099518215));
#4833=CARTESIAN_POINT('Ctrl Pts',(-25.0103846720656,-70.806818038666,-3.64629004817854));
#4834=CARTESIAN_POINT('Ctrl Pts',(-33.238782019927,-70.7898125890978,11.3537099518215));
#4835=CARTESIAN_POINT('Ctrl Pts',(-33.238782019927,-70.7898125890978,-3.64629004817854));
#4836=CARTESIAN_POINT('Ctrl Pts',(-41.6495255438672,-70.7639337670101,11.3537099518196));
#4837=CARTESIAN_POINT('Ctrl Pts',(-41.6495255438672,-70.7639337670101,-3.64629004818041));
#4838=CARTESIAN_POINT('Ctrl Pts',(-50.3090520739211,-70.7248502801403,11.3537099518196));
#4839=CARTESIAN_POINT('Ctrl Pts',(-50.3090520739211,-70.7248502801403,-3.64629004818041));
#4840=CARTESIAN_POINT('Ctrl Pts',(-50.6157433311968,-70.723837946522,11.3537099518195));
#4841=CARTESIAN_POINT('Ctrl Pts',(-50.6157433311968,-70.723837946522,-3.64629004818051));
#4842=CARTESIAN_POINT('Ctrl Pts',(-51.4753030229859,-70.6860991207886,11.3537099518195));
#4843=CARTESIAN_POINT('Ctrl Pts',(-51.4753030229859,-70.6860991207886,-3.64629004818051));
#4844=CARTESIAN_POINT('Ctrl Pts',(-51.8618506929858,-70.6602671381903,11.3537099518196));
#4845=CARTESIAN_POINT('Ctrl Pts',(-51.8618506929858,-70.6602671381903,-3.64629004818037));
#4846=CARTESIAN_POINT('Ctrl Pts',(-53.0068219419956,-70.5544030022884,11.3537099518196));
#4847=CARTESIAN_POINT('Ctrl Pts',(-53.0068219419956,-70.5544030022884,-3.64629004818037));
#4848=CARTESIAN_POINT('Ctrl Pts',(-53.7716466378495,-70.4484114327286,11.3537099518195));
#4849=CARTESIAN_POINT('Ctrl Pts',(-53.7716466378495,-70.4484114327286,-3.64629004818045));
#4850=CARTESIAN_POINT('Ctrl Pts',(-57.5056565745138,-69.7363607408356,11.3537099518195));
#4851=CARTESIAN_POINT('Ctrl Pts',(-57.5056565745138,-69.7363607408356,-3.64629004818045));
#4852=CARTESIAN_POINT('Ctrl Pts',(-60.4130312620885,-68.6084338707194,11.3537099518195));
#4853=CARTESIAN_POINT('Ctrl Pts',(-60.4130312620885,-68.6084338707194,-3.64629004818054));
#4854=CARTESIAN_POINT('Ctrl Pts',(-65.6578115407802,-65.2234135637648,11.3537099518195));
#4855=CARTESIAN_POINT('Ctrl Pts',(-65.6578115407802,-65.2234135637648,-3.64629004818054));
#4856=CARTESIAN_POINT('Ctrl Pts',(-67.9657217176355,-63.0334784620982,11.3537099518195));
#4857=CARTESIAN_POINT('Ctrl Pts',(-67.9657217176355,-63.0334784620982,-3.64629004818048));
#4858=CARTESIAN_POINT('Ctrl Pts',(-71.4906741488864,-57.9004204012725,11.3537099518195));
#4859=CARTESIAN_POINT('Ctrl Pts',(-71.4906741488864,-57.9004204012725,-3.64629004818048));
#4860=CARTESIAN_POINT('Ctrl Pts',(-72.7479575335062,-55.0676348755254,11.3537099518075));
#4861=CARTESIAN_POINT('Ctrl Pts',(-72.7479575335062,-55.0676348755254,-3.64629004819253));
#4862=CARTESIAN_POINT('Ctrl Pts',(-73.681074890496,-50.6608355933882,11.3537099518075));
#4863=CARTESIAN_POINT('Ctrl Pts',(-73.681074890496,-50.6608355933882,-3.64629004819253));
#4864=CARTESIAN_POINT('Ctrl Pts',(-73.8520870687324,-49.2866421463199,11.3537099518543));
#4865=CARTESIAN_POINT('Ctrl Pts',(-73.8520870687324,-49.2866421463199,-3.64629004814566));
#4866=CARTESIAN_POINT('Ctrl Pts',(-73.9743771331062,-45.1200404992932,11.3537099518543));
#4867=CARTESIAN_POINT('Ctrl Pts',(-73.9743771331062,-45.1200404992932,-3.64629004814566));
#4868=CARTESIAN_POINT('Ctrl Pts',(-73.5901886515427,-41.9248469943848,11.353709951322));
#4869=CARTESIAN_POINT('Ctrl Pts',(-73.5901886515427,-41.9248469943848,-3.64629004867804));
#4870=CARTESIAN_POINT('Ctrl Pts',(-71.2538916340239,-35.7413020042454,11.353709951322));
#4871=CARTESIAN_POINT('Ctrl Pts',(-71.2538916340239,-35.7413020042454,-3.64629004867804));
#4872=CARTESIAN_POINT('Ctrl Pts',(-69.6376664094401,-33.0418188680952,11.3537099517771));
#4873=CARTESIAN_POINT('Ctrl Pts',(-69.6376664094401,-33.0418188680952,-3.64629004822294));
#4874=CARTESIAN_POINT('Ctrl Pts',(-65.4804513480965,-28.5208919613054,11.3537099517771));
#4875=CARTESIAN_POINT('Ctrl Pts',(-65.4804513480965,-28.5208919613054,-3.64629004822294));
#4876=CARTESIAN_POINT('Ctrl Pts',(-63.0519083952524,-26.680829227111,11.3537099517318));
#4877=CARTESIAN_POINT('Ctrl Pts',(-63.0519083952524,-26.680829227111,-3.64629004826823));
#4878=CARTESIAN_POINT('Ctrl Pts',(-57.5782559902808,-24.0868435882853,11.3537099517318));
#4879=CARTESIAN_POINT('Ctrl Pts',(-57.5782559902808,-24.0868435882853,-3.64629004826823));
#4880=CARTESIAN_POINT('Ctrl Pts',(-54.6315090692986,-23.3143939929298,11.3537099519175));
#4881=CARTESIAN_POINT('Ctrl Pts',(-54.6315090692986,-23.3143939929298,-3.64629004808249));
#4882=CARTESIAN_POINT('Ctrl Pts',(-51.1805883870024,-23.1378917085173,11.3537099519175));
#4883=CARTESIAN_POINT('Ctrl Pts',(-51.1805883870024,-23.1378917085173,-3.64629004808249));
#4884=CARTESIAN_POINT('Ctrl Pts',(-50.5325704301682,-23.1160475802286,11.3537099521053));
#4885=CARTESIAN_POINT('Ctrl Pts',(-50.5325704301682,-23.1160475802286,-3.64629004789471));
#4886=CARTESIAN_POINT('Ctrl Pts',(-40.4449828938054,-22.7712287926358,11.3537099521053));
#4887=CARTESIAN_POINT('Ctrl Pts',(-40.4449828938054,-22.7712287926358,-3.64629004789471));
#4888=CARTESIAN_POINT('Ctrl Pts',(-25.8364073264319,-22.8470505287305,11.3537099518146));
#4889=CARTESIAN_POINT('Ctrl Pts',(-25.8364073264319,-22.8470505287305,-3.64629004818541));
#4890=CARTESIAN_POINT('Ctrl Pts',(3.51691832167887,-22.9511183872899,11.3537099518146));
#4891=CARTESIAN_POINT('Ctrl Pts',(3.51691832167887,-22.9511183872899,-3.64629004818541));
#4892=CARTESIAN_POINT('Ctrl Pts',(10.8162139955124,-22.8734511295338,11.3537099520067));
#4893=CARTESIAN_POINT('Ctrl Pts',(10.8162139955124,-22.8734511295338,-3.64629004799331));
#4894=CARTESIAN_POINT('Ctrl Pts',(31.2975116770468,-22.8478969789013,11.3537099520067));
#4895=CARTESIAN_POINT('Ctrl Pts',(31.2975116770468,-22.8478969789013,-3.64629004799331));
#4896=CARTESIAN_POINT('Ctrl Pts',(39.5563615849355,-22.8530971231014,11.3537099518195));
#4897=CARTESIAN_POINT('Ctrl Pts',(39.5563615849355,-22.8530971231014,-3.64629004818054));
#4898=CARTESIAN_POINT('Ctrl Pts',(48.9256682960187,-23.052834337231,11.3537099518195));
#4899=CARTESIAN_POINT('Ctrl Pts',(48.9256682960187,-23.052834337231,-3.64629004818054));
#4900=CARTESIAN_POINT('Ctrl Pts',(50.8617125178789,-23.1255012865331,11.3537099518193));
#4901=CARTESIAN_POINT('Ctrl Pts',(50.8617125178789,-23.1255012865331,-3.6462900481807));
#4902=CARTESIAN_POINT('Ctrl Pts',(54.2960662415705,-23.2778601819383,11.3537099518193));
#4903=CARTESIAN_POINT('Ctrl Pts',(54.2960662415705,-23.2778601819383,-3.6462900481807));
#4904=CARTESIAN_POINT('Ctrl Pts',(57.2498743783965,-23.9619197695232,11.353709951727));
#4905=CARTESIAN_POINT('Ctrl Pts',(57.2498743783965,-23.9619197695232,-3.64629004827297));
#4906=CARTESIAN_POINT('Ctrl Pts',(62.8079572941268,-26.5371674170152,11.353709951727));
#4907=CARTESIAN_POINT('Ctrl Pts',(62.8079572941268,-26.5371674170152,-3.64629004827297));
#4908=CARTESIAN_POINT('Ctrl Pts',(65.350029115676,-28.3690669875642,11.3537099518293));
#4909=CARTESIAN_POINT('Ctrl Pts',(65.350029115676,-28.3690669875642,-3.64629004817073));
#4910=CARTESIAN_POINT('Ctrl Pts',(69.626423827533,-33.0395586939401,11.3537099518293));
#4911=CARTESIAN_POINT('Ctrl Pts',(69.626423827533,-33.0395586939401,-3.64629004817073));
#4912=CARTESIAN_POINT('Ctrl Pts',(71.33495081567,-35.8183476647791,11.3537099517259));
#4913=CARTESIAN_POINT('Ctrl Pts',(71.33495081567,-35.8183476647791,-3.64629004827411));
#4914=CARTESIAN_POINT('Ctrl Pts',(73.5598239363323,-41.9964977822943,11.3537099517259));
#4915=CARTESIAN_POINT('Ctrl Pts',(73.5598239363323,-41.9964977822943,-3.64629004827411));
#4916=CARTESIAN_POINT('Ctrl Pts',(73.9539536458097,-45.0236907958139,11.3537099517525));
#4917=CARTESIAN_POINT('Ctrl Pts',(73.9539536458097,-45.0236907958139,-3.6462900482475));
#4918=CARTESIAN_POINT('Ctrl Pts',(73.8443923918894,-50.2731958197651,11.3537099517525));
#4919=CARTESIAN_POINT('Ctrl Pts',(73.8443923918894,-50.2731958197651,-3.6462900482475));
#4920=CARTESIAN_POINT('Ctrl Pts',(73.3499575976168,-52.9161582734397,11.3537099518195));
#4921=CARTESIAN_POINT('Ctrl Pts',(73.3499575976168,-52.9161582734397,-3.6462900481805));
#4922=CARTESIAN_POINT('Ctrl Pts',(71.346829471693,-58.1411844832398,11.3537099518195));
#4923=CARTESIAN_POINT('Ctrl Pts',(71.346829471693,-58.1411844832398,-3.6462900481805));
#4924=CARTESIAN_POINT('Ctrl Pts',(69.820311492222,-60.6662373335934,11.3537099518194));
#4925=CARTESIAN_POINT('Ctrl Pts',(69.820311492222,-60.6662373335934,-3.64629004818056));
#4926=CARTESIAN_POINT('Ctrl Pts',(65.762903531469,-65.1284772488699,11.3537099518194));
#4927=CARTESIAN_POINT('Ctrl Pts',(65.762903531469,-65.1284772488699,-3.64629004818056));
#4928=CARTESIAN_POINT('Ctrl Pts',(63.2620825029815,-67.0212462154214,11.3537099518195));
#4929=CARTESIAN_POINT('Ctrl Pts',(63.2620825029815,-67.0212462154214,-3.64629004818054));
#4930=CARTESIAN_POINT('Ctrl Pts',(57.5815365312817,-69.723842429496,11.3537099518195));
#4931=CARTESIAN_POINT('Ctrl Pts',(57.5815365312817,-69.723842429496,-3.64629004818054));
#4932=CARTESIAN_POINT('Ctrl Pts',(54.4733798758804,-70.5394415280452,11.3537099518196));
#4933=CARTESIAN_POINT('Ctrl Pts',(54.4733798758804,-70.5394415280452,-3.64629004818041));
#4934=CARTESIAN_POINT('Ctrl Pts',(50.7079776303837,-70.721800896209,11.3537099518196));
#4935=CARTESIAN_POINT('Ctrl Pts',(50.7079776303837,-70.721800896209,-3.64629004818041));
#4936=CARTESIAN_POINT('Ctrl Pts',(50.3936810701466,-70.7244616142818,11.3537099518194));
#4937=CARTESIAN_POINT('Ctrl Pts',(50.3936810701466,-70.7244616142818,-3.64629004818056));
#4938=CARTESIAN_POINT('Ctrl Pts',(49.9763484022604,-70.7263523016388,11.3537099518194));
#4939=CARTESIAN_POINT('Ctrl Pts',(49.9763484022604,-70.7263523016388,-3.64629004818056));
#4940=CARTESIAN_POINT('Ctrl Pts',(49.8765357440496,-70.7268028401795,11.3537099518194));
#4941=CARTESIAN_POINT('Ctrl Pts',(49.8765357440496,-70.7268028401795,-3.64629004818056));
#4942=CARTESIAN_POINT('Ctrl Pts',(49.5028580630277,-70.7284826917952,11.3537099518194));
#4943=CARTESIAN_POINT('Ctrl Pts',(49.5028580630277,-70.7284826917952,-3.64629004818056));
#4944=CARTESIAN_POINT('Ctrl Pts',(49.2245614239268,-70.7297209626671,11.3537099518193));
#4945=CARTESIAN_POINT('Ctrl Pts',(49.2245614239268,-70.7297209626671,-3.64629004818073));
#4946=CARTESIAN_POINT('Ctrl Pts',(47.8082387072478,-70.7359511316233,11.3537099518193));
#4947=CARTESIAN_POINT('Ctrl Pts',(47.8082387072478,-70.7359511316233,-3.64629004818073));
#4948=CARTESIAN_POINT('Ctrl Pts',(46.6475939199974,-70.7408366185692,11.3537099518195));
#4949=CARTESIAN_POINT('Ctrl Pts',(46.6475939199974,-70.7408366185692,-3.64629004818053));
#4950=CARTESIAN_POINT('Ctrl Pts',(42.178004870607,-70.7587542119685,11.3537099518195));
#4951=CARTESIAN_POINT('Ctrl Pts',(42.178004870607,-70.7587542119685,-3.64629004818053));
#4952=CARTESIAN_POINT('Ctrl Pts',(38.8047225920857,-70.7705170562287,11.3537099518195));
#4953=CARTESIAN_POINT('Ctrl Pts',(38.8047225920857,-70.7705170562287,-3.64629004818053));
#4954=CARTESIAN_POINT('Ctrl Pts',(25.7015594830863,-70.8095974590404,11.3537099518195));
#4955=CARTESIAN_POINT('Ctrl Pts',(25.7015594830863,-70.8095974590404,-3.64629004818053));
#4956=CARTESIAN_POINT('Ctrl Pts',(15.3421294589325,-70.8272087489883,11.3537099518195));
#4957=CARTESIAN_POINT('Ctrl Pts',(15.3421294589325,-70.8272087489883,-3.64629004818053));
#4958=CARTESIAN_POINT('Ctrl Pts',(3.45591005044103,-70.8324948919287,11.3537099518195));
#4959=CARTESIAN_POINT('Ctrl Pts',(3.45591005044103,-70.8324948919287,-3.64629004818053));
#4960=CARTESIAN_POINT('Ctrl Pts',(1.73133916750762,-70.8328924640325,11.3537099518195));
#4961=CARTESIAN_POINT('Ctrl Pts',(1.73133916750762,-70.8328924640325,-3.64629004818054));
#4962=CARTESIAN_POINT('Ctrl Pts',(3.10862446895044E-14,-70.8328924640325,
11.3537099518195));
#4963=CARTESIAN_POINT('Ctrl Pts',(3.10862446895044E-14,-70.8328924640325,
-3.64629004818054));
#4964=CARTESIAN_POINT('',(-1.07353168490188E-17,-70.8328924640326,11.3537099518195));
#4965=CARTESIAN_POINT('',(-1.07353168490188E-17,-70.8328924640326,11.3537099518195));
#4966=CARTESIAN_POINT('Ctrl Pts',(3.10862446895044E-14,-70.8328924640325,
11.3537099518195));
#4967=CARTESIAN_POINT('Ctrl Pts',(-8.30149661082875,-70.8328924640325,11.3537099518195));
#4968=CARTESIAN_POINT('Ctrl Pts',(-16.7585994955414,-70.8238718233502,11.3537099518215));
#4969=CARTESIAN_POINT('Ctrl Pts',(-25.0103846720656,-70.806818038666,11.3537099518215));
#4970=CARTESIAN_POINT('Ctrl Pts',(-33.238782019927,-70.7898125890978,11.3537099518215));
#4971=CARTESIAN_POINT('Ctrl Pts',(-41.6495255438672,-70.7639337670101,11.3537099518196));
#4972=CARTESIAN_POINT('Ctrl Pts',(-50.3090520739211,-70.7248502801403,11.3537099518196));
#4973=CARTESIAN_POINT('Ctrl Pts',(-50.6157433311968,-70.723837946522,11.3537099518195));
#4974=CARTESIAN_POINT('Ctrl Pts',(-51.4753030229859,-70.6860991207886,11.3537099518195));
#4975=CARTESIAN_POINT('Ctrl Pts',(-51.8618506929858,-70.6602671381903,11.3537099518196));
#4976=CARTESIAN_POINT('Ctrl Pts',(-53.0068219419956,-70.5544030022884,11.3537099518196));
#4977=CARTESIAN_POINT('Ctrl Pts',(-53.7716466378495,-70.4484114327286,11.3537099518195));
#4978=CARTESIAN_POINT('Ctrl Pts',(-57.5056565745138,-69.7363607408356,11.3537099518195));
#4979=CARTESIAN_POINT('Ctrl Pts',(-60.4130312620885,-68.6084338707194,11.3537099518195));
#4980=CARTESIAN_POINT('Ctrl Pts',(-65.6578115407802,-65.2234135637648,11.3537099518195));
#4981=CARTESIAN_POINT('Ctrl Pts',(-67.9657217176355,-63.0334784620982,11.3537099518195));
#4982=CARTESIAN_POINT('Ctrl Pts',(-71.4906741488864,-57.9004204012725,11.3537099518195));
#4983=CARTESIAN_POINT('Ctrl Pts',(-72.7479575335062,-55.0676348755254,11.3537099518075));
#4984=CARTESIAN_POINT('Ctrl Pts',(-73.681074890496,-50.6608355933882,11.3537099518075));
#4985=CARTESIAN_POINT('Ctrl Pts',(-73.8520870687324,-49.2866421463199,11.3537099518543));
#4986=CARTESIAN_POINT('Ctrl Pts',(-73.9743771331062,-45.1200404992932,11.3537099518543));
#4987=CARTESIAN_POINT('Ctrl Pts',(-73.5901886515427,-41.9248469943848,11.353709951322));
#4988=CARTESIAN_POINT('Ctrl Pts',(-71.2538916340239,-35.7413020042454,11.353709951322));
#4989=CARTESIAN_POINT('Ctrl Pts',(-69.6376664094401,-33.0418188680952,11.3537099517771));
#4990=CARTESIAN_POINT('Ctrl Pts',(-65.4804513480965,-28.5208919613054,11.3537099517771));
#4991=CARTESIAN_POINT('Ctrl Pts',(-63.0519083952524,-26.680829227111,11.3537099517318));
#4992=CARTESIAN_POINT('Ctrl Pts',(-57.5782559902808,-24.0868435882853,11.3537099517318));
#4993=CARTESIAN_POINT('Ctrl Pts',(-54.6315090692986,-23.3143939929298,11.3537099519175));
#4994=CARTESIAN_POINT('Ctrl Pts',(-51.1805883870024,-23.1378917085173,11.3537099519175));
#4995=CARTESIAN_POINT('Ctrl Pts',(-50.5325704301682,-23.1160475802286,11.3537099521053));
#4996=CARTESIAN_POINT('Ctrl Pts',(-40.4449828938054,-22.7712287926358,11.3537099521053));
#4997=CARTESIAN_POINT('Ctrl Pts',(-25.8364073264319,-22.8470505287305,11.3537099518146));
#4998=CARTESIAN_POINT('Ctrl Pts',(3.51691832167887,-22.9511183872899,11.3537099518146));
#4999=CARTESIAN_POINT('Ctrl Pts',(10.8162139955124,-22.8734511295338,11.3537099520067));
#5000=CARTESIAN_POINT('Ctrl Pts',(31.2975116770468,-22.8478969789013,11.3537099520067));
#5001=CARTESIAN_POINT('Ctrl Pts',(39.5563615849355,-22.8530971231014,11.3537099518195));
#5002=CARTESIAN_POINT('Ctrl Pts',(48.9256682960187,-23.052834337231,11.3537099518195));
#5003=CARTESIAN_POINT('Ctrl Pts',(50.8617125178789,-23.1255012865331,11.3537099518193));
#5004=CARTESIAN_POINT('Ctrl Pts',(54.2960662415705,-23.2778601819383,11.3537099518193));
#5005=CARTESIAN_POINT('Ctrl Pts',(57.2498743783965,-23.9619197695232,11.353709951727));
#5006=CARTESIAN_POINT('Ctrl Pts',(62.8079572941268,-26.5371674170152,11.353709951727));
#5007=CARTESIAN_POINT('Ctrl Pts',(65.350029115676,-28.3690669875642,11.3537099518293));
#5008=CARTESIAN_POINT('Ctrl Pts',(69.626423827533,-33.0395586939401,11.3537099518293));
#5009=CARTESIAN_POINT('Ctrl Pts',(71.33495081567,-35.8183476647791,11.3537099517259));
#5010=CARTESIAN_POINT('Ctrl Pts',(73.5598239363323,-41.9964977822943,11.3537099517259));
#5011=CARTESIAN_POINT('Ctrl Pts',(73.9539536458097,-45.0236907958139,11.3537099517525));
#5012=CARTESIAN_POINT('Ctrl Pts',(73.8443923918894,-50.2731958197651,11.3537099517525));
#5013=CARTESIAN_POINT('Ctrl Pts',(73.3499575976168,-52.9161582734397,11.3537099518195));
#5014=CARTESIAN_POINT('Ctrl Pts',(71.346829471693,-58.1411844832398,11.3537099518195));
#5015=CARTESIAN_POINT('Ctrl Pts',(69.820311492222,-60.6662373335934,11.3537099518194));
#5016=CARTESIAN_POINT('Ctrl Pts',(65.762903531469,-65.1284772488699,11.3537099518194));
#5017=CARTESIAN_POINT('Ctrl Pts',(63.2620825029815,-67.0212462154214,11.3537099518195));
#5018=CARTESIAN_POINT('Ctrl Pts',(57.5815365312817,-69.723842429496,11.3537099518195));
#5019=CARTESIAN_POINT('Ctrl Pts',(54.4733798758804,-70.5394415280452,11.3537099518196));
#5020=CARTESIAN_POINT('Ctrl Pts',(50.7079776303837,-70.721800896209,11.3537099518196));
#5021=CARTESIAN_POINT('Ctrl Pts',(50.3936810701466,-70.7244616142818,11.3537099518194));
#5022=CARTESIAN_POINT('Ctrl Pts',(49.9763484022604,-70.7263523016388,11.3537099518194));
#5023=CARTESIAN_POINT('Ctrl Pts',(49.8765357440496,-70.7268028401795,11.3537099518194));
#5024=CARTESIAN_POINT('Ctrl Pts',(49.5028580630277,-70.7284826917952,11.3537099518194));
#5025=CARTESIAN_POINT('Ctrl Pts',(49.2245614239268,-70.7297209626671,11.3537099518193));
#5026=CARTESIAN_POINT('Ctrl Pts',(47.8082387072478,-70.7359511316233,11.3537099518193));
#5027=CARTESIAN_POINT('Ctrl Pts',(46.6475939199974,-70.7408366185692,11.3537099518195));
#5028=CARTESIAN_POINT('Ctrl Pts',(42.178004870607,-70.7587542119685,11.3537099518195));
#5029=CARTESIAN_POINT('Ctrl Pts',(38.8047225920857,-70.7705170562287,11.3537099518195));
#5030=CARTESIAN_POINT('Ctrl Pts',(25.7015594830863,-70.8095974590404,11.3537099518195));
#5031=CARTESIAN_POINT('Ctrl Pts',(15.3421294589325,-70.8272087489883,11.3537099518195));
#5032=CARTESIAN_POINT('Ctrl Pts',(3.45591005044103,-70.8324948919287,11.3537099518195));
#5033=CARTESIAN_POINT('Ctrl Pts',(1.73133916750762,-70.8328924640325,11.3537099518195));
#5034=CARTESIAN_POINT('Ctrl Pts',(3.10862446895044E-14,-70.8328924640325,
11.3537099518195));
#5035=CARTESIAN_POINT('Ctrl Pts',(-1.73559911711107E-15,-314.133295721207,
123.93626984359));
#5036=CARTESIAN_POINT('Ctrl Pts',(-1.66287808890197E-15,-290.961828744327,
113.214121282466));
#5037=CARTESIAN_POINT('Ctrl Pts',(-1.53115425214959E-15,-244.618894790567,
91.7698241602183));
#5038=CARTESIAN_POINT('Ctrl Pts',(-1.34099278010246E-15,-186.690227348367,
64.9644527574085));
#5039=CARTESIAN_POINT('Ctrl Pts',(-1.0659035200312E-15,-140.347293394607,
43.5201556351607));
#5040=CARTESIAN_POINT('Ctrl Pts',(-7.2487732678287E-16,-105.590092929287,
27.4369327934749));
#5041=CARTESIAN_POINT('Ctrl Pts',(-3.19986435140965E-16,-82.4186259524067,
16.714784232351));
#5042=CARTESIAN_POINT('Ctrl Pts',(-1.07124798043828E-17,-70.8328924639667,
11.353709951789));
#5043=CARTESIAN_POINT('Ctrl Pts',(17.8985993921329,-314.133295721207,123.93626984359));
#5044=CARTESIAN_POINT('Ctrl Pts',(16.7387957544444,-290.961828744327,113.214121282466));
#5045=CARTESIAN_POINT('Ctrl Pts',(14.410623144444,-244.618894790567,91.7698241602183));
#5046=CARTESIAN_POINT('Ctrl Pts',(11.4832768589372,-186.690227348367,64.9644527574085));
#5047=CARTESIAN_POINT('Ctrl Pts',(9.14030231607593,-140.347293394607,43.5201556351607));
#5048=CARTESIAN_POINT('Ctrl Pts',(7.38854933408589,-105.590092929287,27.4369327934749));
#5049=CARTESIAN_POINT('Ctrl Pts',(6.23199318819804,-82.4186259524067,16.714784232351));
#5050=CARTESIAN_POINT('Ctrl Pts',(5.66144741836099,-70.8328924639667,11.353709951789));
#5051=CARTESIAN_POINT('Ctrl Pts',(37.9118695342016,-314.292710949287,123.934146501753));
#5052=CARTESIAN_POINT('Ctrl Pts',(35.6009669724719,-291.299078601316,113.21358276997));
#5053=CARTESIAN_POINT('Ctrl Pts',(30.6585235459039,-244.927098793495,91.7712919551823));
#5054=CARTESIAN_POINT('Ctrl Pts',(24.1560697350181,-186.588303027656,64.9672140437257));
#5055=CARTESIAN_POINT('Ctrl Pts',(19.0535710375413,-140.043988751573,43.5219825193334));
#5056=CARTESIAN_POINT('Ctrl Pts',(15.3584418837646,-105.286681600717,27.4369118028307));
#5057=CARTESIAN_POINT('Ctrl Pts',(13.0462017713482,-82.2729924832269,16.7128817610199));
#5058=CARTESIAN_POINT('Ctrl Pts',(11.9482600248589,-70.8202130994878,11.3500803013692));
#5059=CARTESIAN_POINT('Ctrl Pts',(60.0620689714384,-314.618097946437,123.928405855834));
#5060=CARTESIAN_POINT('Ctrl Pts',(56.6240796439573,-291.98966731902,113.211125187521));
#5061=CARTESIAN_POINT('Ctrl Pts',(48.7779848661746,-245.557690442626,91.7733199731362));
#5062=CARTESIAN_POINT('Ctrl Pts',(38.0124172260872,-186.377648457945,64.9719509116174));
#5063=CARTESIAN_POINT('Ctrl Pts',(29.7142310314877,-139.421447223983,43.5254934884778));
#5064=CARTESIAN_POINT('Ctrl Pts',(23.883012834928,-104.663905480383,27.4368782770139));
#5065=CARTESIAN_POINT('Ctrl Pts',(20.4289380594484,-81.9735853021139,16.7082092952517));
#5066=CARTESIAN_POINT('Ctrl Pts',(18.8599747600591,-70.7930867294433,11.3417561162837));
#5067=CARTESIAN_POINT('Ctrl Pts',(66.1097666247099,-314.714845670352,123.926730426742));
#5068=CARTESIAN_POINT('Ctrl Pts',(62.3718844442121,-292.195010396766,113.210478097532));
#5069=CARTESIAN_POINT('Ctrl Pts',(53.7323660305822,-245.745177329516,91.7739713660179));
#5070=CARTESIAN_POINT('Ctrl Pts',(41.7866424092633,-186.315072449039,64.9733671387421));
#5071=CARTESIAN_POINT('Ctrl Pts',(32.6085135237203,-139.236427871041,43.5265403539759));
#5072=CARTESIAN_POINT('Ctrl Pts',(26.1949050913679,-104.478812828187,27.4368745391596));
#5073=CARTESIAN_POINT('Ctrl Pts',(22.4363947668965,-81.8845497522097,16.706806599582));
#5074=CARTESIAN_POINT('Ctrl Pts',(20.7447862865199,-70.7849613201945,11.3392307230381));
#5075=CARTESIAN_POINT('Ctrl Pts',(72.1644047990318,-314.819269047191,123.924886781811));
#5076=CARTESIAN_POINT('Ctrl Pts',(68.1339026767699,-292.416715755531,113.209764534392));
#5077=CARTESIAN_POINT('Ctrl Pts',(58.6994907702652,-245.947588094681,91.7746627297902));
#5078=CARTESIAN_POINT('Ctrl Pts',(45.5564198350729,-186.247472902557,64.9748707763584));
#5079=CARTESIAN_POINT('Ctrl Pts',(35.4900474467208,-139.036648953656,43.527663825206));
#5080=CARTESIAN_POINT('Ctrl Pts',(28.4941583369234,-104.278957705039,27.436872976937));
#5081=CARTESIAN_POINT('Ctrl Pts',(24.4379611856686,-81.7883825012469,16.7052665201194));
#5082=CARTESIAN_POINT('Ctrl Pts',(22.6294006127959,-70.7761279650147,11.3364550379764));
#5083=CARTESIAN_POINT('Ctrl Pts',(78.2255847463556,-314.931146423624,123.922922169734));
#5084=CARTESIAN_POINT('Ctrl Pts',(73.9095921531411,-292.654295877772,113.209061519129));
#5085=CARTESIAN_POINT('Ctrl Pts',(63.6788521438368,-246.164469322786,91.7754349709439));
#5086=CARTESIAN_POINT('Ctrl Pts',(49.3217020360937,-186.175058249701,64.9764766794804));
#5087=CARTESIAN_POINT('Ctrl Pts',(38.3590532102484,-138.82262313265,43.5288639370217));
#5088=CARTESIAN_POINT('Ctrl Pts',(30.7810383120552,-104.064847851218,27.436878780118));
#5089=CARTESIAN_POINT('Ctrl Pts',(26.4337798039857,-81.6853099145012,16.703591006235));
#5090=CARTESIAN_POINT('Ctrl Pts',(24.5138222222633,-70.7665881314757,11.3334182256857));
#5091=CARTESIAN_POINT('Ctrl Pts',(86.3160021950529,-315.0898320495,123.92005350656));
#5092=CARTESIAN_POINT('Ctrl Pts',(81.6286129109222,-292.991400319819,113.208012501714));
#5093=CARTESIAN_POINT('Ctrl Pts',(70.3342117708692,-246.472195297931,91.7765038193377));
#5094=CARTESIAN_POINT('Ctrl Pts',(54.336430738721,-186.072235617659,64.9787060934891));
#5095=CARTESIAN_POINT('Ctrl Pts',(42.1682018267386,-138.518889787376,43.5305541619002));
#5096=CARTESIAN_POINT('Ctrl Pts',(33.8141568815494,-103.761013651407,27.4368892489918));
#5097=CARTESIAN_POINT('Ctrl Pts',(29.0873653412778,-81.5389928755275,16.7011771231394));
#5098=CARTESIAN_POINT('Ctrl Pts',(27.0261334220229,-70.7529357055858,11.3290128736404));
#5099=CARTESIAN_POINT('Ctrl Pts',(92.3924968524525,-315.219361990231,123.917877647635));
#5100=CARTESIAN_POINT('Ctrl Pts',(87.4367572807076,-293.266578243774,113.207479646158));
#5101=CARTESIAN_POINT('Ctrl Pts',(75.3426402083463,-246.723318753423,91.7775476335292));
#5102=CARTESIAN_POINT('Ctrl Pts',(58.0906299824078,-185.988519740189,64.9805801943938));
#5103=CARTESIAN_POINT('Ctrl Pts',(45.0069470464969,-138.271272794348,43.5319326853211));
#5104=CARTESIAN_POINT('Ctrl Pts',(36.0712530157435,-103.513269295915,27.4369272216794));
#5105=CARTESIAN_POINT('Ctrl Pts',(31.0693731684848,-81.4195916441871,16.6991522332526));
#5106=CARTESIAN_POINT('Ctrl Pts',(28.910091017011,-70.7416581462714,11.3252976769738));
#5107=CARTESIAN_POINT('Ctrl Pts',(97.7879392855974,-315.340141750473,123.915847721826));
#5108=CARTESIAN_POINT('Ctrl Pts',(92.5998367904545,-293.523012544007,113.206993294887));
#5109=CARTESIAN_POINT('Ctrl Pts',(79.795116209088,-246.957405362912,91.7786149776651));
#5110=CARTESIAN_POINT('Ctrl Pts',(61.4171748976118,-185.910698201991,64.9823410054193));
#5111=CARTESIAN_POINT('Ctrl Pts',(47.5151535005172,-138.040777587058,43.5332339865808));
#5112=CARTESIAN_POINT('Ctrl Pts',(38.0637986985449,-103.282602911365,27.4369646582114));
#5113=CARTESIAN_POINT('Ctrl Pts',(32.8232176052622,-81.3083676515308,16.6972421839129));
#5114=CARTESIAN_POINT('Ctrl Pts',(30.5814521045767,-70.731041072481,11.3217382873962));
#5115=CARTESIAN_POINT('Ctrl Pts',(100.411743096484,-315.304412931094,123.920292458794));
#5116=CARTESIAN_POINT('Ctrl Pts',(95.1102080775999,-293.560179097166,113.213153096277));
#5117=CARTESIAN_POINT('Ctrl Pts',(81.9574400722953,-247.004361182402,91.7854050448197));
#5118=CARTESIAN_POINT('Ctrl Pts',(63.0326685495662,-185.835797328864,64.9865148851541));
#5119=CARTESIAN_POINT('Ctrl Pts',(48.7397711513734,-137.910825792093,43.5350393870839));
#5120=CARTESIAN_POINT('Ctrl Pts',(39.0459693863604,-103.163382940201,27.4372461179671));
#5121=CARTESIAN_POINT('Ctrl Pts',(33.6943262216829,-81.252044059041,16.6962767007644));
#5122=CARTESIAN_POINT('Ctrl Pts',(31.4124386062108,-70.7256581516327,11.3199238577738));
#5123=CARTESIAN_POINT('Ctrl Pts',(105.664601171564,-314.800152589286,123.922857102312));
#5124=CARTESIAN_POINT('Ctrl Pts',(100.141430454298,-293.218908670107,113.218502382869));
#5125=CARTESIAN_POINT('Ctrl Pts',(86.2959464015203,-246.763216332455,91.7923345347129));
#5126=CARTESIAN_POINT('Ctrl Pts',(66.2704916134344,-185.498101644778,64.9912364754086));
#5127=CARTESIAN_POINT('Ctrl Pts',(51.1887069732508,-137.566613228626,43.5371859519725));
#5128=CARTESIAN_POINT('Ctrl Pts',(41.0063019763482,-102.90044729726,27.4372687555902));
#5129=CARTESIAN_POINT('Ctrl Pts',(35.4336157381203,-81.1354457011392,16.6940538416487));
#5130=CARTESIAN_POINT('Ctrl Pts',(33.0743048904249,-70.7144780195176,11.31611227128));
#5131=CARTESIAN_POINT('Ctrl Pts',(112.095738315595,-313.380213020144,123.922794104017));
#5132=CARTESIAN_POINT('Ctrl Pts',(106.30828565941,-292.035798701489,113.222298368974));
#5133=CARTESIAN_POINT('Ctrl Pts',(91.622584975867,-245.85573930596,91.7984328793547));
#5134=CARTESIAN_POINT('Ctrl Pts',(70.2528385354177,-184.739627962883,64.995477374505));
#5135=CARTESIAN_POINT('Ctrl Pts',(54.2109935536016,-136.986684695491,43.5389159097878));
#5136=CARTESIAN_POINT('Ctrl Pts',(43.4381410448526,-102.528330762451,27.4367499590691));
#5137=CARTESIAN_POINT('Ctrl Pts',(37.602170734463,-80.982438153237,16.6907492364129));
#5138=CARTESIAN_POINT('Ctrl Pts',(35.1514730807473,-70.6997257949179,11.3109952726641));
#5139=CARTESIAN_POINT('Ctrl Pts',(119.421248917286,-310.453470618274,123.913949840371));
#5140=CARTESIAN_POINT('Ctrl Pts',(113.34275305086,-289.443257331062,113.218511841804));
#5141=CARTESIAN_POINT('Ctrl Pts',(97.7257224540481,-243.825954058188,91.7987004535454));
#5142=CARTESIAN_POINT('Ctrl Pts',(74.8612954995139,-183.306424208412,64.9962705817723));
#5143=CARTESIAN_POINT('Ctrl Pts',(57.7519359837571,-136.057766447116,43.5388498900269));
#5144=CARTESIAN_POINT('Ctrl Pts',(46.3234712924849,-102.014317390541,27.4349926525704));
#5145=CARTESIAN_POINT('Ctrl Pts',(40.1957430354399,-80.7876950179715,16.685914260979));
#5146=CARTESIAN_POINT('Ctrl Pts',(37.6437311545205,-70.6807931384669,11.3042638678243));
#5147=CARTESIAN_POINT('Ctrl Pts',(128.395505612102,-305.038116725904,123.89060610518));
#5148=CARTESIAN_POINT('Ctrl Pts',(121.971051439827,-284.535539505476,113.203731602695));
#5149=CARTESIAN_POINT('Ctrl Pts',(105.26503316846,-239.955998531531,91.791554318755));
#5150=CARTESIAN_POINT('Ctrl Pts',(80.6630247250136,-180.748892651607,64.9925637726898));
#5151=CARTESIAN_POINT('Ctrl Pts',(62.3113564859632,-134.530747981872,43.5362358646922));
#5152=CARTESIAN_POINT('Ctrl Pts',(50.117272780361,-101.244760813874,27.4312014213511));
#5153=CARTESIAN_POINT('Ctrl Pts',(43.6427605832369,-80.5139571497686,16.6781855778922));
#5154=CARTESIAN_POINT('Ctrl Pts',(40.9665266480786,-70.6538782772408,11.2944328606347));
#5155=CARTESIAN_POINT('Ctrl Pts',(137.668494519124,-295.687843562359,123.832813593402));
#5156=CARTESIAN_POINT('Ctrl Pts',(130.904285214409,-275.925211299599,113.160948581109));
#5157=CARTESIAN_POINT('Ctrl Pts',(113.209616200622,-233.133017917622,91.7648463517233));
#5158=CARTESIAN_POINT('Ctrl Pts',(87.0833117863372,-176.446458655118,64.9777024763614));
#5159=CARTESIAN_POINT('Ctrl Pts',(67.6328151449059,-132.126553686276,43.5278882778596));
#5160=CARTESIAN_POINT('Ctrl Pts',(54.745445609528,-100.13680164361,27.4235276953333));
#5161=CARTESIAN_POINT('Ctrl Pts',(47.9307467045487,-80.1469230460937,16.6660607309867));
#5162=CARTESIAN_POINT('Ctrl Pts',(45.1187735187362,-70.6172951870275,11.2805523013574));
#5163=CARTESIAN_POINT('Ctrl Pts',(142.205708301932,-286.269768713206,123.725894583594));
#5164=CARTESIAN_POINT('Ctrl Pts',(135.287064950243,-267.178712773049,113.076765116755));
#5165=CARTESIAN_POINT('Ctrl Pts',(117.351868281929,-226.181706154342,91.7108426329459));
#5166=CARTESIAN_POINT('Ctrl Pts',(90.9952260855853,-172.16292465588,64.9501545298611));
#5167=CARTESIAN_POINT('Ctrl Pts',(71.3553226477859,-129.815208325232,43.5153864961155));
#5168=CARTESIAN_POINT('Ctrl Pts',(58.3040590783893,-99.1283770658844,27.4139085287117));
#5169=CARTESIAN_POINT('Ctrl Pts',(51.3417609057391,-79.8299265742516,16.6533750501158));
#5170=CARTESIAN_POINT('Ctrl Pts',(48.4410797733009,-70.5845223642385,11.2672897882422));
#5171=CARTESIAN_POINT('Ctrl Pts',(143.67216785981,-281.19628331351,123.629910176251));
#5172=CARTESIAN_POINT('Ctrl Pts',(136.702174624643,-262.462334126405,112.995600850815));
#5173=CARTESIAN_POINT('Ctrl Pts',(118.803577939021,-222.430838830166,91.6586154073434));
#5174=CARTESIAN_POINT('Ctrl Pts',(92.6357850561591,-169.852539032886,64.9281728845741));
#5175=CARTESIAN_POINT('Ctrl Pts',(73.1124737591972,-128.570672876376,43.5071434036118));
#5176=CARTESIAN_POINT('Ctrl Pts',(60.0942423850818,-98.5892945492302,27.4079134553527));
#5177=CARTESIAN_POINT('Ctrl Pts',(53.0908512451598,-79.6622905486077,16.6462345374771));
#5178=CARTESIAN_POINT('Ctrl Pts',(50.148977772213,-70.5672597241349,11.260128557763));
#5179=CARTESIAN_POINT('Ctrl Pts',(143.754231198977,-280.907061234206,123.624361843748));
#5180=CARTESIAN_POINT('Ctrl Pts',(136.781372447364,-262.193454629155,112.990895266603));
#5181=CARTESIAN_POINT('Ctrl Pts',(118.885147060358,-222.216917839048,91.6556072543828));
#5182=CARTESIAN_POINT('Ctrl Pts',(92.7283845322666,-169.720844159048,64.9267975378292));
#5183=CARTESIAN_POINT('Ctrl Pts',(73.2109355660971,-128.50024915646,43.5065011880226));
#5184=CARTESIAN_POINT('Ctrl Pts',(60.1931809373399,-98.5595752916601,27.407617842587));
#5185=CARTESIAN_POINT('Ctrl Pts',(53.1861394403238,-79.6538127170851,16.6463112007717));
#5186=CARTESIAN_POINT('Ctrl Pts',(50.2413282424653,-70.567235596053,11.260439768115));
#5187=CARTESIAN_POINT('Ctrl Pts',(143.912605506508,-280.327175832761,123.612972361419));
#5188=CARTESIAN_POINT('Ctrl Pts',(136.93419977493,-261.654295789537,112.981208923169));
#5189=CARTESIAN_POINT('Ctrl Pts',(119.043850018168,-221.787729268976,91.6494070234907));
#5190=CARTESIAN_POINT('Ctrl Pts',(92.9114797639025,-169.456009379328,64.924047477528));
#5191=CARTESIAN_POINT('Ctrl Pts',(73.4078955280902,-128.357699961713,43.5052866093524));
#5192=CARTESIAN_POINT('Ctrl Pts',(60.3928239793032,-98.4982173791315,27.4069856331118));
#5193=CARTESIAN_POINT('Ctrl Pts',(53.3795235987319,-79.634945608737,16.6461771473235));
#5194=CARTESIAN_POINT('Ctrl Pts',(50.4292133358087,-70.5653671837538,11.2606389929053));
#5195=CARTESIAN_POINT('Ctrl Pts',(144.174669708459,-279.308707027945,123.592263952265));
#5196=CARTESIAN_POINT('Ctrl Pts',(137.18705556004,-260.707206993309,112.963509826328));
#5197=CARTESIAN_POINT('Ctrl Pts',(119.309956841333,-221.033166541289,91.6380821634225));
#5198=CARTESIAN_POINT('Ctrl Pts',(93.2259179181515,-168.989116762931,64.9190445064769));
#5199=CARTESIAN_POINT('Ctrl Pts',(73.7501952701822,-128.105101054291,43.5030502335015));
#5200=CARTESIAN_POINT('Ctrl Pts',(60.7415309615036,-98.3880269709445,27.4058574690485));
#5201=CARTESIAN_POINT('Ctrl Pts',(53.7175916830641,-79.59927057024,16.64604284037));
#5202=CARTESIAN_POINT('Ctrl Pts',(50.757588147587,-70.5594783913024,11.2611470573952));
#5203=CARTESIAN_POINT('Ctrl Pts',(144.637997984663,-277.258466351062,123.547410984288));
#5204=CARTESIAN_POINT('Ctrl Pts',(137.633863772245,-258.800129585817,112.924800963554));
#5205=CARTESIAN_POINT('Ctrl Pts',(119.795127244429,-219.5111589112,91.6133522646632));
#5206=CARTESIAN_POINT('Ctrl Pts',(93.8308448704602,-168.041801403549,64.9083796321158));
#5207=CARTESIAN_POINT('Ctrl Pts',(74.4268540228087,-127.586436103055,43.4983495152006));
#5208=CARTESIAN_POINT('Ctrl Pts',(61.440039444185,-98.1545974504303,27.4034460539796));
#5209=CARTESIAN_POINT('Ctrl Pts',(54.3979194465422,-79.5153401554385,16.6455250064532));
#5210=CARTESIAN_POINT('Ctrl Pts',(51.4190498412117,-70.5354247071013,11.261835552514));
#5211=CARTESIAN_POINT('Ctrl Pts',(145.320699041352,-273.113759135501,123.443233711711));
#5212=CARTESIAN_POINT('Ctrl Pts',(138.29090264884,-254.943227924472,112.83294573332));
#5213=CARTESIAN_POINT('Ctrl Pts',(120.575355419014,-216.422743175733,91.5545064395319));
#5214=CARTESIAN_POINT('Ctrl Pts',(94.9426032457316,-166.096446738837,64.8841177804234));
#5215=CARTESIAN_POINT('Ctrl Pts',(75.7450488257299,-126.496748029925,43.4877815845518));
#5216=CARTESIAN_POINT('Ctrl Pts',(62.8364342383413,-97.6362557956738,27.3980229060058));
#5217=CARTESIAN_POINT('Ctrl Pts',(55.7689684258317,-79.297548960939,16.6439475305325));
#5218=CARTESIAN_POINT('Ctrl Pts',(52.7538068118131,-70.4384609514062,11.2626213455535));
#5219=CARTESIAN_POINT('Ctrl Pts',(145.483171160436,-269.520591859851,123.32190566542));
#5220=CARTESIAN_POINT('Ctrl Pts',(138.442046723716,-251.599025865994,112.720887754823));
#5221=CARTESIAN_POINT('Ctrl Pts',(120.908518325999,-213.727122460389,91.4824383299386));
#5222=CARTESIAN_POINT('Ctrl Pts',(95.7192521414693,-164.354249345436,64.8572340774958));
#5223=CARTESIAN_POINT('Ctrl Pts',(76.8080796208809,-125.475722374024,43.4765130168242));
#5224=CARTESIAN_POINT('Ctrl Pts',(64.0266407568003,-97.1014132845427,27.3922557919548));
#5225=CARTESIAN_POINT('Ctrl Pts',(56.9568340445805,-79.0215984193349,16.6414178780243));
#5226=CARTESIAN_POINT('Ctrl Pts',(53.9131939629453,-70.2678879706501,11.2619747249333));
#5227=CARTESIAN_POINT('Ctrl Pts',(145.4012156738,-266.857204812363,123.213396934011));
#5228=CARTESIAN_POINT('Ctrl Pts',(138.35654825228,-249.122425907301,112.614795243875));
#5229=CARTESIAN_POINT('Ctrl Pts',(120.98795695328,-211.724291562275,91.411162864744));
#5230=CARTESIAN_POINT('Ctrl Pts',(96.2040611747574,-163.03332909435,64.8332957191903));
#5231=CARTESIAN_POINT('Ctrl Pts',(77.5593688022625,-124.676876469188,43.466599759818));
#5232=CARTESIAN_POINT('Ctrl Pts',(64.9014105451757,-96.6580650160502,27.387339418902));
#5233=CARTESIAN_POINT('Ctrl Pts',(57.839294295732,-78.7701432522544,16.6388519222911));
#5234=CARTESIAN_POINT('Ctrl Pts',(54.775628199956,-70.0956258089241,11.2608443364675));
#5235=CARTESIAN_POINT('Ctrl Pts',(145.403234688003,-266.278402122324,123.219881489989));
#5236=CARTESIAN_POINT('Ctrl Pts',(138.359492008165,-248.582727628485,112.619744238747));
#5237=CARTESIAN_POINT('Ctrl Pts',(121.025885083204,-211.287766572517,91.4125889158668));
#5238=CARTESIAN_POINT('Ctrl Pts',(96.3157282396703,-162.750568303955,64.8317472090441));
#5239=CARTESIAN_POINT('Ctrl Pts',(77.7184459805135,-124.508295845448,43.4648757027524));
#5240=CARTESIAN_POINT('Ctrl Pts',(65.0832034496102,-96.5648727671146,27.3862168955126));
#5241=CARTESIAN_POINT('Ctrl Pts',(58.0224900868633,-78.7168190485199,16.6383241882291));
#5242=CARTESIAN_POINT('Ctrl Pts',(54.9547104084979,-70.0587677887226,11.2605927784678));
#5243=CARTESIAN_POINT('Ctrl Pts',(145.396672978144,-265.132595717215,123.216500520847));
#5244=CARTESIAN_POINT('Ctrl Pts',(138.353979270038,-247.514985361538,112.614439996772));
#5245=CARTESIAN_POINT('Ctrl Pts',(121.089874394601,-210.423246679559,91.4062479931999));
#5246=CARTESIAN_POINT('Ctrl Pts',(96.5326812374469,-162.185708787382,64.826643761264));
#5247=CARTESIAN_POINT('Ctrl Pts',(78.0345073673871,-124.167876498888,43.4611688102886));
#5248=CARTESIAN_POINT('Ctrl Pts',(65.4463578422436,-96.3740417710425,27.3839612659105));
#5249=CARTESIAN_POINT('Ctrl Pts',(58.3887091952679,-78.6057291160915,16.637194603227));
#5250=CARTESIAN_POINT('Ctrl Pts',(55.3127982874207,-69.9806849649158,11.2600250862243));
#5251=CARTESIAN_POINT('Ctrl Pts',(145.390805488893,-263.114285416695,123.218728021137));
#5252=CARTESIAN_POINT('Ctrl Pts',(138.350703308338,-245.633442972196,112.612730379231));
#5253=CARTESIAN_POINT('Ctrl Pts',(121.208280020004,-208.897711381925,91.3995963493674));
#5254=CARTESIAN_POINT('Ctrl Pts',(96.9148856616091,-161.18566110373,64.8184973179689));
#5255=CARTESIAN_POINT('Ctrl Pts',(78.5874757693314,-123.560680201285,43.4546181040876));
#5256=CARTESIAN_POINT('Ctrl Pts',(66.0809185290214,-96.0283588093901,27.379832086753));
#5257=CARTESIAN_POINT('Ctrl Pts',(59.0288998673484,-78.3996287191256,16.6350603041506));
#5258=CARTESIAN_POINT('Ctrl Pts',(55.9390414222826,-69.8325470891234,11.2588596954745));
#5259=CARTESIAN_POINT('Ctrl Pts',(145.375993409165,-259.06002219032,123.216810304989));
#5260=CARTESIAN_POINT('Ctrl Pts',(138.341849322369,-241.85285287697,112.603395896626));
#5261=CARTESIAN_POINT('Ctrl Pts',(121.441676711193,-205.823779726123,91.3822898787303));
#5262=CARTESIAN_POINT('Ctrl Pts',(97.6736322999033,-159.149971219936,64.8007177253052));
#5263=CARTESIAN_POINT('Ctrl Pts',(79.6872100090269,-122.30276725239,43.440768151322));
#5264=CARTESIAN_POINT('Ctrl Pts',(67.3442346158691,-95.2900285285377,27.3709410074651));
#5265=CARTESIAN_POINT('Ctrl Pts',(60.3047661823763,-77.9405038765979,16.6301156601612));
#5266=CARTESIAN_POINT('Ctrl Pts',(57.1881011944032,-69.4901178731393,11.2558305145182));
#5267=CARTESIAN_POINT('Ctrl Pts',(145.360043168476,-253.205809638332,123.217562307404));
#5268=CARTESIAN_POINT('Ctrl Pts',(138.337471577537,-236.389828027739,112.593373132357));
#5269=CARTESIAN_POINT('Ctrl Pts',(121.778975245495,-201.357239640476,91.3583613113679));
#5270=CARTESIAN_POINT('Ctrl Pts',(98.7439713106201,-156.13719175081,64.7736141545866));
#5271=CARTESIAN_POINT('Ctrl Pts',(81.2348526705293,-120.381260597197,43.4190050505657));
#5272=CARTESIAN_POINT('Ctrl Pts',(69.1231120644153,-94.1011980929196,27.3562524070994));
#5273=CARTESIAN_POINT('Ctrl Pts',(62.1045901363128,-77.1502589064144,16.6210486303952));
#5274=CARTESIAN_POINT('Ctrl Pts',(58.9526606730884,-68.8686613316028,11.2494296787176));
#5275=CARTESIAN_POINT('Ctrl Pts',(145.34308019362,-246.110099406722,123.215477539284));
#5276=CARTESIAN_POINT('Ctrl Pts',(138.337621786793,-229.76276321211,112.578857982026));
#5277=CARTESIAN_POINT('Ctrl Pts',(122.176119741623,-195.899935497653,91.3264941331556));
#5278=CARTESIAN_POINT('Ctrl Pts',(99.9851741946694,-152.367908484877,64.7373023888483));
#5279=CARTESIAN_POINT('Ctrl Pts',(83.0276135312082,-117.88402350757,43.389211705969));
#5280=CARTESIAN_POINT('Ctrl Pts',(71.1856549670161,-92.4648838361541,27.3350230233922));
#5281=CARTESIAN_POINT('Ctrl Pts',(64.1955787187278,-75.9906178518784,16.6065782603559));
#5282=CARTESIAN_POINT('Ctrl Pts',(61.0058904779335,-67.9144275986916,11.2381498476298));
#5283=CARTESIAN_POINT('Ctrl Pts',(145.325487766971,-236.580231560176,123.213270292409));
#5284=CARTESIAN_POINT('Ctrl Pts',(138.345851618193,-220.855601627075,112.560612866752));
#5285=CARTESIAN_POINT('Ctrl Pts',(122.689294303931,-188.515444037579,91.2830372168872));
#5286=CARTESIAN_POINT('Ctrl Pts',(101.561600356346,-147.156394365367,64.6845854007519));
#5287=CARTESIAN_POINT('Ctrl Pts',(85.3002250263254,-114.316630146585,43.3442772268266));
#5288=CARTESIAN_POINT('Ctrl Pts',(73.8013933861915,-90.0193543243905,27.3013097628481));
#5289=CARTESIAN_POINT('Ctrl Pts',(66.8514470146418,-74.1773680638863,16.5819492188416));
#5290=CARTESIAN_POINT('Ctrl Pts',(63.6170550999318,-66.3783430795842,11.2178009707834));
#5291=CARTESIAN_POINT('Ctrl Pts',(145.313043627775,-226.992437587226,123.210140422579));
#5292=CARTESIAN_POINT('Ctrl Pts',(138.361387222957,-211.885770019411,112.542637029069));
#5293=CARTESIAN_POINT('Ctrl Pts',(123.162896254472,-181.009003922676,91.2382416973823));
#5294=CARTESIAN_POINT('Ctrl Pts',(102.987219042696,-141.70135515085,64.6256377345079));
#5295=CARTESIAN_POINT('Ctrl Pts',(87.3496758492654,-110.424644198296,43.2910864572006));
#5296=CARTESIAN_POINT('Ctrl Pts',(76.1608232513145,-87.2080348243655,27.2587760625394));
#5297=CARTESIAN_POINT('Ctrl Pts',(69.2512163957109,-71.9919863999237,16.5486107668157));
#5298=CARTESIAN_POINT('Ctrl Pts',(65.9799387216336,-64.4743483382594,11.1887660699264));
#5299=CARTESIAN_POINT('Ctrl Pts',(145.304252534276,-217.434055549392,123.206917658206));
#5300=CARTESIAN_POINT('Ctrl Pts',(138.378965263694,-202.938817081146,112.526370464051));
#5301=CARTESIAN_POINT('Ctrl Pts',(123.575062289333,-173.465903759433,91.1953537120243));
#5302=CARTESIAN_POINT('Ctrl Pts',(104.211323795206,-136.092709693667,64.563027318913));
#5303=CARTESIAN_POINT('Ctrl Pts',(89.1034377781294,-106.302061619183,43.2295011147413));
#5304=CARTESIAN_POINT('Ctrl Pts',(78.1772976358666,-84.1266635509653,27.2055228241356));
#5305=CARTESIAN_POINT('Ctrl Pts',(71.3022736934265,-69.5291404643812,16.5041730244124));
#5306=CARTESIAN_POINT('Ctrl Pts',(68.0003526195447,-62.2955373307507,11.1488079359966));
#5307=CARTESIAN_POINT('Ctrl Pts',(145.294056127227,-203.169953957374,123.202253453671));
#5308=CARTESIAN_POINT('Ctrl Pts',(138.405672217451,-189.584894012807,112.503879615265));
#5309=CARTESIAN_POINT('Ctrl Pts',(124.126693954074,-162.160861228045,91.1340563849767));
#5310=CARTESIAN_POINT('Ctrl Pts',(105.836305511781,-127.578541675917,64.4674054273152));
#5311=CARTESIAN_POINT('Ctrl Pts',(91.4254745412247,-99.9442617143003,43.1304792906722));
#5312=CARTESIAN_POINT('Ctrl Pts',(80.8438615787807,-79.2934795023607,27.1159297186824));
#5313=CARTESIAN_POINT('Ctrl Pts',(74.0134480604474,-65.6168280898163,16.4265914430183));
#5314=CARTESIAN_POINT('Ctrl Pts',(70.6710391351113,-58.8119781343531,11.0773918162367));
#5315=CARTESIAN_POINT('Ctrl Pts',(145.287069859074,-182.21378886255,123.197196573841));
#5316=CARTESIAN_POINT('Ctrl Pts',(138.437627241713,-169.965816441567,112.480059251693));
#5317=CARTESIAN_POINT('Ctrl Pts',(124.66550002455,-145.411172644518,91.0609391916233));
#5318=CARTESIAN_POINT('Ctrl Pts',(107.395561934478,-114.626982103721,64.325730387552));
#5319=CARTESIAN_POINT('Ctrl Pts',(93.6300653700554,-89.9774784946907,42.9569405698947));
#5320=CARTESIAN_POINT('Ctrl Pts',(83.3536099669537,-71.4881721484199,26.937503176687));
#5321=CARTESIAN_POINT('Ctrl Pts',(76.5487408801261,-59.1681946332601,16.2596621103818));
#5322=CARTESIAN_POINT('Ctrl Pts',(73.1615495948241,-53.0127912006731,10.9191415002418));
#5323=CARTESIAN_POINT('Ctrl Pts',(145.284920562911,-165.153068540192,123.196058790554));
#5324=CARTESIAN_POINT('Ctrl Pts',(138.441343441016,-154.047753234379,112.473679732011));
#5325=CARTESIAN_POINT('Ctrl Pts',(124.757752458598,-131.828352276124,91.0344169753133));
#5326=CARTESIAN_POINT('Ctrl Pts',(107.661835891727,-104.034933724211,64.2487127015857));
#5327=CARTESIAN_POINT('Ctrl Pts',(93.9901090932098,-81.7884475280426,42.828462100824));
#5328=CARTESIAN_POINT('Ctrl Pts',(83.7393754544908,-65.097425524588,26.7672652886739));
#5329=CARTESIAN_POINT('Ctrl Pts',(76.9066784120646,-53.9657398698397,16.063792219041));
#5330=CARTESIAN_POINT('Ctrl Pts',(73.4917530425186,-48.3987489931453,10.7121341755039));
#5331=CARTESIAN_POINT('Ctrl Pts',(145.284827931248,-152.691536629486,123.195944092435));
#5332=CARTESIAN_POINT('Ctrl Pts',(138.440691479996,-142.46167865469,112.472453734755));
#5333=CARTESIAN_POINT('Ctrl Pts',(124.751961708895,-122.002041164457,91.0250559275258));
#5334=CARTESIAN_POINT('Ctrl Pts',(107.63937870599,-96.4318058179239,64.2126701668565));
#5335=CARTESIAN_POINT('Ctrl Pts',(93.9462741487789,-75.9816362241924,42.758774987664));
#5336=CARTESIAN_POINT('Ctrl Pts',(83.6744367273226,-60.6495594734699,26.6639747180072));
#5337=CARTESIAN_POINT('Ctrl Pts',(76.8221588431178,-50.4355993931514,15.9300494919119));
#5338=CARTESIAN_POINT('Ctrl Pts',(73.3949253396511,-45.3336317334353,10.5586177178348));
#5339=CARTESIAN_POINT('Ctrl Pts',(145.253994167001,-143.556205556589,123.194193037127));
#5340=CARTESIAN_POINT('Ctrl Pts',(138.369646460557,-133.990395608849,112.462053239242));
#5341=CARTESIAN_POINT('Ctrl Pts',(124.647866262715,-114.827236800579,91.0042976698553));
#5342=CARTESIAN_POINT('Ctrl Pts',(107.543861406206,-90.839709921904,64.191977931746));
#5343=CARTESIAN_POINT('Ctrl Pts',(93.8405516568573,-71.6725207636301,42.7337322289139));
#5344=CARTESIAN_POINT('Ctrl Pts',(83.5377590158681,-57.3304620325836,26.6235231377652));
#5345=CARTESIAN_POINT('Ctrl Pts',(76.6360827743105,-47.819976523827,15.8561853259632));
#5346=CARTESIAN_POINT('Ctrl Pts',(73.1718463959741,-43.1005713646039,10.4468366471733));
#5347=CARTESIAN_POINT('Ctrl Pts',(145.113464877744,-125.208579335837,123.21063307965));
#5348=CARTESIAN_POINT('Ctrl Pts',(138.041035959572,-117.00725859544,112.466186427571));
#5349=CARTESIAN_POINT('Ctrl Pts',(124.142413763022,-100.464628743975,90.986609139301));
#5350=CARTESIAN_POINT('Ctrl Pts',(107.01301283616,-79.6506184795707,64.1553122715902));
#5351=CARTESIAN_POINT('Ctrl Pts',(93.221721742126,-63.0819420254672,42.6757108649944));
#5352=CARTESIAN_POINT('Ctrl Pts',(82.7749324173287,-50.7616766218783,26.5339083715321));
#5353=CARTESIAN_POINT('Ctrl Pts',(75.697157197873,-42.6946265282751,15.7138486380237));
#5354=CARTESIAN_POINT('Ctrl Pts',(72.1352016800046,-38.7522999774513,10.2410589017764));
#5355=CARTESIAN_POINT('Ctrl Pts',(144.830549505575,-102.246544573646,123.251088807421));
#5356=CARTESIAN_POINT('Ctrl Pts',(137.371674859373,-95.8145733376611,112.494318321735));
#5357=CARTESIAN_POINT('Ctrl Pts',(123.04037310317,-82.6194703895751,90.9891584797466));
#5358=CARTESIAN_POINT('Ctrl Pts',(105.706057216627,-65.8142434720997,64.1324009571274));
#5359=CARTESIAN_POINT('Ctrl Pts',(91.6456034954009,-52.5547565787629,42.6284378674304));
#5360=CARTESIAN_POINT('Ctrl Pts',(80.8755238181024,-42.8295656646565,26.4568710300411));
#5361=CARTESIAN_POINT('Ctrl Pts',(73.4760860797774,-36.6379595032391,15.5807110398098));
#5362=CARTESIAN_POINT('Ctrl Pts',(69.7606420586471,-33.6763262224001,10.051534448194));
#5363=CARTESIAN_POINT('Ctrl Pts',(144.531729394445,-79.5160838985192,123.298381276797));
#5364=CARTESIAN_POINT('Ctrl Pts',(136.6413935887,-74.8833180023799,112.542875725966));
#5365=CARTESIAN_POINT('Ctrl Pts',(121.615069992736,-65.1591747722997,91.0348235864508));
#5366=CARTESIAN_POINT('Ctrl Pts',(103.575254796511,-52.6072604348304,64.1571985199215));
#5367=CARTESIAN_POINT('Ctrl Pts',(88.9188309830907,-42.8474783009553,42.6208097622079));
#5368=CARTESIAN_POINT('Ctrl Pts',(77.6655812126249,-35.8336104317782,26.4145033107408));
#5369=CARTESIAN_POINT('Ctrl Pts',(69.9517567109814,-31.5209883051861,15.4905102097338));
#5370=CARTESIAN_POINT('Ctrl Pts',(66.0870191891277,-29.4659539840744,9.9481166337676));
#5371=CARTESIAN_POINT('Ctrl Pts',(144.379849905651,-63.8706369240518,123.324630416746));
#5372=CARTESIAN_POINT('Ctrl Pts',(136.246722546799,-60.4864083569086,112.577279178418));
#5373=CARTESIAN_POINT('Ctrl Pts',(120.618475245173,-53.2649055023686,91.0829733152963));
#5374=CARTESIAN_POINT('Ctrl Pts',(101.710069079221,-43.8895486579674,64.2049198962446));
#5375=CARTESIAN_POINT('Ctrl Pts',(86.4258838845066,-36.7155135592414,42.6433355537387));
#5376=CARTESIAN_POINT('Ctrl Pts',(74.7847170675725,-31.6597119290842,26.3983550025454));
#5377=CARTESIAN_POINT('Ctrl Pts',(66.9132678112396,-28.6146099366419,15.4351800848824));
#5378=CARTESIAN_POINT('Ctrl Pts',(62.9772460694043,-27.1519937385554,9.89026496324552));
#5379=CARTESIAN_POINT('Ctrl Pts',(144.326687156575,-56.1317794226373,123.335211436036));
#5380=CARTESIAN_POINT('Ctrl Pts',(136.097552325694,-53.3652776894546,112.594007176172));
#5381=CARTESIAN_POINT('Ctrl Pts',(120.143146522678,-47.4134661777717,91.1102691884223));
#5382=CARTESIAN_POINT('Ctrl Pts',(100.694310899069,-39.6834658072636,64.2360646417135));
#5383=CARTESIAN_POINT('Ctrl Pts',(85.0396535553585,-33.8407515045741,42.6608314802943));
#5384=CARTESIAN_POINT('Ctrl Pts',(73.1972112654427,-29.7761586409262,26.3911895820164));
#5385=CARTESIAN_POINT('Ctrl Pts',(65.2678870683339,-27.3479774228155,15.4069499542943));
#5386=CARTESIAN_POINT('Ctrl Pts',(61.3120121039886,-26.1702641040536,9.86215282926661));
#5387=CARTESIAN_POINT('Ctrl Pts',(144.306847684206,-52.2854013994543,123.339731335176));
#5388=CARTESIAN_POINT('Ctrl Pts',(136.037346737157,-49.8256845862084,112.60213205153));
#5389=CARTESIAN_POINT('Ctrl Pts',(119.914029757525,-44.5133241003504,91.1245571556041));
#5390=CARTESIAN_POINT('Ctrl Pts',(100.166944313642,-37.6210128274461,64.2534561632271));
#5391=CARTESIAN_POINT('Ctrl Pts',(84.3125171144324,-32.4539120513522,42.6711946287994));
#5392=CARTESIAN_POINT('Ctrl Pts',(72.3681846582413,-28.8876003931748,26.3876903570977));
#5393=CARTESIAN_POINT('Ctrl Pts',(64.4158447064522,-26.7631253237032,15.3925930540793));
#5394=CARTESIAN_POINT('Ctrl Pts',(60.454827107719,-25.7252019545283,9.84795015177154));
#5395=CARTESIAN_POINT('Ctrl Pts',(144.297579434341,-50.0945065535134,123.342064585025));
#5396=CARTESIAN_POINT('Ctrl Pts',(136.007387739369,-47.8094333348201,112.606682768534));
#5397=CARTESIAN_POINT('Ctrl Pts',(119.785960154205,-42.8637824350243,91.132861744148));
#5398=CARTESIAN_POINT('Ctrl Pts',(99.8602462912798,-36.4545063626783,64.2638583451912));
#5399=CARTESIAN_POINT('Ctrl Pts',(83.8874698274389,-31.6763277172028,42.6775072217488));
#5400=CARTESIAN_POINT('Ctrl Pts',(71.8846222271082,-28.3953661517691,26.3856397026091));
#5401=CARTESIAN_POINT('Ctrl Pts',(63.9209051984611,-26.4430256220564,15.3842708603364));
#5402=CARTESIAN_POINT('Ctrl Pts',(59.9584951347078,-25.4841810487512,9.83976922704918));
#5403=CARTESIAN_POINT('Ctrl Pts',(144.293680027908,-49.0011954769835,123.343178362307));
#5404=CARTESIAN_POINT('Ctrl Pts',(135.993967387537,-46.8031982892018,112.608962853599));
#5405=CARTESIAN_POINT('Ctrl Pts',(119.722958567388,-42.0413340191717,91.1371068067798));
#5406=CARTESIAN_POINT('Ctrl Pts',(99.7051257480934,-35.8751109331481,64.2692775260189));
#5407=CARTESIAN_POINT('Ctrl Pts',(83.6717577802134,-31.2924505615553,42.6808454973121));
#5408=CARTESIAN_POINT('Ctrl Pts',(71.6395753073672,-28.1544552111066,26.3846172462727));
#5409=CARTESIAN_POINT('Ctrl Pts',(63.6708047340696,-26.2877010160961,15.3800741721311));
#5410=CARTESIAN_POINT('Ctrl Pts',(59.7082168331929,-25.368147538246,9.835659702253));
#5411=CARTESIAN_POINT('Ctrl Pts',(144.290544353328,-48.0535989860854,123.344008719054));
#5412=CARTESIAN_POINT('Ctrl Pts',(135.982931962106,-45.9311501990586,112.610813592416));
#5413=CARTESIAN_POINT('Ctrl Pts',(119.668665849249,-41.3290883537942,91.1406614055826));
#5414=CARTESIAN_POINT('Ctrl Pts',(99.5697271026823,-35.3743688009474,64.2738684738025));
#5415=CARTESIAN_POINT('Ctrl Pts',(83.4831746294887,-30.9615924926105,42.6836616470203));
#5416=CARTESIAN_POINT('Ctrl Pts',(71.4254388067702,-27.9475765142518,26.3836706805884));
#5417=CARTESIAN_POINT('Ctrl Pts',(63.4524990522158,-26.1548899568393,15.3764120707792));
#5418=CARTESIAN_POINT('Ctrl Pts',(59.4900063179474,-25.2693436857155,9.83207522078063));
#5419=CARTESIAN_POINT('Ctrl Pts',(144.274801339028,-47.2828589754738,123.340248914679));
#5420=CARTESIAN_POINT('Ctrl Pts',(135.960922396392,-45.2261908931916,112.607191009053));
#5421=CARTESIAN_POINT('Ctrl Pts',(119.612598556206,-40.7608026333565,91.1369161701382));
#5422=CARTESIAN_POINT('Ctrl Pts',(99.4524826572258,-34.9773393936402,64.2695869525418));
#5423=CARTESIAN_POINT('Ctrl Pts',(83.3249752697598,-30.694893220017,42.6798189383372));
#5424=CARTESIAN_POINT('Ctrl Pts',(71.2447155096902,-27.7751851067183,26.3807622029195));
#5425=CARTESIAN_POINT('Ctrl Pts',(63.266449743263,-26.0433245944742,15.3734070071662));
#5426=CARTESIAN_POINT('Ctrl Pts',(59.3043137195659,-25.1867389587883,9.82902908495141));
#5427=CARTESIAN_POINT('Ctrl Pts',(144.205726208683,-45.7197873465593,123.334905100244));
#5428=CARTESIAN_POINT('Ctrl Pts',(135.881678816113,-43.7935696663414,112.602460955508));
#5429=CARTESIAN_POINT('Ctrl Pts',(119.472020982119,-39.6025413852262,91.1327510733092));
#5430=CARTESIAN_POINT('Ctrl Pts',(99.1983555463011,-34.1703677655794,64.2651465941616));
#5431=CARTESIAN_POINT('Ctrl Pts',(82.9960621138189,-30.1590128850746,42.6751713626186));
#5432=CARTESIAN_POINT('Ctrl Pts',(70.8771346645588,-27.4349577547615,26.3757620086572));
#5433=CARTESIAN_POINT('Ctrl Pts',(62.8916421042524,-25.8255083056582,15.367228037969));
#5434=CARTESIAN_POINT('Ctrl Pts',(58.9308067698523,-25.0264560109182,9.8228957975839));
#5435=CARTESIAN_POINT('Ctrl Pts',(143.979704971348,-42.9916066971115,123.32350829858));
#5436=CARTESIAN_POINT('Ctrl Pts',(135.643923537411,-41.2936279109743,112.591783700528));
#5437=CARTESIAN_POINT('Ctrl Pts',(119.14638628929,-37.5859097339561,91.1224596271579));
#5438=CARTESIAN_POINT('Ctrl Pts',(98.7057802450671,-32.7740298253396,64.2539738412404));
#5439=CARTESIAN_POINT('Ctrl Pts',(82.3951795734351,-29.2380652184277,42.6642252415059));
#5440=CARTESIAN_POINT('Ctrl Pts',(70.2216410278088,-26.8548141547853,26.3656137944678));
#5441=CARTESIAN_POINT('Ctrl Pts',(62.2284641409576,-25.4579982590002,15.3562377439185));
#5442=CARTESIAN_POINT('Ctrl Pts',(58.2716580733894,-24.7589637588241,9.81212726125576));
#5443=CARTESIAN_POINT('Ctrl Pts',(143.111596506914,-37.5453833233226,123.298359880725));
#5444=CARTESIAN_POINT('Ctrl Pts',(134.777283144351,-36.3003059314832,112.56766609543));
#5445=CARTESIAN_POINT('Ctrl Pts',(118.180949487099,-33.5658220237302,91.0988792040808));
#5446=CARTESIAN_POINT('Ctrl Pts',(97.5269307075375,-30.0195135183541,64.2289311676988));
#5447=CARTESIAN_POINT('Ctrl Pts',(81.0870480518624,-27.4512013929043,42.6393700906329));
#5448=CARTESIAN_POINT('Ctrl Pts',(68.8594504410506,-25.7546823665664,26.3424348661127));
#5449=CARTESIAN_POINT('Ctrl Pts',(60.8743268874947,-24.7785769049445,15.3332325147392));
#5450=CARTESIAN_POINT('Ctrl Pts',(56.9329929453048,-24.2765315723819,9.79020169317041));
#5451=CARTESIAN_POINT('Ctrl Pts',(141.170194380973,-31.497718472241,123.260974736801));
#5452=CARTESIAN_POINT('Ctrl Pts',(132.896641909292,-30.7580455957315,112.530378870062));
#5453=CARTESIAN_POINT('Ctrl Pts',(116.364523358237,-29.1265077837071,91.0609939133893));
#5454=CARTESIAN_POINT('Ctrl Pts',(95.7428783505957,-27.0316092308279,64.189160107757));
#5455=CARTESIAN_POINT('Ctrl Pts',(79.3547148819619,-25.5666385940333,42.6006724571877));
#5456=CARTESIAN_POINT('Ctrl Pts',(67.1895690424831,-24.6425735528026,26.3084409876175));
#5457=CARTESIAN_POINT('Ctrl Pts',(59.2669488773143,-24.1315379747703,15.3050681614366));
#5458=CARTESIAN_POINT('Ctrl Pts',(55.3623349785459,-23.8476158655339,9.76452887668787));
#5459=CARTESIAN_POINT('Ctrl Pts',(138.368032801407,-25.8669538408556,123.215034531589));
#5460=CARTESIAN_POINT('Ctrl Pts',(130.216228058333,-25.6105871945343,112.483964321413));
#5461=CARTESIAN_POINT('Ctrl Pts',(113.911324460505,-25.025636152146,91.013478758299));
#5462=CARTESIAN_POINT('Ctrl Pts',(93.5635037839309,-24.3018056783413,64.1398494881196));
#5463=CARTESIAN_POINT('Ctrl Pts',(77.4033347156536,-23.880325493333,42.5534871767439));
#5464=CARTESIAN_POINT('Ctrl Pts',(65.413810613414,-23.6869285765116,26.2683954743035));
#5465=CARTESIAN_POINT('Ctrl Pts',(57.6088402258668,-23.6183440449723,15.2753004938029));
#5466=CARTESIAN_POINT('Ctrl Pts',(53.7645518880582,-23.5445899810129,9.73817905880834));
#5467=CARTESIAN_POINT('Ctrl Pts',(135.047807205247,-20.5850140282722,123.163124950356));
#5468=CARTESIAN_POINT('Ctrl Pts',(127.058193047514,-20.7945614219335,112.43118350806));
#5469=CARTESIAN_POINT('Ctrl Pts',(111.07941646164,-21.2053640194521,90.9592134017415));
#5470=CARTESIAN_POINT('Ctrl Pts',(91.145280711046,-21.7739592866468,64.0838733542883));
#5471=CARTESIAN_POINT('Ctrl Pts',(75.3164215652418,-22.3385543899193,42.5007161237782));
#5472=CARTESIAN_POINT('Ctrl Pts',(63.5706451515233,-22.8387682267928,26.2248581989943));
#5473=CARTESIAN_POINT('Ctrl Pts',(55.9199525293824,-23.1955244032738,15.2447456036838));
#5474=CARTESIAN_POINT('Ctrl Pts',(52.1532467478511,-23.3261810982018,9.71163488038023));
#5475=CARTESIAN_POINT('Ctrl Pts',(132.039813241818,-17.0893537739767,123.117754187665));
#5476=CARTESIAN_POINT('Ctrl Pts',(124.216811442397,-17.6258019699711,112.38488036655));
#5477=CARTESIAN_POINT('Ctrl Pts',(108.582519035251,-18.7120136632145,90.9112405819827));
#5478=CARTESIAN_POINT('Ctrl Pts',(89.0909891806397,-20.1351503892434,64.0348476751271));
#5479=CARTESIAN_POINT('Ctrl Pts',(73.6097692155977,-21.3567890493958,42.4559781497338));
#5480=CARTESIAN_POINT('Ctrl Pts',(62.1154059176271,-22.3265237266029,26.1893704726556));
#5481=CARTESIAN_POINT('Ctrl Pts',(54.6205565427063,-22.9807186657743,15.2225324381418));
#5482=CARTESIAN_POINT('Ctrl Pts',(50.9330196221098,-23.258198787676,9.69303821585642));
#5483=CARTESIAN_POINT('Ctrl Pts',(129.319484091731,-14.4711766804468,123.076555504762));
#5484=CARTESIAN_POINT('Ctrl Pts',(121.660642521948,-15.2669907412925,112.342475754931));
#5485=CARTESIAN_POINT('Ctrl Pts',(106.354308111724,-16.8691957023057,90.8669890162509));
#5486=CARTESIAN_POINT('Ctrl Pts',(87.2719120373553,-18.9255732441461,63.9902229401638));
#5487=CARTESIAN_POINT('Ctrl Pts',(72.1139904506599,-20.639578187618,42.4163439176781));
#5488=CARTESIAN_POINT('Ctrl Pts',(60.8570005692323,-21.9685607358947,26.1593155267653));
#5489=CARTESIAN_POINT('Ctrl Pts',(53.5152723488113,-22.8587111000918,15.2048439740428));
#5490=CARTESIAN_POINT('Ctrl Pts',(49.9073280974927,-23.2550288068499,9.67921334583338));
#5491=CARTESIAN_POINT('Ctrl Pts',(128.166279957323,-13.4142454337329,123.059197230355));
#5492=CARTESIAN_POINT('Ctrl Pts',(120.576164824583,-14.3137366975223,112.324754033126));
#5493=CARTESIAN_POINT('Ctrl Pts',(105.408810754952,-16.1219061615207,90.8495938745017));
#5494=CARTESIAN_POINT('Ctrl Pts',(86.5005170462262,-18.4307811028997,63.9755009694621));
#5495=CARTESIAN_POINT('Ctrl Pts',(71.4771520631595,-20.3416999206541,42.4074523612047));
#5496=CARTESIAN_POINT('Ctrl Pts',(60.3150823015477,-21.8148896235985,26.1591480778526));
#5497=CARTESIAN_POINT('Ctrl Pts',(53.0244237175152,-22.8008948274567,15.2193129966061));
#5498=CARTESIAN_POINT('Ctrl Pts',(49.4358546988255,-23.2512234126486,9.70548095844038));
#5499=CARTESIAN_POINT('Ctrl Pts',(125.733670982109,-11.3980657951575,123.022387094687));
#5500=CARTESIAN_POINT('Ctrl Pts',(118.286658553379,-12.4944048336739,112.286976382126));
#5501=CARTESIAN_POINT('Ctrl Pts',(103.419979521893,-14.6968066426481,90.8117718512634));
#5502=CARTESIAN_POINT('Ctrl Pts',(84.8990623982557,-17.4916564343668,63.9421085997297));
#5503=CARTESIAN_POINT('Ctrl Pts',(70.172522755907,-19.7798985688594,42.3846313385676));
#5504=CARTESIAN_POINT('Ctrl Pts',(59.2176897712849,-21.5282284467745,26.1519211085909));
#5505=CARTESIAN_POINT('Ctrl Pts',(52.042684077319,-22.6962178197605,15.2350739275617));
#5506=CARTESIAN_POINT('Ctrl Pts',(48.5035185087735,-23.2448536751262,9.73751822481394));
#5507=CARTESIAN_POINT('Ctrl Pts',(121.168699495221,-8.1555343389024,122.952657635373));
#5508=CARTESIAN_POINT('Ctrl Pts',(113.985579516662,-9.56745845790792,112.215256980056));
#5509=CARTESIAN_POINT('Ctrl Pts',(99.6971342204429,-12.403297670925,90.74019371735));
#5510=CARTESIAN_POINT('Ctrl Pts',(81.9413531930514,-15.9795662437471,63.8807077284605));
#5511=CARTESIAN_POINT('Ctrl Pts',(67.7924421035596,-18.87362711742,42.3450211514779));
#5512=CARTESIAN_POINT('Ctrl Pts',(57.2320273043515,-21.0638826924786,26.1424794457207));
#5513=CARTESIAN_POINT('Ctrl Pts',(50.2704306203292,-22.5254743394572,15.2666644929822));
#5514=CARTESIAN_POINT('Ctrl Pts',(46.8203934858219,-23.2328285703608,9.79745849064528));
#5515=CARTESIAN_POINT('Ctrl Pts',(113.916955922138,-4.50649548125906,122.837628771449));
#5516=CARTESIAN_POINT('Ctrl Pts',(107.144101726395,-6.28434664164657,112.096571319889));
#5517=CARTESIAN_POINT('Ctrl Pts',(93.8040925835604,-9.83314857000549,90.6216480491492));
#5518=CARTESIAN_POINT('Ctrl Pts',(77.3420774772643,-14.2670517416169,63.7814697264437));
#5519=CARTESIAN_POINT('Ctrl Pts',(64.1549148733965,-17.8318325901251,42.2821937793738));
#5520=CARTESIAN_POINT('Ctrl Pts',(54.2387427847928,-20.5209622045769,26.1245597305218));
#5521=CARTESIAN_POINT('Ctrl Pts',(47.6224634222354,-22.3244857531682,15.3003733561118));
#5522=CARTESIAN_POINT('Ctrl Pts',(44.3197916384876,-23.2165991278738,9.8626249488709));
#5523=CARTESIAN_POINT('Ctrl Pts',(104.678853706516,-2.00708726864657,122.680266695564));
#5524=CARTESIAN_POINT('Ctrl Pts',(98.4290035967275,-4.0863384949995,111.933195119814));
#5525=CARTESIAN_POINT('Ctrl Pts',(86.3007982860928,-8.12282262265374,90.4591032991628));
#5526=CARTESIAN_POINT('Ctrl Pts',(71.4872756298921,-13.0454409643879,63.6503815895098));
#5527=CARTESIAN_POINT('Ctrl Pts',(59.5247237546025,-17.024129612506,42.2009802411965));
#5528=CARTESIAN_POINT('Ctrl Pts',(50.4337050127496,-20.0605756538033,26.0979474769724));
#5529=CARTESIAN_POINT('Ctrl Pts',(44.2719002927233,-22.143790195291,15.3283747179366));
#5530=CARTESIAN_POINT('Ctrl Pts',(41.1678280345151,-23.1998952908018,9.92273434889619));
#5531=CARTESIAN_POINT('Ctrl Pts',(98.6364998503682,-1.58155433116127,122.569651541094));
#5532=CARTESIAN_POINT('Ctrl Pts',(92.7390163284089,-3.77590119278102,111.816643723694));
#5533=CARTESIAN_POINT('Ctrl Pts',(81.3771677890885,-7.89575261319596,90.3422470990189));
#5534=CARTESIAN_POINT('Ctrl Pts',(67.5602984918223,-12.7808836728964,63.5582871166721));
#5535=CARTESIAN_POINT('Ctrl Pts',(56.3516694828716,-16.7730466673638,42.1438541226996));
#5536=CARTESIAN_POINT('Ctrl Pts',(47.7885399230026,-19.8739280640126,26.0753383448647));
#5537=CARTESIAN_POINT('Ctrl Pts',(41.9404958328175,-22.0600683633382,15.3372893988785));
#5538=CARTESIAN_POINT('Ctrl Pts',(38.9823098057194,-23.1914815659387,9.94988911051992));
#5539=CARTESIAN_POINT('Ctrl Pts',(95.5077289447981,-1.63329345350324,122.512788520456));
#5540=CARTESIAN_POINT('Ctrl Pts',(89.7979102043671,-3.86996261797014,111.755681756234));
#5541=CARTESIAN_POINT('Ctrl Pts',(78.8177621260194,-7.98040090040359,90.2802725173455));
#5542=CARTESIAN_POINT('Ctrl Pts',(65.4735722711288,-12.7638952879892,63.5096419468844));
#5543=CARTESIAN_POINT('Ctrl Pts',(54.6310266230704,-16.7036679098332,42.1133816423396));
#5544=CARTESIAN_POINT('Ctrl Pts',(46.3342577150198,-19.8008822893649,26.0623733371412));
#5545=CARTESIAN_POINT('Ctrl Pts',(40.6552051635511,-22.0234495685531,15.3399242868078));
#5546=CARTESIAN_POINT('Ctrl Pts',(37.7788044482957,-23.1876894298046,9.96192998594043));
#5547=CARTESIAN_POINT('Ctrl Pts',(95.0015181119148,-1.63878402272964,122.517311176237));
#5548=CARTESIAN_POINT('Ctrl Pts',(89.3196486932198,-3.88244872942572,111.759824627102));
#5549=CARTESIAN_POINT('Ctrl Pts',(78.3995765958801,-7.99185272409012,90.2830113773288));
#5550=CARTESIAN_POINT('Ctrl Pts',(65.1364555677285,-12.7595729161597,63.5100662308087));
#5551=CARTESIAN_POINT('Ctrl Pts',(54.3584323779343,-16.692009303824,42.1126034628416));
#5552=CARTESIAN_POINT('Ctrl Pts',(46.1082424150815,-19.7894992544783,26.0615617315568));
#5553=CARTESIAN_POINT('Ctrl Pts',(40.4574716234201,-22.0179537618255,15.3403313204409));
#5554=CARTESIAN_POINT('Ctrl Pts',(37.593727404251,-23.1871182427659,9.9637214812953));
#5555=CARTESIAN_POINT('Ctrl Pts',(94.0036535808109,-1.65062978732319,122.518774647837));
#5556=CARTESIAN_POINT('Ctrl Pts',(88.3782926276444,-3.90742386100561,111.7604397191));
#5557=CARTESIAN_POINT('Ctrl Pts',(77.5773264146887,-8.01462769437652,90.2816154891369));
#5558=CARTESIAN_POINT('Ctrl Pts',(64.4708026553966,-12.7522245501755,63.5065754217718));
#5559=CARTESIAN_POINT('Ctrl Pts',(53.8166681074649,-16.6702220920647,42.1089569434823));
#5560=CARTESIAN_POINT('Ctrl Pts',(45.6562722830724,-19.7677854905389,26.059327766741));
#5561=CARTESIAN_POINT('Ctrl Pts',(40.060882399663,-22.0073636435649,15.3410871111148));
#5562=CARTESIAN_POINT('Ctrl Pts',(37.2225658047918,-23.1860134756645,9.96717805987468));
#5563=CARTESIAN_POINT('Ctrl Pts',(92.2504409323024,-1.66952978592858,122.52481057373));
#5564=CARTESIAN_POINT('Ctrl Pts',(86.7239773330014,-3.9481522669205,111.76517771417));
#5565=CARTESIAN_POINT('Ctrl Pts',(76.1313483329559,-8.05184063916783,90.2826882903065));
#5566=CARTESIAN_POINT('Ctrl Pts',(63.2995487125519,-12.7396159460761,63.5029267566522));
#5567=CARTESIAN_POINT('Ctrl Pts',(52.8634747557329,-16.6339399391231,42.1039166051643));
#5568=CARTESIAN_POINT('Ctrl Pts',(44.8614388887407,-19.7318579405846,26.0558704163258));
#5569=CARTESIAN_POINT('Ctrl Pts',(39.3638833617823,-21.9899024779614,15.3422982940287));
#5570=CARTESIAN_POINT('Ctrl Pts',(36.570460840614,-23.1841805741044,9.9728756942692));
#5571=CARTESIAN_POINT('Ctrl Pts',(88.7506699500627,-1.70327411330716,122.532964587059));
#5572=CARTESIAN_POINT('Ctrl Pts',(83.4232218670199,-4.02025296000115,111.771144341022));
#5573=CARTESIAN_POINT('Ctrl Pts',(73.2449224580172,-8.11770212844463,90.2824299684363));
#5574=CARTESIAN_POINT('Ctrl Pts',(60.9538718505632,-12.7177289621946,63.494869523529));
#5575=CARTESIAN_POINT('Ctrl Pts',(50.9477849503417,-16.5701856379856,42.0939534711444));
#5576=CARTESIAN_POINT('Ctrl Pts',(43.2597289296202,-19.6685891069741,26.0491702304159));
#5577=CARTESIAN_POINT('Ctrl Pts',(37.958425769017,-21.9591395310726,15.3442412056468));
#5578=CARTESIAN_POINT('Ctrl Pts',(35.2562507832933,-23.1809137533613,9.98291879504583));
#5579=CARTESIAN_POINT('Ctrl Pts',(83.7505717315702,-1.73884509354846,122.54356171984));
#5580=CARTESIAN_POINT('Ctrl Pts',(78.7101012631595,-4.09669205378301,111.779875709844));
#5581=CARTESIAN_POINT('Ctrl Pts',(69.1184906811304,-8.18762793873021,90.284367000411));
#5582=CARTESIAN_POINT('Ctrl Pts',(57.5826570780578,-12.6942145475982,63.4869711162971));
#5583=CARTESIAN_POINT('Ctrl Pts',(48.1803223262269,-16.5021533756082,42.0828142771164));
#5584=CARTESIAN_POINT('Ctrl Pts',(40.9375542594026,-19.6012557922153,26.0409741150862));
#5585=CARTESIAN_POINT('Ctrl Pts',(35.9198601364144,-21.9264731827691,15.3456985109409));
#5586=CARTESIAN_POINT('Ctrl Pts',(33.3519943484543,-23.1773705900713,9.99362522844803));
#5587=CARTESIAN_POINT('Ctrl Pts',(78.756138316218,-1.75999897406244,122.549743503946));
#5588=CARTESIAN_POINT('Ctrl Pts',(74.0061010856333,-4.14201966334575,111.785563687245));
#5589=CARTESIAN_POINT('Ctrl Pts',(64.994772657179,-8.22914109413446,90.2861210923135));
#5590=CARTESIAN_POINT('Ctrl Pts',(54.1917782925285,-12.6803566561753,63.4814877068206));
#5591=CARTESIAN_POINT('Ctrl Pts',(45.3789109592705,-16.461926770593,42.0743489715924));
#5592=CARTESIAN_POINT('Ctrl Pts',(38.5763063791013,-19.5615230545646,26.0340273930116));
#5593=CARTESIAN_POINT('Ctrl Pts',(33.8456953476313,-21.907282818717,15.3454317342335));
#5594=CARTESIAN_POINT('Ctrl Pts',(31.4167771174394,-23.175241129095,9.99996692522465));
#5595=CARTESIAN_POINT('Ctrl Pts',(74.7620480161567,-1.76919912522379,122.553160244494));
#5596=CARTESIAN_POINT('Ctrl Pts',(70.2461660618766,-4.16182190196044,111.789289254501));
#5597=CARTESIAN_POINT('Ctrl Pts',(61.6958726330167,-8.24730256646957,90.2881626834063));
#5598=CARTESIAN_POINT('Ctrl Pts',(51.4680354751121,-12.6742498059666,63.47884747702));
#5599=CARTESIAN_POINT('Ctrl Pts',(43.1198616416245,-16.4443732282361,42.069191327337));
#5600=CARTESIAN_POINT('Ctrl Pts',(36.6670986946999,-19.5443043503762,26.0291627264415));
#5601=CARTESIAN_POINT('Ctrl Pts',(32.1681911150112,-21.8990617790671,15.3442543414338));
#5602=CARTESIAN_POINT('Ctrl Pts',(29.8528790118715,-23.1743048988036,10.0027103617141));
#5603=CARTESIAN_POINT('Ctrl Pts',(68.7730207980882,-1.77591652742764,122.556468383549));
#5604=CARTESIAN_POINT('Ctrl Pts',(64.6100658351887,-4.17628234431031,111.79371907067));
#5605=CARTESIAN_POINT('Ctrl Pts',(56.7484137614478,-8.26060318823501,90.2914491849798));
#5606=CARTESIAN_POINT('Ctrl Pts',(47.3727986827072,-12.6697785151609,63.4762855849789));
#5607=CARTESIAN_POINT('Ctrl Pts',(39.7150272671777,-16.4316706134892,42.0628648012928));
#5608=CARTESIAN_POINT('Ctrl Pts',(33.7847806129885,-19.5320319273563,26.0224862923922));
#5609=CARTESIAN_POINT('Ctrl Pts',(29.6352307680765,-21.8933089679412,15.3416406383321));
#5610=CARTESIAN_POINT('Ctrl Pts',(27.4926014503386,-23.1736184144358,10.0047329678635));
#5611=CARTESIAN_POINT('Ctrl Pts',(59.7957167689546,-1.7613401616797,122.555684824587));
#5612=CARTESIAN_POINT('Ctrl Pts',(56.1680549711194,-4.14510119214659,111.79689506886));
#5613=CARTESIAN_POINT('Ctrl Pts',(49.3295659265613,-8.23216675651858,90.297661687927));
#5614=CARTESIAN_POINT('Ctrl Pts',(41.1965309532375,-12.679226536125,63.4776396256781));
#5615=CARTESIAN_POINT('Ctrl Pts',(34.5520519105609,-16.4599230575824,42.0584480893734));
#5616=CARTESIAN_POINT('Ctrl Pts',(29.3982716904572,-19.5607619305865,26.0146729294317));
#5617=CARTESIAN_POINT('Ctrl Pts',(25.7791001278761,-21.9074887092757,15.3347511475293));
#5618=CARTESIAN_POINT('Ctrl Pts',(23.9033118174168,-23.1750570984122,10.0005000170518));
#5619=CARTESIAN_POINT('Ctrl Pts',(35.8753133316516,-1.65174063853316,122.536204135073));
#5620=CARTESIAN_POINT('Ctrl Pts',(33.693070760916,-3.91016996003138,111.794038432498));
#5621=CARTESIAN_POINT('Ctrl Pts',(29.5597411157212,-8.01707140752226,90.3169487141502));
#5622=CARTESIAN_POINT('Ctrl Pts',(24.6432735789408,-12.7509667192409,63.4960933213612));
#5623=CARTESIAN_POINT('Ctrl Pts',(20.6396470906342,-16.6719083171265,42.0614878714826));
#5624=CARTESIAN_POINT('Ctrl Pts',(17.5370511569755,-19.7734114404907,26.0005942585998));
#5625=CARTESIAN_POINT('Ctrl Pts',(15.3527289841034,-22.0109838626219,15.3079040794094));
#5626=CARTESIAN_POINT('Ctrl Pts',(14.2129024808404,-23.1861131057677,9.96807887231435));
#5627=CARTESIAN_POINT('Ctrl Pts',(15.9628660513083,-1.48365217404117,122.500012709127));
#5628=CARTESIAN_POINT('Ctrl Pts',(15.007286748944,-3.55198214982848,111.777806516062));
#5629=CARTESIAN_POINT('Ctrl Pts',(13.1179993342431,-7.68860651832497,90.3336226720091));
#5630=CARTESIAN_POINT('Ctrl Pts',(10.7970741937949,-12.8596503466496,63.5281848117168));
#5631=CARTESIAN_POINT('Ctrl Pts',(8.94034317132691,-16.9962931899637,42.0836981848873));
#5632=CARTESIAN_POINT('Ctrl Pts',(7.53370942801803,-20.0986504185285,26.0005163963147));
#5633=CARTESIAN_POINT('Ctrl Pts',(6.57119793715972,-22.1673031751633,15.2783896268617));
#5634=CARTESIAN_POINT('Ctrl Pts',(6.07512242900238,-23.2014173808701,9.91740382082277));
#5635=CARTESIAN_POINT('Ctrl Pts',(-15.9614993038264,-1.48364271862047,122.500352291922));
#5636=CARTESIAN_POINT('Ctrl Pts',(-15.0058694455085,-3.55197705711064,111.778140263024));
#5637=CARTESIAN_POINT('Ctrl Pts',(-13.116655814946,-7.6885957664893,90.3339450393781));
#5638=CARTESIAN_POINT('Ctrl Pts',(-10.7961518653176,-12.8596181450684,63.5283971316798));
#5639=CARTESIAN_POINT('Ctrl Pts',(-8.93977200099001,-16.9962376151241,42.0838057984966));
#5640=CARTESIAN_POINT('Ctrl Pts',(-7.53332308508036,-20.0985678455113,26.0005882553634));
#5641=CARTESIAN_POINT('Ctrl Pts',(-6.57079365803209,-22.1672613074906,15.2785142613472));
#5642=CARTESIAN_POINT('Ctrl Pts',(-6.0745673268127,-23.2014262715124,9.91761866573252));
#5643=CARTESIAN_POINT('Ctrl Pts',(-39.8554787971338,-1.6852286042811,122.54458918624));
#5644=CARTESIAN_POINT('Ctrl Pts',(-37.427810272959,-3.98179088605103,111.79848290074));
#5645=CARTESIAN_POINT('Ctrl Pts',(-32.8457632308179,-8.08279681934066,90.3146437459742));
#5646=CARTESIAN_POINT('Ctrl Pts',(-27.4109348971279,-12.7290236135974,63.4904046403553));
#5647=CARTESIAN_POINT('Ctrl Pts',(-22.9786582985941,-16.6067711734071,42.057614964589));
#5648=CARTESIAN_POINT('Ctrl Pts',(-19.5372903244454,-19.7081055298334,26.0010830399138));
#5649=CARTESIAN_POINT('Ctrl Pts',(-17.1084244748721,-21.9795549122235,15.3143230992032));
#5650=CARTESIAN_POINT('Ctrl Pts',(-15.8395233966542,-23.182926676221,9.9788394637627));
#5651=CARTESIAN_POINT('Ctrl Pts',(-67.7668874029938,-1.79163550850105,122.562516037287));
#5652=CARTESIAN_POINT('Ctrl Pts',(-63.6590744101045,-4.21039537838494,111.798639079647));
#5653=CARTESIAN_POINT('Ctrl Pts',(-55.9182261815013,-8.29187560976724,90.2931106542069));
#5654=CARTESIAN_POINT('Ctrl Pts',(-46.7074369654303,-12.6590075212071,63.4740364583714));
#5655=CARTESIAN_POINT('Ctrl Pts',(-39.1794304741411,-16.4007809394458,42.0596479429403));
#5656=CARTESIAN_POINT('Ctrl Pts',(-33.3413667903805,-19.5012870893707,26.0207557454226));
#5657=CARTESIAN_POINT('Ctrl Pts',(-29.2459864979384,-21.878395637709,15.3438228542719));
#5658=CARTESIAN_POINT('Ctrl Pts',(-27.1268666116438,-23.1718639114502,10.0105763473854));
#5659=CARTESIAN_POINT('Ctrl Pts',(-81.7456260477657,-1.75291791613596,122.550195296093));
#5660=CARTESIAN_POINT('Ctrl Pts',(-76.8198398745649,-4.12729212731482,111.785737745013));
#5661=CARTESIAN_POINT('Ctrl Pts',(-67.4630344154721,-8.21561057158758,90.2873790275653));
#5662=CARTESIAN_POINT('Ctrl Pts',(-56.2308060171605,-12.6844702312688,63.4853360706408));
#5663=CARTESIAN_POINT('Ctrl Pts',(-47.0713903102936,-16.4745038193543,42.0793047445076));
#5664=CARTESIAN_POINT('Ctrl Pts',(-40.007340730013,-19.5737089073952,26.0385117644817));
#5665=CARTESIAN_POINT('Ctrl Pts',(-35.1028901237343,-21.9131368636493,15.3473550576255));
#5666=CARTESIAN_POINT('Ctrl Pts',(-32.5880347797838,-23.1758386780768,9.99952407277777));
#5667=CARTESIAN_POINT('Ctrl Pts',(-88.7431986329749,-1.70295205193585,122.53666066196));
#5668=CARTESIAN_POINT('Ctrl Pts',(-83.4155336651095,-4.02017189565375,111.774854825632));
#5669=CARTESIAN_POINT('Ctrl Pts',(-73.2375180978068,-8.11764723344216,90.2858645686998));
#5670=CARTESIAN_POINT('Ctrl Pts',(-60.9488250853428,-12.7172102945265,63.4971861070485));
#5671=CARTESIAN_POINT('Ctrl Pts',(-50.9449377756389,-16.5695626297685,42.0953617138014));
#5672=CARTESIAN_POINT('Ctrl Pts',(-43.2580243562598,-19.6678489609957,26.0502206717526));
#5673=CARTESIAN_POINT('Ctrl Pts',(-37.9565566523913,-21.9587586353546,15.345550682804));
#5674=CARTESIAN_POINT('Ctrl Pts',(-35.2535516098896,-23.1807677698599,9.98484927425232));
#5675=CARTESIAN_POINT('Ctrl Pts',(-92.7442080568967,-1.66452580207525,122.526676770537));
#5676=CARTESIAN_POINT('Ctrl Pts',(-87.1891329751341,-3.93787560587133,111.767363854008));
#5677=CARTESIAN_POINT('Ctrl Pts',(-76.5375298131292,-8.04246022131106,90.2855472306603));
#5678=CARTESIAN_POINT('Ctrl Pts',(-63.6304018355556,-12.7423145718951,63.5060060521126));
#5679=CARTESIAN_POINT('Ctrl Pts',(-53.13465740439,-16.6424645264249,42.1065748170745));
#5680=CARTESIAN_POINT('Ctrl Pts',(-45.0886174113898,-19.7401459563875,26.0578485609854));
#5681=CARTESIAN_POINT('Ctrl Pts',(-39.5626914060814,-21.9938780667871,15.3434001698561));
#5682=CARTESIAN_POINT('Ctrl Pts',(-36.7553713530864,-23.1844954437239,9.97346947487524));
#5683=CARTESIAN_POINT('Ctrl Pts',(-94.7460613720938,-1.64188002070553,122.520625202784));
#5684=CARTESIAN_POINT('Ctrl Pts',(-89.0780907266316,-3.88935108309665,111.762897212808));
#5685=CARTESIAN_POINT('Ctrl Pts',(-78.1881118885036,-7.99814973361047,90.2853330698523));
#5686=CARTESIAN_POINT('Ctrl Pts',(-64.9663902318265,-12.7571429791642,63.5109792357647));
#5687=CARTESIAN_POINT('Ctrl Pts',(-54.2212759040134,-16.6854572842143,42.1128284469329));
#5688=CARTESIAN_POINT('Ctrl Pts',(-45.9943923389051,-19.7827766971318,26.0620053791783));
#5689=CARTESIAN_POINT('Ctrl Pts',(-40.3570312773808,-22.0146268450137,15.3419583246597));
#5690=CARTESIAN_POINT('Ctrl Pts',(-37.4986553470083,-23.1866617598141,9.96675331785383));
#5691=CARTESIAN_POINT('Ctrl Pts',(-96.1219945171401,-1.62491891380631,122.516847369005));
#5692=CARTESIAN_POINT('Ctrl Pts',(-90.3766049883336,-3.85319926720328,111.760352229872));
#5693=CARTESIAN_POINT('Ctrl Pts',(-79.3221816042479,-7.96516001643739,90.2858741615462));
#5694=CARTESIAN_POINT('Ctrl Pts',(-65.8826235439813,-12.7680609848294,63.5150566928085));
#5695=CARTESIAN_POINT('Ctrl Pts',(-54.965214045405,-16.7173180922931,42.1175904617441));
#5696=CARTESIAN_POINT('Ctrl Pts',(-46.6138190179427,-19.8144247472624,26.0650481356532));
#5697=CARTESIAN_POINT('Ctrl Pts',(-40.9002229883402,-22.0300468042609,15.3408304379507));
#5698=CARTESIAN_POINT('Ctrl Pts',(-38.0071556914526,-23.1882591029224,9.96173624228087));
#5699=CARTESIAN_POINT('Ctrl Pts',(-96.8390383688135,-1.62020158513808,122.53480212253));
#5700=CARTESIAN_POINT('Ctrl Pts',(-91.0499175391865,-3.83836378072149,111.779317163969));
#5701=CARTESIAN_POINT('Ctrl Pts',(-79.906984791203,-7.95107534189466,90.3045915053054));
#5702=CARTESIAN_POINT('Ctrl Pts',(-66.359499684938,-12.7749505213842,63.5291335878237));
#5703=CARTESIAN_POINT('Ctrl Pts',(-55.3593771121401,-16.7347896079006,42.1260384244207));
#5704=CARTESIAN_POINT('Ctrl Pts',(-46.9479955830843,-19.8319430058954,26.0684477831939));
#5705=CARTESIAN_POINT('Ctrl Pts',(-41.1961482529693,-22.038733707983,15.3402059341833));
#5706=CARTESIAN_POINT('Ctrl Pts',(-38.2843036771234,-23.1891535464753,9.95891522016416));
#5707=CARTESIAN_POINT('Ctrl Pts',(-98.3100214398914,-1.64589618022457,122.559602296541));
#5708=CARTESIAN_POINT('Ctrl Pts',(-92.4339075248567,-3.84093768120103,111.80583680563));
#5709=CARTESIAN_POINT('Ctrl Pts',(-81.1091589762625,-7.94840924162104,90.3316143589739));
#5710=CARTESIAN_POINT('Ctrl Pts',(-67.3312690801628,-12.8050772241106,63.5506379703318));
#5711=CARTESIAN_POINT('Ctrl Pts',(-56.1540302902705,-16.7785909713153,42.1396389167153));
#5712=CARTESIAN_POINT('Ctrl Pts',(-47.6157394112877,-19.8706008366528,26.0741461098577));
#5713=CARTESIAN_POINT('Ctrl Pts',(-41.785375852695,-22.0571155562131,15.3386710111028));
#5714=CARTESIAN_POINT('Ctrl Pts',(-38.8362719969813,-23.191030005513,9.95295013966163));
#5715=CARTESIAN_POINT('Ctrl Pts',(-100.909172294921,-1.77999564350607,122.608860434503));
#5716=CARTESIAN_POINT('Ctrl Pts',(-94.8798062952058,-3.92850458020042,111.857962950107));
#5717=CARTESIAN_POINT('Ctrl Pts',(-83.2290288167104,-8.00950776601267,90.3839034582728));
#5718=CARTESIAN_POINT('Ctrl Pts',(-69.0339861452885,-12.8972688464444,63.5915858969533));
#5719=CARTESIAN_POINT('Ctrl Pts',(-57.5392244737884,-16.8758682378767,42.1650343895718));
#5720=CARTESIAN_POINT('Ctrl Pts',(-48.7762124443958,-19.9469539328417,26.0843223858757));
#5721=CARTESIAN_POINT('Ctrl Pts',(-42.8093357687228,-22.0920145317136,15.3353158033651));
#5722=CARTESIAN_POINT('Ctrl Pts',(-39.7959578393811,-23.194543214684,9.94165836113591));
#5723=CARTESIAN_POINT('Ctrl Pts',(-106.224262435388,-2.42483348158983,122.703401490418));
#5724=CARTESIAN_POINT('Ctrl Pts',(-99.8873791253299,-4.45380011771521,111.957287147044));
#5725=CARTESIAN_POINT('Ctrl Pts',(-87.5567359927693,-8.40876348954253,90.4833698293321));
#5726=CARTESIAN_POINT('Ctrl Pts',(-72.4663197486105,-13.2495244990571,63.6705621196745));
#5727=CARTESIAN_POINT('Ctrl Pts',(-60.2972663286162,-17.1585559266518,42.2142038477192));
#5728=CARTESIAN_POINT('Ctrl Pts',(-51.066957488639,-20.1364820322622,26.1031166923591));
#5729=CARTESIAN_POINT('Ctrl Pts',(-44.8273170309595,-22.173084435609,15.3258178042483));
#5730=CARTESIAN_POINT('Ctrl Pts',(-41.6890927509358,-23.2024604032314,9.91562912020656));
#5731=CARTESIAN_POINT('Ctrl Pts',(-113.919165016875,-4.50960602408773,122.835885288568));
#5732=CARTESIAN_POINT('Ctrl Pts',(-107.146382672431,-6.28741102863488,112.094786180481));
#5733=CARTESIAN_POINT('Ctrl Pts',(-93.8060795683378,-9.83556681389693,90.6201180795978));
#5734=CARTESIAN_POINT('Ctrl Pts',(-77.3429196497971,-14.2679913524195,63.7807801802348));
#5735=CARTESIAN_POINT('Ctrl Pts',(-64.1542529456027,-17.8314964872435,42.2825842259481));
#5736=CARTESIAN_POINT('Ctrl Pts',(-54.2365488400525,-20.5196155608519,26.1260958728135));
#5737=CARTESIAN_POINT('Ctrl Pts',(-47.6178431839696,-22.3232926426172,15.3035853720137));
#5738=CARTESIAN_POINT('Ctrl Pts',(-44.3132498144751,-23.21625374594,9.86731447899892));
#5739=CARTESIAN_POINT('Ctrl Pts',(-122.622314296621,-8.88768936844803,122.973901241186));
#5740=CARTESIAN_POINT('Ctrl Pts',(-115.357083520507,-10.2264695043025,112.237248599131));
#5741=CARTESIAN_POINT('Ctrl Pts',(-100.878589676968,-12.9193418044296,90.7622826265352));
#5742=CARTESIAN_POINT('Ctrl Pts',(-82.8627203070835,-16.3230808929882,63.8996545073612));
#5743=CARTESIAN_POINT('Ctrl Pts',(-68.5196762127013,-19.0818239736211,42.3578323372165));
#5744=CARTESIAN_POINT('Ctrl Pts',(-57.8291851218114,-21.171366088818,26.1471650100877));
#5745=CARTESIAN_POINT('Ctrl Pts',(-50.795973893988,-22.5645435379463,15.2627652867244));
#5746=CARTESIAN_POINT('Ctrl Pts',(-47.3152358469872,-23.2357900279895,9.78821910573066));
#5747=CARTESIAN_POINT('Ctrl Pts',(-127.641279427613,-12.8576389412596,123.049935198675));
#5748=CARTESIAN_POINT('Ctrl Pts',(-120.083422384649,-13.8130429663581,112.315273576529));
#5749=CARTESIAN_POINT('Ctrl Pts',(-104.976848107853,-15.7301758417127,90.8403213318311));
#5750=CARTESIAN_POINT('Ctrl Pts',(-86.1405750774067,-18.1703317950475,63.9676368634465));
#5751=CARTESIAN_POINT('Ctrl Pts',(-71.17406089634,-20.1839120868627,42.4026086858983));
#5752=CARTESIAN_POINT('Ctrl Pts',(-60.0533566709672,-21.7324583236063,26.1590179063474));
#5753=CARTESIAN_POINT('Ctrl Pts',(-52.7853564210711,-22.7698682888368,15.2270891427768));
#5754=CARTESIAN_POINT('Ctrl Pts',(-49.2052921270667,-23.2493751602501,9.71989310163775));
#5755=CARTESIAN_POINT('Ctrl Pts',(-130.42091031221,-15.5335154175443,123.091900288205));
#5756=CARTESIAN_POINT('Ctrl Pts',(-122.695855731762,-16.224774763656,112.358130754879));
#5757=CARTESIAN_POINT('Ctrl Pts',(-107.257503503858,-17.6190807767154,90.8829682230417));
#5758=CARTESIAN_POINT('Ctrl Pts',(-88.0110163734933,-19.4198939490016,64.0055981799584));
#5759=CARTESIAN_POINT('Ctrl Pts',(-72.7238863333324,-20.9343493639538,42.4287960377198));
#5760=CARTESIAN_POINT('Ctrl Pts',(-61.3726246069021,-22.1169404514564,26.1669186834499));
#5761=CARTESIAN_POINT('Ctrl Pts',(-53.9734821258914,-22.911601528765,15.2040348537822));
#5762=CARTESIAN_POINT('Ctrl Pts',(-50.3384635993323,-23.2571959357632,9.67309569101708));
#5763=CARTESIAN_POINT('Ctrl Pts',(-131.48177621183,-16.6043009617072,123.107999999189));
#5764=CARTESIAN_POINT('Ctrl Pts',(-123.693860073364,-17.1909835912787,112.374715926688));
#5765=CARTESIAN_POINT('Ctrl Pts',(-108.128709198703,-18.374845553916,90.9004802442396));
#5766=CARTESIAN_POINT('Ctrl Pts',(-88.7225077127328,-19.9149683477113,64.0239221036508));
#5767=CARTESIAN_POINT('Ctrl Pts',(-73.3088922969081,-21.227561705984,42.4461238438922));
#5768=CARTESIAN_POINT('Ctrl Pts',(-61.8645217639168,-22.2638914296296,26.1816598658028));
#5769=CARTESIAN_POINT('Ctrl Pts',(-54.4035817237334,-22.9636951857103,15.2163192013169));
#5770=CARTESIAN_POINT('Ctrl Pts',(-50.7350039515961,-23.2632288970668,9.68636519822987));
#5771=CARTESIAN_POINT('Ctrl Pts',(-133.516381008207,-18.8664242684711,123.138859673948));
#5772=CARTESIAN_POINT('Ctrl Pts',(-125.612626254573,-19.2384742359785,112.406317771705));
#5773=CARTESIAN_POINT('Ctrl Pts',(-109.812011887606,-19.9835510245774,90.9331442467511));
#5774=CARTESIAN_POINT('Ctrl Pts',(-90.1073292847795,-20.9730344115783,64.0568758599282));
#5775=CARTESIAN_POINT('Ctrl Pts',(-74.4585091636171,-21.8607748032899,42.4756696629317));
#5776=CARTESIAN_POINT('Ctrl Pts',(-62.8431785641214,-22.5916507424562,26.2041628190307));
#5777=CARTESIAN_POINT('Ctrl Pts',(-55.2748928589931,-23.095948036402,15.2291382966606));
#5778=CARTESIAN_POINT('Ctrl Pts',(-51.5521048848316,-23.2980249980753,9.69555316382628));
#5779=CARTESIAN_POINT('Ctrl Pts',(-136.823570866924,-23.1270851957683,123.189368171104));
#5780=CARTESIAN_POINT('Ctrl Pts',(-128.742816017104,-23.1089520819295,112.457877768724));
#5781=CARTESIAN_POINT('Ctrl Pts',(-112.579126229127,-23.0379218816515,90.9864657692443));
#5782=CARTESIAN_POINT('Ctrl Pts',(-92.4094402608558,-22.9849237084226,64.111721559579));
#5783=CARTESIAN_POINT('Ctrl Pts',(-76.393153026863,-23.0733209597397,42.5267350586964));
#5784=CARTESIAN_POINT('Ctrl Pts',(-64.5107281002081,-23.2363662522447,26.2457329129409));
#5785=CARTESIAN_POINT('Ctrl Pts',(-56.7744815694725,-23.3852499549246,15.2579343691049));
#5786=CARTESIAN_POINT('Ctrl Pts',(-52.9661026671489,-23.414343177297,9.72136053375681));
#5787=CARTESIAN_POINT('Ctrl Pts',(-140.685748346551,-29.9896547164772,123.250568729513));
#5788=CARTESIAN_POINT('Ctrl Pts',(-132.427343876178,-29.3767245801504,112.51988809139));
#5789=CARTESIAN_POINT('Ctrl Pts',(-115.911553467221,-28.0213783951811,91.0500110833098));
#5790=CARTESIAN_POINT('Ctrl Pts',(-95.2987601458405,-26.2888383373849,64.1773676032781));
#5791=CARTESIAN_POINT('Ctrl Pts',(-78.9239132661179,-25.0985483245336,42.5891578252609));
#5792=CARTESIAN_POINT('Ctrl Pts',(-66.775037677017,-24.3658234723418,26.2980433177987));
#5793=CARTESIAN_POINT('Ctrl Pts',(-58.8689454078027,-23.9713651857659,15.2952880677653));
#5794=CARTESIAN_POINT('Ctrl Pts',(-54.9758474357077,-23.7407092797752,9.75373891315166));
#5795=CARTESIAN_POINT('Ctrl Pts',(-143.597250385641,-39.0665345270162,123.306211862744));
#5796=CARTESIAN_POINT('Ctrl Pts',(-135.247630977194,-37.6956670355938,112.575326102695));
#5797=CARTESIAN_POINT('Ctrl Pts',(-118.635546667699,-34.6856549046073,91.1061790350338));
#5798=CARTESIAN_POINT('Ctrl Pts',(-97.9746064873653,-30.7741619795814,64.2363246624802));
#5799=CARTESIAN_POINT('Ctrl Pts',(-81.5221962034673,-27.9265458935445,42.6469591600498));
#5800=CARTESIAN_POINT('Ctrl Pts',(-69.2789685161681,-26.033541596447,26.3496092410795));
#5801=CARTESIAN_POINT('Ctrl Pts',(-61.2779654873077,-24.9412438060367,15.3390070019732));
#5802=CARTESIAN_POINT('Ctrl Pts',(-57.3288439335489,-24.3839222079949,9.79440234889555));
#5803=CARTESIAN_POINT('Ctrl Pts',(-144.27184135552,-45.3460545635288,123.332529461097));
#5804=CARTESIAN_POINT('Ctrl Pts',(-135.940257791847,-43.4534785572031,112.600147775016));
#5805=CARTESIAN_POINT('Ctrl Pts',(-119.50027500153,-39.3281528625251,91.1301215289306));
#5806=CARTESIAN_POINT('Ctrl Pts',(-99.1754573957414,-33.9729278312802,64.2619719736781));
#5807=CARTESIAN_POINT('Ctrl Pts',(-82.9373337967018,-30.0201897605064,42.6725230225631));
#5808=CARTESIAN_POINT('Ctrl Pts',(-70.7978487754577,-27.33888336636,26.373823364183));
#5809=CARTESIAN_POINT('Ctrl Pts',(-62.8052584593381,-25.7612154547563,15.364812185899));
#5810=CARTESIAN_POINT('Ctrl Pts',(-58.8450383196181,-24.9760958855388,9.81934619020229));
#5811=CARTESIAN_POINT('Ctrl Pts',(-144.295801461329,-48.9863478460542,123.344840486885));
#5812=CARTESIAN_POINT('Ctrl Pts',(-135.99603157907,-46.78783303164,112.610933579198));
#5813=CARTESIAN_POINT('Ctrl Pts',(-119.724772324085,-42.0257345365344,91.1396580828584));
#5814=CARTESIAN_POINT('Ctrl Pts',(-99.7049711129673,-35.8635654099688,64.2724292637827));
#5815=CARTESIAN_POINT('Ctrl Pts',(-83.6704835884159,-31.2878052940858,42.6831482418335));
#5816=CARTESIAN_POINT('Ctrl Pts',(-71.6400115758148,-28.1537444966279,26.384842609268));
#5817=CARTESIAN_POINT('Ctrl Pts',(-63.6720487706499,-26.2890618270439,15.3790396105516));
#5818=CARTESIAN_POINT('Ctrl Pts',(-59.7110053723453,-25.3682899496663,9.83374419002734));
#5819=CARTESIAN_POINT('Ctrl Pts',(-144.298719283266,-50.0898848281598,123.342413725008));
#5820=CARTESIAN_POINT('Ctrl Pts',(-136.00843169047,-47.8048047228407,112.607126710584));
#5821=CARTESIAN_POINT('Ctrl Pts',(-119.787004414965,-42.8591230689179,91.1334219923485));
#5822=CARTESIAN_POINT('Ctrl Pts',(-99.8607517142736,-36.4511426896684,64.2645971344349));
#5823=CARTESIAN_POINT('Ctrl Pts',(-83.8874865759978,-31.6755312670024,42.677979797591));
#5824=CARTESIAN_POINT('Ctrl Pts',(-71.8857062487558,-28.39517921703,26.3852667085167));
#5825=CARTESIAN_POINT('Ctrl Pts',(-63.9221045279731,-26.4443250739673,15.3832822113147));
#5826=CARTESIAN_POINT('Ctrl Pts',(-59.9612630577136,-25.4843231139549,9.83786821435408));
#5827=CARTESIAN_POINT('Ctrl Pts',(-144.30847702099,-52.2755204869848,123.340761670242));
#5828=CARTESIAN_POINT('Ctrl Pts',(-136.038898733367,-49.8155368821018,112.603366570851));
#5829=CARTESIAN_POINT('Ctrl Pts',(-119.915452202327,-44.5030373940686,91.1261473553675));
#5830=CARTESIAN_POINT('Ctrl Pts',(-100.167095299211,-37.6134302185745,64.2554441130956));
#5831=CARTESIAN_POINT('Ctrl Pts',(-84.3118498837424,-32.4511300420708,42.6726198365018));
#5832=CARTESIAN_POINT('Ctrl Pts',(-72.368916404472,-28.8871205125567,26.3876433881394));
#5833=CARTESIAN_POINT('Ctrl Pts',(-64.4170182087595,-26.7644566505526,15.3916112979177));
#5834=CARTESIAN_POINT('Ctrl Pts',(-60.4575502898365,-25.7253388707193,9.84608671032044));
#5835=CARTESIAN_POINT('Ctrl Pts',(-144.327872539243,-56.1262016887796,123.335695865911));
#5836=CARTESIAN_POINT('Ctrl Pts',(-136.098641859292,-53.3596550226463,112.594600029727));
#5837=CARTESIAN_POINT('Ctrl Pts',(-120.14420616142,-47.4077894676617,91.111025450089));
#5838=CARTESIAN_POINT('Ctrl Pts',(-100.694705436702,-39.6793069693198,64.2370591265522));
#5839=CARTESIAN_POINT('Ctrl Pts',(-85.0395009568216,-33.8395515772194,42.6615240730195));
#5840=CARTESIAN_POINT('Ctrl Pts',(-73.1981722448845,-29.775855549613,26.3909477175954));
#5841=CARTESIAN_POINT('Ctrl Pts',(-65.2689734851042,-27.3492601462018,15.406051620282));
#5842=CARTESIAN_POINT('Ctrl Pts',(-61.3146043640855,-26.17040693845,9.86037148854981));
#5843=CARTESIAN_POINT('Ctrl Pts',(-144.358350268344,-60.5464923604133,123.329936640297));
#5844=CARTESIAN_POINT('Ctrl Pts',(-136.183965554581,-57.4269043964377,112.585369818819));
#5845=CARTESIAN_POINT('Ctrl Pts',(-120.415865890967,-50.7494259008542,91.0958392807801));
#5846=CARTESIAN_POINT('Ctrl Pts',(-101.274946698892,-42.0811756977764,64.2197531985412));
#5847=CARTESIAN_POINT('Ctrl Pts',(-85.8312356778131,-35.4816058490036,42.6519269475785));
#5848=CARTESIAN_POINT('Ctrl Pts',(-74.1051371682041,-30.8518624342176,26.3952415673767));
#5849=CARTESIAN_POINT('Ctrl Pts',(-66.2088024760647,-28.0731951238278,15.4223755925823));
#5850=CARTESIAN_POINT('Ctrl Pts',(-62.2658954311195,-26.7313383234355,9.87671059637942));
#5851=CARTESIAN_POINT('Ctrl Pts',(-144.395058205209,-64.9940608823464,123.322986477893));
#5852=CARTESIAN_POINT('Ctrl Pts',(-136.28280387752,-61.5196838944365,112.575443056154));
#5853=CARTESIAN_POINT('Ctrl Pts',(-120.693889233418,-54.1219636912172,91.080873788104));
#5854=CARTESIAN_POINT('Ctrl Pts',(-101.831661133428,-44.5293878871577,64.2037457654387));
#5855=CARTESIAN_POINT('Ctrl Pts',(-86.5836707777095,-37.1793445278266,42.643506715653));
#5856=CARTESIAN_POINT('Ctrl Pts',(-74.9702696636081,-31.9862976840441,26.3996458762893));
#5857=CARTESIAN_POINT('Ctrl Pts',(-67.1130592190836,-28.8501549175864,15.4383842005666));
#5858=CARTESIAN_POINT('Ctrl Pts',(-63.1857675129606,-27.3424094258118,9.89310931582546));
#5859=CARTESIAN_POINT('Ctrl Pts',(-144.425624267172,-68.3401494292277,123.317558770191));
#5860=CARTESIAN_POINT('Ctrl Pts',(-136.363215844109,-64.5988466761798,112.568083818569));
#5861=CARTESIAN_POINT('Ctrl Pts',(-120.904930595863,-56.6635515797707,91.0703186266565));
#5862=CARTESIAN_POINT('Ctrl Pts',(-102.236867067167,-46.3858728039281,64.193028817524));
#5863=CARTESIAN_POINT('Ctrl Pts',(-87.1276652323644,-38.4787084683798,42.6383033758823));
#5864=CARTESIAN_POINT('Ctrl Pts',(-75.5976141570298,-32.8653273970945,26.4032597285004));
#5865=CARTESIAN_POINT('Ctrl Pts',(-67.7726127306275,-29.4589334947431,15.4504178645082));
#5866=CARTESIAN_POINT('Ctrl Pts',(-63.8589884544241,-27.825177446681,9.90563120659614));
#5867=CARTESIAN_POINT('Ctrl Pts',(-144.453268794582,-71.1378913309555,123.312732110331));
#5868=CARTESIAN_POINT('Ctrl Pts',(-136.434789192741,-67.1736191010568,112.561869059041));
#5869=CARTESIAN_POINT('Ctrl Pts',(-121.082155465601,-58.7925333631975,91.0618783948812));
#5870=CARTESIAN_POINT('Ctrl Pts',(-102.564062305906,-47.950195934442,64.184893751323));
#5871=CARTESIAN_POINT('Ctrl Pts',(-87.564035703102,-39.5829084941611,42.6346916522667));
#5872=CARTESIAN_POINT('Ctrl Pts',(-76.1022600679422,-33.6207553016979,26.4065035673317));
#5873=CARTESIAN_POINT('Ctrl Pts',(-68.3062378150849,-29.9873992722116,15.4605295454785));
#5874=CARTESIAN_POINT('Ctrl Pts',(-64.4054387155752,-28.2473545794108,9.91631169256738));
#5875=CARTESIAN_POINT('Ctrl Pts',(-144.47658653795,-73.3809248542089,123.308762203902));
#5876=CARTESIAN_POINT('Ctrl Pts',(-136.494511205002,-69.2379925629008,112.556925796823));
#5877=CARTESIAN_POINT('Ctrl Pts',(-121.224390017665,-60.5015804699564,91.0554422711826));
#5878=CARTESIAN_POINT('Ctrl Pts',(-102.819311463235,-49.2112739731595,64.1789680188804));
#5879=CARTESIAN_POINT('Ctrl Pts',(-87.9028149596685,-40.4784904851928,42.632289203713));
#5880=CARTESIAN_POINT('Ctrl Pts',(-76.4948160173159,-34.2384276420322,26.4093014953532));
#5881=CARTESIAN_POINT('Ctrl Pts',(-68.7233032264451,-30.4225641170632,15.4686516366238));
#5882=CARTESIAN_POINT('Ctrl Pts',(-64.8334476450929,-28.5966938756327,9.92507014470849));
#5883=CARTESIAN_POINT('Ctrl Pts',(-144.536695941997,-78.996836005475,123.298611047482));
#5884=CARTESIAN_POINT('Ctrl Pts',(-136.647539614812,-74.4068823057539,112.544563376027));
#5885=CARTESIAN_POINT('Ctrl Pts',(-121.580372131103,-64.7842965199086,91.0397912904112));
#5886=CARTESIAN_POINT('Ctrl Pts',(-103.446606532673,-52.3800185579754,64.1649963591993));
#5887=CARTESIAN_POINT('Ctrl Pts',(-88.7325912147695,-42.7375329022893,42.6270883843585));
#5888=CARTESIAN_POINT('Ctrl Pts',(-77.4577753027675,-35.8043296941091,26.4165909398305));
#5889=CARTESIAN_POINT('Ctrl Pts',(-69.7492386706465,-31.5306830717662,15.4892030263377));
#5890=CARTESIAN_POINT('Ctrl Pts',(-65.8879757503161,-29.489065481703,9.94728622130055));
#5891=CARTESIAN_POINT('Ctrl Pts',(-144.651931191461,-88.6044251959649,123.279867447322));
#5892=CARTESIAN_POINT('Ctrl Pts',(-136.934139677993,-83.2520555474434,112.523823067171));
#5893=CARTESIAN_POINT('Ctrl Pts',(-122.185473562512,-72.1396487394162,91.0169850682478));
#5894=CARTESIAN_POINT('Ctrl Pts',(-104.427220864421,-57.8870349913017,64.148095567792));
#5895=CARTESIAN_POINT('Ctrl Pts',(-90.008933541549,-46.7293496758495,42.6244919878706));
#5896=CARTESIAN_POINT('Ctrl Pts',(-78.9492368134223,-38.6309947268035,26.4320541945711));
#5897=CARTESIAN_POINT('Ctrl Pts',(-71.3614063976057,-33.5689940523337,15.5263569325761));
#5898=CARTESIAN_POINT('Ctrl Pts',(-67.5576710503573,-31.1498205868697,9.98978878115862));
#5899=CARTESIAN_POINT('Ctrl Pts',(-145.00543699009,-115.952366802564,123.224852259899));
#5900=CARTESIAN_POINT('Ctrl Pts',(-137.792256136829,-108.45017337092,112.470864835508));
#5901=CARTESIAN_POINT('Ctrl Pts',(-123.799709677274,-93.2094341459246,90.9745531616355));
#5902=CARTESIAN_POINT('Ctrl Pts',(-106.73980287894,-73.9253266700981,64.1324824806094));
#5903=CARTESIAN_POINT('Ctrl Pts',(-92.9402400841864,-58.6241464934947,42.6454926582255));
#5904=CARTESIAN_POINT('Ctrl Pts',(-82.4127764269585,-47.3066883885967,26.4933913448197));
#5905=CARTESIAN_POINT('Ctrl Pts',(-75.2047446481122,-39.9904505210701,15.646374144513));
#5906=CARTESIAN_POINT('Ctrl Pts',(-71.577523239287,-36.4635727345895,10.1354175441287));
#5907=CARTESIAN_POINT('Ctrl Pts',(-145.279065279947,-139.033891412206,123.186767260885));
#5908=CARTESIAN_POINT('Ctrl Pts',(-138.427680179821,-129.779766112137,112.45117632078));
#5909=CARTESIAN_POINT('Ctrl Pts',(-124.731714296994,-111.256317752249,90.9904449156655));
#5910=CARTESIAN_POINT('Ctrl Pts',(-107.622294371869,-88.0799036640227,64.180304059038));
#5911=CARTESIAN_POINT('Ctrl Pts',(-93.9258382777434,-69.5584452179173,42.7187257606707));
#5912=CARTESIAN_POINT('Ctrl Pts',(-83.6387761514173,-55.700474093697,26.5984840925561));
#5913=CARTESIAN_POINT('Ctrl Pts',(-76.7539905799229,-46.5187463871863,15.8121493114882));
#5914=CARTESIAN_POINT('Ctrl Pts',(-73.2919529992908,-41.9700619688806,10.3880427515657));
#5915=CARTESIAN_POINT('Ctrl Pts',(-145.286718067557,-161.196760159732,123.198923531612));
#5916=CARTESIAN_POINT('Ctrl Pts',(-138.444494867369,-150.366058467125,112.478279006543));
#5917=CARTESIAN_POINT('Ctrl Pts',(-124.760638169647,-128.704087103505,91.0367569795923));
#5918=CARTESIAN_POINT('Ctrl Pts',(-107.656353242367,-101.625551218818,64.236183549437));
#5919=CARTESIAN_POINT('Ctrl Pts',(-93.974995869261,-79.9578776174851,42.7991996560995));
#5920=CARTESIAN_POINT('Ctrl Pts',(-83.7164771276917,-63.7013593110185,26.7252071696353));
#5921=CARTESIAN_POINT('Ctrl Pts',(-76.8804266534429,-52.8560868459334,16.0146675258123));
#5922=CARTESIAN_POINT('Ctrl Pts',(-73.4643178957437,-47.4284576578681,10.6623924492249));
#5923=CARTESIAN_POINT('Ctrl Pts',(-145.286305156365,-169.416617391923,123.197717630242));
#5924=CARTESIAN_POINT('Ctrl Pts',(-138.441734555963,-158.025035501582,112.476831942113));
#5925=CARTESIAN_POINT('Ctrl Pts',(-124.737297223285,-135.221136233633,91.0421551661238));
#5926=CARTESIAN_POINT('Ctrl Pts',(-107.599011937702,-106.68031868027,64.2676532621297));
#5927=CARTESIAN_POINT('Ctrl Pts',(-93.904350544492,-83.8336241047629,42.8592408804043));
#5928=CARTESIAN_POINT('Ctrl Pts',(-83.6471701222341,-66.6928704178297,26.8085186612453));
#5929=CARTESIAN_POINT('Ctrl Pts',(-76.8219529123882,-55.2631198181017,16.1117991010896));
#5930=CARTESIAN_POINT('Ctrl Pts',(-73.4136790127927,-49.5479267525467,10.7637276064435));
#5931=CARTESIAN_POINT('Ctrl Pts',(-145.289066685905,-182.505295008215,123.200028298281));
#5932=CARTESIAN_POINT('Ctrl Pts',(-138.434933598144,-170.247700194758,112.485644586693));
#5933=CARTESIAN_POINT('Ctrl Pts',(-124.59535981016,-145.65308564421,91.0707748679045));
#5934=CARTESIAN_POINT('Ctrl Pts',(-107.186611328646,-114.801364636827,64.3348229789424));
#5935=CARTESIAN_POINT('Ctrl Pts',(-93.3299352226167,-90.1090653569338,42.9593749465588));
#5936=CARTESIAN_POINT('Ctrl Pts',(-83.0069202020993,-71.5984479950746,26.9319740195919));
#5937=CARTESIAN_POINT('Ctrl Pts',(-76.1933889879792,-59.2737480472887,16.2481865820902));
#5938=CARTESIAN_POINT('Ctrl Pts',(-72.8091571070701,-53.1176870641864,10.9059474289612));
#5939=CARTESIAN_POINT('Ctrl Pts',(-145.292932991133,-196.18261098556,123.202712105791));
#5940=CARTESIAN_POINT('Ctrl Pts',(-138.418155650267,-183.042830912668,112.498063934587));
#5941=CARTESIAN_POINT('Ctrl Pts',(-124.309679344535,-156.57544227676,91.1111653324353));
#5942=CARTESIAN_POINT('Ctrl Pts',(-106.361071937456,-123.260709197509,64.4201769914748));
#5943=CARTESIAN_POINT('Ctrl Pts',(-92.1663725645496,-96.6223628915638,43.07215458924));
#5944=CARTESIAN_POINT('Ctrl Pts',(-81.6873310108731,-76.692224572241,27.0560459993143));
#5945=CARTESIAN_POINT('Ctrl Pts',(-74.8662973794155,-63.4672246975219,16.370748806172));
#5946=CARTESIAN_POINT('Ctrl Pts',(-71.5091051055078,-56.878148967286,11.0248140647117));
#5947=CARTESIAN_POINT('Ctrl Pts',(-145.302440060211,-214.966108793762,123.208842187651));
#5948=CARTESIAN_POINT('Ctrl Pts',(-138.387073168498,-200.627835136556,112.52375062919));
#5949=CARTESIAN_POINT('Ctrl Pts',(-123.726161127258,-171.53847331563,91.1839236247782));
#5950=CARTESIAN_POINT('Ctrl Pts',(-104.657151639162,-134.712105165377,64.547230179623));
#5951=CARTESIAN_POINT('Ctrl Pts',(-89.7437372543823,-105.334116631145,43.2168641840117));
#5952=CARTESIAN_POINT('Ctrl Pts',(-78.9158784757727,-83.4397468010573,27.1973857348199));
#5953=CARTESIAN_POINT('Ctrl Pts',(-72.0559284868861,-69.0003107613996,16.4997304597151));
#5954=CARTESIAN_POINT('Ctrl Pts',(-68.7439174230082,-61.8357733212759,11.1463499271665));
#5955=CARTESIAN_POINT('Ctrl Pts',(-145.321014719466,-234.218668398065,123.217242599022));
#5956=CARTESIAN_POINT('Ctrl Pts',(-138.347457236641,-218.651740031154,112.559896875738));
#5957=CARTESIAN_POINT('Ctrl Pts',(-122.837679831143,-186.718289629656,91.2752578262871));
#5958=CARTESIAN_POINT('Ctrl Pts',(-102.022526300714,-145.956431762508,64.674648075971));
#5959=CARTESIAN_POINT('Ctrl Pts',(-85.9652763970715,-113.563592059694,43.3365228159344));
#5960=CARTESIAN_POINT('Ctrl Pts',(-74.5658312342178,-89.5650127654295,27.2964553579436));
#5961=CARTESIAN_POINT('Ctrl Pts',(-67.6256180669927,-73.883844534183,16.5794329689866));
#5962=CARTESIAN_POINT('Ctrl Pts',(-64.3765171739735,-66.1521834277526,11.2165099327718));
#5963=CARTESIAN_POINT('Ctrl Pts',(-145.356169173094,-250.85997806971,123.223157182408));
#5964=CARTESIAN_POINT('Ctrl Pts',(-138.338652946309,-234.200371767558,112.594468065184));
#5965=CARTESIAN_POINT('Ctrl Pts',(-121.916594019617,-199.566883235429,91.3520532359798));
#5966=CARTESIAN_POINT('Ctrl Pts',(-99.1722200048198,-154.930517665473,64.7632741468689));
#5967=CARTESIAN_POINT('Ctrl Pts',(-81.8514978288797,-119.612384706114,43.4099217492642));
#5968=CARTESIAN_POINT('Ctrl Pts',(-69.8305445470505,-93.6258798971005,27.3499881717257));
#5969=CARTESIAN_POINT('Ctrl Pts',(-62.819729432584,-76.8341247497983,16.6174055859339));
#5970=CARTESIAN_POINT('Ctrl Pts',(-59.6533772332712,-68.6197241796785,11.2471805041079));
#5971=CARTESIAN_POINT('Ctrl Pts',(-145.380072065465,-259.053718007281,123.224726204634));
#5972=CARTESIAN_POINT('Ctrl Pts',(-138.346533537521,-241.846517984563,112.610917572443));
#5973=CARTESIAN_POINT('Ctrl Pts',(-121.446502908466,-205.818565115441,91.3869827944906));
#5974=CARTESIAN_POINT('Ctrl Pts',(-97.6755838861743,-159.148175242234,64.8016031644491));
#5975=CARTESIAN_POINT('Ctrl Pts',(-79.6863732606297,-122.302872744825,43.4406005912056));
#5976=CARTESIAN_POINT('Ctrl Pts',(-67.3416249401531,-95.2908697597392,27.3707354287645));
#5977=CARTESIAN_POINT('Ctrl Pts',(-60.3014141101696,-77.941215488196,16.6302584280716));
#5978=CARTESIAN_POINT('Ctrl Pts',(-57.1843522378327,-69.4906296049757,11.2562283756392));
#5979=CARTESIAN_POINT('Ctrl Pts',(-145.395984414719,-263.688469362523,123.225437927359));
#5980=CARTESIAN_POINT('Ctrl Pts',(-138.355547294461,-246.168475309187,112.62020972659));
#5981=CARTESIAN_POINT('Ctrl Pts',(-121.178593246396,-209.332647924088,91.4059408354283));
#5982=CARTESIAN_POINT('Ctrl Pts',(-96.8077424188739,-161.475022167254,64.8217386082484));
#5983=CARTESIAN_POINT('Ctrl Pts',(-78.4291653199872,-123.740507102203,43.4564058721087));
#5984=CARTESIAN_POINT('Ctrl Pts',(-65.8975651903401,-96.1345990153585,27.3809038257615));
#5985=CARTESIAN_POINT('Ctrl Pts',(-58.8429935638536,-78.4658456315805,16.635925279817));
#5986=CARTESIAN_POINT('Ctrl Pts',(-55.7565573254092,-69.8818965006389,11.2597066300244));
#5987=CARTESIAN_POINT('Ctrl Pts',(-145.404308734912,-265.98881748945,123.225077380553));
#5988=CARTESIAN_POINT('Ctrl Pts',(-138.361259020274,-248.31258686485,112.624198223353));
#5989=CARTESIAN_POINT('Ctrl Pts',(-121.0451272066,-211.069452081601,91.4146808885972));
#5990=CARTESIAN_POINT('Ctrl Pts',(-96.3711958394902,-162.610305887011,64.8311742014778));
#5991=CARTESIAN_POINT('Ctrl Pts',(-77.7964532330572,-124.426009787105,43.4637995567901));
#5992=CARTESIAN_POINT('Ctrl Pts',(-65.1713254901917,-96.5207793717362,27.3855075374783));
#5993=CARTESIAN_POINT('Ctrl Pts',(-58.1105205622965,-78.692520827997,16.6382545953234));
#5994=CARTESIAN_POINT('Ctrl Pts',(-55.040216511049,-70.0424830532449,11.2609229720662));
#5995=CARTESIAN_POINT('Ctrl Pts',(-145.410767961754,-267.441883691696,123.226209006239));
#5996=CARTESIAN_POINT('Ctrl Pts',(-138.366435643107,-249.666557647738,112.627995601556));
#5997=CARTESIAN_POINT('Ctrl Pts',(-120.961896512239,-212.16415077943,91.4208825210652));
#5998=CARTESIAN_POINT('Ctrl Pts',(-96.0942272931678,-163.321483760582,64.837149835192));
#5999=CARTESIAN_POINT('Ctrl Pts',(-77.3942136681962,-124.85045528406,43.4683521483338));
#6000=CARTESIAN_POINT('Ctrl Pts',(-64.7096313796496,-96.7546070051632,27.3882703611262));
#6001=CARTESIAN_POINT('Ctrl Pts',(-57.6452055394933,-78.8251273976325,16.6395719092502));
#6002=CARTESIAN_POINT('Ctrl Pts',(-54.585423136847,-70.1333258269041,11.2615246720993));
#6003=CARTESIAN_POINT('Ctrl Pts',(-145.428319784733,-268.032468666009,123.2573901599));
#6004=CARTESIAN_POINT('Ctrl Pts',(-138.385337186924,-250.215418507426,112.657980901164));
#6005=CARTESIAN_POINT('Ctrl Pts',(-120.944840459269,-212.607885011066,91.440461195117));
#6006=CARTESIAN_POINT('Ctrl Pts',(-95.9858132762562,-163.614814673157,64.8432748364999));
#6007=CARTESIAN_POINT('Ctrl Pts',(-77.2255850326433,-125.027918106799,43.4706207099252));
#6008=CARTESIAN_POINT('Ctrl Pts',(-64.5133997885963,-96.8526651162538,27.3893337641192));
#6009=CARTESIAN_POINT('Ctrl Pts',(-57.4474534132485,-78.8801790096813,16.6401360872425));
#6010=CARTESIAN_POINT('Ctrl Pts',(-54.3921948585844,-70.1706590895104,11.2617609783107));
#6011=CARTESIAN_POINT('Ctrl Pts',(-145.429007921877,-269.229572329016,123.300125835629));
#6012=CARTESIAN_POINT('Ctrl Pts',(-138.388301553536,-251.329047054339,112.699126063226));
#6013=CARTESIAN_POINT('Ctrl Pts',(-120.878880077907,-213.507371397685,91.4678813189805));
#6014=CARTESIAN_POINT('Ctrl Pts',(-95.751938825688,-164.203111467741,64.8530087395417));
#6015=CARTESIAN_POINT('Ctrl Pts',(-76.8820866743625,-125.379383091034,43.4747809039944));
#6016=CARTESIAN_POINT('Ctrl Pts',(-64.1197322757646,-97.0436957094438,27.3914443046764));
#6017=CARTESIAN_POINT('Ctrl Pts',(-57.0519502116127,-78.985125158649,16.6411747598299));
#6018=CARTESIAN_POINT('Ctrl Pts',(-54.0058612475515,-70.2402588197201,11.2621587795415));
#6019=CARTESIAN_POINT('Ctrl Pts',(-145.313834643796,-273.706557607104,123.464722809975));
#6020=CARTESIAN_POINT('Ctrl Pts',(-138.285694585028,-255.494195941448,112.854204823487));
#6021=CARTESIAN_POINT('Ctrl Pts',(-120.537610850463,-216.867398750201,91.5689765466092));
#6022=CARTESIAN_POINT('Ctrl Pts',(-94.8232462891041,-166.387707323934,64.8889745210027));
#6023=CARTESIAN_POINT('Ctrl Pts',(-75.571766927877,-126.671263887229,43.4896562906816));
#6024=CARTESIAN_POINT('Ctrl Pts',(-62.6379524768912,-97.7316386877796,27.398933016206));
#6025=CARTESIAN_POINT('Ctrl Pts',(-55.5690878166614,-79.3500396900997,16.6446759011579));
#6026=CARTESIAN_POINT('Ctrl Pts',(-52.5581404297356,-70.4731442245454,11.2632538343883));
#6027=CARTESIAN_POINT('Ctrl Pts',(-144.628593679408,-277.87941111451,123.562167865258));
#6028=CARTESIAN_POINT('Ctrl Pts',(-137.625107336968,-259.379144556078,112.937846602136));
#6029=CARTESIAN_POINT('Ctrl Pts',(-119.749798230677,-219.978808013203,91.6217467497175));
#6030=CARTESIAN_POINT('Ctrl Pts',(-93.7046967378578,-168.343303764654,64.9121427423084));
#6031=CARTESIAN_POINT('Ctrl Pts',(-74.247828367474,-127.763723546299,43.4999229012997));
#6032=CARTESIAN_POINT('Ctrl Pts',(-61.2358759388995,-98.2490075610737,27.4043359628944));
#6033=CARTESIAN_POINT('Ctrl Pts',(-54.1922737062894,-79.565793366334,16.6462311610221));
#6034=CARTESIAN_POINT('Ctrl Pts',(-51.2174415913656,-70.5680192303903,11.2625275485732));
#6035=CARTESIAN_POINT('Ctrl Pts',(-143.270566177621,-282.577219492437,123.652010594644));
#6036=CARTESIAN_POINT('Ctrl Pts',(-136.314619759023,-263.746198929273,113.014067372717));
#6037=CARTESIAN_POINT('Ctrl Pts',(-118.405498764274,-223.452101457498,91.6705833253372));
#6038=CARTESIAN_POINT('Ctrl Pts',(-92.1886576287204,-170.480440945237,64.933959189061));
#6039=CARTESIAN_POINT('Ctrl Pts',(-72.6378239570095,-128.906925370868,43.509630778668));
#6040=CARTESIAN_POINT('Ctrl Pts',(-59.6150487216373,-98.7325449507723,27.4092937493678));
#6041=CARTESIAN_POINT('Ctrl Pts',(-52.6265013656975,-79.7043455808316,16.6468529625993));
#6042=CARTESIAN_POINT('Ctrl Pts',(-49.6972082013167,-70.5687345106772,11.2602599429438));
#6043=CARTESIAN_POINT('Ctrl Pts',(-142.453669404184,-285.014608776079,123.693549869294));
#6044=CARTESIAN_POINT('Ctrl Pts',(-135.525964778224,-266.011583393943,113.048689024236));
#6045=CARTESIAN_POINT('Ctrl Pts',(-117.618269017173,-225.253435837066,91.6928522530506));
#6046=CARTESIAN_POINT('Ctrl Pts',(-91.3461994629823,-171.590447709337,64.9434651447893));
#6047=CARTESIAN_POINT('Ctrl Pts',(-71.7622272118428,-129.506423293111,43.5130827727436));
#6048=CARTESIAN_POINT('Ctrl Pts',(-58.7342761427238,-98.9946175402268,27.412190960151));
#6049=CARTESIAN_POINT('Ctrl Pts',(-51.7670603091733,-79.788041555459,16.6512546161867));
#6050=CARTESIAN_POINT('Ctrl Pts',(-48.857081475167,-70.5796425202439,11.265192052636));
#6051=CARTESIAN_POINT('Ctrl Pts',(-140.41270871925,-289.745797466064,123.760134135099));
#6052=CARTESIAN_POINT('Ctrl Pts',(-133.55532390665,-270.405427197201,113.102987927696));
#6053=CARTESIAN_POINT('Ctrl Pts',(-115.726434169158,-228.745908703703,91.7276809775492));
#6054=CARTESIAN_POINT('Ctrl Pts',(-89.4882952336249,-173.744444014114,64.9597392413487));
#6055=CARTESIAN_POINT('Ctrl Pts',(-69.9434855052326,-130.6693640261,43.5200006227622));
#6056=CARTESIAN_POINT('Ctrl Pts',(-56.968429413122,-99.5011267578323,27.4172435487026));
#6057=CARTESIAN_POINT('Ctrl Pts',(-50.0674647078751,-79.9461868557212,16.6572716644951));
#6058=CARTESIAN_POINT('Ctrl Pts',(-47.2014373010772,-70.5948928840877,11.2711938492953));
#6059=CARTESIAN_POINT('Ctrl Pts',(-137.123012263898,-295.326874518569,123.819301027045));
#6060=CARTESIAN_POINT('Ctrl Pts',(-130.380854956348,-275.579190872639,113.149742660182));
#6061=CARTESIAN_POINT('Ctrl Pts',(-112.789514119798,-232.855177704949,91.7576584320197));
#6062=CARTESIAN_POINT('Ctrl Pts',(-86.8505440384259,-176.289551604404,64.9747065711022));
#6063=CARTESIAN_POINT('Ctrl Pts',(-67.5315293052126,-132.053793522745,43.5268190367485));
#6064=CARTESIAN_POINT('Ctrl Pts',(-54.7191708417809,-100.113357002793,27.4227953314721));
#6065=CARTESIAN_POINT('Ctrl Pts',(-47.9289441495653,-80.1418339841635,16.6651646496156));
#6066=CARTESIAN_POINT('Ctrl Pts',(-45.1209581549301,-70.6159204277051,11.2797696627423));
#6067=CARTESIAN_POINT('Ctrl Pts',(-132.938691600617,-300.306809721733,123.857739392922));
#6068=CARTESIAN_POINT('Ctrl Pts',(-126.347899968897,-280.176685329867,113.179023405989));
#6069=CARTESIAN_POINT('Ctrl Pts',(-109.164544347059,-236.50150721765,91.7761474530428));
#6070=CARTESIAN_POINT('Ctrl Pts',(-83.8325140634345,-178.573076121563,64.9846313064602));
#6071=CARTESIAN_POINT('Ctrl Pts',(-64.9549556286963,-133.316702215378,43.5319529548675));
#6072=CARTESIAN_POINT('Ctrl Pts',(-52.4283303716985,-100.68619996575,27.4271829982374));
#6073=CARTESIAN_POINT('Ctrl Pts',(-45.7889829213338,-80.328728370224,16.6715851446861));
#6074=CARTESIAN_POINT('Ctrl Pts',(-43.0458883315674,-70.6345010360915,11.2868919734455));
#6075=CARTESIAN_POINT('Ctrl Pts',(-129.600729355484,-303.405401316655,123.87738340833));
#6076=CARTESIAN_POINT('Ctrl Pts',(-123.13377500077,-283.023424401957,113.193466166383));
#6077=CARTESIAN_POINT('Ctrl Pts',(-106.314168050417,-238.755810420077,91.7849687999879));
#6078=CARTESIAN_POINT('Ctrl Pts',(-81.5455502142657,-180.004831666152,64.9894125690736));
#6079=CARTESIAN_POINT('Ctrl Pts',(-63.0735479701147,-134.125405550708,43.5345778804824));
#6080=CARTESIAN_POINT('Ctrl Pts',(-50.8019134412665,-101.064711180296,27.4297266842639));
#6081=CARTESIAN_POINT('Ctrl Pts',(-44.2862516053373,-80.4558701336292,16.6757665382776));
#6082=CARTESIAN_POINT('Ctrl Pts',(-41.5917369846005,-70.6473409579998,11.2917826039526));
#6083=CARTESIAN_POINT('Ctrl Pts',(-127.586321597587,-305.056221283066,123.886833671901));
#6084=CARTESIAN_POINT('Ctrl Pts',(-121.194982030232,-284.535231067095,113.200243481639));
#6085=CARTESIAN_POINT('Ctrl Pts',(-104.603735657521,-239.951792383855,91.788968728896));
#6086=CARTESIAN_POINT('Ctrl Pts',(-80.1930677121102,-180.77151606613,64.9915923194994));
#6087=CARTESIAN_POINT('Ctrl Pts',(-61.9780927449959,-134.564280784272,43.5358318911803));
#6088=CARTESIAN_POINT('Ctrl Pts',(-49.8668302750802,-101.273965153608,27.431025275332));
#6089=CARTESIAN_POINT('Ctrl Pts',(-43.4269386475461,-80.5271942847132,16.6779792123352));
#6090=CARTESIAN_POINT('Ctrl Pts',(-40.7612055948794,-70.6544098546835,11.2944253362367));
#6091=CARTESIAN_POINT('Ctrl Pts',(-122.380955609358,-308.97766899183,123.907819652993));
#6092=CARTESIAN_POINT('Ctrl Pts',(-116.186546814032,-288.117530642684,113.214966424524));
#6093=CARTESIAN_POINT('Ctrl Pts',(-100.198602917045,-242.78357439819,91.7974241476599));
#6094=CARTESIAN_POINT('Ctrl Pts',(-76.7394195492983,-182.600066228342,64.9961449044099));
#6095=CARTESIAN_POINT('Ctrl Pts',(-59.2066317210792,-135.621879977951,43.5385428535206));
#6096=CARTESIAN_POINT('Ctrl Pts',(-47.519176215331,-101.785423869357,27.4340260818846));
#6097=CARTESIAN_POINT('Ctrl Pts',(-41.2766206181666,-80.7035625568441,16.6833531713227));
#6098=CARTESIAN_POINT('Ctrl Pts',(-38.6844276280732,-70.6719311572698,11.3009499520435));
#6099=CARTESIAN_POINT('Ctrl Pts',(-112.289780624642,-313.995691683614,123.925714434012));
#6100=CARTESIAN_POINT('Ctrl Pts',(-106.489238803559,-292.626251178192,113.225139046486));
#6101=CARTESIAN_POINT('Ctrl Pts',(-91.7649508774582,-246.329451786927,91.8010564934763));
#6102=CARTESIAN_POINT('Ctrl Pts',(-70.3367283364597,-185.002706625492,64.9975368714533));
#6103=CARTESIAN_POINT('Ctrl Pts',(-54.2537065555518,-137.103521922481,43.5399914685154));
#6104=CARTESIAN_POINT('Ctrl Pts',(-43.4553928287633,-102.561688699656,27.437271330104));
#6105=CARTESIAN_POINT('Ctrl Pts',(-37.6080564514181,-80.9874679442341,16.6909191349836));
#6106=CARTESIAN_POINT('Ctrl Pts',(-35.1533783781257,-70.6997950657003,11.3109961459239));
#6107=CARTESIAN_POINT('Ctrl Pts',(-101.72192428279,-315.446766568298,123.922528497463));
#6108=CARTESIAN_POINT('Ctrl Pts',(-96.361809761467,-293.732248630086,113.216318938894));
#6109=CARTESIAN_POINT('Ctrl Pts',(-83.0349624226374,-247.150893918361,91.7891565859418));
#6110=CARTESIAN_POINT('Ctrl Pts',(-63.8410280732675,-185.866665168408,64.9890192194907));
#6111=CARTESIAN_POINT('Ctrl Pts',(-49.3550854682178,-137.876165387694,43.53617306465));
#6112=CARTESIAN_POINT('Ctrl Pts',(-39.5403869302498,-103.112349668196,27.437460136802));
#6113=CARTESIAN_POINT('Ctrl Pts',(-34.1319655479778,-81.2250629767367,16.6957325270952));
#6114=CARTESIAN_POINT('Ctrl Pts',(-31.8290769998129,-70.7227751053865,11.3188961666069));
#6115=CARTESIAN_POINT('Ctrl Pts',(-95.4512156027247,-315.283960940173,123.913951955333));
#6116=CARTESIAN_POINT('Ctrl Pts',(-90.3642016447689,-293.407328036295,113.20412806399));
#6117=CARTESIAN_POINT('Ctrl Pts',(-77.8679534242306,-246.851294769008,91.7754303388173));
#6118=CARTESIAN_POINT('Ctrl Pts',(-59.9769126249882,-185.941532628878,64.9803152199568));
#6119=CARTESIAN_POINT('Ctrl Pts',(-46.427062229202,-138.139547577886,43.5322445566694));
#6120=CARTESIAN_POINT('Ctrl Pts',(-37.1968188167727,-103.382524906122,27.436798719201));
#6121=CARTESIAN_POINT('Ctrl Pts',(-32.0585942157267,-81.3566251565684,16.6979317920592));
#6122=CARTESIAN_POINT('Ctrl Pts',(-29.8529329050855,-70.7353760059581,11.3231305420304));
#6123=CARTESIAN_POINT('Ctrl Pts',(-93.4135458228198,-315.241176050784,123.915860691311));
#6124=CARTESIAN_POINT('Ctrl Pts',(-88.4145365165061,-293.314364991416,113.205654961823));
#6125=CARTESIAN_POINT('Ctrl Pts',(-76.1861318228194,-246.76673651522,91.7763347063204));
#6126=CARTESIAN_POINT('Ctrl Pts',(-58.719734345846,-185.972192235015,64.980344933141));
#6127=CARTESIAN_POINT('Ctrl Pts',(-45.4799451724136,-138.22606753522,43.5320063851981));
#6128=CARTESIAN_POINT('Ctrl Pts',(-36.4460252425998,-103.468434255528,27.4368505956177));
#6129=CARTESIAN_POINT('Ctrl Pts',(-31.3992078558492,-81.3979149432192,16.6986478959648));
#6130=CARTESIAN_POINT('Ctrl Pts',(-29.2249783639194,-70.7393117432772,11.324445457782));
#6131=CARTESIAN_POINT('Ctrl Pts',(-89.3659204991384,-315.153014856391,123.916992043561));
#6132=CARTESIAN_POINT('Ctrl Pts',(-84.5447107694989,-293.12790921363,113.205645517708));
#6133=CARTESIAN_POINT('Ctrl Pts',(-72.8492903532494,-246.596415999139,91.7751819231536));
#6134=CARTESIAN_POINT('Ctrl Pts',(-56.2203520652204,-186.028011503755,64.9788492474834));
#6135=CARTESIAN_POINT('Ctrl Pts',(-43.5907778395604,-138.392756134339,43.5309803821766));
#6136=CARTESIAN_POINT('Ctrl Pts',(-34.9435746003234,-103.635467300695,27.4368096863767));
#6137=CARTESIAN_POINT('Ctrl Pts',(-30.0787370669134,-81.4784722009376,16.7000146579203));
#6138=CARTESIAN_POINT('Ctrl Pts',(-27.9690086133442,-70.7469542540732,11.3269788044477));
#6139=CARTESIAN_POINT('Ctrl Pts',(-82.2750229905141,-315.006937249316,123.92018946481));
#6140=CARTESIAN_POINT('Ctrl Pts',(-77.7709286453138,-292.816625096416,113.207156781477));
#6141=CARTESIAN_POINT('Ctrl Pts',(-67.00821949071,-246.312417298253,91.7747339096846));
#6142=CARTESIAN_POINT('Ctrl Pts',(-51.834585590458,-186.123955464464,64.9770852385476));
#6143=CARTESIAN_POINT('Ctrl Pts',(-40.2700910047874,-138.674398973993,43.5295247618463));
#6144=CARTESIAN_POINT('Ctrl Pts',(-32.3027656406673,-103.916927822569,27.436819410665));
#6145=CARTESIAN_POINT('Ctrl Pts',(-27.7631536333033,-81.6140384469577,16.702300801606));
#6146=CARTESIAN_POINT('Ctrl Pts',(-25.7708613225818,-70.759738484219,11.3311704167082));
#6147=CARTESIAN_POINT('Ctrl Pts',(-68.1255083994588,-314.737052175712,123.925020087121));
#6148=CARTESIAN_POINT('Ctrl Pts',(-64.2792531859075,-292.243603535933,113.208885848701));
#6149=CARTESIAN_POINT('Ctrl Pts',(-55.3762408841738,-245.789317396455,91.7728673910547));
#6150=CARTESIAN_POINT('Ctrl Pts',(-43.0547080852447,-186.298454720532,64.9731971780822));
#6151=CARTESIAN_POINT('Ctrl Pts',(-33.5905898085545,-139.190396447134,43.5266194002878));
#6152=CARTESIAN_POINT('Ctrl Pts',(-26.9811172216118,-104.433194075861,27.4368025331742));
#6153=CARTESIAN_POINT('Ctrl Pts',(-23.1127886768048,-81.8626533950728,16.7063962164145));
#6154=CARTESIAN_POINT('Ctrl Pts',(-21.3739089845988,-70.7828776662369,11.3385886657982));
#6155=CARTESIAN_POINT('Ctrl Pts',(-52.0030357399308,-314.488968192883,123.929861339225));
#6156=CARTESIAN_POINT('Ctrl Pts',(-48.9654788253559,-291.716415114384,113.211145746794));
#6157=CARTESIAN_POINT('Ctrl Pts',(-42.1769231704098,-245.308089772814,91.7717755587332));
#6158=CARTESIAN_POINT('Ctrl Pts',(-32.9820746173318,-186.459946841247,64.9697608087758));
#6159=CARTESIAN_POINT('Ctrl Pts',(-25.8552346840119,-139.666507572939,43.523994135482));
#6160=CARTESIAN_POINT('Ctrl Pts',(-20.7998237547046,-104.909252059941,27.4368536659396));
#6161=CARTESIAN_POINT('Ctrl Pts',(-17.7519935901887,-82.0916230781906,16.7099697622693));
#6162=CARTESIAN_POINT('Ctrl Pts',(-16.3472309151448,-70.8037071983722,11.3450066443582));
#6163=CARTESIAN_POINT('Ctrl Pts',(-27.9125290645873,-314.217699198886,123.93456071499));
#6164=CARTESIAN_POINT('Ctrl Pts',(-26.1817298255595,-291.141044228356,113.213230547812));
#6165=CARTESIAN_POINT('Ctrl Pts',(-22.5451826860733,-244.782590276154,91.7700833171096));
#6166=CARTESIAN_POINT('Ctrl Pts',(-17.8187862835753,-186.6352968167,64.9656914107927));
#6167=CARTESIAN_POINT('Ctrl Pts',(-14.0900091525371,-140.185173186968,43.5210502500431));
#6168=CARTESIAN_POINT('Ctrl Pts',(-11.3660331023208,-105.428109781106,27.4368944594167));
#6169=CARTESIAN_POINT('Ctrl Pts',(-9.63563292540576,-82.3408736855681,16.7137320231112));
#6170=CARTESIAN_POINT('Ctrl Pts',(-8.80500437272642,-70.826016621831,11.3517047697319));
#6171=CARTESIAN_POINT('Ctrl Pts',(-11.9323995947551,-314.133295721207,123.93626984359));
#6172=CARTESIAN_POINT('Ctrl Pts',(-11.1591971696294,-290.961828744327,113.214121282466));
#6173=CARTESIAN_POINT('Ctrl Pts',(-9.60708209629589,-244.618894790567,91.7698241602183));
#6174=CARTESIAN_POINT('Ctrl Pts',(-7.65551790595803,-186.690227348367,64.9644527574085));
#6175=CARTESIAN_POINT('Ctrl Pts',(-6.09353487738387,-140.347293394607,43.5201556351607));
#6176=CARTESIAN_POINT('Ctrl Pts',(-4.9256995560572,-105.590092929287,27.4369327934749));
#6177=CARTESIAN_POINT('Ctrl Pts',(-4.1546621254653,-82.4186259524067,16.714784232351));
#6178=CARTESIAN_POINT('Ctrl Pts',(-3.77429827890727,-70.8328924639667,11.353709951789));
#6179=CARTESIAN_POINT('Ctrl Pts',(1.56723562397907E-13,-314.133295721207,
123.93626984359));
#6180=CARTESIAN_POINT('Ctrl Pts',(1.53038082625543E-13,-290.961828744327,
113.214121282466));
#6181=CARTESIAN_POINT('Ctrl Pts',(1.31382015428638E-13,-244.618894790567,
91.7698241602183));
#6182=CARTESIAN_POINT('Ctrl Pts',(9.05421670363527E-14,-186.690227348367,
64.9644527574085));
#6183=CARTESIAN_POINT('Ctrl Pts',(6.28460072670068E-14,-140.347293394607,
43.5201556351607));
#6184=CARTESIAN_POINT('Ctrl Pts',(4.79174564955683E-14,-105.590092929287,
27.4369327934749));
#6185=CARTESIAN_POINT('Ctrl Pts',(4.41368561999041E-14,-82.4186259524067,
16.714784232351));
#6186=CARTESIAN_POINT('Ctrl Pts',(4.43990213216009E-14,-70.8328924639667,
11.353709951789));
#6187=CARTESIAN_POINT('Ctrl Pts',(1.56187549057989E-13,-311.029395503736,
122.5));
#6188=CARTESIAN_POINT('Ctrl Pts',(1.52065622978894E-13,-288.89256193268,
112.256608053406));
#6189=CARTESIAN_POINT('Ctrl Pts',(1.30652596415546E-13,-243.584261384743,
91.2910675456883));
#6190=CARTESIAN_POINT('Ctrl Pts',(9.05421670363527E-14,-186.690227348367,
64.9644527574085));
#6191=CARTESIAN_POINT('Ctrl Pts',(6.28460072670068E-14,-140.347293394607,
43.5201556351607));
#6192=CARTESIAN_POINT('Ctrl Pts',(4.79174564955683E-14,-105.590092929287,
27.4369327934749));
#6193=CARTESIAN_POINT('Ctrl Pts',(4.41368561999041E-14,-82.4186259524067,
16.714784232351));
#6194=CARTESIAN_POINT('Ctrl Pts',(4.43990213216009E-14,-70.8328924639667,
11.353709951789));
#6195=CARTESIAN_POINT('Ctrl Pts',(-4.38131769052898E-15,-84.8562291782413,
-57.6309210874759));
#6196=CARTESIAN_POINT('Ctrl Pts',(-1.64837057586049,-84.7552671372593,-59.2792916633364));
#6197=CARTESIAN_POINT('Ctrl Pts',(-3.29674115172097,-84.6543050962773,-60.9276622391969));
#6198=CARTESIAN_POINT('Ctrl Pts',(-4.94511172758145,-84.5533430552953,-62.5760328150574));
#6199=CARTESIAN_POINT('Ctrl Pts',(4.14570302743119,-84.8562291782413,-61.7766241149071));
#6200=CARTESIAN_POINT('Ctrl Pts',(2.50354235693309,-84.5325966490426,-63.4187847854052));
#6201=CARTESIAN_POINT('Ctrl Pts',(0.863192159909784,-84.2095364814169,-65.0591349824285));
#6202=CARTESIAN_POINT('Ctrl Pts',(-0.778968510588316,-83.8859039522182,
-66.7012956529266));
#6203=CARTESIAN_POINT('Ctrl Pts',(13.8190100914373,-84.8562291782413,-71.4499311789132));
#6204=CARTESIAN_POINT('Ctrl Pts',(12.2493147099527,-84.0229963370357,-73.0196265603979));
#6205=CARTESIAN_POINT('Ctrl Pts',(10.6796758669974,-83.18768144495,-74.5892654033531));
#6206=CARTESIAN_POINT('Ctrl Pts',(9.10998048551275,-82.3544486037444,-76.1589607848378));
#6207=CARTESIAN_POINT('Ctrl Pts',(23.4923171554434,-84.8562291782413,-81.1232382429194));
#6208=CARTESIAN_POINT('Ctrl Pts',(22.071787693193,-83.6526060057964,-82.5437677051697));
#6209=CARTESIAN_POINT('Ctrl Pts',(20.6493966290383,-82.4530626855772,-83.9661587693244));
#6210=CARTESIAN_POINT('Ctrl Pts',(19.2288671667879,-81.2494395131324,-85.3866882315748));
#6211=CARTESIAN_POINT('Ctrl Pts',(29.0199211920183,-84.8562291782413,-86.6508422794943));
#6212=CARTESIAN_POINT('Ctrl Pts',(27.681847741749,-83.4911052542647,-87.9889157297636));
#6213=CARTESIAN_POINT('Ctrl Pts',(26.3437742914796,-82.1259813302882,-89.326989180033));
#6214=CARTESIAN_POINT('Ctrl Pts',(25.0057008412103,-80.7608574063117,-90.6650626303023));
#6215=CARTESIAN_POINT('',(-6.66133814775094E-15,-83.7749319222684,-67.4115955268206));
#6216=CARTESIAN_POINT('',(4.44089209850063E-15,-84.8562291782413,-57.6309210874759));
#6217=CARTESIAN_POINT('Ctrl Pts',(0.00091434152669656,-83.7752572089247,
-67.4106811852939));
#6218=CARTESIAN_POINT('Ctrl Pts',(0.00085152418329588,-83.938385567624,
-66.5550203022085));
#6219=CARTESIAN_POINT('Ctrl Pts',(0.00070424428623467,-84.0839804791348,
-65.6967373485357));
#6220=CARTESIAN_POINT('Ctrl Pts',(0.00055357945738832,-84.2117415277268,
-64.8357574102222));
#6221=CARTESIAN_POINT('Ctrl Pts',(0.000428616584678125,-84.3177077825905,
-64.121652285215));
#6222=CARTESIAN_POINT('Ctrl Pts',(0.000302118324357399,-84.4114062191961,
-63.4056910560767));
#6223=CARTESIAN_POINT('Ctrl Pts',(0.000200689286855571,-84.4926685808845,
-62.6878506349313));
#6224=CARTESIAN_POINT('Ctrl Pts',(0.000105051190286723,-84.569291388179,
-62.0109942513021));
#6225=CARTESIAN_POINT('Ctrl Pts',(3.44006734279734E-5,-84.6347633424692,
-61.333305864457));
#6226=CARTESIAN_POINT('Ctrl Pts',(1.09224411892761E-6,-84.6890257022704,
-60.6547731203194));
#6227=CARTESIAN_POINT('Ctrl Pts',(-2.83238533133848E-5,-84.7369471112329,
-60.055531855372));
#6228=CARTESIAN_POINT('Ctrl Pts',(-2.84075291306366E-5,-84.7761259766047,
-59.4556318336809));
#6229=CARTESIAN_POINT('Ctrl Pts',(-1.81554589869792E-5,-84.8065125424669,
-58.8550920522188));
#6230=CARTESIAN_POINT('Ctrl Pts',(-1.11942829754573E-5,-84.8271450811043,
-58.4473243465653));
#6231=CARTESIAN_POINT('Ctrl Pts',(-6.70355621294502E-15,-84.8437238125369,
-58.0392622158233));
#6232=CARTESIAN_POINT('Ctrl Pts',(-4.38131769052898E-15,-84.8562291782413,
-57.6309210874759));
#6233=CARTESIAN_POINT('',(25.0000081327607,-80.7613389164389,-90.6598611222765));
#6234=CARTESIAN_POINT('Ctrl Pts',(0.000914341526709744,-83.7752572089247,
-67.410681185294));
#6235=CARTESIAN_POINT('Ctrl Pts',(2.56046450598002,-83.3818629338902,-69.8823122625881));
#6236=CARTESIAN_POINT('Ctrl Pts',(10.8133169828882,-82.16851024464,-77.7122176950854));
#6237=CARTESIAN_POINT('Ctrl Pts',(19.2250684966892,-81.2498543538266,-85.3832240906899));
#6238=CARTESIAN_POINT('Ctrl Pts',(25.0000081310033,-80.7613389196761,-90.6598611240339));
#6239=CARTESIAN_POINT('',(25.0166779298951,-80.7720564076641,-90.6540855416175));
#6240=CARTESIAN_POINT('Ctrl Pts',(25.0000081211891,-80.7613389039392,-90.6598611266314));
#6241=CARTESIAN_POINT('Ctrl Pts',(25.0027854860227,-80.7631321807165,-90.658907503274));
#6242=CARTESIAN_POINT('Ctrl Pts',(25.0055643593984,-80.7649185344475,-90.657944885045));
#6243=CARTESIAN_POINT('Ctrl Pts',(25.0083431811841,-80.7667030802436,-90.6569800343143));
#6244=CARTESIAN_POINT('Ctrl Pts',(25.0111220029699,-80.7684876260397,-90.6560151835836));
#6245=CARTESIAN_POINT('Ctrl Pts',(25.0139007731655,-80.770270363901,-90.6550481003511));
#6246=CARTESIAN_POINT('Ctrl Pts',(25.0166779306516,-80.7720564080806,-90.6540855422508));
#6247=CARTESIAN_POINT('',(25.,-84.8562291782413,-82.630921087476));
#6248=CARTESIAN_POINT('Ctrl Pts',(25.,-84.8562291782413,-82.630921087476));
#6249=CARTESIAN_POINT('Ctrl Pts',(25.0000269251645,-84.5380347050304,-83.3491313076505));
#6250=CARTESIAN_POINT('Ctrl Pts',(25.0003497592157,-84.2092984193854,-84.0626197827793));
#6251=CARTESIAN_POINT('Ctrl Pts',(25.0010468755567,-83.8704750060046,-84.7712844361271));
#6252=CARTESIAN_POINT('Ctrl Pts',(25.0016797186486,-83.5628906848195,-85.4146111005181));
#6253=CARTESIAN_POINT('Ctrl Pts',(25.002621451974,-83.2469914824678,-86.0539619952738));
#6254=CARTESIAN_POINT('Ctrl Pts',(25.0039044763173,-82.9231229527454,-86.6892869866287));
#6255=CARTESIAN_POINT('Ctrl Pts',(25.0050318372095,-82.6385479043341,-87.2475309145789));
#6256=CARTESIAN_POINT('Ctrl Pts',(25.0064230716248,-82.3478252536505,-87.8026543626218));
#6257=CARTESIAN_POINT('Ctrl Pts',(25.0080913282971,-82.0512310592572,-88.3546272251515));
#6258=CARTESIAN_POINT('Ctrl Pts',(25.009604824968,-81.7821511668702,-88.8553949450116));
#6259=CARTESIAN_POINT('Ctrl Pts',(25.0113463264404,-81.5082381195075,-89.3535695140374));
#6260=CARTESIAN_POINT('Ctrl Pts',(25.0133040340968,-81.2297280538389,-89.8491500688687));
#6261=CARTESIAN_POINT('Ctrl Pts',(25.0143669702717,-81.0785111840006,-90.1182252280535));
#6262=CARTESIAN_POINT('Ctrl Pts',(25.0154932565849,-80.925939713915,-90.3865360734739));
#6263=CARTESIAN_POINT('Ctrl Pts',(25.016677929895,-80.772056407664,-90.6540855416175));
#6264=CARTESIAN_POINT('',(0.,-84.8562291782413,-57.6309210874759));
#6265=CARTESIAN_POINT('Ctrl Pts',(-2.2204758864941E-10,-55.1721888915988,
-62.8337518263184));
#6266=CARTESIAN_POINT('Ctrl Pts',(-0.644475901328635,-57.9536917157602,
-63.0038825038438));
#6267=CARTESIAN_POINT('Ctrl Pts',(-1.57195901484134,-62.1357319160529,-63.1220861317603));
#6268=CARTESIAN_POINT('Ctrl Pts',(-2.84820579373061,-69.1198827494284,-63.1194829154003));
#6269=CARTESIAN_POINT('Ctrl Pts',(-3.83982196751334,-76.1112439168623,-63.0127631107718));
#6270=CARTESIAN_POINT('Ctrl Pts',(-4.3756432955235,-81.7032336995268,-62.9393556382347));
#6271=CARTESIAN_POINT('Ctrl Pts',(-4.6003213873363,-84.4981519519677,-62.9171340474248));
#6272=CARTESIAN_POINT('Ctrl Pts',(1.61129144958371,-54.8135479186313,-62.8869723058112));
#6273=CARTESIAN_POINT('Ctrl Pts',(0.903858491399987,-57.5985850851351,-63.2023108553663));
#6274=CARTESIAN_POINT('Ctrl Pts',(-0.0451063578567651,-61.7932647493941,
-63.5209685678371));
#6275=CARTESIAN_POINT('Ctrl Pts',(-1.27359637439041,-68.8030128049845,-63.8877024937552));
#6276=CARTESIAN_POINT('Ctrl Pts',(-2.20045749118088,-75.8201256517899,-64.1815642982316));
#6277=CARTESIAN_POINT('Ctrl Pts',(-2.72201379933461,-81.4301763648432,-64.4241520729703));
#6278=CARTESIAN_POINT('Ctrl Pts',(-2.94694048040542,-84.2337223090502,-64.5513603689864));
#6279=CARTESIAN_POINT('Ctrl Pts',(4.86414605947971,-53.9917532594987,-62.9457239553948));
#6280=CARTESIAN_POINT('Ctrl Pts',(4.07947730744965,-56.8357361408081,-63.6092286781574));
#6281=CARTESIAN_POINT('Ctrl Pts',(3.11213826458342,-61.1199266620463,-64.3840475339472));
#6282=CARTESIAN_POINT('Ctrl Pts',(1.9503415116726,-68.2272512826218,-65.4989478263912));
#6283=CARTESIAN_POINT('Ctrl Pts',(1.10747956455464,-75.2928877865818,-66.5340056193648));
#6284=CARTESIAN_POINT('Ctrl Pts',(0.606990756623737,-80.9061245738052,-67.3701221504378));
#6285=CARTESIAN_POINT('Ctrl Pts',(0.381172208076916,-83.7083992593502,-67.7984621374892));
#6286=CARTESIAN_POINT('Ctrl Pts',(9.83348278080866,-52.8238878097823,-62.8160848965361));
#6287=CARTESIAN_POINT('Ctrl Pts',(9.08106162123628,-55.7652278745308,-64.1270411126773));
#6288=CARTESIAN_POINT('Ctrl Pts',(8.12850020490979,-60.1934044812999,-65.7399877217021));
#6289=CARTESIAN_POINT('Ctrl Pts',(6.97546197776038,-67.4575065081266,-68.0202506867639));
#6290=CARTESIAN_POINT('Ctrl Pts',(6.14080415148839,-74.5910735721468,-70.0746382709478));
#6291=CARTESIAN_POINT('Ctrl Pts',(5.6516032837763,-80.1798373900191,-71.7322324501166));
#6292=CARTESIAN_POINT('Ctrl Pts',(5.43131496488212,-82.9599018351027,-72.6111410661616));
#6293=CARTESIAN_POINT('Ctrl Pts',(14.8652919870236,-51.9805073328521,-62.5908203260327));
#6294=CARTESIAN_POINT('Ctrl Pts',(14.2620791441861,-54.9288316776341,-64.5176763888975));
#6295=CARTESIAN_POINT('Ctrl Pts',(13.3823207701645,-59.3799350453375,-66.9952303421354));
#6296=CARTESIAN_POINT('Ctrl Pts',(12.1784468710536,-66.7135508604973,-70.4802904728294));
#6297=CARTESIAN_POINT('Ctrl Pts',(11.2476964869341,-73.9076831954247,-73.5655570002997));
#6298=CARTESIAN_POINT('Ctrl Pts',(10.7409765766283,-79.5012530801461,-76.0447417081685));
#6299=CARTESIAN_POINT('Ctrl Pts',(10.5278788816427,-82.2732157511283,-77.3773988348787));
#6300=CARTESIAN_POINT('Ctrl Pts',(19.9323508058579,-51.4895267977418,-62.40063482665));
#6301=CARTESIAN_POINT('Ctrl Pts',(19.5516196415065,-54.3723162792089,-64.7591823232791));
#6302=CARTESIAN_POINT('Ctrl Pts',(18.8275344696245,-58.7080748632694,-67.9735318096349));
#6303=CARTESIAN_POINT('Ctrl Pts',(17.5617459570357,-65.9637886028984,-72.6849697629862));
#6304=CARTESIAN_POINT('Ctrl Pts',(16.4413356221329,-73.1966547383838,-76.9268969981876));
#6305=CARTESIAN_POINT('Ctrl Pts',(15.8728780377964,-78.8635535472757,-80.310541765313));
#6306=CARTESIAN_POINT('Ctrl Pts',(15.6567125329046,-81.6611079319997,-82.1113868690945));
#6307=CARTESIAN_POINT('Ctrl Pts',(23.3290063752591,-51.3676645309043,-62.3273775750281));
#6308=CARTESIAN_POINT('Ctrl Pts',(23.1314074206096,-54.1702056425208,-64.7818756787375));
#6309=CARTESIAN_POINT('Ctrl Pts',(22.5507692512857,-58.3677963776605,-68.3252271834934));
#6310=CARTESIAN_POINT('Ctrl Pts',(21.2638294172327,-65.4717331166708,-73.8483981333048));
#6311=CARTESIAN_POINT('Ctrl Pts',(19.9718997564191,-72.6992595242853,-79.0237043485018));
#6312=CARTESIAN_POINT('Ctrl Pts',(19.3218515381854,-78.4634473609222,-83.1258677589885));
#6313=CARTESIAN_POINT('Ctrl Pts',(19.0883141843601,-81.3054076360895,-85.2549996746239));
#6314=CARTESIAN_POINT('Ctrl Pts',(25.1716909186791,-51.3564704989241,-62.3048241691458));
#6315=CARTESIAN_POINT('Ctrl Pts',(25.0813945767455,-54.0997029421855,-64.737952450403));
#6316=CARTESIAN_POINT('Ctrl Pts',(24.5758260309901,-58.2135089860986,-68.4022252236532));
#6317=CARTESIAN_POINT('Ctrl Pts',(23.2834744331473,-65.2193826378602,-74.3606160310387));
#6318=CARTESIAN_POINT('Ctrl Pts',(21.8992323312785,-72.431267183073,-80.1041146611068));
#6319=CARTESIAN_POINT('Ctrl Pts',(21.1933352047668,-78.2546300651683,-84.6412490064727));
#6320=CARTESIAN_POINT('Ctrl Pts',(20.945057878693,-81.1267702893471,-86.9534948143691));
#6321=CARTESIAN_POINT('Ctrl Pts',(25.4366361794137,-51.3547577159614,-62.3014834714493));
#6322=CARTESIAN_POINT('Ctrl Pts',(25.3418420143036,-54.0889576263686,-64.7315470408313));
#6323=CARTESIAN_POINT('Ctrl Pts',(24.8354366732104,-58.1928583702898,-68.4111812748341));
#6324=CARTESIAN_POINT('Ctrl Pts',(23.5538398915663,-65.1887345163976,-74.4299684197529));
#6325=CARTESIAN_POINT('Ctrl Pts',(22.1821125754034,-72.3955374815094,-80.2620290560548));
#6326=CARTESIAN_POINT('Ctrl Pts',(21.4750364796613,-78.2232141643196,-84.8696405857385));
#6327=CARTESIAN_POINT('Ctrl Pts',(21.2246183144083,-81.1000426621752,-87.2091975898245));
#6328=CARTESIAN_POINT('Ctrl Pts',(25.9734741533002,-51.3513898126813,-62.2947776634125));
#6329=CARTESIAN_POINT('Ctrl Pts',(25.8811898707953,-54.0677405711537,-64.7186516134834));
#6330=CARTESIAN_POINT('Ctrl Pts',(25.3798449472088,-58.151035302255,-68.4307641783862));
#6331=CARTESIAN_POINT('Ctrl Pts',(24.1132021151719,-65.12518860769,-74.5732956059932));
#6332=CARTESIAN_POINT('Ctrl Pts',(22.7518621404954,-72.3233770424964,-80.5805259128215));
#6333=CARTESIAN_POINT('Ctrl Pts',(22.0385603190929,-78.1614411063337,-85.3261955395051));
#6334=CARTESIAN_POINT('Ctrl Pts',(21.7837960444451,-81.0472517034646,-87.7205462821292));
#6335=CARTESIAN_POINT('Ctrl Pts',(27.1768784271967,-51.3439244931552,-62.279730152367));
#6336=CARTESIAN_POINT('Ctrl Pts',(27.0827903799212,-54.0205534044985,-64.6898062397328));
#6337=CARTESIAN_POINT('Ctrl Pts',(26.5884716070621,-58.0604531619297,-68.4744899931878));
#6338=CARTESIAN_POINT('Ctrl Pts',(25.3592589198974,-64.9900220354095,-74.8939481467844));
#6339=CARTESIAN_POINT('Ctrl Pts',(24.0309215099778,-72.1679678401425,-81.2955977451519));
#6340=CARTESIAN_POINT('Ctrl Pts',(23.3066429308853,-78.025521327368,-86.3533555860029));
#6341=CARTESIAN_POINT('Ctrl Pts',(23.0421159411435,-80.9307005875126,-88.8709108356993));
#6342=CARTESIAN_POINT('Ctrl Pts',(28.2485517900355,-51.337587464052,-62.2663796335372));
#6343=CARTESIAN_POINT('Ctrl Pts',(28.1563229027709,-53.9800114530851,-64.6643648600744));
#6344=CARTESIAN_POINT('Ctrl Pts',(27.6699118299924,-57.9856904255554,-68.5153689218959));
#6345=CARTESIAN_POINT('Ctrl Pts',(26.4711884651158,-64.880834146421,-75.1828314649827));
#6346=CARTESIAN_POINT('Ctrl Pts',(25.1680768757919,-72.04167183002,-81.9327800729869));
#6347=CARTESIAN_POINT('Ctrl Pts',(24.4342549482803,-77.9120568830028,-87.2658878959225));
#6348=CARTESIAN_POINT('Ctrl Pts',(24.1609122504217,-80.8323190579733,-89.8931673711043));
#6349=CARTESIAN_POINT('Ctrl Pts',(29.0517063583262,-51.3329979922952,-62.2564087107412));
#6350=CARTESIAN_POINT('Ctrl Pts',(28.9597198616364,-53.9504489400375,-64.645439611278));
#6351=CARTESIAN_POINT('Ctrl Pts',(28.47876342866,-57.932916694,-68.5469236775599));
#6352=CARTESIAN_POINT('Ctrl Pts',(27.3027527246332,-64.8051783966834,-75.4010251921946));
#6353=CARTESIAN_POINT('Ctrl Pts',(26.0197219994898,-71.9534386146946,-82.4114002380599));
#6354=CARTESIAN_POINT('Ctrl Pts',(25.2797794399575,-77.8309058941056,-87.9504922069816));
#6355=CARTESIAN_POINT('Ctrl Pts',(25.0000081327607,-80.7613389164399,-90.6598611222775));
#6356=CARTESIAN_POINT('Ctrl Pts',(-2.88816668080178E-14,-55.17218889159,
-62.8337518263287));
#6357=CARTESIAN_POINT('Ctrl Pts',(-6.49122040436562E-14,-57.5301128141771,
-63.0048429822837));
#6358=CARTESIAN_POINT('Ctrl Pts',(1.28014693542641E-14,-59.7936391139713,
-63.2392425148636));
#6359=CARTESIAN_POINT('Ctrl Pts',(3.10296825583984E-15,-64.5283442666971,
-63.8453433879985));
#6360=CARTESIAN_POINT('Ctrl Pts',(-9.67459473360104E-15,-66.9941380245875,
-64.2217303168167));
#6361=CARTESIAN_POINT('Ctrl Pts',(-1.71747815362871E-14,-74.0199138424525,
-65.3955210353857));
#6362=CARTESIAN_POINT('Ctrl Pts',(-3.07456584707219E-14,-79.0844229163717,
-66.3744820744416));
#6363=CARTESIAN_POINT('Ctrl Pts',(-2.78038185902159E-14,-83.7749319222684,
-67.4115955268206));
#6364=CARTESIAN_POINT('',(25.0566393220019,-54.9706855876586,-65.5145368590289));
#6365=CARTESIAN_POINT('Ctrl Pts',(22.2224324790863,-55.17218889159,-65.5145368589866));
#6366=CARTESIAN_POINT('Ctrl Pts',(22.7943730694818,-55.1145922887669,-65.5145368589866));
#6367=CARTESIAN_POINT('Ctrl Pts',(23.3662967465703,-55.0676419810085,-65.5145368589751));
#6368=CARTESIAN_POINT('Ctrl Pts',(24.3090824717582,-55.0067848857732,-65.5145368589751));
#6369=CARTESIAN_POINT('Ctrl Pts',(24.6828349036699,-54.9882089872919,-65.5145368589866));
#6370=CARTESIAN_POINT('Ctrl Pts',(25.0566393219975,-54.9706855875639,-65.5145368589866));
#6371=CARTESIAN_POINT('Ctrl Pts',(25.0566393220017,-54.9706855876586,-65.5145368590712));
#6372=CARTESIAN_POINT('Ctrl Pts',(25.0536551226534,-56.8194055474161,-67.1622154195517));
#6373=CARTESIAN_POINT('Ctrl Pts',(25.0500019745815,-58.7382044202918,-68.8898679314397));
#6374=CARTESIAN_POINT('Ctrl Pts',(25.0382112101868,-64.2535660102791,-73.9721745018345));
#6375=CARTESIAN_POINT('Ctrl Pts',(25.0296269606451,-67.4721573940406,-77.1060288700016));
#6376=CARTESIAN_POINT('Ctrl Pts',(25.0148272930888,-73.5146617319623,-83.2096767555084));
#6377=CARTESIAN_POINT('Ctrl Pts',(25.0091759512328,-75.9739276335696,-85.7521393845258));
#6378=CARTESIAN_POINT('Ctrl Pts',(25.0025810665804,-79.3174982942982,-89.1860519157004));
#6379=CARTESIAN_POINT('Ctrl Pts',(25.0011650768163,-80.0972097496898,-89.9835839840207));
#6380=CARTESIAN_POINT('Ctrl Pts',(25.0000081327607,-80.7613389164399,-90.6598611222775));
#6381=CARTESIAN_POINT('Origin',(-58.4953500391256,-54.17218889159,-65.5145368589866));
#6382=CARTESIAN_POINT('Ctrl Pts',(25.0566393220087,-54.9706855875641,-65.5145368589866));
#6383=CARTESIAN_POINT('Ctrl Pts',(25.3486749331185,-54.9915068295126,-65.5145368589866));
#6384=CARTESIAN_POINT('Ctrl Pts',(25.6034502139179,-55.0101921766712,-65.5145368592729));
#6385=CARTESIAN_POINT('Ctrl Pts',(26.2996433087943,-55.0666389665975,-65.5145368592729));
#6386=CARTESIAN_POINT('Ctrl Pts',(26.8050510897987,-55.1153711287586,-65.5145368589866));
#6387=CARTESIAN_POINT('Ctrl Pts',(27.31038453407,-55.17218889159,-65.5145368589866));
#6388=CARTESIAN_POINT('Ctrl Pts',(21.0520355849093,-50.5431522064664,-61.6382935433758));
#6389=CARTESIAN_POINT('Ctrl Pts',(21.0763766266147,-51.886177609907,-62.8450245451443));
#6390=CARTESIAN_POINT('Ctrl Pts',(21.3349193636869,-55.9480597991091,-66.6371518667465));
#6391=CARTESIAN_POINT('Ctrl Pts',(22.4397376331756,-62.9123577713663,-73.5796421152599));
#6392=CARTESIAN_POINT('Ctrl Pts',(23.9793033295109,-71.7235365517479,-82.2017539654277));
#6393=CARTESIAN_POINT('Ctrl Pts',(24.7215822922106,-77.7609852393692,-87.8885051465831));
#6394=CARTESIAN_POINT('Ctrl Pts',(25.0008822043289,-80.770754932454,-90.6685586706463));
#6395=CARTESIAN_POINT('Ctrl Pts',(22.3913413084519,-50.5735605440797,-61.6475107734462));
#6396=CARTESIAN_POINT('Ctrl Pts',(22.4160794855979,-51.9381447764891,-62.8677540363735));
#6397=CARTESIAN_POINT('Ctrl Pts',(22.6738067361509,-56.0495530282729,-66.6426666025712));
#6398=CARTESIAN_POINT('Ctrl Pts',(23.8134837162126,-63.0508010180677,-73.3213020654099));
#6399=CARTESIAN_POINT('Ctrl Pts',(25.3972029957568,-71.8776148408814,-81.4134566178746));
#6400=CARTESIAN_POINT('Ctrl Pts',(26.1297499633885,-77.8965183754712,-86.7475243768778));
#6401=CARTESIAN_POINT('Ctrl Pts',(26.3988683528382,-80.8859116476323,-89.3876263595417));
#6402=CARTESIAN_POINT('Ctrl Pts',(23.730674934584,-50.6040615153601,-61.6567548611875));
#6403=CARTESIAN_POINT('Ctrl Pts',(23.7557117199271,-51.9905247762014,-62.8907120976557));
#6404=CARTESIAN_POINT('Ctrl Pts',(24.0127064735212,-56.1563302796253,-66.6495775854878));
#6405=CARTESIAN_POINT('Ctrl Pts',(25.188888140372,-63.2048399529949,-73.0690591385837));
#6406=CARTESIAN_POINT('Ctrl Pts',(26.8178180726193,-72.0488903947609,-80.6283771068253));
#6407=CARTESIAN_POINT('Ctrl Pts',(27.5388544082664,-78.0432853458408,-85.6073341270951));
#6408=CARTESIAN_POINT('Ctrl Pts',(27.7970592829624,-81.0088329354168,-88.106898830052));
#6409=CARTESIAN_POINT('Ctrl Pts',(25.1746583065567,-50.6371159600275,-61.6667652911328));
#6410=CARTESIAN_POINT('Ctrl Pts',(25.2012400089409,-52.047762065035,-62.9155459647131));
#6411=CARTESIAN_POINT('Ctrl Pts',(25.4584247973209,-56.2772600924135,-66.6583972062097));
#6412=CARTESIAN_POINT('Ctrl Pts',(26.6754715346893,-63.392655818208,-72.8011811924109));
#6413=CARTESIAN_POINT('Ctrl Pts',(28.3506550818517,-72.2564808535479,-79.7826507857665));
#6414=CARTESIAN_POINT('Ctrl Pts',(29.0562831258795,-78.2141074393184,-84.3774362353696));
#6415=CARTESIAN_POINT('Ctrl Pts',(29.3034064855907,-81.15043168175,-86.7259942397331));
#6416=CARTESIAN_POINT('Ctrl Pts',(25.3882195145972,-50.64237224949,-61.6684447988856));
#6417=CARTESIAN_POINT('Ctrl Pts',(25.4238956498389,-52.0565605382987,-62.9189121259437));
#6418=CARTESIAN_POINT('Ctrl Pts',(25.7011055458833,-56.2954864668969,-66.6583359783885));
#6419=CARTESIAN_POINT('Ctrl Pts',(26.921266845902,-63.4256533892802,-72.7550421665474));
#6420=CARTESIAN_POINT('Ctrl Pts',(28.5775642590316,-72.2899516745814,-79.6562451472071));
#6421=CARTESIAN_POINT('Ctrl Pts',(29.275343492785,-78.2385494411685,-84.2001843852698));
#6422=CARTESIAN_POINT('Ctrl Pts',(29.5207841303265,-81.1709679706165,-86.5267052178023));
#6423=CARTESIAN_POINT('Ctrl Pts',(25.8121879991336,-50.6546420389239,-61.6729012260307));
#6424=CARTESIAN_POINT('Ctrl Pts',(25.8606920717253,-52.0755200400291,-62.9256623600115));
#6425=CARTESIAN_POINT('Ctrl Pts',(26.1663209718553,-56.3325559530384,-66.6557552466124));
#6426=CARTESIAN_POINT('Ctrl Pts',(27.3942503211576,-63.4887787103155,-72.6627544312128));
#6427=CARTESIAN_POINT('Ctrl Pts',(29.0274721900747,-72.3548892030393,-79.404144657868));
#6428=CARTESIAN_POINT('Ctrl Pts',(29.7132112236978,-78.2878007381518,-83.8453263947381));
#6429=CARTESIAN_POINT('Ctrl Pts',(29.9555093639904,-81.2124512214994,-86.1280971181329));
#6430=CARTESIAN_POINT('Ctrl Pts',(26.3430891471607,-50.6732836569711,-61.68044983153));
#6431=CARTESIAN_POINT('Ctrl Pts',(26.4093115031498,-52.1019881272478,-62.9339068949357));
#6432=CARTESIAN_POINT('Ctrl Pts',(26.7548989080847,-56.3807958811165,-66.6472161640084));
#6433=CARTESIAN_POINT('Ctrl Pts',(27.991739163817,-63.5698506392345,-72.5389412775433));
#6434=CARTESIAN_POINT('Ctrl Pts',(29.5901867725252,-72.4368611651178,-79.0852085737608));
#6435=CARTESIAN_POINT('Ctrl Pts',(30.2602498648647,-78.3497416579504,-83.4014607995692));
#6436=CARTESIAN_POINT('Ctrl Pts',(30.4988527017215,-81.2650788244781,-85.6297737891973));
#6437=CARTESIAN_POINT('Ctrl Pts',(26.9790140351856,-50.7008167245362,-61.6925843758821));
#6438=CARTESIAN_POINT('Ctrl Pts',(27.0646286453721,-52.1380822813914,-62.9436269203617));
#6439=CARTESIAN_POINT('Ctrl Pts',(27.4548583012832,-56.4415212739341,-66.6291445932821));
#6440=CARTESIAN_POINT('Ctrl Pts',(28.7023683365135,-63.66749401754,-72.380580014469));
#6441=CARTESIAN_POINT('Ctrl Pts',(30.2629515308153,-72.5346077945499,-78.6985699747582));
#6442=CARTESIAN_POINT('Ctrl Pts',(30.9161165014089,-78.4247608420033,-82.8681912916696));
#6443=CARTESIAN_POINT('Ctrl Pts',(31.1507434125629,-81.3294816019562,-85.0316645000387));
#6444=CARTESIAN_POINT('Ctrl Pts',(28.2505319148508,-50.7661637834302,-61.7228533411202));
#6445=CARTESIAN_POINT('Ctrl Pts',(28.3745684295734,-52.2190582827618,-62.9627955288783));
#6446=CARTESIAN_POINT('Ctrl Pts',(28.8547474618929,-56.5690115216956,-66.5777751899163));
#6447=CARTESIAN_POINT('Ctrl Pts',(30.1222596900601,-63.865391035703,-72.0426978626052));
#6448=CARTESIAN_POINT('Ctrl Pts',(31.6056719707361,-72.7299848129025,-77.9163168877139));
#6449=CARTESIAN_POINT('Ctrl Pts',(32.2267393146354,-78.5760979004794,-81.800485398909));
#6450=CARTESIAN_POINT('Ctrl Pts',(32.4542383498224,-81.4608088111054,-83.8351594372982));
#6451=CARTESIAN_POINT('Ctrl Pts',(30.1547193030152,-50.9019660191945,-61.7897817734146));
#6452=CARTESIAN_POINT('Ctrl Pts',(30.3324203551573,-52.3733130715076,-62.9907699812121));
#6453=CARTESIAN_POINT('Ctrl Pts',(30.9408341787393,-56.7831719643845,-66.4464108308294));
#6454=CARTESIAN_POINT('Ctrl Pts',(32.2340112518365,-64.1692009431824,-71.4618660887353));
#6455=CARTESIAN_POINT('Ctrl Pts',(33.6071627323131,-73.0204553717978,-76.7120994428157));
#6456=CARTESIAN_POINT('Ctrl Pts',(34.1882966253376,-78.8087402910353,-80.1938893790005));
#6457=CARTESIAN_POINT('Ctrl Pts',(34.4082467495483,-81.6673217135644,-82.0391678370242));
#6458=CARTESIAN_POINT('Ctrl Pts',(32.6879571431571,-51.1663601093193,-61.9202483325759));
#6459=CARTESIAN_POINT('Ctrl Pts',(32.9288497902431,-52.6534447064451,-63.0297783047082));
#6460=CARTESIAN_POINT('Ctrl Pts',(33.6917079787661,-57.121557614197,-66.175059186018));
#6461=CARTESIAN_POINT('Ctrl Pts',(35.0036006565704,-64.5817510112718,-70.5575893378862));
#6462=CARTESIAN_POINT('Ctrl Pts',(36.2498761995886,-73.3993445192737,-75.0511969207775));
#6463=CARTESIAN_POINT('Ctrl Pts',(36.7939826386051,-79.1291207050075,-78.0416217488418));
#6464=CARTESIAN_POINT('Ctrl Pts',(37.0094201034384,-81.9634730739816,-79.6403411909142));
#6465=CARTESIAN_POINT('Ctrl Pts',(36.0577129250624,-51.6365209711709,-62.1367004586509));
#6466=CARTESIAN_POINT('Ctrl Pts',(36.3727507163791,-53.1333423569122,-63.0818827970436));
#6467=CARTESIAN_POINT('Ctrl Pts',(37.310994680399,-57.6442678860064,-65.7092029290313));
#6468=CARTESIAN_POINT('Ctrl Pts',(38.6308366363146,-65.1375259615853,-69.2172258515456));
#6469=CARTESIAN_POINT('Ctrl Pts',(39.7420700077003,-73.8938094573846,-72.7782924387231));
#6470=CARTESIAN_POINT('Ctrl Pts',(40.2542806248193,-79.5714681217713,-75.1567327105491));
#6471=CARTESIAN_POINT('Ctrl Pts',(40.4697664181005,-82.3859450693908,-76.4340208389097));
#6472=CARTESIAN_POINT('Ctrl Pts',(40.2534790400831,-52.4643852915394,-62.4643299190187));
#6473=CARTESIAN_POINT('Ctrl Pts',(40.6394094049334,-53.9498989900869,-63.1420877716679));
#6474=CARTESIAN_POINT('Ctrl Pts',(41.7269749203984,-58.4308435743475,-64.9740704087475));
#6475=CARTESIAN_POINT('Ctrl Pts',(43.0362866479034,-65.8373857932813,-67.365019145432));
#6476=CARTESIAN_POINT('Ctrl Pts',(44.053660327449,-74.497933469572,-69.8560986201298));
#6477=CARTESIAN_POINT('Ctrl Pts',(44.5529271444203,-80.1532435289104,-71.521786518599));
#6478=CARTESIAN_POINT('Ctrl Pts',(44.7757902298519,-82.9650195833474,-72.4067113173278));
#6479=CARTESIAN_POINT('Ctrl Pts',(45.2466975189637,-53.8193898208287,-62.7698566162472));
#6480=CARTESIAN_POINT('Ctrl Pts',(45.6530165374527,-55.247131390836,-63.1074982119513));
#6481=CARTESIAN_POINT('Ctrl Pts',(46.7805857735426,-59.5466548315629,-63.9821137405253));
#6482=CARTESIAN_POINT('Ctrl Pts',(48.1123658207668,-66.7154398356617,-65.090180549654));
#6483=CARTESIAN_POINT('Ctrl Pts',(49.1525937921796,-75.2520398470717,-66.3021722905667));
#6484=CARTESIAN_POINT('Ctrl Pts',(49.6664460527562,-80.9072171061329,-67.1114173519487));
#6485=CARTESIAN_POINT('Ctrl Pts',(49.8962974290118,-83.7303076664782,-67.5272185164877));
#6486=CARTESIAN_POINT('Ctrl Pts',(48.5411705586702,-54.7638533861179,-62.7996822373762));
#6487=CARTESIAN_POINT('Ctrl Pts',(48.9017665457298,-56.1586939426105,-62.9548088957582));
#6488=CARTESIAN_POINT('Ctrl Pts',(49.9449889507252,-60.3523009194209,-63.3322176500069));
#6489=CARTESIAN_POINT('Ctrl Pts',(51.3449051520179,-67.3770385033518,-63.6703534534708));
#6490=CARTESIAN_POINT('Ctrl Pts',(52.5016680370215,-75.8263212932954,-63.9438583461221));
#6491=CARTESIAN_POINT('Ctrl Pts',(53.040274251568,-81.4580274379759,-64.1323152427528));
#6492=CARTESIAN_POINT('Ctrl Pts',(53.269650804268,-84.2725066490672,-64.2339052250772));
#6493=CARTESIAN_POINT('Ctrl Pts',(50.1812440545362,-55.17218889159,-62.7827005840013));
#6494=CARTESIAN_POINT('Ctrl Pts',(50.5049658468795,-56.5654046410067,-62.8615791663253));
#6495=CARTESIAN_POINT('Ctrl Pts',(51.4729068279922,-60.7492513747127,-63.0311799271271));
#6496=CARTESIAN_POINT('Ctrl Pts',(52.9136694167746,-67.741564931482,-63.0067953187567));
#6497=CARTESIAN_POINT('Ctrl Pts',(54.1604717966276,-76.1451601444559,-62.7729092460601));
#6498=CARTESIAN_POINT('Ctrl Pts',(54.7150885253464,-81.7467267748247,-62.6302370566951));
#6499=CARTESIAN_POINT('Ctrl Pts',(54.9448982293322,-84.5464502197986,-62.5758193168082));
#6500=CARTESIAN_POINT('',(54.9448982293322,-84.5464502197986,-62.5758193168082));
#6501=CARTESIAN_POINT('Ctrl Pts',(50.1812440545363,-55.1721888915906,-62.7827005840014));
#6502=CARTESIAN_POINT('Ctrl Pts',(50.5049658468796,-56.5654046410071,-62.8615791663253));
#6503=CARTESIAN_POINT('Ctrl Pts',(50.8276128405838,-57.9600202189089,-62.9181127532593));
#6504=CARTESIAN_POINT('Ctrl Pts',(51.1387616756387,-59.355918174628,-62.9541761706572));
#6505=CARTESIAN_POINT('Ctrl Pts',(51.7610593457487,-62.1477140860666,-63.026303005453));
#6506=CARTESIAN_POINT('Ctrl Pts',(52.3373643812616,-64.9446395087743,-63.0165491621049));
#6507=CARTESIAN_POINT('Ctrl Pts',(52.8333172956603,-67.7437014222905,-62.9726912283147));
#6508=CARTESIAN_POINT('Ctrl Pts',(53.3292702100589,-70.5427633358066,-62.9288332945245));
#6509=CARTESIAN_POINT('Ctrl Pts',(53.7448710033432,-73.3439617401313,-62.8508712702923));
#6510=CARTESIAN_POINT('Ctrl Pts',(54.0913255821651,-76.1449525998858,-62.7762222108349));
#6511=CARTESIAN_POINT('Ctrl Pts',(54.437780160987,-78.9459434596403,-62.7015731513776));
#6512=CARTESIAN_POINT('Ctrl Pts',(54.7150885253464,-81.7467267748247,-62.6302370566951));
#6513=CARTESIAN_POINT('Ctrl Pts',(54.9448982293322,-84.5464502197986,-62.5758193168082));
#6514=CARTESIAN_POINT('Ctrl Pts',(25.0166779306014,-80.772056408103,-90.6540855423238));
#6515=CARTESIAN_POINT('Ctrl Pts',(26.4094003661707,-80.8868376852309,-89.3779791364776));
#6516=CARTESIAN_POINT('Ctrl Pts',(27.8023232742034,-81.0093277579644,-88.1020732030946));
#6517=CARTESIAN_POINT('Ctrl Pts',(29.1947140831312,-81.1402144437205,-86.8256351706069));
#6518=CARTESIAN_POINT('Ctrl Pts',(29.3034064855907,-81.1504316817499,-86.7259942397331));
#6519=CARTESIAN_POINT('Ctrl Pts',(29.4120953079586,-81.1606998261832,-86.6263497287677));
#6520=CARTESIAN_POINT('Ctrl Pts',(29.5207803733505,-81.1710193047602,-86.5267014608263));
#6521=CARTESIAN_POINT('Ctrl Pts',(29.6294654387425,-81.1813387833372,-86.4270531928849));
#6522=CARTESIAN_POINT('Ctrl Pts',(29.7381467471585,-81.1917095960579,-86.3274011679675));
#6523=CARTESIAN_POINT('Ctrl Pts',(29.8468238419512,-81.2021319780703,-86.2277449294269));
#6524=CARTESIAN_POINT('Ctrl Pts',(30.0641780315366,-81.2229767420951,-86.0284324523457));
#6525=CARTESIAN_POINT('Ctrl Pts',(30.2815153666291,-81.2440277832866,-85.8291031207715));
#6526=CARTESIAN_POINT('Ctrl Pts',(30.4988324859822,-81.2652871001286,-85.6297535734579));
#6527=CARTESIAN_POINT('Ctrl Pts',(30.7161496053353,-81.2865464169708,-85.4304040261444));
#6528=CARTESIAN_POINT('Ctrl Pts',(30.9334465089491,-81.3080140094635,-85.2310342630915));
#6529=CARTESIAN_POINT('Ctrl Pts',(31.1507195388609,-81.3296917398056,-85.0316406263367));
#6530=CARTESIAN_POINT('Ctrl Pts',(31.3679925687728,-81.3513694701477,-84.8322469895819));
#6531=CARTESIAN_POINT('Ctrl Pts',(31.5852417249827,-81.3732573383392,-84.6328294791251));
#6532=CARTESIAN_POINT('Ctrl Pts',(31.8024634588335,-81.3953568085026,-84.4333845463092));
#6533=CARTESIAN_POINT('Ctrl Pts',(32.6713503942364,-81.4837546891563,-83.6356048150455));
#6534=CARTESIAN_POINT('Ctrl Pts',(33.5397985718924,-81.5755382013603,-82.8373863260348));
#6535=CARTESIAN_POINT('Ctrl Pts',(34.4075515530354,-81.6707885175319,-82.0384726405112));
#6536=CARTESIAN_POINT('Ctrl Pts',(35.2753045341783,-81.7660388337034,-81.2395589549875));
#6537=CARTESIAN_POINT('Ctrl Pts',(36.1423623188084,-81.8647559538425,-80.4399500729509));
#6538=CARTESIAN_POINT('Ctrl Pts',(37.0084345004561,-81.9669235133382,-79.639355587932));
#6539=CARTESIAN_POINT('Ctrl Pts',(37.8745066821039,-82.0690910728338,-78.8387611029131));
#6540=CARTESIAN_POINT('Ctrl Pts',(38.7395932607694,-82.1747090716861,-78.0371810149119));
#6541=CARTESIAN_POINT('Ctrl Pts',(39.6033859006632,-82.2837260385181,-77.234306988139));
#6542=CARTESIAN_POINT('Ctrl Pts',(41.3309711804507,-82.501759972182,-75.6285589345933));
#6543=CARTESIAN_POINT('Ctrl Pts',(43.0533807051513,-82.7333897777647,-74.0176351259605));
#6544=CARTESIAN_POINT('Ctrl Pts',(44.7680033340282,-82.9767526944111,-72.3989244215041));
#6545=CARTESIAN_POINT('Ctrl Pts',(46.4826259629051,-83.2201156110576,-70.7802137170477));
#6546=CARTESIAN_POINT('Ctrl Pts',(48.1894616959584,-83.4752116387679,-69.1537161167677));
#6547=CARTESIAN_POINT('Ctrl Pts',(49.8862179062991,-83.7383093982703,-67.5171389937751));
#6548=CARTESIAN_POINT('Ctrl Pts',(51.5829741166399,-84.0014071577727,-65.8805618707824));
#6549=CARTESIAN_POINT('Ctrl Pts',(53.269650804268,-84.2725066490672,-64.2339052250772));
#6550=CARTESIAN_POINT('Ctrl Pts',(54.9448982293322,-84.5464502197986,-62.5758193168082));
#6551=CARTESIAN_POINT('Ctrl Pts',(50.,-55.17218889159,-55.7713295133108));
#6552=CARTESIAN_POINT('Ctrl Pts',(50.0264997051375,-55.0263098850645,-58.0999474565396));
#6553=CARTESIAN_POINT('Ctrl Pts',(50.052999410275,-54.8804308785391,-60.4285653997684));
#6554=CARTESIAN_POINT('Ctrl Pts',(50.0794991154125,-54.7345518720136,-62.7571833429972));
#6555=CARTESIAN_POINT('Ctrl Pts',(50.,-59.4127660753973,-56.0369854524772));
#6556=CARTESIAN_POINT('Ctrl Pts',(50.3579631712362,-59.2668976013208,-58.3654352697351));
#6557=CARTESIAN_POINT('Ctrl Pts',(50.7080307898975,-59.1216980669458,-60.6832070255717));
#6558=CARTESIAN_POINT('Ctrl Pts',(51.0659939611338,-58.9758295928693,-63.0116568428295));
#6559=CARTESIAN_POINT('Ctrl Pts',(50.,-69.3074461709477,-56.6568493105323));
#6560=CARTESIAN_POINT('Ctrl Pts',(51.0990960280264,-69.1737731424281,-58.7906272964849));
#6561=CARTESIAN_POINT('Ctrl Pts',(52.2032431777345,-69.0401945836463,-60.9228972935081));
#6562=CARTESIAN_POINT('Ctrl Pts',(53.3023392057609,-68.9065215551267,-63.0566752794607));
#6563=CARTESIAN_POINT('Ctrl Pts',(50.,-79.2021262664982,-57.2767131685873));
#6564=CARTESIAN_POINT('Ctrl Pts',(51.4942931467669,-79.08945374821,-59.0752670115545));
#6565=CARTESIAN_POINT('Ctrl Pts',(52.9841099167429,-78.9759099317191,-60.8877290972301));
#6566=CARTESIAN_POINT('Ctrl Pts',(54.4784030635098,-78.8632374134309,-62.6862829401973));
#6567=CARTESIAN_POINT('Ctrl Pts',(50.,-84.8562291782413,-57.6309210874759));
#6568=CARTESIAN_POINT('Ctrl Pts',(51.6482994097774,-84.752969525427,-59.2792204972533));
#6569=CARTESIAN_POINT('Ctrl Pts',(53.2965988195548,-84.6497098726128,-60.9275199070307));
#6570=CARTESIAN_POINT('Ctrl Pts',(54.9448982293322,-84.5464502197986,-62.5758193168082));
#6571=CARTESIAN_POINT('',(50.,-84.8562291782413,-57.6309210874759));
#6572=CARTESIAN_POINT('',(50.,-54.8562291782413,-55.7515358459042));
#6573=CARTESIAN_POINT('',(50.,-84.8562291782413,-57.6309210874759));
#6574=CARTESIAN_POINT('Ctrl Pts',(25.,-54.8337709011458,-56.0346292744347));
#6575=CARTESIAN_POINT('Ctrl Pts',(25.,-64.841256993511,-64.9000598787818));
#6576=CARTESIAN_POINT('Ctrl Pts',(25.,-74.8487430858761,-73.7654904831289));
#6577=CARTESIAN_POINT('Ctrl Pts',(25.,-84.8562291782413,-82.630921087476));
#6578=CARTESIAN_POINT('Ctrl Pts',(33.3333262622728,-54.9470937579082,-56.032206853569));
#6579=CARTESIAN_POINT('Ctrl Pts',(33.3331095370632,-64.9328194043712,-64.7648801581584));
#6580=CARTESIAN_POINT('Ctrl Pts',(33.3333333333333,-74.8863450848144,-68.1806793985596));
#6581=CARTESIAN_POINT('Ctrl Pts',(33.3333333333333,-84.8562291782413,-74.2975877541426));
#6582=CARTESIAN_POINT('Ctrl Pts',(41.6666666666667,-55.0593828947753,-55.8590961003521));
#6583=CARTESIAN_POINT('Ctrl Pts',(41.6666666666667,-64.9916649892639,-59.2274822071711));
#6584=CARTESIAN_POINT('Ctrl Pts',(41.6666666666667,-74.9239470837526,-62.5958683139902));
#6585=CARTESIAN_POINT('Ctrl Pts',(41.6666666666667,-84.8562291782413,-65.9642544208093));
#6586=CARTESIAN_POINT('Ctrl Pts',(50.,-55.17218889159,-55.7713295133108));
#6587=CARTESIAN_POINT('Ctrl Pts',(50.,-65.0668689871404,-56.3911933713658));
#6588=CARTESIAN_POINT('Ctrl Pts',(50.,-74.9615490826909,-57.0110572294209));
#6589=CARTESIAN_POINT('Ctrl Pts',(50.,-84.8562291782413,-57.6309210874759));
#6590=CARTESIAN_POINT('',(25.,-54.5142090349156,-55.7515358459041));
#6591=CARTESIAN_POINT('',(50.,-84.8562291782413,-57.6309210874759));
#6592=CARTESIAN_POINT('Ctrl Pts',(4.36191254425184E-15,-54.8375856032997,
-55.7922911293706));
#6593=CARTESIAN_POINT('Ctrl Pts',(2.91299598030533E-15,-64.8438001282802,
-56.4051677820724));
#6594=CARTESIAN_POINT('Ctrl Pts',(1.44819647623849E-15,-74.8500146532608,
-57.0180444347742));
#6595=CARTESIAN_POINT('Ctrl Pts',(0.,-84.8562291782413,-57.6309210874759));
#6596=CARTESIAN_POINT('Ctrl Pts',(8.33333333333334,-54.9491200327298,-55.9730030742703));
#6597=CARTESIAN_POINT('Ctrl Pts',(8.33333333333334,-64.9181564145669,-59.3034201897833));
#6598=CARTESIAN_POINT('Ctrl Pts',(8.33333333333334,-74.8871927964041,-62.6338373052963));
#6599=CARTESIAN_POINT('Ctrl Pts',(8.33333333333333,-84.8562291782413,-65.9642544208093));
#6600=CARTESIAN_POINT('Ctrl Pts',(16.6666666666667,-55.0606544621599,-56.3266743116242));
#6601=CARTESIAN_POINT('Ctrl Pts',(16.6666666666667,-64.9925127008537,-64.86028201762));
#6602=CARTESIAN_POINT('Ctrl Pts',(16.6666666666667,-74.9243709395475,-68.2496301758184));
#6603=CARTESIAN_POINT('Ctrl Pts',(16.6666666666667,-84.8562291782413,-74.2975877541426));
#6604=CARTESIAN_POINT('Ctrl Pts',(25.,-55.17218889159,-56.3344269640697));
#6605=CARTESIAN_POINT('Ctrl Pts',(25.,-65.0668689871404,-65.0999250052051));
#6606=CARTESIAN_POINT('Ctrl Pts',(25.,-74.9615490826908,-73.8654230463406));
#6607=CARTESIAN_POINT('Ctrl Pts',(25.,-84.8562291782413,-82.630921087476));
#6608=CARTESIAN_POINT('',(4.44089209850063E-15,-54.17218889159,-55.7515358459041));
#6609=CARTESIAN_POINT('Ctrl Pts',(20.9967567378767,-84.8562291782413,-86.6341643495992));
#6610=CARTESIAN_POINT('Ctrl Pts',(22.3367304685495,-83.4948382547155,-87.974138080272));
#6611=CARTESIAN_POINT('Ctrl Pts',(23.6767041992223,-82.1334473311898,-89.3141118109448));
#6612=CARTESIAN_POINT('Ctrl Pts',(25.0166779298951,-80.7720564076641,-90.6540855416175));
#6613=CARTESIAN_POINT('Ctrl Pts',(25.1400772038943,-84.8562291782413,-82.4908438835816));
#6614=CARTESIAN_POINT('Ctrl Pts',(26.5399540621749,-83.6139893565097,-83.8907207418622));
#6615=CARTESIAN_POINT('Ctrl Pts',(27.9411659519717,-82.370688732251,-85.2919326316589));
#6616=CARTESIAN_POINT('Ctrl Pts',(29.3410428102522,-81.1284489105195,-86.6918094899395));
#6617=CARTESIAN_POINT('Ctrl Pts',(34.8078249579354,-84.8562291782413,-72.8230961295405));
#6618=CARTESIAN_POINT('Ctrl Pts',(36.3525175690845,-83.9489784505651,-74.3677887406896));
#6619=CARTESIAN_POINT('Ctrl Pts',(37.8979980064614,-83.0384449852775,-75.9132691780665));
#6620=CARTESIAN_POINT('Ctrl Pts',(39.4426906176105,-82.1311942576013,-77.4579617892156));
#6621=CARTESIAN_POINT('Ctrl Pts',(44.4755727119765,-84.8562291782413,-63.1553483754994));
#6622=CARTESIAN_POINT('Ctrl Pts',(46.1152116599083,-84.4480557202418,-64.7949873234312));
#6623=CARTESIAN_POINT('Ctrl Pts',(47.7523897278708,-84.0465948752817,-66.4321653913937));
#6624=CARTESIAN_POINT('Ctrl Pts',(49.3920286758026,-83.6384214172823,-68.0718043393255));
#6625=CARTESIAN_POINT('Ctrl Pts',(50.,-84.8562291782413,-57.6309210874759));
#6626=CARTESIAN_POINT('Ctrl Pts',(51.6482994097774,-84.752969525427,-59.2792204972533));
#6627=CARTESIAN_POINT('Ctrl Pts',(53.2965988195548,-84.6497098726128,-60.9275199070308));
#6628=CARTESIAN_POINT('Ctrl Pts',(54.9448982293323,-84.5464502197986,-62.5758193168082));
#6629=CARTESIAN_POINT('Origin',(-58.4953500391256,-54.17218889159,-65.5145368589866));
#6630=CARTESIAN_POINT('',(-25.0566393220017,-54.9706855876583,-65.5145368590288));
#6631=CARTESIAN_POINT('Ctrl Pts',(-27.3103845340699,-55.17218889159,-65.5145368589866));
#6632=CARTESIAN_POINT('Ctrl Pts',(-26.8045194129786,-55.1153113490472,-65.5145368589866));
#6633=CARTESIAN_POINT('Ctrl Pts',(-26.2985789969339,-55.066536340499,-65.5145368589854));
#6634=CARTESIAN_POINT('Ctrl Pts',(-25.6022980231296,-55.0101050102952,-65.5145368589854));
#6635=CARTESIAN_POINT('Ctrl Pts',(-25.3480815652658,-54.9914645242075,-65.5145368589866));
#6636=CARTESIAN_POINT('Ctrl Pts',(-25.0566393220085,-54.9706855875641,-65.5145368589866));
#6637=CARTESIAN_POINT('Ctrl Pts',(-25.0566393219973,-54.9706855875639,-65.5145368589866));
#6638=CARTESIAN_POINT('Ctrl Pts',(-24.6821041291826,-54.9882432449219,-65.5145368589866));
#6639=CARTESIAN_POINT('Ctrl Pts',(-24.3076214365116,-55.0068623388128,-65.5145368589866));
#6640=CARTESIAN_POINT('Ctrl Pts',(-23.3648317507217,-55.0677622887747,-65.5145368589866));
#6641=CARTESIAN_POINT('Ctrl Pts',(-22.7936412834719,-55.1146659824143,-65.5145368589866));
#6642=CARTESIAN_POINT('Ctrl Pts',(-22.2224324790863,-55.17218889159,-65.5145368589866));
#6643=CARTESIAN_POINT('Ctrl Pts',(-50.1812440545362,-55.17218889159,-62.7827005840013));
#6644=CARTESIAN_POINT('Ctrl Pts',(-50.8286876392228,-57.9586203904234,-62.9404577486493));
#6645=CARTESIAN_POINT('Ctrl Pts',(-51.7837093285161,-62.1470939508689,-63.0362020168525));
#6646=CARTESIAN_POINT('Ctrl Pts',(-53.119499548545,-69.1422397995658,-62.966606476764));
#6647=CARTESIAN_POINT('Ctrl Pts',(-54.1615320157364,-76.1451401548406,-62.7732283336242));
#6648=CARTESIAN_POINT('Ctrl Pts',(-54.7150885253464,-81.7467267748247,-62.6302370566951));
#6649=CARTESIAN_POINT('Ctrl Pts',(-54.9448982293322,-84.5464502197986,-62.5758193168082));
#6650=CARTESIAN_POINT('Ctrl Pts',(-48.5411705586702,-54.7638533861179,-62.7996822373762));
#6651=CARTESIAN_POINT('Ctrl Pts',(-49.2642893778605,-57.5536090714122,-63.1065422491037));
#6652=CARTESIAN_POINT('Ctrl Pts',(-50.2502896956139,-61.7563843108021,-63.4049748387638));
#6653=CARTESIAN_POINT('Ctrl Pts',(-51.5352054005565,-68.7853053777755,-63.7157192777724));
#6654=CARTESIAN_POINT('Ctrl Pts',(-52.5031385804136,-75.8263268043919,-63.9432449904626));
#6655=CARTESIAN_POINT('Ctrl Pts',(-53.0399807168768,-81.4580132454098,-64.1328896919096));
#6656=CARTESIAN_POINT('Ctrl Pts',(-53.269650804268,-84.2725066490672,-64.2339052250772));
#6657=CARTESIAN_POINT('Ctrl Pts',(-45.246819260849,-53.8192761110252,-62.769712532531));
#6658=CARTESIAN_POINT('Ctrl Pts',(-46.0626737310788,-56.6758358670342,-63.4383054570379));
#6659=CARTESIAN_POINT('Ctrl Pts',(-47.0748865266455,-60.9842553892847,-64.2049861194756));
#6660=CARTESIAN_POINT('Ctrl Pts',(-48.2839882127117,-68.137904563531,-65.2939160758394));
#6661=CARTESIAN_POINT('Ctrl Pts',(-49.154280665675,-75.2528653209233,-66.3001430517014));
#6662=CARTESIAN_POINT('Ctrl Pts',(-49.6661194869774,-80.907237519858,-67.1123099313288));
#6663=CARTESIAN_POINT('Ctrl Pts',(-49.8962873564929,-83.7302728464073,-67.5272084439688));
#6664=CARTESIAN_POINT('Ctrl Pts',(-40.2539488571215,-52.4625390691701,-62.4644122159617));
#6665=CARTESIAN_POINT('Ctrl Pts',(-41.0319240624563,-55.4390892116662,-63.8159442624899));
#6666=CARTESIAN_POINT('Ctrl Pts',(-42.0179302279214,-59.9245321911503,-65.4659228219602));
#6667=CARTESIAN_POINT('Ctrl Pts',(-43.2032194163199,-67.2788885213164,-67.7804842491542));
#6668=CARTESIAN_POINT('Ctrl Pts',(-44.0555408783055,-74.4984391791188,-69.8543721952205));
#6669=CARTESIAN_POINT('Ctrl Pts',(-44.5521524182411,-80.1525827769441,-71.5224589027351));
#6670=CARTESIAN_POINT('Ctrl Pts',(-44.7758490925058,-82.9651209878243,-72.4067701799818));
#6671=CARTESIAN_POINT('Ctrl Pts',(-33.5405026809413,-51.1423145228229,-61.9397777689765));
#6672=CARTESIAN_POINT('Ctrl Pts',(-34.0899781036346,-54.1475149940252,-64.1542051805717));
#6673=CARTESIAN_POINT('Ctrl Pts',(-34.9507044059,-58.6912869235728,-67.0223592731079));
#6674=CARTESIAN_POINT('Ctrl Pts',(-36.1853872096938,-66.1886686015345,-71.026695927098));
#6675=CARTESIAN_POINT('Ctrl Pts',(-37.1579871984465,-73.5335819003005,-74.5330726591831));
#6676=CARTESIAN_POINT('Ctrl Pts',(-37.6744371948619,-79.2232626368042,-77.3361739367199));
#6677=CARTESIAN_POINT('Ctrl Pts',(-37.886049354267,-82.0382968375744,-78.8503037750763));
#6678=CARTESIAN_POINT('Ctrl Pts',(-28.4686755926766,-50.712786027023,-61.6881993309616));
#6679=CARTESIAN_POINT('Ctrl Pts',(-28.7410293366987,-53.6397700537576,-64.2509927155183));
#6680=CARTESIAN_POINT('Ctrl Pts',(-29.3658349088554,-58.0136927669012,-67.7975076868399));
#6681=CARTESIAN_POINT('Ctrl Pts',(-30.6355454247694,-65.3665559540231,-73.0733918901143));
#6682=CARTESIAN_POINT('Ctrl Pts',(-31.849976710484,-72.7637615664319,-77.8437403429998));
#6683=CARTESIAN_POINT('Ctrl Pts',(-32.4529066535718,-78.5939636511896,-81.6287614818572));
#6684=CARTESIAN_POINT('Ctrl Pts',(-32.6728052567348,-81.4670272312188,-83.637059677544));
#6685=CARTESIAN_POINT('Ctrl Pts',(-24.9350200431678,-50.6318309966859,-61.6650976227724));
#6686=CARTESIAN_POINT('Ctrl Pts',(-24.9770778425496,-53.4444095384858,-64.1572109140653));
#6687=CARTESIAN_POINT('Ctrl Pts',(-25.4385248697657,-57.6630771171905,-67.9104891402638));
#6688=CARTESIAN_POINT('Ctrl Pts',(-26.7035329707703,-64.8374213845563,-74.0258553320623));
#6689=CARTESIAN_POINT('Ctrl Pts',(-28.0946702266525,-72.2210966910827,-79.9236727437169));
#6690=CARTESIAN_POINT('Ctrl Pts',(-28.8066539865451,-78.1857691954807,-84.5801116559022));
#6691=CARTESIAN_POINT('Ctrl Pts',(-29.0549429845953,-81.1270654613491,-86.9537559180326));
#6692=CARTESIAN_POINT('Ctrl Pts',(-24.6686338635373,-50.6257260961175,-61.6632205814399));
#6693=CARTESIAN_POINT('Ctrl Pts',(-24.7160720096113,-53.4293382342135,-64.1498663703495));
#6694=CARTESIAN_POINT('Ctrl Pts',(-25.1795041423325,-57.6384241577245,-67.9166609432951));
#6695=CARTESIAN_POINT('Ctrl Pts',(-26.4342793098846,-64.8040174114412,-74.0916469946058));
#6696=CARTESIAN_POINT('Ctrl Pts',(-27.8121807585239,-72.1840515798759,-80.0794598353667));
#6697=CARTESIAN_POINT('Ctrl Pts',(-28.5249963644347,-78.1542669847787,-84.8083956235448));
#6698=CARTESIAN_POINT('Ctrl Pts',(-28.7754003154201,-81.1009561170763,-87.2099969407801));
#6699=CARTESIAN_POINT('Ctrl Pts',(-24.1321683014097,-50.613443305107,-61.6595218919952));
#6700=CARTESIAN_POINT('Ctrl Pts',(-24.17745451483,-53.3992913155403,-64.1352557489629));
#6701=CARTESIAN_POINT('Ctrl Pts',(-24.6367235651632,-57.5885716476666,-67.9306324938709));
#6702=CARTESIAN_POINT('Ctrl Pts',(-25.8766502577972,-64.7348288925839,-74.2279217325724));
#6703=CARTESIAN_POINT('Ctrl Pts',(-27.2430377327391,-72.1091234906796,-80.3938530012028));
#6704=CARTESIAN_POINT('Ctrl Pts',(-27.9615860465678,-78.0923259584603,-85.2647546396284));
#6705=CARTESIAN_POINT('Ctrl Pts',(-28.2162802415786,-81.049414706617,-87.7224442507841));
#6706=CARTESIAN_POINT('Ctrl Pts',(-22.9275040157571,-50.585914860274,-61.6511705339275));
#6707=CARTESIAN_POINT('Ctrl Pts',(-22.976307361181,-53.3320253780936,-64.1023990872055));
#6708=CARTESIAN_POINT('Ctrl Pts',(-23.4314193218546,-57.4795730998683,-67.9617515846038));
#6709=CARTESIAN_POINT('Ctrl Pts',(-24.6347861598866,-64.5868747382002,-74.5328244943256));
#6710=CARTESIAN_POINT('Ctrl Pts',(-25.9655655933607,-71.9476282155264,-81.0997899683289));
#6711=CARTESIAN_POINT('Ctrl Pts',(-26.6938241556124,-77.9560542447653,-86.2915537958213));
#6712=CARTESIAN_POINT('Ctrl Pts',(-26.9581508454164,-80.9356857005488,-88.8753414682742));
#6713=CARTESIAN_POINT('Ctrl Pts',(-21.8556190190349,-50.5613972090344,-61.6438238814181));
#6714=CARTESIAN_POINT('Ctrl Pts',(-21.9036039125578,-53.272982242116,-64.0734525444704));
#6715=CARTESIAN_POINT('Ctrl Pts',(-22.3526307798263,-57.3878021858325,-67.9913942143627));
#6716=CARTESIAN_POINT('Ctrl Pts',(-23.5260277876962,-64.4657780992744,-74.8080076889317));
#6717=CARTESIAN_POINT('Ctrl Pts',(-24.8298615713998,-71.8157610365237,-81.7292656172033));
#6718=CARTESIAN_POINT('Ctrl Pts',(-25.5666925967869,-77.8423528071182,-87.2039290676065));
#6719=CARTESIAN_POINT('Ctrl Pts',(-25.8396738934346,-80.839848961561,-89.8999992839835));
#6720=CARTESIAN_POINT('Ctrl Pts',(-21.0520355849094,-50.5431522064665,-61.6382935433759));
#6721=CARTESIAN_POINT('Ctrl Pts',(-21.1007176683203,-53.2292030133475,-64.0517555469128));
#6722=CARTESIAN_POINT('Ctrl Pts',(-21.5458328415506,-57.3219000879578,-68.0144403461637));
#6723=CARTESIAN_POINT('Ctrl Pts',(-22.6969994052218,-64.381064095083,-75.0159956952566));
#6724=CARTESIAN_POINT('Ctrl Pts',(-23.9794379872004,-71.723405356749,-82.2022422146507));
#6725=CARTESIAN_POINT('Ctrl Pts',(-24.7215822922107,-77.7609852393692,-87.8885051465831));
#6726=CARTESIAN_POINT('Ctrl Pts',(-25.000882204329,-80.770754932454,-90.6685586706462));
#6727=CARTESIAN_POINT('',(-25.0000081327607,-80.7613389164389,-90.6598611222764));
#6728=CARTESIAN_POINT('Ctrl Pts',(-25.0000081327607,-80.7613389164389,-90.6598611222763));
#6729=CARTESIAN_POINT('Ctrl Pts',(-25.0011650768164,-80.0972097496882,-89.9835839840188));
#6730=CARTESIAN_POINT('Ctrl Pts',(-25.0025810665804,-79.3174982942949,-89.186051915697));
#6731=CARTESIAN_POINT('Ctrl Pts',(-25.0091759512329,-75.9739276335584,-85.7521393845143));
#6732=CARTESIAN_POINT('Ctrl Pts',(-25.0148272930887,-73.5146617319562,-83.2096767555021));
#6733=CARTESIAN_POINT('Ctrl Pts',(-25.0296269606451,-67.4721573940329,-77.106028869994));
#6734=CARTESIAN_POINT('Ctrl Pts',(-25.0382112101868,-64.2535660102711,-73.9721745018267));
#6735=CARTESIAN_POINT('Ctrl Pts',(-25.0500019449792,-58.7382182673167,-68.8898806912244));
#6736=CARTESIAN_POINT('Ctrl Pts',(-25.0536551215425,-56.8194062358553,-67.1622160331256));
#6737=CARTESIAN_POINT('Ctrl Pts',(-25.0566393220019,-54.9706855876584,-65.514536859071));
#6738=CARTESIAN_POINT('',(-25.016677929895,-80.7720564076641,-90.6540855416175));
#6739=CARTESIAN_POINT('Ctrl Pts',(-25.0166779296953,-80.7720564067232,-90.654085541418));
#6740=CARTESIAN_POINT('Ctrl Pts',(-25.0111231514489,-80.7684858499064,-90.6560126806094));
#6741=CARTESIAN_POINT('Ctrl Pts',(-25.0055670176675,-80.7649118003913,-90.6579358349843));
#6742=CARTESIAN_POINT('Ctrl Pts',(-25.0000081212793,-80.7613389043139,-90.6598611281548));
#6743=CARTESIAN_POINT('',(-54.9448982293322,-84.5464502197986,-62.5758193168082));
#6744=CARTESIAN_POINT('Ctrl Pts',(-54.9448982293322,-84.5464502197986,-62.5758193168082));
#6745=CARTESIAN_POINT('Ctrl Pts',(-53.269650804268,-84.2725066490672,-64.2339052250772));
#6746=CARTESIAN_POINT('Ctrl Pts',(-51.5829690803804,-84.0013897477372,-65.880556834523));
#6747=CARTESIAN_POINT('Ctrl Pts',(-49.8862218411055,-83.7383059873084,-67.5171429285814));
#6748=CARTESIAN_POINT('Ctrl Pts',(-48.1894746018305,-83.4752222268795,-69.1537290226398));
#6749=CARTESIAN_POINT('Ctrl Pts',(-46.4826618471682,-83.2201716073519,-70.7802496013108));
#6750=CARTESIAN_POINT('Ctrl Pts',(-44.7680305025571,-82.9767932788068,-72.3989515900331));
#6751=CARTESIAN_POINT('Ctrl Pts',(-43.0533991579461,-82.7334149502617,-74.0176535787554));
#6752=CARTESIAN_POINT('Ctrl Pts',(-41.3309492233864,-82.5017089126992,-75.628536977529));
#6753=CARTESIAN_POINT('Ctrl Pts',(-39.603399922843,-82.2837638202847,-77.2343210103189));
#6754=CARTESIAN_POINT('Ctrl Pts',(-36.1483013217563,-81.8478736354557,-80.4458890758988));
#6755=CARTESIAN_POINT('Ctrl Pts',(-32.6728052567348,-81.4670272312186,-83.6370596775439));
#6756=CARTESIAN_POINT('Ctrl Pts',(-29.1947061433822,-81.1401986674386,-86.825627230858));
#6757=CARTESIAN_POINT('Ctrl Pts',(-29.0549429845953,-81.127065461349,-86.9537559180324));
#6758=CARTESIAN_POINT('Ctrl Pts',(-28.9151716500077,-81.1140107892126,-87.0818764294062));
#6759=CARTESIAN_POINT('Ctrl Pts',(-28.7753959734837,-81.101040776837,-87.2099925988436));
#6760=CARTESIAN_POINT('Ctrl Pts',(-28.6356202969597,-81.0880707644613,-87.338108768281));
#6761=CARTESIAN_POINT('Ctrl Pts',(-28.4958402784993,-81.0751854118465,-87.466220595782));
#6762=CARTESIAN_POINT('Ctrl Pts',(-28.3560562144827,-81.06238299136,-87.5943283777267));
#6763=CARTESIAN_POINT('Ctrl Pts',(-28.0764880864494,-81.0367781503871,-87.8505439416162));
#6764=CARTESIAN_POINT('Ctrl Pts',(-27.7969037761912,-81.0115050379275,-88.1067433232807));
#6765=CARTESIAN_POINT('Ctrl Pts',(-27.5173107339986,-80.986560407396,-88.3629339730109));
#6766=CARTESIAN_POINT('Ctrl Pts',(-26.6837967677629,-80.9121962609656,-89.1266814643452));
#6767=CARTESIAN_POINT('Ctrl Pts',(-25.8502051976352,-80.8407514535042,-89.8903513517877));
#6768=CARTESIAN_POINT('Ctrl Pts',(-25.0166779296954,-80.772056406723,-90.6540855414178));
#6769=CARTESIAN_POINT('Ctrl Pts',(-50.1812440545363,-55.1721888915905,-62.7827005840014));
#6770=CARTESIAN_POINT('Ctrl Pts',(-50.8286876392229,-57.9586203904238,-62.9404577486493));
#6771=CARTESIAN_POINT('Ctrl Pts',(-51.4653687654184,-60.7509360973872,-63.0042872607848));
#6772=CARTESIAN_POINT('Ctrl Pts',(-52.0338065328246,-63.5470802260274,-63.0070049541396));
#6773=CARTESIAN_POINT('Ctrl Pts',(-52.3180254165277,-64.9451522903476,-63.0083638008171));
#6774=CARTESIAN_POINT('Ctrl Pts',(-52.5851834605334,-66.344181460087,-62.9944446927994));
#6775=CARTESIAN_POINT('Ctrl Pts',(-52.8327576543501,-67.7437275969316,-62.9722734112449));
#6776=CARTESIAN_POINT('Ctrl Pts',(-53.3279060419833,-70.5428198706208,-62.927930848136));
#6777=CARTESIAN_POINT('Ctrl Pts',(-53.7447190288599,-73.3439800127307,-62.8505795908801));
#6778=CARTESIAN_POINT('Ctrl Pts',(-54.0915146497006,-76.1449567387817,-62.7761561430199));
#6779=CARTESIAN_POINT('Ctrl Pts',(-54.4383102705414,-78.9459334648326,-62.7017326951597));
#6780=CARTESIAN_POINT('Ctrl Pts',(-54.7150885253464,-81.7467267748246,-62.6302370566951));
#6781=CARTESIAN_POINT('Ctrl Pts',(-54.9448982293322,-84.5464502197985,-62.5758193168082));
#6782=CARTESIAN_POINT('Ctrl Pts',(-29.0517063583375,-51.3329979919718,-62.2564087104461));
#6783=CARTESIAN_POINT('Ctrl Pts',(-28.9597198616657,-53.9504489397415,-64.6454396109935));
#6784=CARTESIAN_POINT('Ctrl Pts',(-28.315765282426,-59.2560896336697,-69.8508286902673));
#6785=CARTESIAN_POINT('Ctrl Pts',(-27.0237776374057,-66.2199856110406,-76.8113462646756));
#6786=CARTESIAN_POINT('Ctrl Pts',(-25.8379177035589,-73.4260557336515,-83.7935120695365));
#6787=CARTESIAN_POINT('Ctrl Pts',(-25.2797794399607,-77.8309058940703,-87.9504922069487));
#6788=CARTESIAN_POINT('Ctrl Pts',(-25.0000081327607,-80.761338916439,-90.6598611222764));
#6789=CARTESIAN_POINT('Ctrl Pts',(-27.7131154111864,-51.3406471115613,-62.2730269151041));
#6790=CARTESIAN_POINT('Ctrl Pts',(-27.620938722439,-54.0000187459813,-64.676652770658));
#6791=CARTESIAN_POINT('Ctrl Pts',(-26.9641266942043,-59.3562535507621,-69.7709472095002));
#6792=CARTESIAN_POINT('Ctrl Pts',(-25.6281980627128,-66.3513588538217,-76.3613974236105));
#6793=CARTESIAN_POINT('Ctrl Pts',(-24.4215819334223,-73.570713361499,-82.9093954576449));
#6794=CARTESIAN_POINT('Ctrl Pts',(-23.8701283207964,-77.9656973987501,-86.8099692798486));
#6795=CARTESIAN_POINT('Ctrl Pts',(-23.601514995529,-80.8796391523279,-89.3820382036543));
#6796=CARTESIAN_POINT('Ctrl Pts',(-26.374519711519,-51.3487789585611,-62.2896449903632));
#6797=CARTESIAN_POINT('Ctrl Pts',(-26.2815793547479,-54.0521826707855,-64.7080357430924));
#6798=CARTESIAN_POINT('Ctrl Pts',(-25.6121720336304,-59.4675423226921,-69.6950292797542));
#6799=CARTESIAN_POINT('Ctrl Pts',(-24.2299620030755,-66.4999580903805,-75.9165749678272));
#6800=CARTESIAN_POINT('Ctrl Pts',(-23.003334572614,-73.7312261997987,-82.0272110841477));
#6801=CARTESIAN_POINT('Ctrl Pts',(-22.4599571637062,-78.111362652293,-85.6701570794131));
#6802=CARTESIAN_POINT('Ctrl Pts',(-22.2030115610719,-81.0057436990108,-88.1042255822569));
#6803=CARTESIAN_POINT('Ctrl Pts',(-24.9321580293603,-51.3580099005094,-62.3076829874073));
#6804=CARTESIAN_POINT('Ctrl Pts',(-24.8373340841053,-54.1102232488711,-64.7421864274293));
#6805=CARTESIAN_POINT('Ctrl Pts',(-24.1521381804059,-59.6018301322571,-69.6162320500674));
#6806=CARTESIAN_POINT('Ctrl Pts',(-22.7207667017854,-66.6837592258171,-75.4398893131078));
#6807=CARTESIAN_POINT('Ctrl Pts',(-21.4757497945629,-73.9238329672928,-81.0766577929192));
#6808=CARTESIAN_POINT('Ctrl Pts',(-20.9425464314397,-78.2813850086314,-84.4416616614683));
#6809=CARTESIAN_POINT('Ctrl Pts',(-20.6979777592923,-81.1505438158413,-86.7274678763901));
#6810=CARTESIAN_POINT('Ctrl Pts',(-24.7168885901789,-51.3597004169696,-62.3104178251387));
#6811=CARTESIAN_POINT('Ctrl Pts',(-24.6059026745414,-54.1184674681339,-64.7469974566694));
#6812=CARTESIAN_POINT('Ctrl Pts',(-23.9060464299947,-59.624032276427,-69.6008056388322));
#6813=CARTESIAN_POINT('Ctrl Pts',(-22.4846126109863,-66.7154761609491,-75.3650308249597));
#6814=CARTESIAN_POINT('Ctrl Pts',(-21.2536463062125,-73.9534026031886,-80.9384530447602));
#6815=CARTESIAN_POINT('Ctrl Pts',(-20.7262988430612,-78.3057466709289,-84.266348620244));
#6816=CARTESIAN_POINT('Ctrl Pts',(-20.4833658573948,-81.1712906880928,-86.5311288747028));
#6817=CARTESIAN_POINT('Ctrl Pts',(-24.2919959187206,-51.3647156694534,-62.3163574975633));
#6818=CARTESIAN_POINT('Ctrl Pts',(-24.1579852259796,-54.1362660513523,-64.7548328608496));
#6819=CARTESIAN_POINT('Ctrl Pts',(-23.4357703073775,-59.6675682253135,-69.5680210055175));
#6820=CARTESIAN_POINT('Ctrl Pts',(-22.0248298087386,-66.7761112822079,-75.2158449793171));
#6821=CARTESIAN_POINT('Ctrl Pts',(-20.8123486677394,-74.0114312867634,-80.662209970368));
#6822=CARTESIAN_POINT('Ctrl Pts',(-20.2939640344684,-78.3546386530596,-83.9155601584377));
#6823=CARTESIAN_POINT('Ctrl Pts',(-20.0541830486503,-81.2131798380272,-86.1384098762777));
#6824=CARTESIAN_POINT('Ctrl Pts',(-23.546240195523,-51.3776928754038,-62.3280220805607));
#6825=CARTESIAN_POINT('Ctrl Pts',(-23.3681754978538,-54.1703816957852,-64.7645250510202));
#6826=CARTESIAN_POINT('Ctrl Pts',(-22.603358045473,-59.7465208366979,-69.5000491106523));
#6827=CARTESIAN_POINT('Ctrl Pts',(-21.215939428211,-66.8843819363899,-74.9454745152592));
#6828=CARTESIAN_POINT('Ctrl Pts',(-20.0400026610611,-74.1137277529452,-80.1750909457122));
#6829=CARTESIAN_POINT('Ctrl Pts',(-19.5379152301674,-78.4407296416783,-83.3011497381567));
#6830=CARTESIAN_POINT('Ctrl Pts',(-19.3032304765814,-81.2875277833099,-85.4510342857998));
#6831=CARTESIAN_POINT('Ctrl Pts',(-22.0588220410505,-51.420289963412,-62.3563315282207));
#6832=CARTESIAN_POINT('Ctrl Pts',(-21.7990103457533,-54.2510321526381,-64.7682608010202));
#6833=CARTESIAN_POINT('Ctrl Pts',(-20.9526069671497,-59.9115399413168,-69.3274207513074));
#6834=CARTESIAN_POINT('Ctrl Pts',(-19.6098955671574,-67.1017728622733,-74.3768499588868));
#6835=CARTESIAN_POINT('Ctrl Pts',(-18.5009332317161,-74.3182158714403,-79.1896393373703));
#6836=CARTESIAN_POINT('Ctrl Pts',(-18.0279883918943,-78.6149749975696,-82.0701891112154));
#6837=CARTESIAN_POINT('Ctrl Pts',(-17.8018659886601,-81.440416032632,-84.0757424486275));
#6838=CARTESIAN_POINT('Ctrl Pts',(-19.9376951906312,-51.5282357974692,-62.4102349261127));
#6839=CARTESIAN_POINT('Ctrl Pts',(-19.5672889414241,-54.4033143378264,-64.7329347019278));
#6840=CARTESIAN_POINT('Ctrl Pts',(-18.6087558135591,-60.1692170358116,-68.9814656441398));
#6841=CARTESIAN_POINT('Ctrl Pts',(-17.3349213778809,-67.4160039386263,-73.486505592908));
#6842=CARTESIAN_POINT('Ctrl Pts',(-16.3151381071986,-74.6105554193209,-77.7498849066791));
#6843=CARTESIAN_POINT('Ctrl Pts',(-15.8768625358711,-78.8695325304985,-80.3055699305879));
#6844=CARTESIAN_POINT('Ctrl Pts',(-15.6590396907562,-81.6709542347454,-82.1090597106836));
#6845=CARTESIAN_POINT('Ctrl Pts',(-17.4006002530282,-51.7352209092528,-62.4950261130883));
#6846=CARTESIAN_POINT('Ctrl Pts',(-16.9116948407817,-54.649201383206,-64.6385815826685));
#6847=CARTESIAN_POINT('Ctrl Pts',(-15.8409263278287,-60.5095356086943,-68.4338085942516));
#6848=CARTESIAN_POINT('Ctrl Pts',(-14.6466553435196,-67.791012713271,-72.3166144994109));
#6849=CARTESIAN_POINT('Ctrl Pts',(-13.7136983176459,-74.9580577347389,-75.9794573816382));
#6850=CARTESIAN_POINT('Ctrl Pts',(-13.3066857396869,-79.1843527476608,-78.1769710194341));
#6851=CARTESIAN_POINT('Ctrl Pts',(-13.09231225912,-81.9671366426363,-79.7443762993023));
#6852=CARTESIAN_POINT('Ctrl Pts',(-14.8708628600305,-52.0253403110298,-62.5948026635842));
#6853=CARTESIAN_POINT('Ctrl Pts',(-14.2785066237002,-54.9630930931987,-64.4997942934882));
#6854=CARTESIAN_POINT('Ctrl Pts',(-13.1200206851013,-60.8772652721061,-67.7799777172063));
#6855=CARTESIAN_POINT('Ctrl Pts',(-11.9978890110772,-68.1616189115108,-71.0674413737144));
#6856=CARTESIAN_POINT('Ctrl Pts',(-11.1323225678706,-75.3025591452785,-74.1733204464595));
#6857=CARTESIAN_POINT('Ctrl Pts',(-10.7468040704625,-79.5083440706612,-76.0375641677643));
#6858=CARTESIAN_POINT('Ctrl Pts',(-10.5319317709373,-82.282605804297,-77.3733459444674));
#6859=CARTESIAN_POINT('Ctrl Pts',(-12.7704782056271,-52.3393375636036,-62.6844681191227));
#6860=CARTESIAN_POINT('Ctrl Pts',(-12.10792470215,-55.2819981909861,-64.3525824537368));
#6861=CARTESIAN_POINT('Ctrl Pts',(-10.8985122585288,-61.2030733164664,-67.1693447463066));
#6862=CARTESIAN_POINT('Ctrl Pts',(-9.82404196643471,-68.4671973122676,-69.9792736436165));
#6863=CARTESIAN_POINT('Ctrl Pts',(-8.99725020531451,-75.58830140248,-72.6449654167713));
#6864=CARTESIAN_POINT('Ctrl Pts',(-8.6222956426763,-79.7865079157836,-74.2453749104526));
#6865=CARTESIAN_POINT('Ctrl Pts',(-8.40499829923512,-82.5608974926665,-75.3907703803216));
#6866=CARTESIAN_POINT('Ctrl Pts',(-11.0963401661823,-52.6348273778352,-62.7521687040425));
#6867=CARTESIAN_POINT('Ctrl Pts',(-10.3892740508354,-55.5704792277307,-64.2172207904409));
#6868=CARTESIAN_POINT('Ctrl Pts',(-9.1511444452408,-61.4737917486177,-66.6557438055367));
#6869=CARTESIAN_POINT('Ctrl Pts',(-8.10425430092671,-68.7115927093185,-69.0913494241983));
#6870=CARTESIAN_POINT('Ctrl Pts',(-7.29805801732506,-75.8176751298217,-71.4124492164399));
#6871=CARTESIAN_POINT('Ctrl Pts',(-6.92833962350109,-80.0145093853966,-72.8056985239176));
#6872=CARTESIAN_POINT('Ctrl Pts',(-6.70840257113161,-82.7921618034079,-73.7997588797466));
#6873=CARTESIAN_POINT('Ctrl Pts',(-6.92172902964293,-53.4364657426097,-62.9150874011362));
#6874=CARTESIAN_POINT('Ctrl Pts',(-6.12477603455891,-56.3397544682373,-63.8539138892398));
#6875=CARTESIAN_POINT('Ctrl Pts',(-4.83443838500229,-62.1670635252033,-65.3391331698198));
#6876=CARTESIAN_POINT('Ctrl Pts',(-3.83761914242163,-69.3255566428759,-66.8497106192126));
#6877=CARTESIAN_POINT('Ctrl Pts',(-3.06546895732789,-76.3948603011545,-68.3164718946901));
#6878=CARTESIAN_POINT('Ctrl Pts',(-2.70240423092806,-80.5939261708099,-69.1963936411761));
#6879=CARTESIAN_POINT('Ctrl Pts',(-2.47565346151346,-83.3836009911164,-69.8134899176686));
#6880=CARTESIAN_POINT('Ctrl Pts',(-3.22258289828268,-54.4549069456407,-62.9401927852311));
#6881=CARTESIAN_POINT('Ctrl Pts',(-2.45051058066883,-57.2433453471144,-63.4013710801388));
#6882=CARTESIAN_POINT('Ctrl Pts',(-1.16112529635701,-62.8536740257736,-64.0896580953221));
#6883=CARTESIAN_POINT('Ctrl Pts',(-0.119451633706127,-69.8955391824821,
-64.7915261819655));
#6884=CARTESIAN_POINT('Ctrl Pts',(0.689546746553766,-76.9357151397052,-65.4920867528839));
#6885=CARTESIAN_POINT('Ctrl Pts',(1.06579767196249,-81.1573275822149,-65.9080069943403));
#6886=CARTESIAN_POINT('Ctrl Pts',(1.29355957470228,-83.9692926663243,-66.1855866893581));
#6887=CARTESIAN_POINT('Ctrl Pts',(1.50961625144941E-9,-55.1721888915594,
-62.8337518262522));
#6888=CARTESIAN_POINT('Ctrl Pts',(0.644475902572932,-57.9536917157501,-63.0038825036626));
#6889=CARTESIAN_POINT('Ctrl Pts',(1.88214236276808,-63.5298754796255,-63.1596918305757));
#6890=CARTESIAN_POINT('Ctrl Pts',(3.06437216691105,-70.518348897541,-63.0956714822143));
#6891=CARTESIAN_POINT('Ctrl Pts',(3.97226488628758,-77.5091710264877,-62.995371720027));
#6892=CARTESIAN_POINT('Ctrl Pts',(4.37564329692416,-81.7032336997247,-62.9393556369755));
#6893=CARTESIAN_POINT('Ctrl Pts',(4.60032138873914,-84.4981519521911,-62.9171340460381));
#6894=CARTESIAN_POINT('Ctrl Pts',(-25.0000081327607,-80.7613389164389,-90.6598611222763));
#6895=CARTESIAN_POINT('Ctrl Pts',(-23.601514995529,-80.8796391523279,-89.3820382036543));
#6896=CARTESIAN_POINT('Ctrl Pts',(-22.2030115610719,-81.0057436990108,-88.1042255822568));
#6897=CARTESIAN_POINT('Ctrl Pts',(-20.8052886107412,-81.1402193807298,-86.8256324767337));
#6898=CARTESIAN_POINT('Ctrl Pts',(-20.6979777592923,-81.1505438158412,-86.7274678763901));
#6899=CARTESIAN_POINT('Ctrl Pts',(-20.5906718083436,-81.160917251967,-86.6292983755464));
#6900=CARTESIAN_POINT('Ctrl Pts',(-20.4833709817761,-81.1713401137717,-86.5311237503215));
#6901=CARTESIAN_POINT('Ctrl Pts',(-20.3760701552087,-81.1817629755764,-86.4329491250965));
#6902=CARTESIAN_POINT('Ctrl Pts',(-20.2687744530226,-81.19223526306,-86.3347693754902));
#6903=CARTESIAN_POINT('Ctrl Pts',(-20.1614843386095,-81.2027571663958,-86.2365840381109));
#6904=CARTESIAN_POINT('Ctrl Pts',(-19.9469041097833,-81.2238009730676,-86.0402133633523));
#6905=CARTESIAN_POINT('Ctrl Pts',(-19.7323462320493,-81.2450432431483,-85.8438203375014));
#6906=CARTESIAN_POINT('Ctrl Pts',(-19.5178140998495,-81.2664851493604,-85.6474015661165));
#6907=CARTESIAN_POINT('Ctrl Pts',(-19.0887498354498,-81.3093689617845,-85.2545640233466));
#6908=CARTESIAN_POINT('Ctrl Pts',(-18.6597885531866,-81.3530513187336,-84.8616234984402));
#6909=CARTESIAN_POINT('Ctrl Pts',(-18.2309592784841,-81.3975421035073,-84.4685509659731));
#6910=CARTESIAN_POINT('Ctrl Pts',(-17.3733007290793,-81.4865236730547,-83.6824059010387));
#6911=CARTESIAN_POINT('Ctrl Pts',(-16.5161702099178,-81.5787389539,-82.8957328058611));
#6912=CARTESIAN_POINT('Ctrl Pts',(-15.6598170450643,-81.6742103289712,-82.1082823563755));
#6913=CARTESIAN_POINT('Ctrl Pts',(-14.8034638802108,-81.7696817040423,-81.3208319068898));
#6914=CARTESIAN_POINT('Ctrl Pts',(-13.9478880696654,-81.8684091733393,-80.532604103096));
#6915=CARTESIAN_POINT('Ctrl Pts',(-13.0933700830289,-81.9703511015979,-79.7433184753933));
#6916=CARTESIAN_POINT('Ctrl Pts',(-12.2388520963924,-82.0722930298565,-78.9540328476906));
#6917=CARTESIAN_POINT('Ctrl Pts',(-11.3853919336648,-82.1774494170767,-78.163689396079));
#6918=CARTESIAN_POINT('Ctrl Pts',(-10.5332751579606,-82.2856859483607,-77.372002557444));
#6919=CARTESIAN_POINT('Ctrl Pts',(-9.68115838225641,-82.3939224796447,-76.5803157188091));
#6920=CARTESIAN_POINT('Ctrl Pts',(-8.83038499357555,-82.5052391549926,-75.7872854931507));
#6921=CARTESIAN_POINT('Ctrl Pts',(-7.98126195464743,-82.6194328170223,-74.9926049177396));
#6922=CARTESIAN_POINT('Ctrl Pts',(-7.55670043518337,-82.6765296480371,-74.5952646300341));
#6923=CARTESIAN_POINT('Ctrl Pts',(-7.13255150315749,-82.7343457257225,-74.1975117548904));
#6924=CARTESIAN_POINT('Ctrl Pts',(-6.70883958166364,-82.7928257239506,-73.7993218692146));
#6925=CARTESIAN_POINT('Ctrl Pts',(-6.28512766016979,-82.8513057221787,-73.4011319835388));
#6926=CARTESIAN_POINT('Ctrl Pts',(-5.86185274920798,-82.9104496409496,-73.002505087331));
#6927=CARTESIAN_POINT('Ctrl Pts',(-5.43907488963432,-82.9702527746126,-72.6033811397351));
#6928=CARTESIAN_POINT('Ctrl Pts',(-3.61627302146,-83.2280932960479,-70.882562840393));
#6929=CARTESIAN_POINT('Ctrl Pts',(-1.80271080816433,-83.49818791885,-69.1525048861724));
#6930=CARTESIAN_POINT('Ctrl Pts',(-0.000241388125781228,-83.7752230138086,
-67.4113541386947));
#6931=CARTESIAN_POINT('Ctrl Pts',(-25.,-55.17218889159,-56.3344269640697));
#6932=CARTESIAN_POINT('Ctrl Pts',(-25.,-65.0668689871404,-65.0999250052051));
#6933=CARTESIAN_POINT('Ctrl Pts',(-25.,-74.9615490826908,-73.8654230463405));
#6934=CARTESIAN_POINT('Ctrl Pts',(-25.,-84.8562291782413,-82.6309210874759));
#6935=CARTESIAN_POINT('Ctrl Pts',(-16.6666666666667,-55.0606544621599,-56.3266743116242));
#6936=CARTESIAN_POINT('Ctrl Pts',(-16.6666666666667,-64.9925127008537,-64.86028201762));
#6937=CARTESIAN_POINT('Ctrl Pts',(-16.6666666666667,-74.9243709395475,-68.2496301758184));
#6938=CARTESIAN_POINT('Ctrl Pts',(-16.6666666666667,-84.8562291782413,-74.2975877541426));
#6939=CARTESIAN_POINT('Ctrl Pts',(-8.33333333333333,-54.9491200327298,-55.9730030742703));
#6940=CARTESIAN_POINT('Ctrl Pts',(-8.33333333333333,-64.918156414567,-59.3034201897833));
#6941=CARTESIAN_POINT('Ctrl Pts',(-8.33333333333333,-74.8871927964041,-62.6338373052962));
#6942=CARTESIAN_POINT('Ctrl Pts',(-8.33333333333333,-84.8562291782413,-65.9642544208092));
#6943=CARTESIAN_POINT('Ctrl Pts',(-8.39536274126403E-17,-54.8375856032997,
-55.7922911293706));
#6944=CARTESIAN_POINT('Ctrl Pts',(-1.1634651971444E-15,-64.8438001282803,
-56.4051677820724));
#6945=CARTESIAN_POINT('Ctrl Pts',(5.88908857473911E-15,-74.8500146532607,
-57.0180444347741));
#6946=CARTESIAN_POINT('Ctrl Pts',(4.44089209850063E-15,-84.8562291782413,
-57.6309210874759));
#6947=CARTESIAN_POINT('',(-25.,-84.8562291782413,-82.6309210874759));
#6948=CARTESIAN_POINT('',(-25.,-54.5142090349156,-55.7515358459041));
#6949=CARTESIAN_POINT('',(-25.,-84.8562291782413,-82.6309210874759));
#6950=CARTESIAN_POINT('Ctrl Pts',(-50.,-55.17218889159,-55.7713295133108));
#6951=CARTESIAN_POINT('Ctrl Pts',(-50.,-65.0668689871404,-56.3911933713658));
#6952=CARTESIAN_POINT('Ctrl Pts',(-50.,-74.9615490826909,-57.0110572294209));
#6953=CARTESIAN_POINT('Ctrl Pts',(-50.,-84.8562291782413,-57.6309210874759));
#6954=CARTESIAN_POINT('Ctrl Pts',(-41.6666666666667,-55.0593828947752,-55.8590961003521));
#6955=CARTESIAN_POINT('Ctrl Pts',(-41.6666666666667,-64.9916649892639,-59.2274822071711));
#6956=CARTESIAN_POINT('Ctrl Pts',(-41.6666666666667,-74.9239470837526,-62.5958683139902));
#6957=CARTESIAN_POINT('Ctrl Pts',(-41.6666666666667,-84.8562291782413,-65.9642544208093));
#6958=CARTESIAN_POINT('Ctrl Pts',(-33.3333262622728,-54.9470937579082,-56.032206853569));
#6959=CARTESIAN_POINT('Ctrl Pts',(-33.3331095370632,-64.9328194043712,-64.7648801581584));
#6960=CARTESIAN_POINT('Ctrl Pts',(-33.3333333333333,-74.8863450848144,-68.1806793985595));
#6961=CARTESIAN_POINT('Ctrl Pts',(-33.3333333333333,-84.8562291782413,-74.2975877541426));
#6962=CARTESIAN_POINT('Ctrl Pts',(-25.,-54.8337709011458,-56.0346292744347));
#6963=CARTESIAN_POINT('Ctrl Pts',(-25.,-64.841256993511,-64.9000598787817));
#6964=CARTESIAN_POINT('Ctrl Pts',(-25.,-74.8487430858761,-73.7654904831288));
#6965=CARTESIAN_POINT('Ctrl Pts',(-25.,-84.8562291782413,-82.6309210874759));
#6966=CARTESIAN_POINT('',(-50.,-84.8562291782413,-57.6309210874759));
#6967=CARTESIAN_POINT('',(-50.,-54.8562291782413,-55.7515358459042));
#6968=CARTESIAN_POINT('',(-50.,-84.8562291782413,-57.6309210874759));
#6969=CARTESIAN_POINT('Ctrl Pts',(-29.019921197417,-84.8562291782413,-86.6508422848928));
#6970=CARTESIAN_POINT('Ctrl Pts',(-27.6818477472288,-83.4911052541057,-87.988915735081));
#6971=CARTESIAN_POINT('Ctrl Pts',(-26.3437742970406,-82.1259813299701,-89.3269891852693));
#6972=CARTESIAN_POINT('Ctrl Pts',(-25.0057008468524,-80.7608574058345,-90.6650626354575));
#6973=CARTESIAN_POINT('Ctrl Pts',(-23.4923171598137,-84.8562291782413,-81.1232382472896));
#6974=CARTESIAN_POINT('Ctrl Pts',(-22.0717876976297,-83.6526060056383,-82.5437677094737));
#6975=CARTESIAN_POINT('Ctrl Pts',(-20.6493966335393,-82.4530626852626,-83.966158773564));
#6976=CARTESIAN_POINT('Ctrl Pts',(-19.2288671713553,-81.2494395126596,-85.3866882357481));
#6977=CARTESIAN_POINT('Ctrl Pts',(-13.8190100940081,-84.8562291782413,-71.449931181484));
#6978=CARTESIAN_POINT('Ctrl Pts',(-12.2493147125497,-84.0229963369029,-73.0196265629424));
#6979=CARTESIAN_POINT('Ctrl Pts',(-10.6796758696208,-83.1876814446831,-74.5892654058712));
#6980=CARTESIAN_POINT('Ctrl Pts',(-9.10998048816244,-82.3544486033447,-76.1589607873296));
#6981=CARTESIAN_POINT('Ctrl Pts',(-4.14570302820242,-84.8562291782413,-61.7766241156783));
#6982=CARTESIAN_POINT('Ctrl Pts',(-2.50354235770512,-84.5325966490009,-63.4187847861756));
#6983=CARTESIAN_POINT('Ctrl Pts',(-0.863192160684014,-84.2095364813344,
-65.0591349831967));
#6984=CARTESIAN_POINT('Ctrl Pts',(0.778968509813281,-83.8859039520941,-66.701295653694));
#6985=CARTESIAN_POINT('Ctrl Pts',(8.88178419700125E-15,-84.8562291782413,
-57.6309210874759));
#6986=CARTESIAN_POINT('Ctrl Pts',(1.64837057586049,-84.7552671372593,-59.2792916633364));
#6987=CARTESIAN_POINT('Ctrl Pts',(3.29674115172097,-84.6543050962773,-60.9276622391969));
#6988=CARTESIAN_POINT('Ctrl Pts',(4.94511172758145,-84.5533430552953,-62.5760328150574));
#6989=CARTESIAN_POINT('Ctrl Pts',(-25.,-84.8562291782413,-82.6309210874759));
#6990=CARTESIAN_POINT('Ctrl Pts',(-25.0000268380118,-84.5390646527758,-83.3468065689788));
#6991=CARTESIAN_POINT('Ctrl Pts',(-25.000347448159,-84.2114264907043,-84.0580005146192));
#6992=CARTESIAN_POINT('Ctrl Pts',(-25.0010398167713,-83.8737653901288,-84.7644013547412));
#6993=CARTESIAN_POINT('Ctrl Pts',(-25.0016992561519,-83.5521635394919,-85.4372055868174));
#6994=CARTESIAN_POINT('Ctrl Pts',(-25.0026967087148,-83.2214670313986,-86.1056610185026));
#6995=CARTESIAN_POINT('Ctrl Pts',(-25.0040687673968,-82.8820720001072,-86.7697106809235));
#6996=CARTESIAN_POINT('Ctrl Pts',(-25.0052174061623,-82.5979425420759,-87.3256294578472));
#6997=CARTESIAN_POINT('Ctrl Pts',(-25.0066289962201,-82.3077221505908,-87.878448795767));
#6998=CARTESIAN_POINT('Ctrl Pts',(-25.0083154608571,-82.0116855362519,-88.4281399570516));
#6999=CARTESIAN_POINT('Ctrl Pts',(-25.0098483289166,-81.7426107744172,-88.9277674056212));
#7000=CARTESIAN_POINT('Ctrl Pts',(-25.0116082817417,-81.4687305265996,-89.4248105347497));
#7001=CARTESIAN_POINT('Ctrl Pts',(-25.0135825806772,-81.1902814913283,-89.9192694571863));
#7002=CARTESIAN_POINT('Ctrl Pts',(-25.0145631241826,-81.051988658265,-90.1648444693264));
#7003=CARTESIAN_POINT('Ctrl Pts',(-25.0155961882084,-80.9125693961948,-90.409782398772));
#7004=CARTESIAN_POINT('Ctrl Pts',(-25.016677929895,-80.7720564076641,-90.6540855416174));
#7005=CARTESIAN_POINT('Ctrl Pts',(-50.,-84.8562291782413,-57.6309210874759));
#7006=CARTESIAN_POINT('Ctrl Pts',(-51.6482994097774,-84.752969525427,-59.2792204972533));
#7007=CARTESIAN_POINT('Ctrl Pts',(-53.2965988195548,-84.6497098726128,-60.9275199070308));
#7008=CARTESIAN_POINT('Ctrl Pts',(-54.9448982293322,-84.5464502197986,-62.5758193168082));
#7009=CARTESIAN_POINT('Ctrl Pts',(-45.8566795339824,-84.8562291782413,-61.7742415534935));
#7010=CARTESIAN_POINT('Ctrl Pts',(-47.4984701361461,-84.5255884330593,-63.4160321556572));
#7011=CARTESIAN_POINT('Ctrl Pts',(-49.1384554620213,-84.1960693630933,-65.0560174815324));
#7012=CARTESIAN_POINT('Ctrl Pts',(-50.780246064185,-83.8654286179113,-66.6978080836961));
#7013=CARTESIAN_POINT('Ctrl Pts',(-36.1889317799413,-84.8562291782412,-71.4419893075346));
#7014=CARTESIAN_POINT('Ctrl Pts',(-37.7556922068189,-84.0132023618966,-73.0087497344122));
#7015=CARTESIAN_POINT('Ctrl Pts',(-39.3222503315997,-83.1680562705394,-74.575307859193));
#7016=CARTESIAN_POINT('Ctrl Pts',(-40.8890107584773,-82.3250294541948,-76.1420682860706));
#7017=CARTESIAN_POINT('Ctrl Pts',(-26.5211840259002,-84.8562291782413,-81.1097370615757));
#7018=CARTESIAN_POINT('Ctrl Pts',(-27.940894005062,-83.6520205450562,-82.5294470407375));
#7019=CARTESIAN_POINT('Ctrl Pts',(-29.3627877912094,-82.4514550446564,-83.9513408268849));
#7020=CARTESIAN_POINT('Ctrl Pts',(-30.7824977703712,-81.2472464114714,-85.3710508060467));
#7021=CARTESIAN_POINT('Ctrl Pts',(-20.9967567378767,-84.8562291782413,-86.6341643495991));
#7022=CARTESIAN_POINT('Ctrl Pts',(-22.3367304685495,-83.4948382547155,-87.9741380802719));
#7023=CARTESIAN_POINT('Ctrl Pts',(-23.6767041992223,-82.1334473311898,-89.3141118109447));
#7024=CARTESIAN_POINT('Ctrl Pts',(-25.016677929895,-80.7720564076641,-90.6540855416175));
#7025=CARTESIAN_POINT('',(-50.,-84.8562291782413,-57.6309210874759));
#7026=CARTESIAN_POINT('Ctrl Pts',(-50.,-55.17218889159,-55.7713295133108));
#7027=CARTESIAN_POINT('Ctrl Pts',(-50.0264997051375,-55.0263098850645,-58.0999474565396));
#7028=CARTESIAN_POINT('Ctrl Pts',(-50.052999410275,-54.8804308785391,-60.4285653997684));
#7029=CARTESIAN_POINT('Ctrl Pts',(-50.0794991154125,-54.7345518720136,-62.7571833429972));
#7030=CARTESIAN_POINT('Ctrl Pts',(-50.,-59.4127660753973,-56.0369854524772));
#7031=CARTESIAN_POINT('Ctrl Pts',(-50.3579631712362,-59.2668976013208,-58.3654352697351));
#7032=CARTESIAN_POINT('Ctrl Pts',(-50.7080307898975,-59.1216980669458,-60.6832070255717));
#7033=CARTESIAN_POINT('Ctrl Pts',(-51.0659939611338,-58.9758295928693,-63.0116568428295));
#7034=CARTESIAN_POINT('Ctrl Pts',(-50.,-69.3074461709477,-56.6568493105323));
#7035=CARTESIAN_POINT('Ctrl Pts',(-51.0990960280264,-69.1737731424281,-58.7906272964849));
#7036=CARTESIAN_POINT('Ctrl Pts',(-52.2032431777344,-69.0401945836463,-60.9228972935081));
#7037=CARTESIAN_POINT('Ctrl Pts',(-53.3023392057609,-68.9065215551267,-63.0566752794607));
#7038=CARTESIAN_POINT('Ctrl Pts',(-50.,-79.2021262664982,-57.2767131685873));
#7039=CARTESIAN_POINT('Ctrl Pts',(-51.4942931467669,-79.08945374821,-59.0752670115545));
#7040=CARTESIAN_POINT('Ctrl Pts',(-52.9841099167429,-78.9759099317191,-60.8877290972301));
#7041=CARTESIAN_POINT('Ctrl Pts',(-54.4784030635098,-78.8632374134309,-62.6862829401973));
#7042=CARTESIAN_POINT('Ctrl Pts',(-50.,-84.8562291782413,-57.6309210874759));
#7043=CARTESIAN_POINT('Ctrl Pts',(-51.6482994097774,-84.752969525427,-59.2792204972533));
#7044=CARTESIAN_POINT('Ctrl Pts',(-53.2965988195548,-84.6497098726128,-60.9275199070307));
#7045=CARTESIAN_POINT('Ctrl Pts',(-54.9448982293322,-84.5464502197986,-62.5758193168082));
#7046=CARTESIAN_POINT('Origin',(-37.39,-304.856229178241,-9.94372108747595));
#7047=CARTESIAN_POINT('',(-37.39,-294.856229178241,-7.94372108747596));
#7048=CARTESIAN_POINT('',(-37.39,-304.856229178241,-7.94372108747596));
#7049=CARTESIAN_POINT('',(-37.39,-319.856229178241,-7.94372108747596));
#7050=CARTESIAN_POINT('',(-37.39,-304.856229178241,-9.94372108747595));
#7051=CARTESIAN_POINT('',(-37.39,-304.856229178241,-9.94372108747595));
#7052=CARTESIAN_POINT('',(-37.39,-294.856229178241,-9.94372108747595));
#7053=CARTESIAN_POINT('',(-37.39,-319.856229178241,-9.94372108747595));
#7054=CARTESIAN_POINT('',(-37.39,-294.856229178241,-9.94372108747595));
#7055=CARTESIAN_POINT('Origin',(-17.39,-304.856229178241,-9.94372108747595));
#7056=CARTESIAN_POINT('',(-17.39,-304.856229178241,-7.94372108747595));
#7057=CARTESIAN_POINT('',(-14.94,-304.856229178241,-7.94372108747595));
#7058=CARTESIAN_POINT('',(-17.39,-304.856229178241,-9.94372108747595));
#7059=CARTESIAN_POINT('',(-17.39,-304.856229178241,-9.94372108747595));
#7060=CARTESIAN_POINT('',(-30.84,-304.856229178241,-9.94372108747595));
#7061=CARTESIAN_POINT('Origin',(-17.39,-294.856229178241,-9.94372108747595));
#7062=CARTESIAN_POINT('',(-17.39,-294.856229178241,-7.94372108747595));
#7063=CARTESIAN_POINT('',(-17.39,-314.856229178241,-7.94372108747595));
#7064=CARTESIAN_POINT('',(-17.39,-294.856229178241,-9.94372108747595));
#7065=CARTESIAN_POINT('',(-17.39,-294.856229178241,-9.94372108747595));
#7066=CARTESIAN_POINT('',(-17.39,-314.856229178241,-9.94372108747595));
#7067=CARTESIAN_POINT('Origin',(-37.39,-294.856229178241,-9.94372108747595));
#7068=CARTESIAN_POINT('',(-24.94,-294.856229178241,-7.94372108747595));
#7069=CARTESIAN_POINT('',(-40.84,-294.856229178241,-9.94372108747595));
#7070=CARTESIAN_POINT('Origin',(-22.39,-332.856229178241,-0.960921087475957));
#7071=CARTESIAN_POINT('',(-20.14,-327.856229178241,-0.960921087475957));
#7072=CARTESIAN_POINT('Origin',(-22.39,-327.856229178241,-0.960921087475957));
#7073=CARTESIAN_POINT('',(-20.14,-332.856229178241,-0.960921087475957));
#7074=CARTESIAN_POINT('',(-20.14,-332.856229178241,-0.960921087475957));
#7075=CARTESIAN_POINT('Origin',(-22.39,-332.856229178241,-0.960921087475957));
#7076=CARTESIAN_POINT('Origin',(-32.39,-332.856229178241,-0.960921087475957));
#7077=CARTESIAN_POINT('',(-30.14,-327.856229178241,-0.960921087475957));
#7078=CARTESIAN_POINT('Origin',(-32.39,-327.856229178241,-0.960921087475957));
#7079=CARTESIAN_POINT('',(-30.14,-332.856229178241,-0.960921087475957));
#7080=CARTESIAN_POINT('',(-30.14,-332.856229178241,-0.960921087475957));
#7081=CARTESIAN_POINT('Origin',(-32.39,-332.856229178241,-0.960921087475957));
#7082=CARTESIAN_POINT('Origin',(-12.49,-332.856229178241,7.05627891252405));
#7083=CARTESIAN_POINT('',(-12.49,-332.856229178241,7.05627891252405));
#7084=CARTESIAN_POINT('',(-42.29,-332.856229178241,7.05627891252405));
#7085=CARTESIAN_POINT('',(-12.49,-332.856229178241,7.05627891252405));
#7086=CARTESIAN_POINT('',(-12.49,-327.856229178241,7.05627891252405));
#7087=CARTESIAN_POINT('',(-12.49,-333.856229178241,7.05627891252405));
#7088=CARTESIAN_POINT('',(-42.29,-327.856229178241,7.05627891252405));
#7089=CARTESIAN_POINT('',(-12.49,-327.856229178241,7.05627891252405));
#7090=CARTESIAN_POINT('',(-42.29,-333.856229178241,7.05627891252405));
#7091=CARTESIAN_POINT('Origin',(-27.39,-327.856229178241,-0.443721087475953));
#7092=CARTESIAN_POINT('',(-12.49,-327.856229178241,-7.94372108747595));
#7093=CARTESIAN_POINT('',(-12.49,-327.856229178241,28.4171789125241));
#7094=CARTESIAN_POINT('',(-42.29,-327.856229178241,-7.94372108747595));
#7095=CARTESIAN_POINT('',(-19.94,-327.856229178241,-7.94372108747595));
#7096=CARTESIAN_POINT('',(-42.29,-327.856229178241,-4.19372108747595));
#7097=CARTESIAN_POINT('Origin',(-27.39,-332.856229178241,-0.443721087475953));
#7098=CARTESIAN_POINT('',(-42.29,-332.856229178241,-7.94372108747595));
#7099=CARTESIAN_POINT('',(-42.29,-332.856229178241,-4.19372108747595));
#7100=CARTESIAN_POINT('',(-12.49,-332.856229178241,-7.94372108747595));
#7101=CARTESIAN_POINT('',(-19.94,-332.856229178241,-7.94372108747595));
#7102=CARTESIAN_POINT('',(-12.49,-332.856229178241,28.4171789125241));
#7103=CARTESIAN_POINT('Origin',(-12.49,-334.856229178241,57.2780789125241));
#7104=CARTESIAN_POINT('',(-12.49,-334.856229178241,-7.94372108747595));
#7105=CARTESIAN_POINT('',(-12.49,-334.856229178241,-7.94372108747595));
#7106=CARTESIAN_POINT('',(-12.49,-334.856229178241,57.2780789125241));
#7107=CARTESIAN_POINT('',(-12.49,-334.856229178241,57.2780789125241));
#7108=CARTESIAN_POINT('',(-12.49,-332.856229178241,57.2780789125241));
#7109=CARTESIAN_POINT('',(-12.49,-334.856229178241,57.2780789125241));
#7110=CARTESIAN_POINT('',(-12.49,-332.856229178241,42.2780789125241));
#7111=CARTESIAN_POINT('',(-12.49,-332.856229178241,53.5280789125241));
#7112=CARTESIAN_POINT('',(-12.49,-327.856229178241,42.2780789125241));
#7113=CARTESIAN_POINT('',(-12.49,-333.856229178241,42.2780789125241));
#7114=CARTESIAN_POINT('',(-12.49,-327.856229178241,57.2780789125241));
#7115=CARTESIAN_POINT('',(-12.49,-327.856229178241,53.5280789125241));
#7116=CARTESIAN_POINT('',(-12.49,-334.856229178241,57.2780789125241));
#7117=CARTESIAN_POINT('',(-12.49,-334.856229178241,-7.94372108747595));
#7118=CARTESIAN_POINT('Origin',(-12.49,-334.856229178241,-7.94372108747595));
#7119=CARTESIAN_POINT('',(-42.29,-334.856229178241,-7.94372108747595));
#7120=CARTESIAN_POINT('Origin',(-22.39,-332.856229178241,47.539078912524));
#7121=CARTESIAN_POINT('',(-20.14,-327.856229178241,47.539078912524));
#7122=CARTESIAN_POINT('Origin',(-22.39,-327.856229178241,47.539078912524));
#7123=CARTESIAN_POINT('',(-20.14,-332.856229178241,47.539078912524));
#7124=CARTESIAN_POINT('',(-20.14,-332.856229178241,47.539078912524));
#7125=CARTESIAN_POINT('Origin',(-22.39,-332.856229178241,47.539078912524));
#7126=CARTESIAN_POINT('Origin',(-32.39,-332.856229178241,47.539078912524));
#7127=CARTESIAN_POINT('',(-30.14,-327.856229178241,47.539078912524));
#7128=CARTESIAN_POINT('Origin',(-32.39,-327.856229178241,47.539078912524));
#7129=CARTESIAN_POINT('',(-30.14,-332.856229178241,47.539078912524));
#7130=CARTESIAN_POINT('',(-30.14,-332.856229178241,47.539078912524));
#7131=CARTESIAN_POINT('Origin',(-32.39,-332.856229178241,47.539078912524));
#7132=CARTESIAN_POINT('Origin',(-42.29,-332.856229178241,42.2780789125241));
#7133=CARTESIAN_POINT('',(-42.29,-332.856229178241,42.2780789125241));
#7134=CARTESIAN_POINT('',(-12.49,-332.856229178241,42.2780789125241));
#7135=CARTESIAN_POINT('',(-42.29,-327.856229178241,42.2780789125241));
#7136=CARTESIAN_POINT('',(-42.29,-333.856229178241,42.2780789125241));
#7137=CARTESIAN_POINT('',(-12.49,-327.856229178241,42.2780789125241));
#7138=CARTESIAN_POINT('Origin',(-27.39,-327.856229178241,49.7780789125241));
#7139=CARTESIAN_POINT('',(-42.29,-327.856229178241,57.2780789125241));
#7140=CARTESIAN_POINT('',(-42.29,-327.856229178241,20.9171789125241));
#7141=CARTESIAN_POINT('',(-34.84,-327.856229178241,57.2780789125241));
#7142=CARTESIAN_POINT('Origin',(-27.39,-332.856229178241,49.7780789125241));
#7143=CARTESIAN_POINT('',(-42.29,-332.856229178241,57.2780789125241));
#7144=CARTESIAN_POINT('',(-34.84,-332.856229178241,57.2780789125241));
#7145=CARTESIAN_POINT('',(-42.29,-332.856229178241,20.9171789125241));
#7146=CARTESIAN_POINT('Origin',(-42.29,-334.856229178241,57.2780789125241));
#7147=CARTESIAN_POINT('',(-42.29,-334.856229178241,57.2780789125241));
#7148=CARTESIAN_POINT('',(-12.49,-334.856229178241,57.2780789125241));
#7149=CARTESIAN_POINT('',(-42.29,-334.856229178241,57.2780789125241));
#7150=CARTESIAN_POINT('Origin',(-42.29,-334.856229178241,57.2780789125241));
#7151=CARTESIAN_POINT('',(-42.29,-334.856229178241,57.2780789125241));
#7152=CARTESIAN_POINT('Origin',(-42.29,-334.856229178241,-7.94372108747595));
#7153=CARTESIAN_POINT('',(-42.29,-334.856229178241,-7.94372108747595));
#7154=CARTESIAN_POINT('',(-42.29,-334.856229178241,13.8790789125241));
#7155=CARTESIAN_POINT('',(-42.29,-334.856229178241,-7.94372108747595));
#7156=CARTESIAN_POINT('Origin',(-12.49,-334.856229178241,-7.94372108747595));
#7157=CARTESIAN_POINT('',(-25.,-334.856229178241,-7.94372108747595));
#7158=CARTESIAN_POINT('Origin',(-44.29,-334.856229178241,-9.94372108747595));
#7159=CARTESIAN_POINT('',(-10.49,-334.856229178241,-9.94372108747595));
#7160=CARTESIAN_POINT('',(-44.29,-334.856229178241,-9.94372108747595));
#7161=CARTESIAN_POINT('',(-10.49,-334.856229178241,-9.94372108747595));
#7162=CARTESIAN_POINT('',(-44.29,-334.856229178241,-9.94372108747595));
#7163=CARTESIAN_POINT('',(-10.49,-334.856229178241,-9.94372108747595));
#7164=CARTESIAN_POINT('Origin',(-44.29,-334.856229178241,59.2780789125241));
#7165=CARTESIAN_POINT('',(-44.29,-334.856229178241,59.2780789125241));
#7166=CARTESIAN_POINT('',(-44.29,-334.856229178241,-9.94372108747595));
#7167=CARTESIAN_POINT('',(-44.29,-334.856229178241,59.2780789125241));
#7168=CARTESIAN_POINT('Origin',(-10.49,-334.856229178241,59.2780789125241));
#7169=CARTESIAN_POINT('',(-10.49,-334.856229178241,59.2780789125241));
#7170=CARTESIAN_POINT('',(-44.29,-334.856229178241,59.2780789125241));
#7171=CARTESIAN_POINT('',(-10.49,-334.856229178241,59.2780789125241));
#7172=CARTESIAN_POINT('Origin',(-10.49,-334.856229178241,-9.94372108747595));
#7173=CARTESIAN_POINT('',(-10.49,-334.856229178241,59.2780789125241));
#7174=CARTESIAN_POINT('Origin',(-27.39,-334.856229178241,24.667178912524));
#7175=CARTESIAN_POINT('Origin',(37.39,-304.856229178241,-9.94372108747595));
#7176=CARTESIAN_POINT('',(37.39,-294.856229178241,-7.94372108747596));
#7177=CARTESIAN_POINT('',(37.39,-304.856229178241,-7.94372108747596));
#7178=CARTESIAN_POINT('',(37.39,-319.856229178241,-7.94372108747596));
#7179=CARTESIAN_POINT('',(37.39,-294.856229178241,-9.94372108747595));
#7180=CARTESIAN_POINT('',(37.39,-294.856229178241,-9.94372108747595));
#7181=CARTESIAN_POINT('',(37.39,-304.856229178241,-9.94372108747595));
#7182=CARTESIAN_POINT('',(37.39,-319.856229178241,-9.94372108747595));
#7183=CARTESIAN_POINT('',(37.39,-304.856229178241,-9.94372108747595));
#7184=CARTESIAN_POINT('Origin',(17.39,-304.856229178241,-9.94372108747595));
#7185=CARTESIAN_POINT('',(17.39,-304.856229178241,-7.94372108747595));
#7186=CARTESIAN_POINT('',(14.94,-304.856229178241,-7.94372108747595));
#7187=CARTESIAN_POINT('',(17.39,-304.856229178241,-9.94372108747595));
#7188=CARTESIAN_POINT('',(30.84,-304.856229178241,-9.94372108747595));
#7189=CARTESIAN_POINT('',(17.39,-304.856229178241,-9.94372108747595));
#7190=CARTESIAN_POINT('Origin',(17.39,-294.856229178241,-9.94372108747595));
#7191=CARTESIAN_POINT('',(17.39,-294.856229178241,-7.94372108747595));
#7192=CARTESIAN_POINT('',(17.39,-314.856229178241,-7.94372108747595));
#7193=CARTESIAN_POINT('',(17.39,-294.856229178241,-9.94372108747595));
#7194=CARTESIAN_POINT('',(17.39,-314.856229178241,-9.94372108747595));
#7195=CARTESIAN_POINT('',(17.39,-294.856229178241,-9.94372108747595));
#7196=CARTESIAN_POINT('Origin',(37.39,-294.856229178241,-9.94372108747595));
#7197=CARTESIAN_POINT('',(24.94,-294.856229178241,-7.94372108747595));
#7198=CARTESIAN_POINT('',(40.84,-294.856229178241,-9.94372108747595));
#7199=CARTESIAN_POINT('Origin',(22.39,-332.856229178241,-0.960921087475957));
#7200=CARTESIAN_POINT('',(20.14,-327.856229178241,-0.960921087475957));
#7201=CARTESIAN_POINT('Origin',(22.39,-327.856229178241,-0.960921087475957));
#7202=CARTESIAN_POINT('',(20.14,-332.856229178241,-0.960921087475957));
#7203=CARTESIAN_POINT('',(20.14,-332.856229178241,-0.960921087475957));
#7204=CARTESIAN_POINT('Origin',(22.39,-332.856229178241,-0.960921087475957));
#7205=CARTESIAN_POINT('Origin',(32.39,-332.856229178241,-0.960921087475957));
#7206=CARTESIAN_POINT('',(30.14,-327.856229178241,-0.960921087475957));
#7207=CARTESIAN_POINT('Origin',(32.39,-327.856229178241,-0.960921087475957));
#7208=CARTESIAN_POINT('',(30.14,-332.856229178241,-0.960921087475957));
#7209=CARTESIAN_POINT('',(30.14,-332.856229178241,-0.960921087475957));
#7210=CARTESIAN_POINT('Origin',(32.39,-332.856229178241,-0.960921087475957));
#7211=CARTESIAN_POINT('Origin',(12.49,-332.856229178241,7.05627891252405));
#7212=CARTESIAN_POINT('',(12.49,-332.856229178241,7.05627891252405));
#7213=CARTESIAN_POINT('',(42.29,-332.856229178241,7.05627891252405));
#7214=CARTESIAN_POINT('',(12.49,-332.856229178241,7.05627891252405));
#7215=CARTESIAN_POINT('',(42.29,-327.856229178241,7.05627891252405));
#7216=CARTESIAN_POINT('',(42.29,-333.856229178241,7.05627891252405));
#7217=CARTESIAN_POINT('',(12.49,-327.856229178241,7.05627891252405));
#7218=CARTESIAN_POINT('',(12.49,-327.856229178241,7.05627891252405));
#7219=CARTESIAN_POINT('',(12.49,-333.856229178241,7.05627891252405));
#7220=CARTESIAN_POINT('Origin',(27.39,-327.856229178241,-0.443721087475953));
#7221=CARTESIAN_POINT('',(42.29,-327.856229178241,-7.94372108747595));
#7222=CARTESIAN_POINT('',(42.29,-327.856229178241,-4.19372108747595));
#7223=CARTESIAN_POINT('',(12.49,-327.856229178241,-7.94372108747595));
#7224=CARTESIAN_POINT('',(19.94,-327.856229178241,-7.94372108747595));
#7225=CARTESIAN_POINT('',(12.49,-327.856229178241,28.4171789125241));
#7226=CARTESIAN_POINT('Origin',(27.39,-332.856229178241,-0.443721087475953));
#7227=CARTESIAN_POINT('',(12.49,-332.856229178241,-7.94372108747595));
#7228=CARTESIAN_POINT('',(12.49,-332.856229178241,28.4171789125241));
#7229=CARTESIAN_POINT('',(42.29,-332.856229178241,-7.94372108747595));
#7230=CARTESIAN_POINT('',(19.94,-332.856229178241,-7.94372108747595));
#7231=CARTESIAN_POINT('',(42.29,-332.856229178241,-4.19372108747595));
#7232=CARTESIAN_POINT('Origin',(12.49,-334.856229178241,57.2780789125241));
#7233=CARTESIAN_POINT('',(12.49,-334.856229178241,-7.94372108747595));
#7234=CARTESIAN_POINT('',(12.49,-327.856229178241,57.2780789125241));
#7235=CARTESIAN_POINT('',(12.49,-334.856229178241,57.2780789125241));
#7236=CARTESIAN_POINT('',(12.49,-327.856229178241,42.2780789125241));
#7237=CARTESIAN_POINT('',(12.49,-327.856229178241,53.5280789125241));
#7238=CARTESIAN_POINT('',(12.49,-332.856229178241,42.2780789125241));
#7239=CARTESIAN_POINT('',(12.49,-333.856229178241,42.2780789125241));
#7240=CARTESIAN_POINT('',(12.49,-332.856229178241,57.2780789125241));
#7241=CARTESIAN_POINT('',(12.49,-332.856229178241,53.5280789125241));
#7242=CARTESIAN_POINT('',(12.49,-334.856229178241,57.2780789125241));
#7243=CARTESIAN_POINT('',(12.49,-334.856229178241,57.2780789125241));
#7244=CARTESIAN_POINT('',(12.49,-334.856229178241,-7.94372108747595));
#7245=CARTESIAN_POINT('',(12.49,-334.856229178241,57.2780789125241));
#7246=CARTESIAN_POINT('',(12.49,-334.856229178241,-7.94372108747595));
#7247=CARTESIAN_POINT('Origin',(12.49,-334.856229178241,-7.94372108747595));
#7248=CARTESIAN_POINT('',(42.29,-334.856229178241,-7.94372108747595));
#7249=CARTESIAN_POINT('Origin',(22.39,-332.856229178241,47.539078912524));
#7250=CARTESIAN_POINT('',(20.14,-327.856229178241,47.539078912524));
#7251=CARTESIAN_POINT('Origin',(22.39,-327.856229178241,47.539078912524));
#7252=CARTESIAN_POINT('',(20.14,-332.856229178241,47.539078912524));
#7253=CARTESIAN_POINT('',(20.14,-332.856229178241,47.539078912524));
#7254=CARTESIAN_POINT('Origin',(22.39,-332.856229178241,47.539078912524));
#7255=CARTESIAN_POINT('Origin',(32.39,-332.856229178241,47.539078912524));
#7256=CARTESIAN_POINT('',(30.14,-327.856229178241,47.539078912524));
#7257=CARTESIAN_POINT('Origin',(32.39,-327.856229178241,47.539078912524));
#7258=CARTESIAN_POINT('',(30.14,-332.856229178241,47.539078912524));
#7259=CARTESIAN_POINT('',(30.14,-332.856229178241,47.539078912524));
#7260=CARTESIAN_POINT('Origin',(32.39,-332.856229178241,47.539078912524));
#7261=CARTESIAN_POINT('Origin',(42.29,-332.856229178241,42.2780789125241));
#7262=CARTESIAN_POINT('',(42.29,-332.856229178241,42.2780789125241));
#7263=CARTESIAN_POINT('',(12.49,-332.856229178241,42.2780789125241));
#7264=CARTESIAN_POINT('',(42.29,-327.856229178241,42.2780789125241));
#7265=CARTESIAN_POINT('',(12.49,-327.856229178241,42.2780789125241));
#7266=CARTESIAN_POINT('',(42.29,-333.856229178241,42.2780789125241));
#7267=CARTESIAN_POINT('Origin',(27.39,-327.856229178241,49.7780789125241));
#7268=CARTESIAN_POINT('',(42.29,-327.856229178241,57.2780789125241));
#7269=CARTESIAN_POINT('',(34.84,-327.856229178241,57.2780789125241));
#7270=CARTESIAN_POINT('',(42.29,-327.856229178241,20.9171789125241));
#7271=CARTESIAN_POINT('Origin',(27.39,-332.856229178241,49.7780789125241));
#7272=CARTESIAN_POINT('',(42.29,-332.856229178241,57.2780789125241));
#7273=CARTESIAN_POINT('',(42.29,-332.856229178241,20.9171789125241));
#7274=CARTESIAN_POINT('',(34.84,-332.856229178241,57.2780789125241));
#7275=CARTESIAN_POINT('Origin',(42.29,-334.856229178241,57.2780789125241));
#7276=CARTESIAN_POINT('',(42.29,-334.856229178241,57.2780789125241));
#7277=CARTESIAN_POINT('',(42.29,-334.856229178241,57.2780789125241));
#7278=CARTESIAN_POINT('',(12.49,-334.856229178241,57.2780789125241));
#7279=CARTESIAN_POINT('Origin',(42.29,-334.856229178241,57.2780789125241));
#7280=CARTESIAN_POINT('',(42.29,-334.856229178241,57.2780789125241));
#7281=CARTESIAN_POINT('Origin',(42.29,-334.856229178241,-7.94372108747595));
#7282=CARTESIAN_POINT('',(42.29,-334.856229178241,-7.94372108747595));
#7283=CARTESIAN_POINT('',(42.29,-334.856229178241,-7.94372108747595));
#7284=CARTESIAN_POINT('',(42.29,-334.856229178241,13.8790789125241));
#7285=CARTESIAN_POINT('Origin',(12.49,-334.856229178241,-7.94372108747595));
#7286=CARTESIAN_POINT('',(25.,-334.856229178241,-7.94372108747595));
#7287=CARTESIAN_POINT('Origin',(44.29,-334.856229178241,-9.94372108747595));
#7288=CARTESIAN_POINT('',(10.49,-334.856229178241,-9.94372108747595));
#7289=CARTESIAN_POINT('',(44.29,-334.856229178241,-9.94372108747595));
#7290=CARTESIAN_POINT('',(10.49,-334.856229178241,-9.94372108747595));
#7291=CARTESIAN_POINT('',(10.49,-334.856229178241,-9.94372108747595));
#7292=CARTESIAN_POINT('',(44.29,-334.856229178241,-9.94372108747595));
#7293=CARTESIAN_POINT('Origin',(44.29,-334.856229178241,59.2780789125241));
#7294=CARTESIAN_POINT('',(44.29,-334.856229178241,59.2780789125241));
#7295=CARTESIAN_POINT('',(44.29,-334.856229178241,59.2780789125241));
#7296=CARTESIAN_POINT('',(44.29,-334.856229178241,-9.94372108747595));
#7297=CARTESIAN_POINT('Origin',(10.49,-334.856229178241,59.2780789125241));
#7298=CARTESIAN_POINT('',(10.49,-334.856229178241,59.2780789125241));
#7299=CARTESIAN_POINT('',(10.49,-334.856229178241,59.2780789125241));
#7300=CARTESIAN_POINT('',(44.29,-334.856229178241,59.2780789125241));
#7301=CARTESIAN_POINT('Origin',(10.49,-334.856229178241,-9.94372108747595));
#7302=CARTESIAN_POINT('',(10.49,-334.856229178241,59.2780789125241));
#7303=CARTESIAN_POINT('Origin',(27.39,-334.856229178241,24.667178912524));
#7304=UNCERTAINTY_MEASURE_WITH_UNIT(LENGTH_MEASURE(0.01),#7308,
'DISTANCE_ACCURACY_VALUE',
'Maximum model space distance between geometric entities at asserted c
onnectivities');
#7305=UNCERTAINTY_MEASURE_WITH_UNIT(LENGTH_MEASURE(0.01),#7308,
'DISTANCE_ACCURACY_VALUE',
'Maximum model space distance between geometric entities at asserted c
onnectivities');
#7306=(
GEOMETRIC_REPRESENTATION_CONTEXT(3)
GLOBAL_UNCERTAINTY_ASSIGNED_CONTEXT((#7304))
GLOBAL_UNIT_ASSIGNED_CONTEXT((#7308,#7310,#7311))
REPRESENTATION_CONTEXT('','3D')
);
#7307=(
GEOMETRIC_REPRESENTATION_CONTEXT(3)
GLOBAL_UNCERTAINTY_ASSIGNED_CONTEXT((#7305))
GLOBAL_UNIT_ASSIGNED_CONTEXT((#7308,#7310,#7311))
REPRESENTATION_CONTEXT('','3D')
);
#7308=(
LENGTH_UNIT()
NAMED_UNIT(*)
SI_UNIT(.MILLI.,.METRE.)
);
#7309=(
LENGTH_UNIT()
NAMED_UNIT(*)
SI_UNIT($,.METRE.)
);
#7310=(
NAMED_UNIT(*)
PLANE_ANGLE_UNIT()
SI_UNIT($,.RADIAN.)
);
#7311=(
NAMED_UNIT(*)
SI_UNIT($,.STERADIAN.)
SOLID_ANGLE_UNIT()
);
#7312=SHAPE_DEFINITION_REPRESENTATION(#7313,#7314);
#7313=PRODUCT_DEFINITION_SHAPE('',$,#7316);
#7314=SHAPE_REPRESENTATION('',(#2129),#7306);
#7315=PRODUCT_DEFINITION_CONTEXT('part definition',#7320,'design');
#7316=PRODUCT_DEFINITION('Hopper_withServo mounts',
'Hopper_withServo mounts v6',#7317,#7315);
#7317=PRODUCT_DEFINITION_FORMATION('',$,#7322);
#7318=PRODUCT_RELATED_PRODUCT_CATEGORY('Hopper_withServo mounts v6',
'Hopper_withServo mounts v6',(#7322));
#7319=APPLICATION_PROTOCOL_DEFINITION('international standard',
'automotive_design',2009,#7320);
#7320=APPLICATION_CONTEXT(
'Core Data for Automotive Mechanical Design Process');
#7321=PRODUCT_CONTEXT('part definition',#7320,'mechanical');
#7322=PRODUCT('Hopper_withServo mounts','Hopper_withServo mounts v6',$,
(#7321));
#7323=PRESENTATION_STYLE_ASSIGNMENT((#7325));
#7324=PRESENTATION_STYLE_ASSIGNMENT((#7326));
#7325=SURFACE_STYLE_USAGE(.BOTH.,#7327);
#7326=SURFACE_STYLE_USAGE(.BOTH.,#7328);
#7327=SURFACE_SIDE_STYLE('',(#7329));
#7328=SURFACE_SIDE_STYLE('',(#7330));
#7329=SURFACE_STYLE_FILL_AREA(#7331);
#7330=SURFACE_STYLE_FILL_AREA(#7332);
#7331=FILL_AREA_STYLE('Steel - Satin',(#7333));
#7332=FILL_AREA_STYLE('Aluminum - Satin',(#7334));
#7333=FILL_AREA_STYLE_COLOUR('Steel - Satin',#7335);
#7334=FILL_AREA_STYLE_COLOUR('Aluminum - Satin',#7336);
#7335=COLOUR_RGB('Steel - Satin',0.627450980392157,0.627450980392157,0.627450980392157);
#7336=COLOUR_RGB('Aluminum - Satin',0.96078431372549,0.96078431372549,0.964705882352941);
ENDSEC;
END-ISO-10303-21;
