ISO-10303-21;
HEADER;
/* Generated by software containing ST-Developer
 * from STEP Tools, Inc. (www.steptools.com) 
 */

FILE_DESCRIPTION(
/* description */ (''),
/* implementation_level */ '2;1');

FILE_NAME(
/* name */ 'Storage2.step',
/* time_stamp */ '2026-02-22T12:47:48+05:30',
/* author */ (''),
/* organization */ (''),
/* preprocessor_version */ 'ST-DEVELOPER v20.1',
/* originating_system */ 'Autodesk Translation Framework v14.24.0.0',
/* authorisation */ '');

FILE_SCHEMA (('AUTOMOTIVE_DESIGN { 1 0 10303 214 3 1 1 }'));
ENDSEC;

DATA;
#10=MECHANICAL_DESIGN_GEOMETRIC_PRESENTATION_REPRESENTATION('',(#13),#4360);
#11=SHAPE_REPRESENTATION_RELATIONSHIP('SRR','None',#4367,#12);
#12=ADVANCED_BREP_SHAPE_REPRESENTATION('',(#14),#4359);
#13=STYLED_ITEM('',(#4377),#14);
#14=MANIFOLD_SOLID_BREP('Body30',#447);
#15=B_SPLINE_SURFACE_WITH_KNOTS('',3,1,((#656,#657),(#658,#659),(#660,#661),
(#662,#663),(#664,#665),(#666,#667),(#668,#669),(#670,#671),(#672,#673),
(#674,#675),(#676,#677),(#678,#679),(#680,#681),(#682,#683),(#684,#685),
(#686,#687),(#688,#689),(#690,#691),(#692,#693),(#694,#695),(#696,#697),
(#698,#699),(#700,#701),(#702,#703),(#704,#705),(#706,#707),(#708,#709),
(#710,#711),(#712,#713),(#714,#715),(#716,#717),(#718,#719),(#720,#721),
(#722,#723),(#724,#725),(#726,#727),(#728,#729),(#730,#731),(#732,#733),
(#734,#735),(#736,#737),(#738,#739),(#740,#741),(#742,#743),(#744,#745),
(#746,#747),(#748,#749),(#750,#751),(#752,#753),(#754,#755),(#756,#757),
(#758,#759),(#760,#761),(#762,#763),(#764,#765),(#766,#767),(#768,#769),
(#770,#771),(#772,#773),(#774,#775),(#776,#777),(#778,#779),(#780,#781),
(#782,#783),(#784,#785),(#786,#787),(#788,#789),(#790,#791),(#792,#793),
(#794,#795),(#796,#797),(#798,#799),(#800,#801),(#802,#803),(#804,#805),
(#806,#807),(#808,#809),(#810,#811),(#812,#813),(#814,#815),(#816,#817),
(#818,#819),(#820,#821),(#822,#823),(#824,#825),(#826,#827),(#828,#829),
(#830,#831),(#832,#833),(#834,#835),(#836,#837),(#838,#839),(#840,#841),
(#842,#843),(#844,#845),(#846,#847),(#848,#849),(#850,#851),(#852,#853),
(#854,#855),(#856,#857),(#858,#859),(#860,#861),(#862,#863),(#864,#865),
(#866,#867),(#868,#869),(#870,#871),(#872,#873),(#874,#875),(#876,#877),
(#878,#879),(#880,#881),(#882,#883),(#884,#885),(#886,#887),(#888,#889),
(#890,#891),(#892,#893),(#894,#895),(#896,#897),(#898,#899),(#900,#901),
(#902,#903),(#904,#905),(#906,#907),(#908,#909)),.UNSPECIFIED.,.F.,.F.,
 .F.,(4,3,3,3,3,3,3,3,3,3,3,3,3,3,3,3,3,3,3,3,3,3,3,3,3,3,3,3,3,3,3,3,3,
3,3,3,3,3,3,3,3,3,4),(2,2),(40.1666396075355,41.5807454492382,42.3278063480289,
42.8154618625113,43.393300486247,43.6418910888515,43.9797483023714,45.1440347422314,
46.8586702536396,47.3272518397256,49.5352874935553,50.7624715354173,51.257893222715,
52.0722462851974,52.2963777832042,52.7436233101165,53.4150003350355,54.7577543848736,
57.4432624845498,62.8142786839021,73.5563110826069,95.0403758800163,103.326563297792,
116.51238733774,121.76846663448,136.548083811716,154.195139953177,173.843723772532,
185.386877703346,187.771091280296,188.331986140664,189.319710993678,190.594090290093,
192.856194439522,197.380402738379,206.428819336094,217.159169135348,226.778705367967,
228.22564703506,231.352148774029,231.745012446244,232.310005019951,232.733555389248),
(0.,0.5),.UNSPECIFIED.);
#16=B_SPLINE_SURFACE_WITH_KNOTS('',3,1,((#1185,#1186),(#1187,#1188),(#1189,
#1190),(#1191,#1192),(#1193,#1194),(#1195,#1196),(#1197,#1198),(#1199,#1200),
(#1201,#1202),(#1203,#1204),(#1205,#1206),(#1207,#1208),(#1209,#1210),(#1211,
#1212),(#1213,#1214),(#1215,#1216),(#1217,#1218),(#1219,#1220),(#1221,#1222),
(#1223,#1224),(#1225,#1226),(#1227,#1228),(#1229,#1230),(#1231,#1232),(#1233,
#1234),(#1235,#1236),(#1237,#1238),(#1239,#1240),(#1241,#1242),(#1243,#1244),
(#1245,#1246),(#1247,#1248),(#1249,#1250),(#1251,#1252),(#1253,#1254),(#1255,
#1256),(#1257,#1258),(#1259,#1260),(#1261,#1262),(#1263,#1264),(#1265,#1266),
(#1267,#1268),(#1269,#1270),(#1271,#1272),(#1273,#1274),(#1275,#1276),(#1277,
#1278),(#1279,#1280),(#1281,#1282),(#1283,#1284),(#1285,#1286),(#1287,#1288),
(#1289,#1290),(#1291,#1292),(#1293,#1294),(#1295,#1296),(#1297,#1298),(#1299,
#1300),(#1301,#1302),(#1303,#1304),(#1305,#1306),(#1307,#1308),(#1309,#1310),
(#1311,#1312),(#1313,#1314),(#1315,#1316),(#1317,#1318),(#1319,#1320),(#1321,
#1322),(#1323,#1324),(#1325,#1326),(#1327,#1328),(#1329,#1330),(#1331,#1332),
(#1333,#1334),(#1335,#1336),(#1337,#1338),(#1339,#1340),(#1341,#1342),(#1343,
#1344),(#1345,#1346),(#1347,#1348),(#1349,#1350),(#1351,#1352),(#1353,#1354),
(#1355,#1356),(#1357,#1358),(#1359,#1360),(#1361,#1362),(#1363,#1364),(#1365,
#1366),(#1367,#1368),(#1369,#1370),(#1371,#1372),(#1373,#1374),(#1375,#1376),
(#1377,#1378),(#1379,#1380),(#1381,#1382),(#1383,#1384),(#1385,#1386),(#1387,
#1388),(#1389,#1390),(#1391,#1392),(#1393,#1394),(#1395,#1396),(#1397,#1398),
(#1399,#1400),(#1401,#1402),(#1403,#1404),(#1405,#1406),(#1407,#1408),(#1409,
#1410),(#1411,#1412),(#1413,#1414),(#1415,#1416),(#1417,#1418),(#1419,#1420)),
 .UNSPECIFIED.,.F.,.F.,.F.,(4,3,3,3,3,3,3,3,3,3,3,3,3,3,3,3,3,3,3,3,3,3,
3,3,3,3,3,3,3,3,3,3,3,3,3,3,3,3,3,4),(2,2),(-20.6365517238551,-18.6838297255095,
-18.1956506555259,-18.1155358408745,-17.877845026843,-17.7475726872951,
-17.5940303959176,-17.199213054419,-16.5493884907678,-15.8423153915148,
-15.421776956589,-15.3441830328818,-15.2458911883367,-15.2125554427581,
-15.0985809448662,-14.9110048945677,-14.5761186007988,-13.9063460132608,
-12.566800838185,-9.8877104880333,-6.61967323720843,2.94642248377386E-8,
2.10840236508006,2.67233239442698,2.9665317886918,3.64623758988881,3.89163266188033,
4.81673353506886,6.08047699103764,7.39694356812981,7.45616034079953,8.25719444778687,
8.43246087381349,8.60288402029973,8.66030302644868,8.86865016160958,9.1956467484227,
9.78840947654567,10.9739349327916,12.794426477696),(0.,0.5),
 .UNSPECIFIED.);
#17=B_SPLINE_SURFACE_WITH_KNOTS('',3,1,((#1672,#1673),(#1674,#1675),(#1676,
#1677),(#1678,#1679),(#1680,#1681),(#1682,#1683),(#1684,#1685),(#1686,#1687),
(#1688,#1689),(#1690,#1691),(#1692,#1693),(#1694,#1695),(#1696,#1697),(#1698,
#1699),(#1700,#1701),(#1702,#1703),(#1704,#1705),(#1706,#1707),(#1708,#1709),
(#1710,#1711),(#1712,#1713),(#1714,#1715),(#1716,#1717),(#1718,#1719),(#1720,
#1721),(#1722,#1723),(#1724,#1725),(#1726,#1727),(#1728,#1729),(#1730,#1731),
(#1732,#1733),(#1734,#1735),(#1736,#1737),(#1738,#1739),(#1740,#1741),(#1742,
#1743),(#1744,#1745),(#1746,#1747),(#1748,#1749),(#1750,#1751),(#1752,#1753),
(#1754,#1755),(#1756,#1757),(#1758,#1759),(#1760,#1761),(#1762,#1763),(#1764,
#1765),(#1766,#1767),(#1768,#1769),(#1770,#1771),(#1772,#1773),(#1774,#1775),
(#1776,#1777),(#1778,#1779),(#1780,#1781),(#1782,#1783),(#1784,#1785),(#1786,
#1787),(#1788,#1789),(#1790,#1791),(#1792,#1793),(#1794,#1795),(#1796,#1797),
(#1798,#1799),(#1800,#1801),(#1802,#1803),(#1804,#1805),(#1806,#1807),(#1808,
#1809),(#1810,#1811),(#1812,#1813),(#1814,#1815),(#1816,#1817),(#1818,#1819),
(#1820,#1821),(#1822,#1823),(#1824,#1825),(#1826,#1827),(#1828,#1829),(#1830,
#1831),(#1832,#1833),(#1834,#1835),(#1836,#1837),(#1838,#1839),(#1840,#1841),
(#1842,#1843),(#1844,#1845),(#1846,#1847),(#1848,#1849),(#1850,#1851),(#1852,
#1853),(#1854,#1855),(#1856,#1857),(#1858,#1859),(#1860,#1861),(#1862,#1863),
(#1864,#1865),(#1866,#1867),(#1868,#1869),(#1870,#1871),(#1872,#1873),(#1874,
#1875),(#1876,#1877),(#1878,#1879),(#1880,#1881),(#1882,#1883),(#1884,#1885),
(#1886,#1887),(#1888,#1889),(#1890,#1891),(#1892,#1893),(#1894,#1895),(#1896,
#1897),(#1898,#1899),(#1900,#1901),(#1902,#1903),(#1904,#1905),(#1906,#1907),
(#1908,#1909),(#1910,#1911),(#1912,#1913)),.UNSPECIFIED.,.F.,.F.,.F.,(4,
3,3,3,3,3,3,3,3,3,3,3,3,3,3,3,3,3,3,3,3,3,3,3,3,3,3,3,3,3,3,3,3,3,3,3,3,
3,3,3,4),(2,2),(-186.198457966293,-186.088027360653,-182.150201291769,-181.513895848024,
-179.365916677006,-177.044117270188,-175.856185001529,-174.011584775609,
-168.657252874212,-159.206653959076,-154.192567417632,-144.343285225792,
-143.510718531266,-141.268442041578,-139.091432481496,-138.608345434315,
-137.866527081016,-136.732555427495,-131.627917584887,-130.727308321553,
-129.399883965902,-127.682404263928,-122.045401201782,-120.70666882357,
-118.063265678861,-114.856886150505,-114.472110689319,-113.883394356637,
-112.963460362817,-111.522470972144,-110.810436276602,-109.598316120805,
-106.233171878793,-99.502883394769,-95.9462659419494,-89.8173271361948,
-89.1034263301204,-87.8375262934449,-86.7752313285324,-86.4302391812948,
-85.2665210771648),(0.,0.5),.UNSPECIFIED.);
#18=B_SPLINE_SURFACE_WITH_KNOTS('',3,1,((#2165,#2166),(#2167,#2168),(#2169,
#2170),(#2171,#2172),(#2173,#2174),(#2175,#2176),(#2177,#2178),(#2179,#2180),
(#2181,#2182),(#2183,#2184),(#2185,#2186),(#2187,#2188),(#2189,#2190),(#2191,
#2192),(#2193,#2194),(#2195,#2196),(#2197,#2198),(#2199,#2200),(#2201,#2202),
(#2203,#2204),(#2205,#2206),(#2207,#2208),(#2209,#2210),(#2211,#2212),(#2213,
#2214),(#2215,#2216),(#2217,#2218),(#2219,#2220),(#2221,#2222),(#2223,#2224),
(#2225,#2226),(#2227,#2228),(#2229,#2230),(#2231,#2232),(#2233,#2234),(#2235,
#2236),(#2237,#2238),(#2239,#2240),(#2241,#2242),(#2243,#2244),(#2245,#2246),
(#2247,#2248),(#2249,#2250),(#2251,#2252),(#2253,#2254),(#2255,#2256),(#2257,
#2258),(#2259,#2260),(#2261,#2262),(#2263,#2264),(#2265,#2266),(#2267,#2268),
(#2269,#2270),(#2271,#2272),(#2273,#2274)),.UNSPECIFIED.,.F.,.F.,.F.,(4,
3,3,3,3,3,3,3,3,3,3,3,3,3,3,3,3,3,4),(2,2),(-385.284385181067,-381.558579277525,
-377.932172310512,-377.646447461496,-377.255261600636,-376.460755207387,
-375.696762760843,-374.754401356478,-373.048047505568,-369.63533980375,
-362.809924400112,-352.142880063792,-349.449101258326,-340.956089980864,
-339.478643597387,-336.458773368983,-331.961456757102,-322.966823533341,
-305.073763025984),(0.,0.5),.UNSPECIFIED.);
#19=B_SPLINE_SURFACE_WITH_KNOTS('',3,1,((#2388,#2389),(#2390,#2391),(#2392,
#2393),(#2394,#2395),(#2396,#2397),(#2398,#2399),(#2400,#2401),(#2402,#2403),
(#2404,#2405),(#2406,#2407),(#2408,#2409),(#2410,#2411),(#2412,#2413),(#2414,
#2415),(#2416,#2417),(#2418,#2419),(#2420,#2421),(#2422,#2423),(#2424,#2425),
(#2426,#2427),(#2428,#2429),(#2430,#2431),(#2432,#2433),(#2434,#2435),(#2436,
#2437),(#2438,#2439),(#2440,#2441),(#2442,#2443),(#2444,#2445),(#2446,#2447),
(#2448,#2449),(#2450,#2451),(#2452,#2453),(#2454,#2455),(#2456,#2457),(#2458,
#2459),(#2460,#2461)),.UNSPECIFIED.,.F.,.F.,.F.,(4,3,3,3,3,3,3,3,3,3,3,
3,4),(2,2),(-74.156853466669,-69.8565520238625,-69.3518619975315,-68.179665289994,
-66.5027785561254,-63.1490050883883,-56.441458152914,-43.7596395906546,
-21.876900284529,-6.07433657798446,-5.09315141176899,-2.18662421502813E-10,
6.57514160107057),(0.,0.5),.UNSPECIFIED.);
#20=B_SPLINE_SURFACE_WITH_KNOTS('',3,1,((#2610,#2611),(#2612,#2613),(#2614,
#2615),(#2616,#2617),(#2618,#2619),(#2620,#2621),(#2622,#2623),(#2624,#2625),
(#2626,#2627),(#2628,#2629),(#2630,#2631),(#2632,#2633),(#2634,#2635),(#2636,
#2637),(#2638,#2639),(#2640,#2641),(#2642,#2643),(#2644,#2645),(#2646,#2647),
(#2648,#2649),(#2650,#2651),(#2652,#2653),(#2654,#2655),(#2656,#2657),(#2658,
#2659),(#2660,#2661),(#2662,#2663),(#2664,#2665),(#2666,#2667),(#2668,#2669),
(#2670,#2671),(#2672,#2673),(#2674,#2675),(#2676,#2677),(#2678,#2679),(#2680,
#2681),(#2682,#2683),(#2684,#2685),(#2686,#2687),(#2688,#2689),(#2690,#2691),
(#2692,#2693),(#2694,#2695),(#2696,#2697),(#2698,#2699),(#2700,#2701),(#2702,
#2703),(#2704,#2705),(#2706,#2707),(#2708,#2709),(#2710,#2711),(#2712,#2713),
(#2714,#2715),(#2716,#2717),(#2718,#2719),(#2720,#2721),(#2722,#2723),(#2724,
#2725),(#2726,#2727),(#2728,#2729),(#2730,#2731),(#2732,#2733),(#2734,#2735),
(#2736,#2737),(#2738,#2739),(#2740,#2741),(#2742,#2743),(#2744,#2745),(#2746,
#2747),(#2748,#2749),(#2750,#2751),(#2752,#2753),(#2754,#2755),(#2756,#2757),
(#2758,#2759),(#2760,#2761),(#2762,#2763),(#2764,#2765),(#2766,#2767),(#2768,
#2769),(#2770,#2771),(#2772,#2773),(#2774,#2775),(#2776,#2777),(#2778,#2779),
(#2780,#2781),(#2782,#2783),(#2784,#2785),(#2786,#2787),(#2788,#2789),(#2790,
#2791),(#2792,#2793),(#2794,#2795),(#2796,#2797),(#2798,#2799),(#2800,#2801),
(#2802,#2803),(#2804,#2805),(#2806,#2807),(#2808,#2809),(#2810,#2811),(#2812,
#2813),(#2814,#2815),(#2816,#2817),(#2818,#2819),(#2820,#2821),(#2822,#2823),
(#2824,#2825),(#2826,#2827),(#2828,#2829),(#2830,#2831),(#2832,#2833),(#2834,
#2835),(#2836,#2837),(#2838,#2839),(#2840,#2841),(#2842,#2843),(#2844,#2845),
(#2846,#2847),(#2848,#2849),(#2850,#2851),(#2852,#2853),(#2854,#2855),(#2856,
#2857),(#2858,#2859),(#2860,#2861),(#2862,#2863),(#2864,#2865),(#2866,#2867),
(#2868,#2869),(#2870,#2871),(#2872,#2873),(#2874,#2875),(#2876,#2877),(#2878,
#2879),(#2880,#2881),(#2882,#2883),(#2884,#2885),(#2886,#2887),(#2888,#2889),
(#2890,#2891),(#2892,#2893),(#2894,#2895),(#2896,#2897),(#2898,#2899),(#2900,
#2901),(#2902,#2903),(#2904,#2905),(#2906,#2907),(#2908,#2909),(#2910,#2911),
(#2912,#2913),(#2914,#2915),(#2916,#2917),(#2918,#2919),(#2920,#2921),(#2922,
#2923),(#2924,#2925),(#2926,#2927),(#2928,#2929),(#2930,#2931),(#2932,#2933),
(#2934,#2935),(#2936,#2937),(#2938,#2939),(#2940,#2941),(#2942,#2943),(#2944,
#2945),(#2946,#2947),(#2948,#2949),(#2950,#2951),(#2952,#2953),(#2954,#2955),
(#2956,#2957),(#2958,#2959),(#2960,#2961),(#2962,#2963),(#2964,#2965),(#2966,
#2967),(#2968,#2969),(#2970,#2971),(#2972,#2973),(#2974,#2975),(#2976,#2977),
(#2978,#2979),(#2980,#2981),(#2982,#2983),(#2984,#2985),(#2986,#2987),(#2988,
#2989),(#2990,#2991),(#2992,#2993),(#2994,#2995),(#2996,#2997),(#2998,#2999),
(#3000,#3001),(#3002,#3003),(#3004,#3005),(#3006,#3007),(#3008,#3009),(#3010,
#3011),(#3012,#3013),(#3014,#3015),(#3016,#3017),(#3018,#3019),(#3020,#3021),
(#3022,#3023),(#3024,#3025),(#3026,#3027),(#3028,#3029),(#3030,#3031),(#3032,
#3033),(#3034,#3035),(#3036,#3037),(#3038,#3039),(#3040,#3041),(#3042,#3043),
(#3044,#3045),(#3046,#3047),(#3048,#3049),(#3050,#3051),(#3052,#3053),(#3054,
#3055),(#3056,#3057),(#3058,#3059),(#3060,#3061),(#3062,#3063),(#3064,#3065),
(#3066,#3067),(#3068,#3069),(#3070,#3071),(#3072,#3073),(#3074,#3075),(#3076,
#3077),(#3078,#3079),(#3080,#3081),(#3082,#3083),(#3084,#3085),(#3086,#3087),
(#3088,#3089),(#3090,#3091),(#3092,#3093),(#3094,#3095),(#3096,#3097),(#3098,
#3099),(#3100,#3101),(#3102,#3103),(#3104,#3105),(#3106,#3107),(#3108,#3109),
(#3110,#3111),(#3112,#3113),(#3114,#3115),(#3116,#3117),(#3118,#3119),(#3120,
#3121),(#3122,#3123),(#3124,#3125),(#3126,#3127),(#3128,#3129),(#3130,#3131),
(#3132,#3133),(#3134,#3135),(#3136,#3137),(#3138,#3139),(#3140,#3141),(#3142,
#3143),(#3144,#3145),(#3146,#3147),(#3148,#3149),(#3150,#3151),(#3152,#3153),
(#3154,#3155),(#3156,#3157),(#3158,#3159),(#3160,#3161),(#3162,#3163),(#3164,
#3165),(#3166,#3167),(#3168,#3169),(#3170,#3171),(#3172,#3173),(#3174,#3175),
(#3176,#3177),(#3178,#3179),(#3180,#3181),(#3182,#3183),(#3184,#3185),(#3186,
#3187),(#3188,#3189),(#3190,#3191),(#3192,#3193),(#3194,#3195),(#3196,#3197),
(#3198,#3199),(#3200,#3201),(#3202,#3203),(#3204,#3205),(#3206,#3207),(#3208,
#3209),(#3210,#3211),(#3212,#3213),(#3214,#3215),(#3216,#3217)),
 .UNSPECIFIED.,.T.,.F.,.F.,(4,3,3,3,3,3,3,3,3,3,3,3,3,3,3,3,3,3,3,3,3,3,
3,3,3,3,3,3,3,3,3,3,3,3,3,3,3,3,3,3,3,3,3,3,3,3,3,3,3,3,3,3,3,3,3,3,3,3,
3,3,3,3,3,3,3,3,3,3,3,3,3,3,3,3,3,3,3,3,3,3,3,3,3,3,3,3,3,3,3,3,3,3,3,3,
3,3,3,3,3,3,3,4),(2,2),(-6.61967328343087,5.6843418860808E-13,2.10840234095451,
2.67233237172849,2.9665317667384,3.64623756965693,3.89163264227005,4.81673351780171,
6.08047697696952,7.39694355739272,7.45616033021184,8.25719443922691,8.43246086568939,
8.60288401261568,8.66030301890947,8.8686501545979,9.19564674223932,9.78840947186296,
10.9739349311103,13.3449858496048,18.087087686594,18.8030528802612,19.7020630196956,
30.8012420267755,31.1570084003696,31.736472439096,33.278711667528,33.979221437116,
35.3542201769471,37.4297286863662,41.5807457052045,42.3278066030032,42.8154621168346,
43.3933007398001,43.6418913420732,43.979748555143,45.1440349934514,46.8586705025747,
47.3272520880437,49.5352877389241,50.76247177915,51.2578934657877,52.0722465271848,
52.2963780248928,52.7436235512091,53.4150005752334,54.757754623282,57.4432627193792,
62.8142789115736,73.5563112959624,95.04037606474,103.326563471476,116.512387493852,
121.768466783603,136.548083941134,154.195140059071,173.843723852243,185.386877767678,
187.771091341449,188.331986201067,189.319711052758,190.594090347481,192.856194493895,
197.380402786724,206.428819372381,217.159169157326,226.778705377133,228.225647042299,
231.352148777071,231.745012448779,232.31000502174,233.09473703675,234.7177670349,
237.512436071362,241.073925395997,241.804747871924,242.289465452911,243.172138155652,
244.539528439381,244.816259916647,245.329762124841,246.504766875813,251.204785879703,
251.692964950921,251.773079765775,252.010770580408,252.141042920286,252.294585212052,
252.689402554549,253.339227119845,254.046300220888,254.466838656879,254.544432580783,
254.642724425578,254.676060171241,254.790034669421,254.977610720195,255.312497014812,
255.982269604045,257.321814782512,260.000905139446,263.268942398545),(0.,
10.),.UNSPECIFIED.);
#21=B_SPLINE_SURFACE_WITH_KNOTS('',3,1,((#3524,#3525),(#3526,#3527),(#3528,
#3529),(#3530,#3531),(#3532,#3533),(#3534,#3535),(#3536,#3537),(#3538,#3539),
(#3540,#3541),(#3542,#3543),(#3544,#3545),(#3546,#3547),(#3548,#3549),(#3550,
#3551),(#3552,#3553),(#3554,#3555),(#3556,#3557),(#3558,#3559),(#3560,#3561),
(#3562,#3563),(#3564,#3565),(#3566,#3567),(#3568,#3569),(#3570,#3571),(#3572,
#3573),(#3574,#3575),(#3576,#3577),(#3578,#3579),(#3580,#3581),(#3582,#3583),
(#3584,#3585),(#3586,#3587),(#3588,#3589),(#3590,#3591),(#3592,#3593),(#3594,
#3595),(#3596,#3597),(#3598,#3599),(#3600,#3601),(#3602,#3603),(#3604,#3605),
(#3606,#3607),(#3608,#3609),(#3610,#3611),(#3612,#3613),(#3614,#3615),(#3616,
#3617),(#3618,#3619),(#3620,#3621),(#3622,#3623),(#3624,#3625),(#3626,#3627),
(#3628,#3629),(#3630,#3631),(#3632,#3633),(#3634,#3635),(#3636,#3637),(#3638,
#3639),(#3640,#3641),(#3642,#3643),(#3644,#3645),(#3646,#3647),(#3648,#3649),
(#3650,#3651),(#3652,#3653),(#3654,#3655),(#3656,#3657),(#3658,#3659),(#3660,
#3661),(#3662,#3663),(#3664,#3665),(#3666,#3667),(#3668,#3669),(#3670,#3671),
(#3672,#3673),(#3674,#3675),(#3676,#3677),(#3678,#3679),(#3680,#3681),(#3682,
#3683),(#3684,#3685),(#3686,#3687),(#3688,#3689),(#3690,#3691),(#3692,#3693),
(#3694,#3695),(#3696,#3697),(#3698,#3699),(#3700,#3701),(#3702,#3703),(#3704,
#3705),(#3706,#3707),(#3708,#3709),(#3710,#3711),(#3712,#3713),(#3714,#3715),
(#3716,#3717),(#3718,#3719),(#3720,#3721),(#3722,#3723),(#3724,#3725),(#3726,
#3727),(#3728,#3729),(#3730,#3731),(#3732,#3733),(#3734,#3735),(#3736,#3737),
(#3738,#3739),(#3740,#3741),(#3742,#3743),(#3744,#3745),(#3746,#3747),(#3748,
#3749),(#3750,#3751),(#3752,#3753),(#3754,#3755),(#3756,#3757),(#3758,#3759),
(#3760,#3761),(#3762,#3763),(#3764,#3765),(#3766,#3767),(#3768,#3769),(#3770,
#3771),(#3772,#3773),(#3774,#3775),(#3776,#3777),(#3778,#3779),(#3780,#3781),
(#3782,#3783),(#3784,#3785),(#3786,#3787),(#3788,#3789),(#3790,#3791),(#3792,
#3793),(#3794,#3795),(#3796,#3797),(#3798,#3799),(#3800,#3801),(#3802,#3803),
(#3804,#3805),(#3806,#3807),(#3808,#3809),(#3810,#3811),(#3812,#3813),(#3814,
#3815),(#3816,#3817),(#3818,#3819),(#3820,#3821),(#3822,#3823),(#3824,#3825),
(#3826,#3827),(#3828,#3829),(#3830,#3831),(#3832,#3833),(#3834,#3835),(#3836,
#3837),(#3838,#3839),(#3840,#3841),(#3842,#3843),(#3844,#3845),(#3846,#3847),
(#3848,#3849),(#3850,#3851),(#3852,#3853),(#3854,#3855),(#3856,#3857),(#3858,
#3859),(#3860,#3861),(#3862,#3863),(#3864,#3865),(#3866,#3867),(#3868,#3869),
(#3870,#3871),(#3872,#3873),(#3874,#3875),(#3876,#3877),(#3878,#3879),(#3880,
#3881),(#3882,#3883),(#3884,#3885),(#3886,#3887),(#3888,#3889),(#3890,#3891),
(#3892,#3893),(#3894,#3895),(#3896,#3897),(#3898,#3899),(#3900,#3901),(#3902,
#3903),(#3904,#3905),(#3906,#3907),(#3908,#3909),(#3910,#3911),(#3912,#3913),
(#3914,#3915),(#3916,#3917),(#3918,#3919),(#3920,#3921),(#3922,#3923),(#3924,
#3925),(#3926,#3927),(#3928,#3929),(#3930,#3931),(#3932,#3933),(#3934,#3935),
(#3936,#3937),(#3938,#3939),(#3940,#3941),(#3942,#3943),(#3944,#3945),(#3946,
#3947),(#3948,#3949),(#3950,#3951),(#3952,#3953),(#3954,#3955),(#3956,#3957),
(#3958,#3959),(#3960,#3961),(#3962,#3963),(#3964,#3965),(#3966,#3967),(#3968,
#3969),(#3970,#3971),(#3972,#3973),(#3974,#3975),(#3976,#3977),(#3978,#3979),
(#3980,#3981),(#3982,#3983),(#3984,#3985),(#3986,#3987),(#3988,#3989),(#3990,
#3991),(#3992,#3993),(#3994,#3995),(#3996,#3997),(#3998,#3999),(#4000,#4001),
(#4002,#4003),(#4004,#4005),(#4006,#4007),(#4008,#4009),(#4010,#4011),(#4012,
#4013),(#4014,#4015),(#4016,#4017),(#4018,#4019),(#4020,#4021),(#4022,#4023),
(#4024,#4025),(#4026,#4027),(#4028,#4029),(#4030,#4031),(#4032,#4033),(#4034,
#4035),(#4036,#4037),(#4038,#4039),(#4040,#4041),(#4042,#4043),(#4044,#4045),
(#4046,#4047),(#4048,#4049),(#4050,#4051),(#4052,#4053)),.UNSPECIFIED.,
 .T.,.F.,.F.,(4,3,3,3,3,3,3,3,3,3,3,3,3,3,3,3,3,3,3,3,3,3,3,3,3,3,3,3,3,
3,3,3,3,3,3,3,3,3,3,3,3,3,3,3,3,3,3,3,3,3,3,3,3,3,3,3,3,3,3,3,3,3,3,3,3,
3,3,3,3,3,3,3,3,3,3,3,3,3,3,3,3,3,3,3,3,3,3,3,4),(2,2),(-385.284385181067,
-381.558579277522,-377.932172310514,-377.646447461492,-377.255261600635,
-376.460755207388,-375.696762760843,-374.754401356478,-373.048047505568,
-369.635339803749,-362.809924400111,-352.142880063792,-349.449101258326,
-340.956089980864,-339.478643597373,-336.458773368983,-331.961456757102,
-322.96682353334,-304.977557085816,-268.999024190768,-262.95583814203,-251.264129555987,
-221.366809414362,-219.044590404286,-209.763377228468,-197.727900582701,
-195.625766954521,-189.390582574124,-186.087989817735,-182.150165215365,
-181.51386000859,-179.365881637517,-177.044083095376,-175.856151269125,
-174.011551730165,-168.657221822812,-159.20662642724,-154.192541753129,
-144.343263229325,-143.510696844863,-141.268421190238,-139.091412440657,
-138.608325573439,-137.866507496632,-136.73253626543,-131.627900323842,
-130.72729139591,-129.399867534615,-127.682388472259,-122.045387509429,
-120.706655629783,-118.063253469522,-114.856875135277,-114.472099817388,
-113.883383703954,-112.963450052734,-111.52246119871,-110.810426768342,
-109.598307063959,-106.233164075184,-99.5028780976336,-95.946261969357,
-89.8173254461256,-89.10342490592,-87.8375253406872,-86.7752307713915,-86.4302387526348,
-85.0229521645823,-82.2083789884774,-81.5719230287576,-80.9359485246366,
-78.6354229192863,-77.4200948433921,-77.1125952106013,-76.748526883465,
-74.8616308476438,-74.245987470302,-69.8565520213176,-69.3518619950036,
-68.1796652875049,-66.5027785536922,-63.1490050860667,-56.4414581508158,
-43.7596395889097,-21.8769002835629,-6.07433657756337,-5.09315141138046,
2.8421709430404E-13,6.57514160107058),(0.,10.),.UNSPECIFIED.);
#22=CYLINDRICAL_SURFACE('',#464,3.25000000000001);
#23=CYLINDRICAL_SURFACE('',#467,3.24999999999999);
#24=CYLINDRICAL_SURFACE('',#469,3.25000000000001);
#25=CYLINDRICAL_SURFACE('',#472,3.24999999999999);
#26=FACE_BOUND('',#70,.T.);
#27=FACE_BOUND('',#71,.T.);
#28=FACE_BOUND('',#90,.T.);
#29=FACE_BOUND('',#91,.T.);
#30=FACE_BOUND('',#92,.T.);
#31=FACE_BOUND('',#93,.T.);
#32=FACE_BOUND('',#94,.T.);
#33=FACE_BOUND('',#96,.T.);
#34=FACE_BOUND('',#97,.T.);
#35=FACE_BOUND('',#103,.T.);
#36=CIRCLE('',#462,3.24999999999999);
#37=CIRCLE('',#463,3.24999999999999);
#38=CIRCLE('',#465,3.25000000000001);
#39=CIRCLE('',#466,3.25000000000001);
#40=CIRCLE('',#468,3.24999999999999);
#41=CIRCLE('',#470,3.25000000000001);
#42=CIRCLE('',#471,3.25000000000001);
#43=CIRCLE('',#473,3.24999999999999);
#44=FACE_OUTER_BOUND('',#69,.T.);
#45=FACE_OUTER_BOUND('',#72,.T.);
#46=FACE_OUTER_BOUND('',#73,.T.);
#47=FACE_OUTER_BOUND('',#74,.T.);
#48=FACE_OUTER_BOUND('',#75,.T.);
#49=FACE_OUTER_BOUND('',#76,.T.);
#50=FACE_OUTER_BOUND('',#77,.T.);
#51=FACE_OUTER_BOUND('',#78,.T.);
#52=FACE_OUTER_BOUND('',#79,.T.);
#53=FACE_OUTER_BOUND('',#80,.T.);
#54=FACE_OUTER_BOUND('',#81,.T.);
#55=FACE_OUTER_BOUND('',#82,.T.);
#56=FACE_OUTER_BOUND('',#83,.T.);
#57=FACE_OUTER_BOUND('',#84,.T.);
#58=FACE_OUTER_BOUND('',#85,.T.);
#59=FACE_OUTER_BOUND('',#86,.T.);
#60=FACE_OUTER_BOUND('',#87,.T.);
#61=FACE_OUTER_BOUND('',#88,.T.);
#62=FACE_OUTER_BOUND('',#89,.T.);
#63=FACE_OUTER_BOUND('',#95,.T.);
#64=FACE_OUTER_BOUND('',#98,.T.);
#65=FACE_OUTER_BOUND('',#99,.T.);
#66=FACE_OUTER_BOUND('',#100,.T.);
#67=FACE_OUTER_BOUND('',#101,.T.);
#68=FACE_OUTER_BOUND('',#102,.T.);
#69=EDGE_LOOP('',(#288,#289,#290,#291));
#70=EDGE_LOOP('',(#292));
#71=EDGE_LOOP('',(#293));
#72=EDGE_LOOP('',(#294,#295,#296,#297));
#73=EDGE_LOOP('',(#298,#299,#300,#301));
#74=EDGE_LOOP('',(#302,#303,#304,#305));
#75=EDGE_LOOP('',(#306,#307,#308,#309));
#76=EDGE_LOOP('',(#310,#311,#312,#313));
#77=EDGE_LOOP('',(#314,#315,#316,#317));
#78=EDGE_LOOP('',(#318,#319,#320,#321));
#79=EDGE_LOOP('',(#322,#323,#324,#325));
#80=EDGE_LOOP('',(#326,#327,#328,#329));
#81=EDGE_LOOP('',(#330,#331,#332,#333));
#82=EDGE_LOOP('',(#334,#335,#336,#337,#338));
#83=EDGE_LOOP('',(#339,#340,#341,#342));
#84=EDGE_LOOP('',(#343,#344,#345,#346));
#85=EDGE_LOOP('',(#347,#348,#349,#350));
#86=EDGE_LOOP('',(#351,#352,#353,#354));
#87=EDGE_LOOP('',(#355,#356,#357,#358));
#88=EDGE_LOOP('',(#359,#360,#361,#362));
#89=EDGE_LOOP('',(#363,#364,#365,#366,#367));
#90=EDGE_LOOP('',(#368,#369,#370,#371,#372,#373,#374,#375));
#91=EDGE_LOOP('',(#376));
#92=EDGE_LOOP('',(#377));
#93=EDGE_LOOP('',(#378));
#94=EDGE_LOOP('',(#379));
#95=EDGE_LOOP('',(#380,#381,#382,#383));
#96=EDGE_LOOP('',(#384));
#97=EDGE_LOOP('',(#385));
#98=EDGE_LOOP('',(#386,#387));
#99=EDGE_LOOP('',(#388,#389,#390,#391,#392,#393,#394,#395));
#100=EDGE_LOOP('',(#396,#397,#398,#399,#400,#401,#402,#403));
#101=EDGE_LOOP('',(#404,#405));
#102=EDGE_LOOP('',(#406));
#103=EDGE_LOOP('',(#407));
#104=LINE('',#618,#139);
#105=LINE('',#620,#140);
#106=LINE('',#621,#141);
#107=LINE('',#630,#142);
#108=LINE('',#635,#143);
#109=LINE('',#640,#144);
#110=LINE('',#645,#145);
#111=LINE('',#648,#146);
#112=LINE('',#650,#147);
#113=LINE('',#651,#148);
#114=LINE('',#654,#149);
#115=LINE('',#655,#150);
#116=LINE('',#1166,#151);
#117=LINE('',#1169,#152);
#118=LINE('',#1171,#153);
#119=LINE('',#1172,#154);
#120=LINE('',#1175,#155);
#121=LINE('',#1177,#156);
#122=LINE('',#1178,#157);
#123=LINE('',#1181,#158);
#124=LINE('',#1183,#159);
#125=LINE('',#1184,#160);
#126=LINE('',#1660,#161);
#127=LINE('',#1662,#162);
#128=LINE('',#1666,#163);
#129=LINE('',#1668,#164);
#130=LINE('',#1670,#165);
#131=LINE('',#1671,#166);
#132=LINE('',#2158,#167);
#133=LINE('',#2161,#168);
#134=LINE('',#2163,#169);
#135=LINE('',#2164,#170);
#136=LINE('',#2387,#171);
#137=LINE('',#3523,#172);
#138=LINE('',#4320,#173);
#139=VECTOR('',#491,10.);
#140=VECTOR('',#492,10.);
#141=VECTOR('',#493,10.);
#142=VECTOR('',#502,3.25000000000001);
#143=VECTOR('',#509,3.24999999999999);
#144=VECTOR('',#514,3.25000000000001);
#145=VECTOR('',#521,3.24999999999999);
#146=VECTOR('',#524,10.);
#147=VECTOR('',#525,10.);
#148=VECTOR('',#526,10.);
#149=VECTOR('',#529,10.);
#150=VECTOR('',#530,10.);
#151=VECTOR('',#531,10.);
#152=VECTOR('',#534,10.);
#153=VECTOR('',#535,10.);
#154=VECTOR('',#536,10.);
#155=VECTOR('',#539,10.);
#156=VECTOR('',#540,10.);
#157=VECTOR('',#541,10.);
#158=VECTOR('',#544,10.);
#159=VECTOR('',#545,10.);
#160=VECTOR('',#546,10.);
#161=VECTOR('',#547,10.);
#162=VECTOR('',#550,10.);
#163=VECTOR('',#553,10.);
#164=VECTOR('',#554,10.);
#165=VECTOR('',#555,10.);
#166=VECTOR('',#556,10.);
#167=VECTOR('',#557,10.);
#168=VECTOR('',#560,10.);
#169=VECTOR('',#561,10.);
#170=VECTOR('',#562,10.);
#171=VECTOR('',#563,10.);
#172=VECTOR('',#570,10.);
#173=VECTOR('',#571,10.);
#174=B_SPLINE_CURVE_WITH_KNOTS('',3,(#580,#581,#582,#583,#584,#585,#586,
#587,#588,#589,#590,#591,#592,#593,#594,#595,#596,#597,#598,#599,#600,#601,
#602,#603,#604,#605,#606,#607,#608,#609,#610,#611,#612,#613,#614,#615,#616),
 .UNSPECIFIED.,.F.,.F.,(4,3,3,3,3,3,3,3,3,3,3,3,4),(232.733555389248,233.09473703675,
234.7177670349,237.512436071362,241.073925395997,241.804747871924,242.289465452911,
243.172138155652,244.539528439381,244.816259916647,245.329762124841,246.504766875813,
249.25206395812),.UNSPECIFIED.);
#175=B_SPLINE_CURVE_WITH_KNOTS('',3,(#911,#912,#913,#914,#915,#916,#917,
#918,#919,#920,#921,#922,#923,#924,#925,#926,#927,#928,#929,#930,#931,#932,
#933,#934,#935,#936,#937,#938,#939,#940,#941,#942,#943,#944,#945,#946,#947,
#948,#949,#950,#951,#952,#953,#954,#955,#956,#957,#958,#959,#960,#961,#962,
#963,#964,#965,#966,#967,#968,#969,#970,#971,#972,#973,#974,#975,#976,#977,
#978,#979,#980,#981,#982,#983,#984,#985,#986,#987,#988,#989,#990,#991,#992,
#993,#994,#995,#996,#997,#998,#999,#1000,#1001,#1002,#1003,#1004,#1005,
#1006,#1007,#1008,#1009,#1010,#1011,#1012,#1013,#1014,#1015,#1016,#1017,
#1018,#1019,#1020,#1021,#1022,#1023,#1024,#1025,#1026,#1027,#1028,#1029,
#1030,#1031,#1032,#1033,#1034,#1035,#1036,#1037),.UNSPECIFIED.,.F.,.F.,
(4,3,3,3,3,3,3,3,3,3,3,3,3,3,3,3,3,3,3,3,3,3,3,3,3,3,3,3,3,3,3,3,3,3,3,
3,3,3,3,3,3,3,4),(40.1666396075354,41.5807454492382,42.3278063480288,42.8154618625113,
43.393300486247,43.6418910888514,43.9797483023713,45.1440347422314,46.8586702536396,
47.3272518397256,49.5352874935553,50.7624715354173,51.2578932227149,52.0722462851974,
52.2963777832042,52.7436233101165,53.4150003350355,54.7577543848736,57.4432624845498,
62.8142786839021,73.5563110826069,95.0403758800162,103.326563297792,116.51238733774,
121.76846663448,136.548083811716,154.195139953177,173.843723772532,185.386877703346,
187.771091280296,188.331986140664,189.319710993678,190.594090290093,192.856194439522,
197.380402738379,206.428819336094,217.159169135348,226.778705367967,228.22564703506,
231.352148774029,231.745012446244,232.310005019951,232.733555389248),
 .UNSPECIFIED.);
#176=B_SPLINE_CURVE_WITH_KNOTS('',3,(#1039,#1040,#1041,#1042,#1043,#1044,
#1045,#1046,#1047,#1048,#1049,#1050,#1051,#1052,#1053,#1054,#1055,#1056,
#1057,#1058,#1059,#1060,#1061,#1062,#1063,#1064,#1065,#1066,#1067,#1068,
#1069,#1070,#1071,#1072,#1073,#1074,#1075,#1076,#1077,#1078,#1079,#1080,
#1081,#1082,#1083,#1084,#1085,#1086,#1087,#1088,#1089,#1090,#1091,#1092,
#1093,#1094,#1095,#1096,#1097,#1098,#1099,#1100,#1101,#1102,#1103,#1104,
#1105,#1106,#1107,#1108,#1109,#1110,#1111,#1112,#1113,#1114,#1115,#1116,
#1117,#1118,#1119,#1120,#1121,#1122,#1123,#1124,#1125,#1126,#1127,#1128,
#1129,#1130,#1131,#1132,#1133,#1134,#1135,#1136,#1137,#1138,#1139,#1140,
#1141,#1142,#1143,#1144,#1145,#1146,#1147,#1148,#1149,#1150,#1151,#1152,
#1153,#1154,#1155,#1156,#1157,#1158,#1159,#1160,#1161,#1162,#1163,#1164,
#1165),.UNSPECIFIED.,.F.,.F.,(4,3,3,3,3,3,3,3,3,3,3,3,3,3,3,3,3,3,3,3,3,
3,3,3,3,3,3,3,3,3,3,3,3,3,3,3,3,3,3,3,3,3,4),(40.1666396075355,41.5807454492382,
42.3278063480288,42.8154618625113,43.393300486247,43.6418910888514,43.9797483023713,
45.1440347422314,46.8586702536396,47.3272518397255,49.5352874935553,50.7624715354172,
51.2578932227149,52.0722462851974,52.2963777832041,52.7436233101164,53.4150003350355,
54.7577543848735,57.4432624845497,62.814278683902,73.5563110826067,95.040375880016,
103.326563297792,116.51238733774,121.76846663448,136.548083811716,154.195139953176,
173.843723772532,185.386877703346,187.771091280295,188.331986140663,189.319710993677,
190.594090290092,192.856194439521,197.380402738378,206.428819336093,217.159169135347,
226.778705367966,228.225647035059,231.352148774027,231.745012446243,232.31000501995,
232.733555389248),.UNSPECIFIED.);
#177=B_SPLINE_CURVE_WITH_KNOTS('',3,(#1422,#1423,#1424,#1425,#1426,#1427,
#1428,#1429,#1430,#1431,#1432,#1433,#1434,#1435,#1436,#1437,#1438,#1439,
#1440,#1441,#1442,#1443,#1444,#1445,#1446,#1447,#1448,#1449,#1450,#1451,
#1452,#1453,#1454,#1455,#1456,#1457,#1458,#1459,#1460,#1461,#1462,#1463,
#1464,#1465,#1466,#1467,#1468,#1469,#1470,#1471,#1472,#1473,#1474,#1475,
#1476,#1477,#1478,#1479,#1480,#1481,#1482),.UNSPECIFIED.,.F.,.F.,(4,3,3,
3,3,3,3,3,3,3,3,3,3,3,3,3,3,3,3,3,4),(249.25206395812,251.204785956466,
251.692965026449,251.773079841101,252.010770655132,252.14104299468,252.294585286058,
252.689402627556,253.339227191208,254.046300290461,254.466838725386,254.544432649094,
254.642724493639,254.676060239217,254.790034737109,254.977610787408,255.312497081177,
255.982269668715,257.321814843791,260.000905193942,263.268942398545),
 .UNSPECIFIED.);
#178=B_SPLINE_CURVE_WITH_KNOTS('',3,(#1483,#1484,#1485,#1486,#1487,#1488,
#1489,#1490,#1491,#1492,#1493,#1494,#1495,#1496,#1497,#1498,#1499,#1500,
#1501,#1502,#1503,#1504,#1505,#1506,#1507,#1508,#1509,#1510,#1511,#1512,
#1513,#1514,#1515,#1516,#1517,#1518,#1519,#1520,#1521,#1522,#1523,#1524,
#1525,#1526,#1527,#1528,#1529,#1530,#1531,#1532,#1533,#1534,#1535,#1536,
#1537,#1538,#1539,#1540),.UNSPECIFIED.,.F.,.F.,(4,3,3,3,3,3,3,3,3,3,3,3,
3,3,3,3,3,3,3,4),(-6.61967328343087,2.94642248377386E-8,2.10840236508007,
2.67233239442699,2.9665317886918,3.64623758988881,3.89163266188033,4.81673353506886,
6.08047699103765,7.39694356812981,7.45616034079954,8.25719444778688,8.43246087381349,
8.60288402029974,8.66030302644868,8.86865016160959,9.19564674842271,9.78840947654568,
10.9739349327916,12.794426477696),.UNSPECIFIED.);
#179=B_SPLINE_CURVE_WITH_KNOTS('',3,(#1542,#1543,#1544,#1545,#1546,#1547,
#1548,#1549,#1550,#1551,#1552,#1553,#1554,#1555,#1556,#1557,#1558,#1559,
#1560,#1561,#1562,#1563,#1564,#1565,#1566,#1567,#1568,#1569,#1570,#1571,
#1572,#1573,#1574,#1575,#1576,#1577,#1578,#1579,#1580,#1581,#1582,#1583,
#1584,#1585,#1586,#1587,#1588,#1589,#1590,#1591,#1592,#1593,#1594,#1595,
#1596,#1597,#1598,#1599,#1600,#1601,#1602,#1603,#1604,#1605,#1606,#1607,
#1608,#1609,#1610,#1611,#1612,#1613,#1614,#1615,#1616,#1617,#1618,#1619,
#1620,#1621,#1622,#1623,#1624,#1625,#1626,#1627,#1628,#1629,#1630,#1631,
#1632,#1633,#1634,#1635,#1636,#1637,#1638,#1639,#1640,#1641,#1642,#1643,
#1644,#1645,#1646,#1647,#1648,#1649,#1650,#1651,#1652,#1653,#1654,#1655,
#1656,#1657,#1658,#1659),.UNSPECIFIED.,.F.,.F.,(4,3,3,3,3,3,3,3,3,3,3,3,
3,3,3,3,3,3,3,3,3,3,3,3,3,3,3,3,3,3,3,3,3,3,3,3,3,3,3,4),(-20.6365517238551,
-18.6838297255095,-18.1956506555259,-18.1155358408745,-17.877845026843,
-17.7475726872951,-17.5940303959176,-17.199213054419,-16.5493884907678,
-15.8423153915148,-15.421776956589,-15.3441830328818,-15.2458911883367,
-15.2125554427581,-15.0985809448662,-14.9110048945677,-14.5761186007988,
-13.9063460132608,-12.566800838185,-9.88771048803331,-6.61967323720844,
2.94642159559544E-8,2.10840236508005,2.67233239442697,2.96653178869179,
3.6462375898888,3.89163266188032,4.81673353506885,6.08047699103763,7.3969435681298,
7.45616034079952,8.25719444778686,8.43246087381348,8.60288402029972,8.66030302644866,
8.86865016160957,9.19564674842269,9.78840947654566,10.9739349327916,12.794426477696),
 .UNSPECIFIED.);
#180=B_SPLINE_CURVE_WITH_KNOTS('',3,(#1915,#1916,#1917,#1918,#1919,#1920,
#1921,#1922,#1923,#1924,#1925,#1926,#1927,#1928,#1929,#1930,#1931,#1932,
#1933,#1934,#1935,#1936,#1937,#1938,#1939,#1940,#1941,#1942,#1943,#1944,
#1945,#1946,#1947,#1948,#1949,#1950,#1951,#1952,#1953,#1954,#1955,#1956,
#1957,#1958,#1959,#1960,#1961,#1962,#1963,#1964,#1965,#1966,#1967,#1968,
#1969,#1970,#1971,#1972,#1973,#1974,#1975,#1976,#1977,#1978,#1979,#1980,
#1981,#1982,#1983,#1984,#1985,#1986,#1987,#1988,#1989,#1990,#1991,#1992,
#1993,#1994,#1995,#1996,#1997,#1998,#1999,#2000,#2001,#2002,#2003,#2004,
#2005,#2006,#2007,#2008,#2009,#2010,#2011,#2012,#2013,#2014,#2015,#2016,
#2017,#2018,#2019,#2020,#2021,#2022,#2023,#2024,#2025,#2026,#2027,#2028,
#2029,#2030,#2031,#2032,#2033,#2034,#2035),.UNSPECIFIED.,.F.,.F.,(4,3,3,
3,3,3,3,3,3,3,3,3,3,3,3,3,3,3,3,3,3,3,3,3,3,3,3,3,3,3,3,3,3,3,3,3,3,3,3,
3,4),(-186.198457966293,-186.088027360653,-182.150201291769,-181.513895848024,
-179.365916677006,-177.044117270188,-175.856185001529,-174.011584775609,
-168.657252874212,-159.206653959076,-154.192567417632,-144.343285225792,
-143.510718531266,-141.268442041578,-139.091432481496,-138.608345434315,
-137.866527081016,-136.732555427495,-131.627917584887,-130.727308321553,
-129.399883965902,-127.682404263927,-122.045401201782,-120.70666882357,
-118.063265678861,-114.856886150505,-114.472110689319,-113.883394356637,
-112.963460362817,-111.522470972144,-110.810436276602,-109.598316120805,
-106.233171878793,-99.5028833947689,-95.9462659419494,-89.8173271361948,
-89.1034263301204,-87.8375262934449,-86.7752313285324,-86.4302391812948,
-85.2665210771648),.UNSPECIFIED.);
#181=B_SPLINE_CURVE_WITH_KNOTS('',3,(#2037,#2038,#2039,#2040,#2041,#2042,
#2043,#2044,#2045,#2046,#2047,#2048,#2049,#2050,#2051,#2052,#2053,#2054,
#2055,#2056,#2057,#2058,#2059,#2060,#2061,#2062,#2063,#2064,#2065,#2066,
#2067,#2068,#2069,#2070,#2071,#2072,#2073,#2074,#2075,#2076,#2077,#2078,
#2079,#2080,#2081,#2082,#2083,#2084,#2085,#2086,#2087,#2088,#2089,#2090,
#2091,#2092,#2093,#2094,#2095,#2096,#2097,#2098,#2099,#2100,#2101,#2102,
#2103,#2104,#2105,#2106,#2107,#2108,#2109,#2110,#2111,#2112,#2113,#2114,
#2115,#2116,#2117,#2118,#2119,#2120,#2121,#2122,#2123,#2124,#2125,#2126,
#2127,#2128,#2129,#2130,#2131,#2132,#2133,#2134,#2135,#2136,#2137,#2138,
#2139,#2140,#2141,#2142,#2143,#2144,#2145,#2146,#2147,#2148,#2149,#2150,
#2151,#2152,#2153,#2154,#2155,#2156,#2157),.UNSPECIFIED.,.F.,.F.,(4,3,3,
3,3,3,3,3,3,3,3,3,3,3,3,3,3,3,3,3,3,3,3,3,3,3,3,3,3,3,3,3,3,3,3,3,3,3,3,
3,4),(-186.198457966293,-186.088027360653,-182.15020129177,-181.513895848024,
-179.365916677006,-177.044117270188,-175.856185001529,-174.011584775609,
-168.657252874212,-159.206653959076,-154.192567417632,-144.343285225792,
-143.510718531266,-141.268442041578,-139.091432481496,-138.608345434315,
-137.866527081016,-136.732555427495,-131.627917584887,-130.727308321553,
-129.399883965902,-127.682404263928,-122.045401201782,-120.70666882357,
-118.063265678861,-114.856886150505,-114.472110689319,-113.883394356637,
-112.963460362817,-111.522470972144,-110.810436276602,-109.598316120805,
-106.233171878793,-99.502883394769,-95.9462659419494,-89.8173271361948,
-89.1034263301204,-87.8375262934449,-86.7752313285324,-86.4302391812948,
-85.2665210771648),.UNSPECIFIED.);
#182=B_SPLINE_CURVE_WITH_KNOTS('',3,(#2276,#2277,#2278,#2279,#2280,#2281,
#2282,#2283,#2284,#2285,#2286,#2287,#2288,#2289,#2290,#2291,#2292,#2293,
#2294,#2295,#2296,#2297,#2298,#2299,#2300,#2301,#2302,#2303,#2304,#2305,
#2306,#2307,#2308,#2309,#2310,#2311,#2312,#2313,#2314,#2315,#2316,#2317,
#2318,#2319,#2320,#2321,#2322,#2323,#2324,#2325,#2326,#2327,#2328,#2329,
#2330),.UNSPECIFIED.,.F.,.F.,(4,3,3,3,3,3,3,3,3,3,3,3,3,3,3,3,3,3,4),(-385.284385181067,
-381.558579277525,-377.932172310512,-377.646447461496,-377.255261600636,
-376.460755207388,-375.696762760843,-374.754401356478,-373.048047505569,
-369.63533980375,-362.809924400112,-352.142880063792,-349.449101258326,
-340.956089980864,-339.478643597387,-336.458773368983,-331.961456757102,
-322.966823533341,-305.073763025984),.UNSPECIFIED.);
#183=B_SPLINE_CURVE_WITH_KNOTS('',3,(#2332,#2333,#2334,#2335,#2336,#2337,
#2338,#2339,#2340,#2341,#2342,#2343,#2344,#2345,#2346,#2347,#2348,#2349,
#2350,#2351,#2352,#2353,#2354,#2355,#2356,#2357,#2358,#2359,#2360,#2361,
#2362,#2363,#2364,#2365,#2366,#2367,#2368,#2369,#2370,#2371,#2372,#2373,
#2374,#2375,#2376,#2377,#2378,#2379,#2380,#2381,#2382,#2383,#2384,#2385,
#2386),.UNSPECIFIED.,.F.,.F.,(4,3,3,3,3,3,3,3,3,3,3,3,3,3,3,3,3,3,4),(-385.284385181067,
-381.558579277525,-377.932172310512,-377.646447461496,-377.255261600636,
-376.460755207388,-375.696762760843,-374.754401356478,-373.048047505569,
-369.63533980375,-362.809924400112,-352.142880063792,-349.449101258326,
-340.956089980864,-339.478643597387,-336.458773368984,-331.961456757103,
-322.966823533341,-305.073763025984),.UNSPECIFIED.);
#184=B_SPLINE_CURVE_WITH_KNOTS('',3,(#2462,#2463,#2464,#2465,#2466,#2467,
#2468,#2469,#2470,#2471,#2472,#2473,#2474,#2475,#2476,#2477,#2478,#2479,
#2480,#2481,#2482,#2483,#2484,#2485,#2486,#2487,#2488,#2489,#2490,#2491,
#2492,#2493,#2494,#2495,#2496,#2497,#2498),.UNSPECIFIED.,.F.,.F.,(4,3,3,
3,3,3,3,3,3,3,3,3,4),(-74.156853466669,-69.8565520238625,-69.3518619975315,
-68.179665289994,-66.5027785561254,-63.1490050883883,-56.441458152914,-43.7596395906546,
-21.876900284529,-6.07433657798446,-5.09315141176899,-2.18662421502813E-10,
6.57514160107056),.UNSPECIFIED.);
#185=B_SPLINE_CURVE_WITH_KNOTS('',3,(#2499,#2500,#2501,#2502,#2503,#2504,
#2505,#2506,#2507,#2508,#2509,#2510,#2511,#2512,#2513,#2514,#2515,#2516,
#2517,#2518,#2519,#2520,#2521,#2522,#2523,#2524,#2525,#2526,#2527,#2528,
#2529,#2530,#2531,#2532,#2533,#2534,#2535),.UNSPECIFIED.,.F.,.F.,(4,3,3,
3,3,3,3,3,3,3,3,3,4),(-74.156853466669,-69.8565520238625,-69.3518619975315,
-68.179665289994,-66.5027785561254,-63.1490050883883,-56.4414581529141,
-43.7596395906547,-21.8769002845292,-6.0743365779847,-5.09315141176924,
-2.18929763207143E-10,6.57514160107056),.UNSPECIFIED.);
#186=B_SPLINE_CURVE_WITH_KNOTS('',3,(#2538,#2539,#2540,#2541,#2542,#2543,
#2544,#2545,#2546,#2547,#2548,#2549,#2550,#2551,#2552,#2553,#2554,#2555,
#2556,#2557,#2558,#2559,#2560,#2561,#2562,#2563,#2564,#2565,#2566,#2567,
#2568,#2569,#2570,#2571,#2572,#2573,#2574),.UNSPECIFIED.,.F.,.F.,(4,3,3,
3,3,3,3,3,3,3,3,3,4),(12.794426477696,13.3449858496048,18.087087686594,
18.8030528802612,19.7020630196956,30.8012420267755,31.1570084003696,31.736472439096,
33.278711667528,33.979221437116,35.3542201769471,37.4297286863662,40.1666396075354),
 .UNSPECIFIED.);
#187=B_SPLINE_CURVE_WITH_KNOTS('',3,(#2576,#2577,#2578,#2579,#2580,#2581,
#2582,#2583,#2584,#2585,#2586,#2587,#2588,#2589,#2590,#2591,#2592,#2593,
#2594,#2595,#2596,#2597,#2598,#2599,#2600,#2601,#2602,#2603,#2604,#2605,
#2606,#2607,#2608,#2609),.UNSPECIFIED.,.F.,.F.,(4,3,3,3,3,3,3,3,3,3,3,4),
(-85.2665210771648,-85.0229521645823,-82.2083789884774,-81.5719230287576,
-80.9359485246366,-78.6354229192863,-77.4200948433921,-77.1125952106014,
-76.7485268834651,-74.8616308476438,-74.245987470302,-74.156853466669),
 .UNSPECIFIED.);
#188=B_SPLINE_CURVE_WITH_KNOTS('',3,(#3219,#3220,#3221,#3222,#3223,#3224,
#3225,#3226,#3227,#3228,#3229,#3230,#3231,#3232,#3233,#3234,#3235,#3236,
#3237,#3238,#3239,#3240,#3241,#3242,#3243,#3244,#3245,#3246,#3247,#3248,
#3249,#3250,#3251,#3252,#3253,#3254,#3255,#3256,#3257,#3258,#3259,#3260,
#3261,#3262,#3263,#3264,#3265,#3266,#3267,#3268,#3269,#3270,#3271,#3272,
#3273,#3274,#3275,#3276,#3277,#3278,#3279,#3280,#3281,#3282,#3283,#3284,
#3285,#3286,#3287,#3288,#3289,#3290,#3291,#3292,#3293,#3294,#3295,#3296,
#3297,#3298,#3299,#3300,#3301,#3302,#3303,#3304,#3305,#3306,#3307,#3308,
#3309,#3310,#3311,#3312,#3313,#3314,#3315,#3316,#3317,#3318,#3319,#3320,
#3321,#3322,#3323,#3324,#3325,#3326,#3327,#3328,#3329,#3330,#3331,#3332,
#3333,#3334,#3335,#3336,#3337,#3338,#3339,#3340,#3341,#3342,#3343,#3344,
#3345,#3346,#3347,#3348,#3349,#3350,#3351,#3352,#3353,#3354,#3355,#3356,
#3357,#3358,#3359,#3360,#3361,#3362,#3363,#3364,#3365,#3366,#3367,#3368,
#3369,#3370,#3371,#3372,#3373,#3374,#3375,#3376,#3377,#3378,#3379,#3380,
#3381,#3382,#3383,#3384,#3385,#3386,#3387,#3388,#3389,#3390,#3391,#3392,
#3393,#3394,#3395,#3396,#3397,#3398,#3399,#3400,#3401,#3402,#3403,#3404,
#3405,#3406,#3407,#3408,#3409,#3410,#3411,#3412,#3413,#3414,#3415,#3416,
#3417,#3418,#3419,#3420,#3421,#3422,#3423,#3424,#3425,#3426,#3427,#3428,
#3429,#3430,#3431,#3432,#3433,#3434,#3435,#3436,#3437,#3438,#3439,#3440,
#3441,#3442,#3443,#3444,#3445,#3446,#3447,#3448,#3449,#3450,#3451,#3452,
#3453,#3454,#3455,#3456,#3457,#3458,#3459,#3460,#3461,#3462,#3463,#3464,
#3465,#3466,#3467,#3468,#3469,#3470,#3471,#3472,#3473,#3474,#3475,#3476,
#3477,#3478,#3479,#3480,#3481,#3482,#3483,#3484,#3485,#3486,#3487,#3488,
#3489,#3490,#3491,#3492,#3493,#3494,#3495,#3496,#3497,#3498,#3499,#3500,
#3501,#3502,#3503,#3504,#3505,#3506,#3507,#3508,#3509,#3510,#3511,#3512,
#3513,#3514,#3515,#3516,#3517,#3518,#3519,#3520,#3521,#3522),
 .UNSPECIFIED.,.T.,.F.,(4,3,3,3,3,3,3,3,3,3,3,3,3,3,3,3,3,3,3,3,3,3,3,3,
3,3,3,3,3,3,3,3,3,3,3,3,3,3,3,3,3,3,3,3,3,3,3,3,3,3,3,3,3,3,3,3,3,3,3,3,
3,3,3,3,3,3,3,3,3,3,3,3,3,3,3,3,3,3,3,3,3,3,3,3,3,3,3,3,3,3,3,3,3,3,3,3,
3,3,3,3,3,4),(-263.268942398545,-260.000905139446,-257.321814782512,-255.982269604045,
-255.312497014812,-254.977610720195,-254.790034669421,-254.676060171241,
-254.642724425578,-254.544432580783,-254.466838656879,-254.046300220888,
-253.339227119845,-252.689402554549,-252.294585212052,-252.141042920286,
-252.010770580408,-251.773079765775,-251.692964950921,-251.204785879703,
-246.504766875813,-245.329762124841,-244.816259916647,-244.539528439381,
-243.172138155652,-242.289465452911,-241.804747871924,-241.073925395997,
-237.512436071362,-234.7177670349,-233.09473703675,-232.31000502174,-231.745012448779,
-231.352148777071,-228.225647042299,-226.778705377133,-217.159169157326,
-206.428819372381,-197.380402786724,-192.856194493895,-190.594090347481,
-189.319711052758,-188.331986201067,-187.771091341449,-185.386877767678,
-173.843723852243,-154.195140059071,-136.548083941134,-121.768466783603,
-116.512387493852,-103.326563471476,-95.04037606474,-73.5563112959624,-62.8142789115736,
-57.4432627193792,-54.757754623282,-53.4150005752334,-52.7436235512091,
-52.2963780248928,-52.0722465271848,-51.2578934657877,-50.76247177915,-49.5352877389241,
-47.3272520880437,-46.8586705025747,-45.1440349934514,-43.979748555143,
-43.6418913420732,-43.3933007398,-42.8154621168346,-42.3278066030032,-41.5807457052045,
-37.4297286863662,-35.3542201769471,-33.979221437116,-33.278711667528,-31.736472439096,
-31.1570084003696,-30.8012420267755,-19.7020630196956,-18.8030528802612,
-18.087087686594,-13.3449858496048,-10.9739349311103,-9.78840947186296,
-9.19564674223932,-8.8686501545979,-8.66030301890947,-8.60288401261568,
-8.43246086568939,-8.25719443922691,-7.45616033021184,-7.39694355739272,
-6.08047697696952,-4.81673351780171,-3.89163264227005,-3.64623756965693,
-2.9665317667384,-2.67233237172849,-2.10840234095451,-5.6932236702778E-13,
6.61967328343087),.UNSPECIFIED.);
#189=B_SPLINE_CURVE_WITH_KNOTS('',3,(#4055,#4056,#4057,#4058,#4059,#4060,
#4061,#4062,#4063,#4064,#4065,#4066,#4067,#4068,#4069,#4070,#4071,#4072,
#4073,#4074,#4075,#4076,#4077,#4078,#4079,#4080,#4081,#4082,#4083,#4084,
#4085,#4086,#4087,#4088,#4089,#4090,#4091,#4092,#4093,#4094,#4095,#4096,
#4097,#4098,#4099,#4100,#4101,#4102,#4103,#4104,#4105,#4106,#4107,#4108,
#4109,#4110,#4111,#4112,#4113,#4114,#4115,#4116,#4117,#4118,#4119,#4120,
#4121,#4122,#4123,#4124,#4125,#4126,#4127,#4128,#4129,#4130,#4131,#4132,
#4133,#4134,#4135,#4136,#4137,#4138,#4139,#4140,#4141,#4142,#4143,#4144,
#4145,#4146,#4147,#4148,#4149,#4150,#4151,#4152,#4153,#4154,#4155,#4156,
#4157,#4158,#4159,#4160,#4161,#4162,#4163,#4164,#4165,#4166,#4167,#4168,
#4169,#4170,#4171,#4172,#4173,#4174,#4175,#4176,#4177,#4178,#4179,#4180,
#4181,#4182,#4183,#4184,#4185,#4186,#4187,#4188,#4189,#4190,#4191,#4192,
#4193,#4194,#4195,#4196,#4197,#4198,#4199,#4200,#4201,#4202,#4203,#4204,
#4205,#4206,#4207,#4208,#4209,#4210,#4211,#4212,#4213,#4214,#4215,#4216,
#4217,#4218,#4219,#4220,#4221,#4222,#4223,#4224,#4225,#4226,#4227,#4228,
#4229,#4230,#4231,#4232,#4233,#4234,#4235,#4236,#4237,#4238,#4239,#4240,
#4241,#4242,#4243,#4244,#4245,#4246,#4247,#4248,#4249,#4250,#4251,#4252,
#4253,#4254,#4255,#4256,#4257,#4258,#4259,#4260,#4261,#4262,#4263,#4264,
#4265,#4266,#4267,#4268,#4269,#4270,#4271,#4272,#4273,#4274,#4275,#4276,
#4277,#4278,#4279,#4280,#4281,#4282,#4283,#4284,#4285,#4286,#4287,#4288,
#4289,#4290,#4291,#4292,#4293,#4294,#4295,#4296,#4297,#4298,#4299,#4300,
#4301,#4302,#4303,#4304,#4305,#4306,#4307,#4308,#4309,#4310,#4311,#4312,
#4313,#4314,#4315,#4316,#4317,#4318,#4319),.UNSPECIFIED.,.T.,.F.,(4,3,3,
3,3,3,3,3,3,3,3,3,3,3,3,3,3,3,3,3,3,3,3,3,3,3,3,3,3,3,3,3,3,3,3,3,3,3,3,
3,3,3,3,3,3,3,3,3,3,3,3,3,3,3,3,3,3,3,3,3,3,3,3,3,3,3,3,3,3,3,3,3,3,3,3,
3,3,3,3,3,3,3,3,3,3,3,3,3,4),(-6.57514160107056,-2.8421709430404E-13,5.09315141138046,
6.07433657756337,21.8769002835629,43.7596395889097,56.4414581508158,63.1490050860667,
66.5027785536922,68.1796652875049,69.3518619950036,69.8565520213176,74.245987470302,
74.8616308476438,76.7485268834651,77.1125952106013,77.4200948433921,78.6354229192863,
80.9359485246366,81.5719230287576,82.2083789884774,85.0229521645823,86.4302387526348,
86.7752307713915,87.8375253406872,89.10342490592,89.8173254461256,95.946261969357,
99.5028780976336,106.233164075184,109.598307063959,110.810426768342,111.52246119871,
112.963450052734,113.883383703954,114.472099817388,114.856875135277,118.063253469522,
120.706655629783,122.045387509429,127.682388472259,129.399867534615,130.72729139591,
131.627900323842,136.73253626543,137.866507496632,138.608325573439,139.091412440657,
141.268421190238,143.510696844863,144.343263229325,154.192541753129,159.20662642724,
168.657221822812,174.011551730165,175.856151269125,177.044083095376,179.365881637517,
181.51386000859,182.150165215365,186.087989817735,189.390582574124,195.625766954521,
197.727900582701,209.763377228468,219.044590404286,221.366809414362,251.264129555987,
262.95583814203,268.999024190768,304.977557085816,322.96682353334,331.961456757102,
336.458773368983,339.478643597373,340.956089980864,349.449101258326,352.142880063792,
362.809924400111,369.635339803749,373.048047505568,374.754401356478,375.696762760843,
376.460755207388,377.255261600635,377.646447461492,377.932172310514,381.558579277522,
385.284385181067),.UNSPECIFIED.);
#190=B_SPLINE_CURVE_WITH_KNOTS('',3,(#4321,#4322,#4323,#4324,#4325,#4326,
#4327,#4328,#4329,#4330,#4331,#4332,#4333,#4334,#4335,#4336,#4337,#4338,
#4339,#4340,#4341,#4342,#4343,#4344,#4345,#4346,#4347,#4348,#4349,#4350,
#4351,#4352,#4353,#4354),.UNSPECIFIED.,.F.,.F.,(4,3,3,3,3,3,3,3,3,3,3,4),
(-305.073763025984,-304.977557085816,-268.999024190768,-262.95583814203,
-251.264129555987,-221.366809414362,-219.044590404286,-209.763377228468,
-197.727900582701,-195.625766954521,-189.390582574124,-186.198457966293),
 .UNSPECIFIED.);
#191=VERTEX_POINT('',#578);
#192=VERTEX_POINT('',#579);
#193=VERTEX_POINT('',#617);
#194=VERTEX_POINT('',#619);
#195=VERTEX_POINT('',#622);
#196=VERTEX_POINT('',#624);
#197=VERTEX_POINT('',#627);
#198=VERTEX_POINT('',#629);
#199=VERTEX_POINT('',#633);
#200=VERTEX_POINT('',#637);
#201=VERTEX_POINT('',#639);
#202=VERTEX_POINT('',#643);
#203=VERTEX_POINT('',#647);
#204=VERTEX_POINT('',#649);
#205=VERTEX_POINT('',#653);
#206=VERTEX_POINT('',#910);
#207=VERTEX_POINT('',#1038);
#208=VERTEX_POINT('',#1168);
#209=VERTEX_POINT('',#1170);
#210=VERTEX_POINT('',#1174);
#211=VERTEX_POINT('',#1176);
#212=VERTEX_POINT('',#1180);
#213=VERTEX_POINT('',#1182);
#214=VERTEX_POINT('',#1421);
#215=VERTEX_POINT('',#1541);
#216=VERTEX_POINT('',#1664);
#217=VERTEX_POINT('',#1665);
#218=VERTEX_POINT('',#1667);
#219=VERTEX_POINT('',#1669);
#220=VERTEX_POINT('',#1914);
#221=VERTEX_POINT('',#2036);
#222=VERTEX_POINT('',#2160);
#223=VERTEX_POINT('',#2162);
#224=VERTEX_POINT('',#2275);
#225=VERTEX_POINT('',#2331);
#226=VERTEX_POINT('',#3218);
#227=VERTEX_POINT('',#4054);
#228=EDGE_CURVE('',#191,#192,#174,.T.);
#229=EDGE_CURVE('',#193,#192,#104,.T.);
#230=EDGE_CURVE('',#194,#193,#105,.T.);
#231=EDGE_CURVE('',#191,#194,#106,.T.);
#232=EDGE_CURVE('',#195,#195,#36,.T.);
#233=EDGE_CURVE('',#196,#196,#37,.T.);
#234=EDGE_CURVE('',#197,#197,#38,.T.);
#235=EDGE_CURVE('',#197,#198,#107,.T.);
#236=EDGE_CURVE('',#198,#198,#39,.T.);
#237=EDGE_CURVE('',#199,#199,#40,.T.);
#238=EDGE_CURVE('',#199,#196,#108,.T.);
#239=EDGE_CURVE('',#200,#200,#41,.T.);
#240=EDGE_CURVE('',#200,#201,#109,.T.);
#241=EDGE_CURVE('',#201,#201,#42,.T.);
#242=EDGE_CURVE('',#202,#202,#43,.T.);
#243=EDGE_CURVE('',#202,#195,#110,.T.);
#244=EDGE_CURVE('',#193,#203,#111,.T.);
#245=EDGE_CURVE('',#204,#203,#112,.T.);
#246=EDGE_CURVE('',#194,#204,#113,.T.);
#247=EDGE_CURVE('',#205,#204,#114,.T.);
#248=EDGE_CURVE('',#191,#205,#115,.T.);
#249=EDGE_CURVE('',#206,#191,#175,.T.);
#250=EDGE_CURVE('',#207,#205,#176,.T.);
#251=EDGE_CURVE('',#206,#207,#116,.T.);
#252=EDGE_CURVE('',#208,#206,#117,.T.);
#253=EDGE_CURVE('',#209,#207,#118,.T.);
#254=EDGE_CURVE('',#208,#209,#119,.T.);
#255=EDGE_CURVE('',#210,#208,#120,.T.);
#256=EDGE_CURVE('',#211,#209,#121,.T.);
#257=EDGE_CURVE('',#210,#211,#122,.T.);
#258=EDGE_CURVE('',#212,#210,#123,.T.);
#259=EDGE_CURVE('',#213,#211,#124,.T.);
#260=EDGE_CURVE('',#212,#213,#125,.T.);
#261=EDGE_CURVE('',#192,#214,#177,.T.);
#262=EDGE_CURVE('',#214,#212,#178,.T.);
#263=EDGE_CURVE('',#215,#213,#179,.T.);
#264=EDGE_CURVE('',#192,#215,#126,.T.);
#265=EDGE_CURVE('',#203,#215,#127,.T.);
#266=EDGE_CURVE('',#216,#217,#128,.T.);
#267=EDGE_CURVE('',#216,#218,#129,.T.);
#268=EDGE_CURVE('',#219,#218,#130,.T.);
#269=EDGE_CURVE('',#217,#219,#131,.T.);
#270=EDGE_CURVE('',#220,#217,#180,.T.);
#271=EDGE_CURVE('',#221,#219,#181,.T.);
#272=EDGE_CURVE('',#220,#221,#132,.T.);
#273=EDGE_CURVE('',#220,#222,#133,.T.);
#274=EDGE_CURVE('',#223,#221,#134,.T.);
#275=EDGE_CURVE('',#222,#223,#135,.T.);
#276=EDGE_CURVE('',#224,#222,#182,.T.);
#277=EDGE_CURVE('',#225,#223,#183,.T.);
#278=EDGE_CURVE('',#224,#225,#136,.T.);
#279=EDGE_CURVE('',#216,#224,#184,.T.);
#280=EDGE_CURVE('',#218,#225,#185,.T.);
#281=EDGE_CURVE('',#212,#206,#186,.T.);
#282=EDGE_CURVE('',#217,#216,#187,.T.);
#283=EDGE_CURVE('',#226,#226,#188,.T.);
#284=EDGE_CURVE('',#226,#214,#137,.T.);
#285=EDGE_CURVE('',#227,#227,#189,.T.);
#286=EDGE_CURVE('',#227,#224,#138,.T.);
#287=EDGE_CURVE('',#222,#220,#190,.T.);
#288=ORIENTED_EDGE('',*,*,#228,.T.);
#289=ORIENTED_EDGE('',*,*,#229,.F.);
#290=ORIENTED_EDGE('',*,*,#230,.F.);
#291=ORIENTED_EDGE('',*,*,#231,.F.);
#292=ORIENTED_EDGE('',*,*,#232,.F.);
#293=ORIENTED_EDGE('',*,*,#233,.F.);
#294=ORIENTED_EDGE('',*,*,#234,.F.);
#295=ORIENTED_EDGE('',*,*,#235,.T.);
#296=ORIENTED_EDGE('',*,*,#236,.T.);
#297=ORIENTED_EDGE('',*,*,#235,.F.);
#298=ORIENTED_EDGE('',*,*,#237,.F.);
#299=ORIENTED_EDGE('',*,*,#238,.T.);
#300=ORIENTED_EDGE('',*,*,#233,.T.);
#301=ORIENTED_EDGE('',*,*,#238,.F.);
#302=ORIENTED_EDGE('',*,*,#239,.F.);
#303=ORIENTED_EDGE('',*,*,#240,.T.);
#304=ORIENTED_EDGE('',*,*,#241,.T.);
#305=ORIENTED_EDGE('',*,*,#240,.F.);
#306=ORIENTED_EDGE('',*,*,#242,.F.);
#307=ORIENTED_EDGE('',*,*,#243,.T.);
#308=ORIENTED_EDGE('',*,*,#232,.T.);
#309=ORIENTED_EDGE('',*,*,#243,.F.);
#310=ORIENTED_EDGE('',*,*,#230,.T.);
#311=ORIENTED_EDGE('',*,*,#244,.T.);
#312=ORIENTED_EDGE('',*,*,#245,.F.);
#313=ORIENTED_EDGE('',*,*,#246,.F.);
#314=ORIENTED_EDGE('',*,*,#231,.T.);
#315=ORIENTED_EDGE('',*,*,#246,.T.);
#316=ORIENTED_EDGE('',*,*,#247,.F.);
#317=ORIENTED_EDGE('',*,*,#248,.F.);
#318=ORIENTED_EDGE('',*,*,#249,.T.);
#319=ORIENTED_EDGE('',*,*,#248,.T.);
#320=ORIENTED_EDGE('',*,*,#250,.F.);
#321=ORIENTED_EDGE('',*,*,#251,.F.);
#322=ORIENTED_EDGE('',*,*,#252,.T.);
#323=ORIENTED_EDGE('',*,*,#251,.T.);
#324=ORIENTED_EDGE('',*,*,#253,.F.);
#325=ORIENTED_EDGE('',*,*,#254,.F.);
#326=ORIENTED_EDGE('',*,*,#255,.T.);
#327=ORIENTED_EDGE('',*,*,#254,.T.);
#328=ORIENTED_EDGE('',*,*,#256,.F.);
#329=ORIENTED_EDGE('',*,*,#257,.F.);
#330=ORIENTED_EDGE('',*,*,#258,.T.);
#331=ORIENTED_EDGE('',*,*,#257,.T.);
#332=ORIENTED_EDGE('',*,*,#259,.F.);
#333=ORIENTED_EDGE('',*,*,#260,.F.);
#334=ORIENTED_EDGE('',*,*,#261,.T.);
#335=ORIENTED_EDGE('',*,*,#262,.T.);
#336=ORIENTED_EDGE('',*,*,#260,.T.);
#337=ORIENTED_EDGE('',*,*,#263,.F.);
#338=ORIENTED_EDGE('',*,*,#264,.F.);
#339=ORIENTED_EDGE('',*,*,#229,.T.);
#340=ORIENTED_EDGE('',*,*,#264,.T.);
#341=ORIENTED_EDGE('',*,*,#265,.F.);
#342=ORIENTED_EDGE('',*,*,#244,.F.);
#343=ORIENTED_EDGE('',*,*,#266,.F.);
#344=ORIENTED_EDGE('',*,*,#267,.T.);
#345=ORIENTED_EDGE('',*,*,#268,.F.);
#346=ORIENTED_EDGE('',*,*,#269,.F.);
#347=ORIENTED_EDGE('',*,*,#270,.T.);
#348=ORIENTED_EDGE('',*,*,#269,.T.);
#349=ORIENTED_EDGE('',*,*,#271,.F.);
#350=ORIENTED_EDGE('',*,*,#272,.F.);
#351=ORIENTED_EDGE('',*,*,#273,.F.);
#352=ORIENTED_EDGE('',*,*,#272,.T.);
#353=ORIENTED_EDGE('',*,*,#274,.F.);
#354=ORIENTED_EDGE('',*,*,#275,.F.);
#355=ORIENTED_EDGE('',*,*,#276,.T.);
#356=ORIENTED_EDGE('',*,*,#275,.T.);
#357=ORIENTED_EDGE('',*,*,#277,.F.);
#358=ORIENTED_EDGE('',*,*,#278,.F.);
#359=ORIENTED_EDGE('',*,*,#279,.T.);
#360=ORIENTED_EDGE('',*,*,#278,.T.);
#361=ORIENTED_EDGE('',*,*,#280,.F.);
#362=ORIENTED_EDGE('',*,*,#267,.F.);
#363=ORIENTED_EDGE('',*,*,#280,.T.);
#364=ORIENTED_EDGE('',*,*,#277,.T.);
#365=ORIENTED_EDGE('',*,*,#274,.T.);
#366=ORIENTED_EDGE('',*,*,#271,.T.);
#367=ORIENTED_EDGE('',*,*,#268,.T.);
#368=ORIENTED_EDGE('',*,*,#265,.T.);
#369=ORIENTED_EDGE('',*,*,#263,.T.);
#370=ORIENTED_EDGE('',*,*,#259,.T.);
#371=ORIENTED_EDGE('',*,*,#256,.T.);
#372=ORIENTED_EDGE('',*,*,#253,.T.);
#373=ORIENTED_EDGE('',*,*,#250,.T.);
#374=ORIENTED_EDGE('',*,*,#247,.T.);
#375=ORIENTED_EDGE('',*,*,#245,.T.);
#376=ORIENTED_EDGE('',*,*,#242,.T.);
#377=ORIENTED_EDGE('',*,*,#239,.T.);
#378=ORIENTED_EDGE('',*,*,#237,.T.);
#379=ORIENTED_EDGE('',*,*,#234,.T.);
#380=ORIENTED_EDGE('',*,*,#281,.T.);
#381=ORIENTED_EDGE('',*,*,#252,.F.);
#382=ORIENTED_EDGE('',*,*,#255,.F.);
#383=ORIENTED_EDGE('',*,*,#258,.F.);
#384=ORIENTED_EDGE('',*,*,#241,.F.);
#385=ORIENTED_EDGE('',*,*,#236,.F.);
#386=ORIENTED_EDGE('',*,*,#266,.T.);
#387=ORIENTED_EDGE('',*,*,#282,.T.);
#388=ORIENTED_EDGE('',*,*,#283,.F.);
#389=ORIENTED_EDGE('',*,*,#284,.T.);
#390=ORIENTED_EDGE('',*,*,#261,.F.);
#391=ORIENTED_EDGE('',*,*,#228,.F.);
#392=ORIENTED_EDGE('',*,*,#249,.F.);
#393=ORIENTED_EDGE('',*,*,#281,.F.);
#394=ORIENTED_EDGE('',*,*,#262,.F.);
#395=ORIENTED_EDGE('',*,*,#284,.F.);
#396=ORIENTED_EDGE('',*,*,#285,.F.);
#397=ORIENTED_EDGE('',*,*,#286,.T.);
#398=ORIENTED_EDGE('',*,*,#279,.F.);
#399=ORIENTED_EDGE('',*,*,#282,.F.);
#400=ORIENTED_EDGE('',*,*,#270,.F.);
#401=ORIENTED_EDGE('',*,*,#287,.F.);
#402=ORIENTED_EDGE('',*,*,#276,.F.);
#403=ORIENTED_EDGE('',*,*,#286,.F.);
#404=ORIENTED_EDGE('',*,*,#273,.T.);
#405=ORIENTED_EDGE('',*,*,#287,.T.);
#406=ORIENTED_EDGE('',*,*,#285,.T.);
#407=ORIENTED_EDGE('',*,*,#283,.T.);
#408=PLANE('',#461);
#409=PLANE('',#474);
#410=PLANE('',#475);
#411=PLANE('',#476);
#412=PLANE('',#477);
#413=PLANE('',#478);
#414=PLANE('',#479);
#415=PLANE('',#480);
#416=PLANE('',#481);
#417=PLANE('',#482);
#418=PLANE('',#483);
#419=PLANE('',#484);
#420=PLANE('',#485);
#421=PLANE('',#486);
#422=ADVANCED_FACE('',(#44,#26,#27),#408,.F.);
#423=ADVANCED_FACE('',(#45),#22,.F.);
#424=ADVANCED_FACE('',(#46),#23,.F.);
#425=ADVANCED_FACE('',(#47),#24,.F.);
#426=ADVANCED_FACE('',(#48),#25,.F.);
#427=ADVANCED_FACE('',(#49),#409,.T.);
#428=ADVANCED_FACE('',(#50),#410,.T.);
#429=ADVANCED_FACE('',(#51),#15,.T.);
#430=ADVANCED_FACE('',(#52),#411,.T.);
#431=ADVANCED_FACE('',(#53),#412,.T.);
#432=ADVANCED_FACE('',(#54),#413,.T.);
#433=ADVANCED_FACE('',(#55),#16,.T.);
#434=ADVANCED_FACE('',(#56),#414,.T.);
#435=ADVANCED_FACE('',(#57),#415,.T.);
#436=ADVANCED_FACE('',(#58),#17,.T.);
#437=ADVANCED_FACE('',(#59),#416,.T.);
#438=ADVANCED_FACE('',(#60),#18,.T.);
#439=ADVANCED_FACE('',(#61),#19,.T.);
#440=ADVANCED_FACE('',(#62,#28,#29,#30,#31,#32),#417,.T.);
#441=ADVANCED_FACE('',(#63,#33,#34),#418,.F.);
#442=ADVANCED_FACE('',(#64),#419,.F.);
#443=ADVANCED_FACE('',(#65),#20,.T.);
#444=ADVANCED_FACE('',(#66),#21,.T.);
#445=ADVANCED_FACE('',(#67),#420,.F.);
#446=ADVANCED_FACE('',(#68,#35),#421,.T.);
#447=CLOSED_SHELL('',(#422,#423,#424,#425,#426,#427,#428,#429,#430,#431,
#432,#433,#434,#435,#436,#437,#438,#439,#440,#441,#442,#443,#444,#445,#446));
#448=DERIVED_UNIT_ELEMENT(#450,1.);
#449=DERIVED_UNIT_ELEMENT(#4362,-3.);
#450=(
MASS_UNIT()
NAMED_UNIT(*)
SI_UNIT(.KILO.,.GRAM.)
);
#451=DERIVED_UNIT((#448,#449));
#452=MEASURE_REPRESENTATION_ITEM('density measure',
POSITIVE_RATIO_MEASURE(7850.),#451);
#453=PROPERTY_DEFINITION_REPRESENTATION(#458,#455);
#454=PROPERTY_DEFINITION_REPRESENTATION(#459,#456);
#455=REPRESENTATION('material name',(#457),#4359);
#456=REPRESENTATION('density',(#452),#4359);
#457=DESCRIPTIVE_REPRESENTATION_ITEM('Steel','Steel');
#458=PROPERTY_DEFINITION('material property','material name',#4369);
#459=PROPERTY_DEFINITION('material property','density of part',#4369);
#460=AXIS2_PLACEMENT_3D('',#576,#487,#488);
#461=AXIS2_PLACEMENT_3D('',#577,#489,#490);
#462=AXIS2_PLACEMENT_3D('',#623,#494,#495);
#463=AXIS2_PLACEMENT_3D('',#625,#496,#497);
#464=AXIS2_PLACEMENT_3D('',#626,#498,#499);
#465=AXIS2_PLACEMENT_3D('',#628,#500,#501);
#466=AXIS2_PLACEMENT_3D('',#631,#503,#504);
#467=AXIS2_PLACEMENT_3D('',#632,#505,#506);
#468=AXIS2_PLACEMENT_3D('',#634,#507,#508);
#469=AXIS2_PLACEMENT_3D('',#636,#510,#511);
#470=AXIS2_PLACEMENT_3D('',#638,#512,#513);
#471=AXIS2_PLACEMENT_3D('',#641,#515,#516);
#472=AXIS2_PLACEMENT_3D('',#642,#517,#518);
#473=AXIS2_PLACEMENT_3D('',#644,#519,#520);
#474=AXIS2_PLACEMENT_3D('',#646,#522,#523);
#475=AXIS2_PLACEMENT_3D('',#652,#527,#528);
#476=AXIS2_PLACEMENT_3D('',#1167,#532,#533);
#477=AXIS2_PLACEMENT_3D('',#1173,#537,#538);
#478=AXIS2_PLACEMENT_3D('',#1179,#542,#543);
#479=AXIS2_PLACEMENT_3D('',#1661,#548,#549);
#480=AXIS2_PLACEMENT_3D('',#1663,#551,#552);
#481=AXIS2_PLACEMENT_3D('',#2159,#558,#559);
#482=AXIS2_PLACEMENT_3D('',#2536,#564,#565);
#483=AXIS2_PLACEMENT_3D('',#2537,#566,#567);
#484=AXIS2_PLACEMENT_3D('',#2575,#568,#569);
#485=AXIS2_PLACEMENT_3D('',#4355,#572,#573);
#486=AXIS2_PLACEMENT_3D('',#4356,#574,#575);
#487=DIRECTION('axis',(0.,0.,1.));
#488=DIRECTION('refdir',(1.,0.,0.));
#489=DIRECTION('center_axis',(0.,0.,1.));
#490=DIRECTION('ref_axis',(-1.,0.,0.));
#491=DIRECTION('',(1.,1.18447307263044E-9,0.));
#492=DIRECTION('',(6.13425760166828E-10,-1.,0.));
#493=DIRECTION('',(-1.,4.08562073062057E-14,0.));
#494=DIRECTION('center_axis',(0.,0.,-1.));
#495=DIRECTION('ref_axis',(-1.,0.,0.));
#496=DIRECTION('center_axis',(0.,0.,-1.));
#497=DIRECTION('ref_axis',(-1.,0.,0.));
#498=DIRECTION('center_axis',(0.,0.,1.));
#499=DIRECTION('ref_axis',(-1.,0.,0.));
#500=DIRECTION('center_axis',(0.,0.,-1.));
#501=DIRECTION('ref_axis',(-1.,0.,0.));
#502=DIRECTION('',(0.,0.,-1.));
#503=DIRECTION('center_axis',(0.,0.,-1.));
#504=DIRECTION('ref_axis',(-1.,0.,0.));
#505=DIRECTION('center_axis',(0.,0.,1.));
#506=DIRECTION('ref_axis',(-1.,0.,0.));
#507=DIRECTION('center_axis',(0.,0.,-1.));
#508=DIRECTION('ref_axis',(-1.,0.,0.));
#509=DIRECTION('',(0.,0.,-1.));
#510=DIRECTION('center_axis',(0.,0.,1.));
#511=DIRECTION('ref_axis',(-1.,0.,0.));
#512=DIRECTION('center_axis',(0.,0.,-1.));
#513=DIRECTION('ref_axis',(-1.,0.,0.));
#514=DIRECTION('',(0.,0.,-1.));
#515=DIRECTION('center_axis',(0.,0.,-1.));
#516=DIRECTION('ref_axis',(-1.,0.,0.));
#517=DIRECTION('center_axis',(0.,0.,1.));
#518=DIRECTION('ref_axis',(-1.,0.,0.));
#519=DIRECTION('center_axis',(0.,0.,-1.));
#520=DIRECTION('ref_axis',(-1.,0.,0.));
#521=DIRECTION('',(0.,0.,-1.));
#522=DIRECTION('center_axis',(-1.,-6.13425760166828E-10,0.));
#523=DIRECTION('ref_axis',(6.13425760166828E-10,-1.,0.));
#524=DIRECTION('',(0.,0.,1.));
#525=DIRECTION('',(6.13425760166828E-10,-1.,0.));
#526=DIRECTION('',(0.,0.,1.));
#527=DIRECTION('center_axis',(4.08562073062057E-14,1.,0.));
#528=DIRECTION('ref_axis',(-1.,4.08562073062057E-14,0.));
#529=DIRECTION('',(-1.,4.08562073062057E-14,0.));
#530=DIRECTION('',(0.,0.,1.));
#531=DIRECTION('',(0.,0.,1.));
#532=DIRECTION('center_axis',(0.,1.,0.));
#533=DIRECTION('ref_axis',(-1.,0.,0.));
#534=DIRECTION('',(-1.,0.,0.));
#535=DIRECTION('',(-1.,0.,0.));
#536=DIRECTION('',(0.,0.,1.));
#537=DIRECTION('center_axis',(1.,-6.13465728413088E-10,0.));
#538=DIRECTION('ref_axis',(6.13465728413088E-10,1.,0.));
#539=DIRECTION('',(6.13465728413088E-10,1.,0.));
#540=DIRECTION('',(6.13465728413088E-10,1.,0.));
#541=DIRECTION('',(0.,0.,1.));
#542=DIRECTION('center_axis',(-1.18451347115074E-9,-1.,0.));
#543=DIRECTION('ref_axis',(1.,-1.18451347115074E-9,0.));
#544=DIRECTION('',(1.,-1.18451347115074E-9,0.));
#545=DIRECTION('',(1.,-1.18451347115074E-9,0.));
#546=DIRECTION('',(0.,0.,1.));
#547=DIRECTION('',(0.,0.,1.));
#548=DIRECTION('center_axis',(1.18447307263044E-9,-1.,0.));
#549=DIRECTION('ref_axis',(1.,1.18447307263044E-9,0.));
#550=DIRECTION('',(1.,1.18447307263044E-9,0.));
#551=DIRECTION('center_axis',(-0.99998564184029,0.00535874176122027,0.));
#552=DIRECTION('ref_axis',(-0.00535874176122027,-0.99998564184029,0.));
#553=DIRECTION('',(0.00535874176122027,0.99998564184029,0.));
#554=DIRECTION('',(0.,0.,1.));
#555=DIRECTION('',(-0.00535874176122027,-0.99998564184029,0.));
#556=DIRECTION('',(0.,0.,1.));
#557=DIRECTION('',(0.,0.,1.));
#558=DIRECTION('center_axis',(0.99998564184029,0.00535874176118008,0.));
#559=DIRECTION('ref_axis',(-0.00535874176118008,0.99998564184029,0.));
#560=DIRECTION('',(0.00535874176118008,-0.99998564184029,0.));
#561=DIRECTION('',(-0.00535874176118008,0.99998564184029,0.));
#562=DIRECTION('',(0.,0.,1.));
#563=DIRECTION('',(0.,0.,1.));
#564=DIRECTION('center_axis',(0.,0.,1.));
#565=DIRECTION('ref_axis',(-1.,0.,0.));
#566=DIRECTION('center_axis',(0.,0.,1.));
#567=DIRECTION('ref_axis',(-1.,0.,0.));
#568=DIRECTION('center_axis',(0.,0.,-1.));
#569=DIRECTION('ref_axis',(-1.,0.,0.));
#570=DIRECTION('',(0.,0.,1.));
#571=DIRECTION('',(0.,0.,1.));
#572=DIRECTION('center_axis',(0.,0.,-1.));
#573=DIRECTION('ref_axis',(-1.,0.,0.));
#574=DIRECTION('center_axis',(0.,0.,-1.));
#575=DIRECTION('ref_axis',(-1.,0.,0.));
#576=CARTESIAN_POINT('',(0.,0.,0.));
#577=CARTESIAN_POINT('Origin',(-0.00180367288827199,-158.198665293091,222.5));
#578=CARTESIAN_POINT('',(143.909525760798,-75.515132765227,222.5));
#579=CARTESIAN_POINT('',(144.857619089452,-235.514262561573,222.5));
#580=CARTESIAN_POINT('Ctrl Pts',(143.909524762378,-75.5151327671624,222.5));
#581=CARTESIAN_POINT('Ctrl Pts',(143.925205168423,-76.6610508037707,222.5));
#582=CARTESIAN_POINT('Ctrl Pts',(143.94122342694,-77.8050307266336,222.5));
#583=CARTESIAN_POINT('Ctrl Pts',(143.957509143647,-78.9470305532192,222.5));
#584=CARTESIAN_POINT('Ctrl Pts',(144.03069172903,-84.0787973227904,222.5));
#585=CARTESIAN_POINT('Ctrl Pts',(144.109214023839,-89.170581222161,222.5));
#586=CARTESIAN_POINT('Ctrl Pts',(144.187484162008,-94.2185639691575,222.5));
#587=CARTESIAN_POINT('Ctrl Pts',(144.322256243774,-102.910603608414,222.5));
#588=CARTESIAN_POINT('Ctrl Pts',(144.456074056135,-111.479957667988,222.5));
#589=CARTESIAN_POINT('Ctrl Pts',(144.565847811143,-119.885095023464,222.5));
#590=CARTESIAN_POINT('Ctrl Pts',(144.705742035283,-130.596491104024,222.5));
#591=CARTESIAN_POINT('Ctrl Pts',(144.803935888048,-140.891614840018,222.5));
#592=CARTESIAN_POINT('Ctrl Pts',(144.832122209874,-150.71818272333,222.5));
#593=CARTESIAN_POINT('Ctrl Pts',(144.837906081627,-152.734607880265,222.5));
#594=CARTESIAN_POINT('Ctrl Pts',(144.840655651209,-154.782901741108,222.5));
#595=CARTESIAN_POINT('Ctrl Pts',(144.840655651209,-156.56045544794,222.5));
#596=CARTESIAN_POINT('Ctrl Pts',(144.840655651209,-157.739416907436,222.5));
#597=CARTESIAN_POINT('Ctrl Pts',(144.84066559804,-158.83324618578,222.5));
#598=CARTESIAN_POINT('Ctrl Pts',(144.840678168288,-159.804868597398,222.5));
#599=CARTESIAN_POINT('Ctrl Pts',(144.840701058762,-161.574196993452,222.5));
#600=CARTESIAN_POINT('Ctrl Pts',(144.840731474003,-163.008096901281,222.5));
#601=CARTESIAN_POINT('Ctrl Pts',(144.840768472627,-164.607415211727,222.5));
#602=CARTESIAN_POINT('Ctrl Pts',(144.840825788955,-167.084995306254,222.5));
#603=CARTESIAN_POINT('Ctrl Pts',(144.840907683119,-169.959556115967,222.5));
#604=CARTESIAN_POINT('Ctrl Pts',(144.841032590464,-175.093113445312,222.5));
#605=CARTESIAN_POINT('Ctrl Pts',(144.841057869124,-176.132039142154,222.5));
#606=CARTESIAN_POINT('Ctrl Pts',(144.841084903647,-177.275741521903,222.5));
#607=CARTESIAN_POINT('Ctrl Pts',(144.841113093749,-178.501653766983,222.5));
#608=CARTESIAN_POINT('Ctrl Pts',(144.841165403228,-180.776453334853,222.5));
#609=CARTESIAN_POINT('Ctrl Pts',(144.841214485641,-183.042316393522,222.5));
#610=CARTESIAN_POINT('Ctrl Pts',(144.841270407652,-185.299338700915,222.5));
#611=CARTESIAN_POINT('Ctrl Pts',(144.841398369379,-190.463896694865,222.5));
#612=CARTESIAN_POINT('Ctrl Pts',(144.841546587225,-195.582165052168,222.5));
#613=CARTESIAN_POINT('Ctrl Pts',(144.842013043023,-200.655290700222,222.5));
#614=CARTESIAN_POINT('Ctrl Pts',(144.84310367066,-212.516845540354,222.5));
#615=CARTESIAN_POINT('Ctrl Pts',(144.844579602696,-224.131615428486,222.5));
#616=CARTESIAN_POINT('Ctrl Pts',(144.856856707534,-235.514264399472,222.5));
#617=CARTESIAN_POINT('',(126.389866629946,-235.514262583448,222.5));
#618=CARTESIAN_POINT('',(144.857619089452,-235.514262561573,222.5));
#619=CARTESIAN_POINT('',(126.389866531798,-75.5151327652262,222.5));
#620=CARTESIAN_POINT('',(126.389866629946,-235.514262583448,222.5));
#621=CARTESIAN_POINT('',(126.389866531798,-75.5151327652262,222.5));
#622=CARTESIAN_POINT('',(138.249999999998,-90.5146976690554,222.5));
#623=CARTESIAN_POINT('Origin',(134.999999999998,-90.5146976690554,222.5));
#624=CARTESIAN_POINT('',(138.249999920248,-220.514698000316,222.5));
#625=CARTESIAN_POINT('Origin',(134.999999920248,-220.514698000316,222.5));
#626=CARTESIAN_POINT('Origin',(-135.000000000002,-90.51469766905,222.5));
#627=CARTESIAN_POINT('',(-131.750000000002,-90.51469766905,227.5));
#628=CARTESIAN_POINT('Origin',(-135.000000000002,-90.51469766905,227.5));
#629=CARTESIAN_POINT('',(-131.750000000002,-90.51469766905,222.5));
#630=CARTESIAN_POINT('',(-131.750000000002,-90.51469766905,222.5));
#631=CARTESIAN_POINT('Origin',(-135.000000000002,-90.51469766905,222.5));
#632=CARTESIAN_POINT('Origin',(134.999999920248,-220.514698000316,222.5));
#633=CARTESIAN_POINT('',(138.249999920248,-220.514698000316,227.5));
#634=CARTESIAN_POINT('Origin',(134.999999920248,-220.514698000316,227.5));
#635=CARTESIAN_POINT('',(138.249999920248,-220.514698000316,222.5));
#636=CARTESIAN_POINT('Origin',(-135.000000079752,-220.51469766905,222.5));
#637=CARTESIAN_POINT('',(-131.750000079752,-220.51469766905,227.5));
#638=CARTESIAN_POINT('Origin',(-135.000000079752,-220.51469766905,227.5));
#639=CARTESIAN_POINT('',(-131.750000079752,-220.51469766905,222.5));
#640=CARTESIAN_POINT('',(-131.750000079752,-220.51469766905,222.5));
#641=CARTESIAN_POINT('Origin',(-135.000000079752,-220.51469766905,222.5));
#642=CARTESIAN_POINT('Origin',(134.999999999998,-90.5146976690554,222.5));
#643=CARTESIAN_POINT('',(138.249999999998,-90.5146976690554,227.5));
#644=CARTESIAN_POINT('Origin',(134.999999999998,-90.5146976690554,227.5));
#645=CARTESIAN_POINT('',(138.249999999998,-90.5146976690554,222.5));
#646=CARTESIAN_POINT('Origin',(126.389866531798,-75.5151327652263,222.5));
#647=CARTESIAN_POINT('',(126.389866629946,-235.514262583448,227.5));
#648=CARTESIAN_POINT('',(126.389866629946,-235.514262583448,222.5));
#649=CARTESIAN_POINT('',(126.389866531798,-75.5151327652262,227.5));
#650=CARTESIAN_POINT('',(126.389866629946,-235.514262583448,227.5));
#651=CARTESIAN_POINT('',(126.389866531798,-75.5151327652262,222.5));
#652=CARTESIAN_POINT('Origin',(143.909525760798,-75.515132765227,222.5));
#653=CARTESIAN_POINT('',(143.909525760798,-75.515132765227,227.5));
#654=CARTESIAN_POINT('',(126.389866531798,-75.5151327652262,227.5));
#655=CARTESIAN_POINT('',(143.909525760798,-75.515132765227,222.5));
#656=CARTESIAN_POINT('Ctrl Pts',(-143.909525760798,-75.5151327652212,222.5));
#657=CARTESIAN_POINT('Ctrl Pts',(-143.909525760798,-75.5151327652212,227.5));
#658=CARTESIAN_POINT('Ctrl Pts',(-143.838059460576,-70.2923691293013,222.5));
#659=CARTESIAN_POINT('Ctrl Pts',(-143.838059460576,-70.2923691293013,227.5));
#660=CARTESIAN_POINT('Ctrl Pts',(-143.775560332966,-65.1679317752891,222.5));
#661=CARTESIAN_POINT('Ctrl Pts',(-143.775560332966,-65.1679317752891,227.5));
#662=CARTESIAN_POINT('Ctrl Pts',(-143.727134807719,-60.1497654097286,222.5));
#663=CARTESIAN_POINT('Ctrl Pts',(-143.727134807719,-60.1497654097286,227.5));
#664=CARTESIAN_POINT('Ctrl Pts',(-143.701551986866,-57.4987079253594,222.5));
#665=CARTESIAN_POINT('Ctrl Pts',(-143.701551986866,-57.4987079253594,227.5));
#666=CARTESIAN_POINT('Ctrl Pts',(-143.680748103017,-54.9604982944386,222.5));
#667=CARTESIAN_POINT('Ctrl Pts',(-143.680748103017,-54.9604982944386,227.5));
#668=CARTESIAN_POINT('Ctrl Pts',(-143.664713095233,-52.5748915131603,222.5));
#669=CARTESIAN_POINT('Ctrl Pts',(-143.664713095233,-52.5748915131603,227.5));
#670=CARTESIAN_POINT('Ctrl Pts',(-143.654245996791,-51.0176499226014,222.5));
#671=CARTESIAN_POINT('Ctrl Pts',(-143.654245996791,-51.0176499226014,227.5));
#672=CARTESIAN_POINT('Ctrl Pts',(-143.646141357205,-49.5751365512482,222.5));
#673=CARTESIAN_POINT('Ctrl Pts',(-143.646141357205,-49.5751365512482,227.5));
#674=CARTESIAN_POINT('Ctrl Pts',(-143.639978975895,-48.2808434520572,222.5));
#675=CARTESIAN_POINT('Ctrl Pts',(-143.639978975895,-48.2808434520572,227.5));
#676=CARTESIAN_POINT('Ctrl Pts',(-143.632676973089,-46.7471941423783,222.5));
#677=CARTESIAN_POINT('Ctrl Pts',(-143.632676973089,-46.7471941423783,227.5));
#678=CARTESIAN_POINT('Ctrl Pts',(-143.565261032465,-45.3543940022243,222.5));
#679=CARTESIAN_POINT('Ctrl Pts',(-143.565261032465,-45.3543940022243,227.5));
#680=CARTESIAN_POINT('Ctrl Pts',(-143.383528302367,-43.6386015838002,222.5));
#681=CARTESIAN_POINT('Ctrl Pts',(-143.383528302367,-43.6386015838002,227.5));
#682=CARTESIAN_POINT('Ctrl Pts',(-143.305345489671,-42.9004545411489,222.5));
#683=CARTESIAN_POINT('Ctrl Pts',(-143.305345489671,-42.9004545411489,227.5));
#684=CARTESIAN_POINT('Ctrl Pts',(-143.197794108381,-42.0686358233744,222.5));
#685=CARTESIAN_POINT('Ctrl Pts',(-143.197794108381,-42.0686358233744,227.5));
#686=CARTESIAN_POINT('Ctrl Pts',(-143.065416819485,-41.2367997814294,222.5));
#687=CARTESIAN_POINT('Ctrl Pts',(-143.065416819485,-41.2367997814294,227.5));
#688=CARTESIAN_POINT('Ctrl Pts',(-142.885504057331,-40.1062590277061,222.5));
#689=CARTESIAN_POINT('Ctrl Pts',(-142.885504057331,-40.1062590277061,227.5));
#690=CARTESIAN_POINT('Ctrl Pts',(-142.66575648232,-38.9948300863429,222.5));
#691=CARTESIAN_POINT('Ctrl Pts',(-142.66575648232,-38.9948300863429,227.5));
#692=CARTESIAN_POINT('Ctrl Pts',(-142.409142701707,-37.9034849672242,222.5));
#693=CARTESIAN_POINT('Ctrl Pts',(-142.409142701707,-37.9034849672242,227.5));
#694=CARTESIAN_POINT('Ctrl Pts',(-141.52482846157,-34.1426112236699,222.5));
#695=CARTESIAN_POINT('Ctrl Pts',(-141.52482846157,-34.1426112236699,227.5));
#696=CARTESIAN_POINT('Ctrl Pts',(-140.203829925937,-30.6196569320906,222.5));
#697=CARTESIAN_POINT('Ctrl Pts',(-140.203829925937,-30.6196569320906,227.5));
#698=CARTESIAN_POINT('Ctrl Pts',(-138.550534544052,-27.3766197484032,222.5));
#699=CARTESIAN_POINT('Ctrl Pts',(-138.550534544052,-27.3766197484032,227.5));
#700=CARTESIAN_POINT('Ctrl Pts',(-136.115739397793,-22.6006243149805,222.5));
#701=CARTESIAN_POINT('Ctrl Pts',(-136.115739397793,-22.6006243149805,227.5));
#702=CARTESIAN_POINT('Ctrl Pts',(-132.986762164516,-18.4790743364067,222.5));
#703=CARTESIAN_POINT('Ctrl Pts',(-132.986762164516,-18.4790743364067,227.5));
#704=CARTESIAN_POINT('Ctrl Pts',(-129.461153940045,-15.0515806456396,222.5));
#705=CARTESIAN_POINT('Ctrl Pts',(-129.461153940045,-15.0515806456396,227.5));
#706=CARTESIAN_POINT('Ctrl Pts',(-128.497663400657,-14.1149031889827,222.5));
#707=CARTESIAN_POINT('Ctrl Pts',(-128.497663400657,-14.1149031889827,227.5));
#708=CARTESIAN_POINT('Ctrl Pts',(-127.503417323725,-13.2286892249191,222.5));
#709=CARTESIAN_POINT('Ctrl Pts',(-127.503417323725,-13.2286892249191,227.5));
#710=CARTESIAN_POINT('Ctrl Pts',(-126.483342569135,-12.3927143522403,222.5));
#711=CARTESIAN_POINT('Ctrl Pts',(-126.483342569135,-12.3927143522403,227.5));
#712=CARTESIAN_POINT('Ctrl Pts',(-121.676577867772,-8.45345941907324,222.5));
#713=CARTESIAN_POINT('Ctrl Pts',(-121.676577867772,-8.45345941907324,227.5));
#714=CARTESIAN_POINT('Ctrl Pts',(-116.372490688211,-5.68141885390472,222.5));
#715=CARTESIAN_POINT('Ctrl Pts',(-116.372490688211,-5.68141885390472,227.5));
#716=CARTESIAN_POINT('Ctrl Pts',(-110.992082218604,-3.94052074030072,222.5));
#717=CARTESIAN_POINT('Ctrl Pts',(-110.992082218604,-3.94052074030072,227.5));
#718=CARTESIAN_POINT('Ctrl Pts',(-108.00175395957,-2.97296282074591,222.5));
#719=CARTESIAN_POINT('Ctrl Pts',(-108.00175395957,-2.97296282074591,227.5));
#720=CARTESIAN_POINT('Ctrl Pts',(-105.016255709487,-2.3376766456048,222.5));
#721=CARTESIAN_POINT('Ctrl Pts',(-105.016255709487,-2.3376766456048,227.5));
#722=CARTESIAN_POINT('Ctrl Pts',(-102.15815432946,-1.98554773738926,222.5));
#723=CARTESIAN_POINT('Ctrl Pts',(-102.15815432946,-1.98554773738926,227.5));
#724=CARTESIAN_POINT('Ctrl Pts',(-101.004321359132,-1.843391148073,222.5));
#725=CARTESIAN_POINT('Ctrl Pts',(-101.004321359132,-1.843391148073,227.5));
#726=CARTESIAN_POINT('Ctrl Pts',(-99.8174807048093,-1.74584886493925,222.5));
#727=CARTESIAN_POINT('Ctrl Pts',(-99.8174807048093,-1.74584886493925,227.5));
#728=CARTESIAN_POINT('Ctrl Pts',(-98.8476496471573,-1.69478549795334,222.5));
#729=CARTESIAN_POINT('Ctrl Pts',(-98.8476496471573,-1.69478549795334,227.5));
#730=CARTESIAN_POINT('Ctrl Pts',(-97.2534826735688,-1.61084971082125,222.5));
#731=CARTESIAN_POINT('Ctrl Pts',(-97.2534826735688,-1.61084971082125,227.5));
#732=CARTESIAN_POINT('Ctrl Pts',(-96.173473945338,-1.6275912416989,222.5));
#733=CARTESIAN_POINT('Ctrl Pts',(-96.173473945338,-1.6275912416989,227.5));
#734=CARTESIAN_POINT('Ctrl Pts',(-95.744335996765,-1.63312567898585,222.5));
#735=CARTESIAN_POINT('Ctrl Pts',(-95.744335996765,-1.63312567898585,227.5));
#736=CARTESIAN_POINT('Ctrl Pts',(-95.6262258849519,-1.63464890248298,222.5));
#737=CARTESIAN_POINT('Ctrl Pts',(-95.6262258849519,-1.63464890248298,227.5));
#738=CARTESIAN_POINT('Ctrl Pts',(-95.5089054681064,-1.63614890134046,222.5));
#739=CARTESIAN_POINT('Ctrl Pts',(-95.5089054681064,-1.63614890134046,227.5));
#740=CARTESIAN_POINT('Ctrl Pts',(-95.3912402256862,-1.63764039818326,222.5));
#741=CARTESIAN_POINT('Ctrl Pts',(-95.3912402256862,-1.63764039818326,227.5));
#742=CARTESIAN_POINT('Ctrl Pts',(-95.1564438949007,-1.64061662105813,222.5));
#743=CARTESIAN_POINT('Ctrl Pts',(-95.1564438949007,-1.64061662105813,227.5));
#744=CARTESIAN_POINT('Ctrl Pts',(-94.9217773690862,-1.64353960781737,222.5));
#745=CARTESIAN_POINT('Ctrl Pts',(-94.9217773690862,-1.64353960781737,227.5));
#746=CARTESIAN_POINT('Ctrl Pts',(-94.6872402185866,-1.64641008261365,222.5));
#747=CARTESIAN_POINT('Ctrl Pts',(-94.6872402185866,-1.64641008261365,227.5));
#748=CARTESIAN_POINT('Ctrl Pts',(-94.3351677106232,-1.65071905992671,222.5));
#749=CARTESIAN_POINT('Ctrl Pts',(-94.3351677106232,-1.65071905992671,227.5));
#750=CARTESIAN_POINT('Ctrl Pts',(-93.9833867388484,-1.65490970657552,222.5));
#751=CARTESIAN_POINT('Ctrl Pts',(-93.9833867388484,-1.65490970657552,227.5));
#752=CARTESIAN_POINT('Ctrl Pts',(-93.6318958484675,-1.65898446315232,222.5));
#753=CARTESIAN_POINT('Ctrl Pts',(-93.6318958484675,-1.65898446315232,227.5));
#754=CARTESIAN_POINT('Ctrl Pts',(-92.9289140677059,-1.66713397630593,222.5));
#755=CARTESIAN_POINT('Ctrl Pts',(-92.9289140677059,-1.66713397630593,227.5));
#756=CARTESIAN_POINT('Ctrl Pts',(-92.227092614058,-1.67481994072916,222.5));
#757=CARTESIAN_POINT('Ctrl Pts',(-92.227092614058,-1.67481994072916,227.5));
#758=CARTESIAN_POINT('Ctrl Pts',(-91.5264198299539,-1.68206174636251,222.5));
#759=CARTESIAN_POINT('Ctrl Pts',(-91.5264198299539,-1.68206174636251,227.5));
#760=CARTESIAN_POINT('Ctrl Pts',(-90.1250742617456,-1.6965453576292,222.5));
#761=CARTESIAN_POINT('Ctrl Pts',(-90.1250742617456,-1.6965453576292,227.5));
#762=CARTESIAN_POINT('Ctrl Pts',(-88.7283233926587,-1.70925253499706,222.5));
#763=CARTESIAN_POINT('Ctrl Pts',(-88.7283233926587,-1.70925253499706,227.5));
#764=CARTESIAN_POINT('Ctrl Pts',(-87.336073686096,-1.72033609273394,222.5));
#765=CARTESIAN_POINT('Ctrl Pts',(-87.336073686096,-1.72033609273394,227.5));
#766=CARTESIAN_POINT('Ctrl Pts',(-84.5515742729707,-1.74250320820771,222.5));
#767=CARTESIAN_POINT('Ctrl Pts',(-84.5515742729707,-1.74250320820771,227.5));
#768=CARTESIAN_POINT('Ctrl Pts',(-81.7850797293005,-1.75817946385068,222.5));
#769=CARTESIAN_POINT('Ctrl Pts',(-81.7850797293005,-1.75817946385068,227.5));
#770=CARTESIAN_POINT('Ctrl Pts',(-79.035838350466,-1.76854661864995,222.5));
#771=CARTESIAN_POINT('Ctrl Pts',(-79.035838350466,-1.76854661864995,227.5));
#772=CARTESIAN_POINT('Ctrl Pts',(-73.5373555927969,-1.78928092824848,222.5));
#773=CARTESIAN_POINT('Ctrl Pts',(-73.5373555927969,-1.78928092824848,227.5));
#774=CARTESIAN_POINT('Ctrl Pts',(-68.1078858147122,-1.78884307352644,222.5));
#775=CARTESIAN_POINT('Ctrl Pts',(-68.1078858147122,-1.78884307352644,227.5));
#776=CARTESIAN_POINT('Ctrl Pts',(-62.7413902821374,-1.77595829313047,222.5));
#777=CARTESIAN_POINT('Ctrl Pts',(-62.7413902821374,-1.77595829313047,227.5));
#778=CARTESIAN_POINT('Ctrl Pts',(-52.0083992169878,-1.75018873233852,222.5));
#779=CARTESIAN_POINT('Ctrl Pts',(-52.0083992169878,-1.75018873233852,227.5));
#780=CARTESIAN_POINT('Ctrl Pts',(-41.5272758217345,-1.67559512305932,222.5));
#781=CARTESIAN_POINT('Ctrl Pts',(-41.5272758217345,-1.67559512305932,227.5));
#782=CARTESIAN_POINT('Ctrl Pts',(-31.2498541650409,-1.6099741043688,222.5));
#783=CARTESIAN_POINT('Ctrl Pts',(-31.2498541650409,-1.6099741043688,227.5));
#784=CARTESIAN_POINT('Ctrl Pts',(-27.2859561400666,-1.58466473835531,222.5));
#785=CARTESIAN_POINT('Ctrl Pts',(-27.2859561400666,-1.58466473835531,227.5));
#786=CARTESIAN_POINT('Ctrl Pts',(-23.3883630382891,-1.56069148510859,222.5));
#787=CARTESIAN_POINT('Ctrl Pts',(-23.3883630382891,-1.56069148510859,227.5));
#788=CARTESIAN_POINT('Ctrl Pts',(-19.4124259365794,-1.54014773235825,222.5));
#789=CARTESIAN_POINT('Ctrl Pts',(-19.4124259365794,-1.54014773235825,227.5));
#790=CARTESIAN_POINT('Ctrl Pts',(-13.0855105080699,-1.50745642389169,222.5));
#791=CARTESIAN_POINT('Ctrl Pts',(-13.0855105080699,-1.50745642389169,227.5));
#792=CARTESIAN_POINT('Ctrl Pts',(-6.56529754344202,-1.48365494732628,222.5));
#793=CARTESIAN_POINT('Ctrl Pts',(-6.56529754344202,-1.48365494732628,227.5));
#794=CARTESIAN_POINT('Ctrl Pts',(-2.77555756156289E-14,-1.48365494732628,
222.5));
#795=CARTESIAN_POINT('Ctrl Pts',(-2.77555756156289E-14,-1.48365494732628,
227.5));
#796=CARTESIAN_POINT('Ctrl Pts',(2.61703207857747,-1.48365494732628,222.5));
#797=CARTESIAN_POINT('Ctrl Pts',(2.61703207857747,-1.48365494732628,227.5));
#798=CARTESIAN_POINT('Ctrl Pts',(5.24812276900426,-1.48745733783869,222.5));
#799=CARTESIAN_POINT('Ctrl Pts',(5.24812276900426,-1.48745733783869,227.5));
#800=CARTESIAN_POINT('Ctrl Pts',(7.85628363376506,-1.49414225798329,222.5));
#801=CARTESIAN_POINT('Ctrl Pts',(7.85628363376506,-1.49414225798329,227.5));
#802=CARTESIAN_POINT('Ctrl Pts',(15.1901948899598,-1.51293964573558,222.5));
#803=CARTESIAN_POINT('Ctrl Pts',(15.1901948899598,-1.51293964573558,227.5));
#804=CARTESIAN_POINT('Ctrl Pts',(22.351477483614,-1.55391616263242,222.5));
#805=CARTESIAN_POINT('Ctrl Pts',(22.351477483614,-1.55391616263242,227.5));
#806=CARTESIAN_POINT('Ctrl Pts',(29.3499335446926,-1.59792844145586,222.5));
#807=CARTESIAN_POINT('Ctrl Pts',(29.3499335446926,-1.59792844145586,227.5));
#808=CARTESIAN_POINT('Ctrl Pts',(37.706181580915,-1.65047967779688,222.5));
#809=CARTESIAN_POINT('Ctrl Pts',(37.706181580915,-1.65047967779688,227.5));
#810=CARTESIAN_POINT('Ctrl Pts',(45.8472295143483,-1.70730770970331,222.5));
#811=CARTESIAN_POINT('Ctrl Pts',(45.8472295143483,-1.70730770970331,227.5));
#812=CARTESIAN_POINT('Ctrl Pts',(53.7365557454261,-1.74372190363652,222.5));
#813=CARTESIAN_POINT('Ctrl Pts',(53.7365557454261,-1.74372190363652,227.5));
#814=CARTESIAN_POINT('Ctrl Pts',(62.5206887184823,-1.78426619249555,222.5));
#815=CARTESIAN_POINT('Ctrl Pts',(62.5206887184823,-1.78426619249555,227.5));
#816=CARTESIAN_POINT('Ctrl Pts',(70.8920979584578,-1.79888641712247,222.5));
#817=CARTESIAN_POINT('Ctrl Pts',(70.8920979584578,-1.79888641712247,227.5));
#818=CARTESIAN_POINT('Ctrl Pts',(78.9371157758323,-1.76891663863958,222.5));
#819=CARTESIAN_POINT('Ctrl Pts',(78.9371157758323,-1.76891663863958,227.5));
#820=CARTESIAN_POINT('Ctrl Pts',(83.6634044435485,-1.75130998721468,222.5));
#821=CARTESIAN_POINT('Ctrl Pts',(83.6634044435485,-1.75130998721468,227.5));
#822=CARTESIAN_POINT('Ctrl Pts',(88.1965181548922,-1.71872033834383,222.5));
#823=CARTESIAN_POINT('Ctrl Pts',(88.1965181548922,-1.71872033834383,227.5));
#824=CARTESIAN_POINT('Ctrl Pts',(92.5166768201602,-1.67153755717961,222.5));
#825=CARTESIAN_POINT('Ctrl Pts',(92.5166768201602,-1.67153755717961,227.5));
#826=CARTESIAN_POINT('Ctrl Pts',(93.4089962855371,-1.66179205537619,222.5));
#827=CARTESIAN_POINT('Ctrl Pts',(93.4089962855371,-1.66179205537619,227.5));
#828=CARTESIAN_POINT('Ctrl Pts',(94.3207326459581,-1.65106609092008,222.5));
#829=CARTESIAN_POINT('Ctrl Pts',(94.3207326459581,-1.65106609092008,227.5));
#830=CARTESIAN_POINT('Ctrl Pts',(95.1478711711986,-1.64070683385269,222.5));
#831=CARTESIAN_POINT('Ctrl Pts',(95.1478711711986,-1.64070683385269,227.5));
#832=CARTESIAN_POINT('Ctrl Pts',(95.3424584984857,-1.63826978118991,222.5));
#833=CARTESIAN_POINT('Ctrl Pts',(95.3424584984857,-1.63826978118991,227.5));
#834=CARTESIAN_POINT('Ctrl Pts',(95.4971298295215,-1.63631380773114,222.5));
#835=CARTESIAN_POINT('Ctrl Pts',(95.4971298295215,-1.63631380773114,227.5));
#836=CARTESIAN_POINT('Ctrl Pts',(95.7443359967734,-1.63312567898573,222.5));
#837=CARTESIAN_POINT('Ctrl Pts',(95.7443359967734,-1.63312567898573,227.5));
#838=CARTESIAN_POINT('Ctrl Pts',(96.1796612109368,-1.62751144676694,222.5));
#839=CARTESIAN_POINT('Ctrl Pts',(96.1796612109368,-1.62751144676694,227.5));
#840=CARTESIAN_POINT('Ctrl Pts',(96.9152168930212,-1.62660460470525,222.5));
#841=CARTESIAN_POINT('Ctrl Pts',(96.9152168930212,-1.62660460470525,227.5));
#842=CARTESIAN_POINT('Ctrl Pts',(97.6626542932125,-1.64723835684133,222.5));
#843=CARTESIAN_POINT('Ctrl Pts',(97.6626542932125,-1.64723835684133,227.5));
#844=CARTESIAN_POINT('Ctrl Pts',(98.6270106575014,-1.67386037252652,222.5));
#845=CARTESIAN_POINT('Ctrl Pts',(98.6270106575014,-1.67386037252652,227.5));
#846=CARTESIAN_POINT('Ctrl Pts',(99.5844198015849,-1.72981586463744,222.5));
#847=CARTESIAN_POINT('Ctrl Pts',(99.5844198015849,-1.72981586463744,227.5));
#848=CARTESIAN_POINT('Ctrl Pts',(100.530070433567,-1.81337363071069,222.5));
#849=CARTESIAN_POINT('Ctrl Pts',(100.530070433567,-1.81337363071069,227.5));
#850=CARTESIAN_POINT('Ctrl Pts',(102.208660335752,-1.96169396978321,222.5));
#851=CARTESIAN_POINT('Ctrl Pts',(102.208660335752,-1.96169396978321,227.5));
#852=CARTESIAN_POINT('Ctrl Pts',(103.854377885089,-2.19704452865667,222.5));
#853=CARTESIAN_POINT('Ctrl Pts',(103.854377885089,-2.19704452865667,227.5));
#854=CARTESIAN_POINT('Ctrl Pts',(105.463083281908,-2.51135352790333,222.5));
#855=CARTESIAN_POINT('Ctrl Pts',(105.463083281908,-2.51135352790333,227.5));
#856=CARTESIAN_POINT('Ctrl Pts',(108.680494075544,-3.13997152639665,222.5));
#857=CARTESIAN_POINT('Ctrl Pts',(108.680494075544,-3.13997152639665,227.5));
#858=CARTESIAN_POINT('Ctrl Pts',(111.750107746817,-4.08445242743607,222.5));
#859=CARTESIAN_POINT('Ctrl Pts',(111.750107746817,-4.08445242743607,227.5));
#860=CARTESIAN_POINT('Ctrl Pts',(114.637180058893,-5.28649665752357,222.5));
#861=CARTESIAN_POINT('Ctrl Pts',(114.637180058893,-5.28649665752357,227.5));
#862=CARTESIAN_POINT('Ctrl Pts',(120.411324683045,-7.69058511769856,222.5));
#863=CARTESIAN_POINT('Ctrl Pts',(120.411324683045,-7.69058511769856,227.5));
#864=CARTESIAN_POINT('Ctrl Pts',(125.385378116529,-11.0892300296183,222.5));
#865=CARTESIAN_POINT('Ctrl Pts',(125.385378116529,-11.0892300296183,227.5));
#866=CARTESIAN_POINT('Ctrl Pts',(129.461153940045,-15.0515806456396,222.5));
#867=CARTESIAN_POINT('Ctrl Pts',(129.461153940045,-15.0515806456396,227.5));
#868=CARTESIAN_POINT('Ctrl Pts',(134.294541065557,-19.7504589165552,222.5));
#869=CARTESIAN_POINT('Ctrl Pts',(134.294541065557,-19.7504589165552,227.5));
#870=CARTESIAN_POINT('Ctrl Pts',(137.819387395042,-25.1953138791748,222.5));
#871=CARTESIAN_POINT('Ctrl Pts',(137.819387395042,-25.1953138791748,227.5));
#872=CARTESIAN_POINT('Ctrl Pts',(140.136342998202,-30.8259654929667,222.5));
#873=CARTESIAN_POINT('Ctrl Pts',(140.136342998202,-30.8259654929667,227.5));
#874=CARTESIAN_POINT('Ctrl Pts',(142.213445682731,-35.8737279821164,222.5));
#875=CARTESIAN_POINT('Ctrl Pts',(142.213445682731,-35.8737279821164,227.5));
#876=CARTESIAN_POINT('Ctrl Pts',(143.293492312409,-41.0010953206092,222.5));
#877=CARTESIAN_POINT('Ctrl Pts',(143.293492312409,-41.0010953206092,227.5));
#878=CARTESIAN_POINT('Ctrl Pts',(143.568746331954,-45.9296770384684,222.5));
#879=CARTESIAN_POINT('Ctrl Pts',(143.568746331954,-45.9296770384684,227.5));
#880=CARTESIAN_POINT('Ctrl Pts',(143.610149212539,-46.6710194561063,222.5));
#881=CARTESIAN_POINT('Ctrl Pts',(143.610149212539,-46.6710194561063,227.5));
#882=CARTESIAN_POINT('Ctrl Pts',(143.635526234006,-47.3456281822739,222.5));
#883=CARTESIAN_POINT('Ctrl Pts',(143.635526234006,-47.3456281822739,227.5));
#884=CARTESIAN_POINT('Ctrl Pts',(143.639978975895,-48.2808434520587,222.5));
#885=CARTESIAN_POINT('Ctrl Pts',(143.639978975895,-48.2808434520587,227.5));
#886=CARTESIAN_POINT('Ctrl Pts',(143.64960030727,-50.3016244094319,222.5));
#887=CARTESIAN_POINT('Ctrl Pts',(143.64960030727,-50.3016244094319,227.5));
#888=CARTESIAN_POINT('Ctrl Pts',(143.658571886498,-53.6551712497346,222.5));
#889=CARTESIAN_POINT('Ctrl Pts',(143.658571886498,-53.6551712497346,227.5));
#890=CARTESIAN_POINT('Ctrl Pts',(143.750512039423,-62.4781173402332,222.5));
#891=CARTESIAN_POINT('Ctrl Pts',(143.750512039423,-62.4781173402332,227.5));
#892=CARTESIAN_POINT('Ctrl Pts',(143.762064870388,-63.5867733686864,222.5));
#893=CARTESIAN_POINT('Ctrl Pts',(143.762064870388,-63.5867733686864,227.5));
#894=CARTESIAN_POINT('Ctrl Pts',(143.77538215498,-64.8057792900422,222.5));
#895=CARTESIAN_POINT('Ctrl Pts',(143.77538215498,-64.8057792900422,227.5));
#896=CARTESIAN_POINT('Ctrl Pts',(143.789835861156,-66.0634122217702,222.5));
#897=CARTESIAN_POINT('Ctrl Pts',(143.789835861156,-66.0634122217702,227.5));
#898=CARTESIAN_POINT('Ctrl Pts',(143.810622299886,-67.8720632046076,222.5));
#899=CARTESIAN_POINT('Ctrl Pts',(143.810622299886,-67.8720632046076,227.5));
#900=CARTESIAN_POINT('Ctrl Pts',(143.832730085125,-69.6762528770494,222.5));
#901=CARTESIAN_POINT('Ctrl Pts',(143.832730085125,-69.6762528770494,227.5));
#902=CARTESIAN_POINT('Ctrl Pts',(143.855867825455,-71.4758204366597,222.5));
#903=CARTESIAN_POINT('Ctrl Pts',(143.855867825455,-71.4758204366597,227.5));
#904=CARTESIAN_POINT('Ctrl Pts',(143.87321318346,-72.824877999396,222.5));
#905=CARTESIAN_POINT('Ctrl Pts',(143.87321318346,-72.824877999396,227.5));
#906=CARTESIAN_POINT('Ctrl Pts',(143.891137787134,-74.1713379991193,222.5));
#907=CARTESIAN_POINT('Ctrl Pts',(143.891137787134,-74.1713379991193,227.5));
#908=CARTESIAN_POINT('Ctrl Pts',(143.909525760798,-75.515132765227,222.5));
#909=CARTESIAN_POINT('Ctrl Pts',(143.909525760798,-75.515132765227,227.5));
#910=CARTESIAN_POINT('',(-143.909525760798,-75.5151327652212,222.5));
#911=CARTESIAN_POINT('Ctrl Pts',(-143.909525760798,-75.5151327652212,222.5));
#912=CARTESIAN_POINT('Ctrl Pts',(-143.838059460576,-70.2923691293013,222.5));
#913=CARTESIAN_POINT('Ctrl Pts',(-143.775560332966,-65.1679317752891,222.5));
#914=CARTESIAN_POINT('Ctrl Pts',(-143.727134807719,-60.1497654097286,222.5));
#915=CARTESIAN_POINT('Ctrl Pts',(-143.701551986866,-57.4987079253593,222.5));
#916=CARTESIAN_POINT('Ctrl Pts',(-143.680748103017,-54.9604982944385,222.5));
#917=CARTESIAN_POINT('Ctrl Pts',(-143.664713095233,-52.5748915131602,222.5));
#918=CARTESIAN_POINT('Ctrl Pts',(-143.654245996791,-51.0176499226013,222.5));
#919=CARTESIAN_POINT('Ctrl Pts',(-143.646141357205,-49.5751365512481,222.5));
#920=CARTESIAN_POINT('Ctrl Pts',(-143.639978975895,-48.2808434520572,222.5));
#921=CARTESIAN_POINT('Ctrl Pts',(-143.632676973089,-46.7471941423783,222.5));
#922=CARTESIAN_POINT('Ctrl Pts',(-143.565261032465,-45.3543940022243,222.5));
#923=CARTESIAN_POINT('Ctrl Pts',(-143.383528302367,-43.6386015838001,222.5));
#924=CARTESIAN_POINT('Ctrl Pts',(-143.305345489671,-42.9004545411489,222.5));
#925=CARTESIAN_POINT('Ctrl Pts',(-143.197794108381,-42.0686358233744,222.5));
#926=CARTESIAN_POINT('Ctrl Pts',(-143.065416819485,-41.2367997814295,222.5));
#927=CARTESIAN_POINT('Ctrl Pts',(-142.885504057331,-40.1062590277062,222.5));
#928=CARTESIAN_POINT('Ctrl Pts',(-142.66575648232,-38.9948300863429,222.5));
#929=CARTESIAN_POINT('Ctrl Pts',(-142.409142701707,-37.9034849672242,222.5));
#930=CARTESIAN_POINT('Ctrl Pts',(-141.52482846157,-34.1426112236699,222.5));
#931=CARTESIAN_POINT('Ctrl Pts',(-140.203829925937,-30.6196569320906,222.5));
#932=CARTESIAN_POINT('Ctrl Pts',(-138.550534544052,-27.3766197484032,222.5));
#933=CARTESIAN_POINT('Ctrl Pts',(-136.115739397793,-22.6006243149805,222.5));
#934=CARTESIAN_POINT('Ctrl Pts',(-132.986762164516,-18.4790743364067,222.5));
#935=CARTESIAN_POINT('Ctrl Pts',(-129.461153940045,-15.0515806456396,222.5));
#936=CARTESIAN_POINT('Ctrl Pts',(-128.497663400657,-14.1149031889827,222.5));
#937=CARTESIAN_POINT('Ctrl Pts',(-127.503417323725,-13.2286892249191,222.5));
#938=CARTESIAN_POINT('Ctrl Pts',(-126.483342569135,-12.3927143522403,222.5));
#939=CARTESIAN_POINT('Ctrl Pts',(-121.676577867772,-8.45345941907324,222.5));
#940=CARTESIAN_POINT('Ctrl Pts',(-116.372490688211,-5.68141885390472,222.5));
#941=CARTESIAN_POINT('Ctrl Pts',(-110.992082218604,-3.94052074030072,222.5));
#942=CARTESIAN_POINT('Ctrl Pts',(-108.00175395957,-2.97296282074591,222.5));
#943=CARTESIAN_POINT('Ctrl Pts',(-105.016255709487,-2.3376766456048,222.5));
#944=CARTESIAN_POINT('Ctrl Pts',(-102.15815432946,-1.98554773738926,222.5));
#945=CARTESIAN_POINT('Ctrl Pts',(-101.004321359132,-1.843391148073,222.5));
#946=CARTESIAN_POINT('Ctrl Pts',(-99.8174807048093,-1.74584886493925,222.5));
#947=CARTESIAN_POINT('Ctrl Pts',(-98.8476496471573,-1.69478549795334,222.5));
#948=CARTESIAN_POINT('Ctrl Pts',(-97.2534826735688,-1.61084971082125,222.5));
#949=CARTESIAN_POINT('Ctrl Pts',(-96.173473945338,-1.6275912416989,222.5));
#950=CARTESIAN_POINT('Ctrl Pts',(-95.744335996765,-1.63312567898585,222.5));
#951=CARTESIAN_POINT('Ctrl Pts',(-95.6262258849519,-1.63464890248298,222.5));
#952=CARTESIAN_POINT('Ctrl Pts',(-95.5089054681064,-1.63614890134046,222.5));
#953=CARTESIAN_POINT('Ctrl Pts',(-95.3912402256863,-1.63764039818326,222.5));
#954=CARTESIAN_POINT('Ctrl Pts',(-95.1564438949007,-1.64061662105813,222.5));
#955=CARTESIAN_POINT('Ctrl Pts',(-94.9217773690862,-1.64353960781737,222.5));
#956=CARTESIAN_POINT('Ctrl Pts',(-94.6872402185866,-1.64641008261365,222.5));
#957=CARTESIAN_POINT('Ctrl Pts',(-94.3351677106232,-1.65071905992671,222.5));
#958=CARTESIAN_POINT('Ctrl Pts',(-93.9833867388484,-1.65490970657552,222.5));
#959=CARTESIAN_POINT('Ctrl Pts',(-93.6318958484675,-1.65898446315232,222.5));
#960=CARTESIAN_POINT('Ctrl Pts',(-92.9289140677059,-1.66713397630593,222.5));
#961=CARTESIAN_POINT('Ctrl Pts',(-92.227092614058,-1.67481994072916,222.5));
#962=CARTESIAN_POINT('Ctrl Pts',(-91.5264198299539,-1.68206174636251,222.5));
#963=CARTESIAN_POINT('Ctrl Pts',(-90.1250742617456,-1.6965453576292,222.5));
#964=CARTESIAN_POINT('Ctrl Pts',(-88.7283233926587,-1.70925253499706,222.5));
#965=CARTESIAN_POINT('Ctrl Pts',(-87.336073686096,-1.72033609273394,222.5));
#966=CARTESIAN_POINT('Ctrl Pts',(-84.5515742729707,-1.74250320820771,222.5));
#967=CARTESIAN_POINT('Ctrl Pts',(-81.7850797293005,-1.75817946385068,222.5));
#968=CARTESIAN_POINT('Ctrl Pts',(-79.035838350466,-1.76854661864995,222.5));
#969=CARTESIAN_POINT('Ctrl Pts',(-73.5373555927969,-1.78928092824848,222.5));
#970=CARTESIAN_POINT('Ctrl Pts',(-68.1078858147122,-1.78884307352644,222.5));
#971=CARTESIAN_POINT('Ctrl Pts',(-62.7413902821374,-1.77595829313047,222.5));
#972=CARTESIAN_POINT('Ctrl Pts',(-52.0083992169878,-1.75018873233852,222.5));
#973=CARTESIAN_POINT('Ctrl Pts',(-41.5272758217345,-1.67559512305932,222.5));
#974=CARTESIAN_POINT('Ctrl Pts',(-31.2498541650409,-1.6099741043688,222.5));
#975=CARTESIAN_POINT('Ctrl Pts',(-27.2859561400666,-1.58466473835531,222.5));
#976=CARTESIAN_POINT('Ctrl Pts',(-23.3883630382891,-1.56069148510859,222.5));
#977=CARTESIAN_POINT('Ctrl Pts',(-19.4124259365794,-1.54014773235825,222.5));
#978=CARTESIAN_POINT('Ctrl Pts',(-13.0855105080699,-1.50745642389169,222.5));
#979=CARTESIAN_POINT('Ctrl Pts',(-6.56529754344201,-1.48365494732628,222.5));
#980=CARTESIAN_POINT('Ctrl Pts',(-2.77555756156289E-14,-1.48365494732628,
222.5));
#981=CARTESIAN_POINT('Ctrl Pts',(2.61703207857748,-1.48365494732628,222.5));
#982=CARTESIAN_POINT('Ctrl Pts',(5.24812276900426,-1.48745733783869,222.5));
#983=CARTESIAN_POINT('Ctrl Pts',(7.85628363376506,-1.49414225798329,222.5));
#984=CARTESIAN_POINT('Ctrl Pts',(15.1901948899598,-1.51293964573558,222.5));
#985=CARTESIAN_POINT('Ctrl Pts',(22.3514774836139,-1.55391616263242,222.5));
#986=CARTESIAN_POINT('Ctrl Pts',(29.3499335446926,-1.59792844145586,222.5));
#987=CARTESIAN_POINT('Ctrl Pts',(37.706181580915,-1.65047967779688,222.5));
#988=CARTESIAN_POINT('Ctrl Pts',(45.8472295143483,-1.70730770970331,222.5));
#989=CARTESIAN_POINT('Ctrl Pts',(53.7365557454261,-1.74372190363652,222.5));
#990=CARTESIAN_POINT('Ctrl Pts',(62.5206887184823,-1.78426619249555,222.5));
#991=CARTESIAN_POINT('Ctrl Pts',(70.8920979584579,-1.79888641712247,222.5));
#992=CARTESIAN_POINT('Ctrl Pts',(78.9371157758323,-1.76891663863958,222.5));
#993=CARTESIAN_POINT('Ctrl Pts',(83.6634044435485,-1.75130998721468,222.5));
#994=CARTESIAN_POINT('Ctrl Pts',(88.1965181548922,-1.71872033834383,222.5));
#995=CARTESIAN_POINT('Ctrl Pts',(92.5166768201602,-1.67153755717961,222.5));
#996=CARTESIAN_POINT('Ctrl Pts',(93.408996285537,-1.66179205537619,222.5));
#997=CARTESIAN_POINT('Ctrl Pts',(94.3207326459581,-1.65106609092008,222.5));
#998=CARTESIAN_POINT('Ctrl Pts',(95.1478711711986,-1.64070683385269,222.5));
#999=CARTESIAN_POINT('Ctrl Pts',(95.3424584984857,-1.63826978118991,222.5));
#1000=CARTESIAN_POINT('Ctrl Pts',(95.4971298295215,-1.63631380773114,222.5));
#1001=CARTESIAN_POINT('Ctrl Pts',(95.7443359967734,-1.63312567898573,222.5));
#1002=CARTESIAN_POINT('Ctrl Pts',(96.1796612109368,-1.62751144676694,222.5));
#1003=CARTESIAN_POINT('Ctrl Pts',(96.9152168930212,-1.62660460470525,222.5));
#1004=CARTESIAN_POINT('Ctrl Pts',(97.6626542932125,-1.64723835684133,222.5));
#1005=CARTESIAN_POINT('Ctrl Pts',(98.6270106575014,-1.67386037252652,222.5));
#1006=CARTESIAN_POINT('Ctrl Pts',(99.5844198015849,-1.72981586463744,222.5));
#1007=CARTESIAN_POINT('Ctrl Pts',(100.530070433567,-1.81337363071069,222.5));
#1008=CARTESIAN_POINT('Ctrl Pts',(102.208660335752,-1.96169396978321,222.5));
#1009=CARTESIAN_POINT('Ctrl Pts',(103.854377885089,-2.19704452865667,222.5));
#1010=CARTESIAN_POINT('Ctrl Pts',(105.463083281908,-2.51135352790333,222.5));
#1011=CARTESIAN_POINT('Ctrl Pts',(108.680494075544,-3.13997152639665,222.5));
#1012=CARTESIAN_POINT('Ctrl Pts',(111.750107746817,-4.08445242743607,222.5));
#1013=CARTESIAN_POINT('Ctrl Pts',(114.637180058893,-5.28649665752357,222.5));
#1014=CARTESIAN_POINT('Ctrl Pts',(120.411324683045,-7.69058511769856,222.5));
#1015=CARTESIAN_POINT('Ctrl Pts',(125.385378116529,-11.0892300296183,222.5));
#1016=CARTESIAN_POINT('Ctrl Pts',(129.461153940045,-15.0515806456396,222.5));
#1017=CARTESIAN_POINT('Ctrl Pts',(134.294541065557,-19.7504589165552,222.5));
#1018=CARTESIAN_POINT('Ctrl Pts',(137.819387395042,-25.1953138791748,222.5));
#1019=CARTESIAN_POINT('Ctrl Pts',(140.136342998202,-30.8259654929668,222.5));
#1020=CARTESIAN_POINT('Ctrl Pts',(142.213445682731,-35.8737279821165,222.5));
#1021=CARTESIAN_POINT('Ctrl Pts',(143.293492312409,-41.0010953206092,222.5));
#1022=CARTESIAN_POINT('Ctrl Pts',(143.568746331954,-45.9296770384684,222.5));
#1023=CARTESIAN_POINT('Ctrl Pts',(143.610149212539,-46.6710194561063,222.5));
#1024=CARTESIAN_POINT('Ctrl Pts',(143.635526234006,-47.3456281822739,222.5));
#1025=CARTESIAN_POINT('Ctrl Pts',(143.639978975895,-48.2808434520587,222.5));
#1026=CARTESIAN_POINT('Ctrl Pts',(143.64960030727,-50.3016244094319,222.5));
#1027=CARTESIAN_POINT('Ctrl Pts',(143.658571886498,-53.6551712497346,222.5));
#1028=CARTESIAN_POINT('Ctrl Pts',(143.750512039423,-62.4781173402332,222.5));
#1029=CARTESIAN_POINT('Ctrl Pts',(143.762064870388,-63.5867733686863,222.5));
#1030=CARTESIAN_POINT('Ctrl Pts',(143.77538215498,-64.805779290042,222.5));
#1031=CARTESIAN_POINT('Ctrl Pts',(143.789835861156,-66.0634122217699,222.5));
#1032=CARTESIAN_POINT('Ctrl Pts',(143.810622299886,-67.8720632046074,222.5));
#1033=CARTESIAN_POINT('Ctrl Pts',(143.832730085125,-69.6762528770493,222.5));
#1034=CARTESIAN_POINT('Ctrl Pts',(143.855867825455,-71.4758204366597,222.5));
#1035=CARTESIAN_POINT('Ctrl Pts',(143.87321318346,-72.8248779993961,222.5));
#1036=CARTESIAN_POINT('Ctrl Pts',(143.891137787134,-74.1713379991195,222.5));
#1037=CARTESIAN_POINT('Ctrl Pts',(143.909525760798,-75.5151327652272,222.5));
#1038=CARTESIAN_POINT('',(-143.909525760798,-75.5151327652212,227.5));
#1039=CARTESIAN_POINT('Ctrl Pts',(-143.909525760798,-75.5151327652212,227.5));
#1040=CARTESIAN_POINT('Ctrl Pts',(-143.838059460576,-70.2923691293013,227.5));
#1041=CARTESIAN_POINT('Ctrl Pts',(-143.775560332966,-65.1679317752891,227.5));
#1042=CARTESIAN_POINT('Ctrl Pts',(-143.727134807719,-60.1497654097286,227.5));
#1043=CARTESIAN_POINT('Ctrl Pts',(-143.701551986866,-57.4987079253594,227.5));
#1044=CARTESIAN_POINT('Ctrl Pts',(-143.680748103017,-54.9604982944386,227.5));
#1045=CARTESIAN_POINT('Ctrl Pts',(-143.664713095233,-52.5748915131603,227.5));
#1046=CARTESIAN_POINT('Ctrl Pts',(-143.654245996791,-51.0176499226014,227.5));
#1047=CARTESIAN_POINT('Ctrl Pts',(-143.646141357205,-49.5751365512482,227.5));
#1048=CARTESIAN_POINT('Ctrl Pts',(-143.639978975895,-48.2808434520572,227.5));
#1049=CARTESIAN_POINT('Ctrl Pts',(-143.632676973089,-46.7471941423783,227.5));
#1050=CARTESIAN_POINT('Ctrl Pts',(-143.565261032465,-45.3543940022243,227.5));
#1051=CARTESIAN_POINT('Ctrl Pts',(-143.383528302367,-43.6386015838002,227.5));
#1052=CARTESIAN_POINT('Ctrl Pts',(-143.305345489671,-42.9004545411489,227.5));
#1053=CARTESIAN_POINT('Ctrl Pts',(-143.197794108381,-42.0686358233744,227.5));
#1054=CARTESIAN_POINT('Ctrl Pts',(-143.065416819485,-41.2367997814294,227.5));
#1055=CARTESIAN_POINT('Ctrl Pts',(-142.885504057331,-40.1062590277061,227.5));
#1056=CARTESIAN_POINT('Ctrl Pts',(-142.66575648232,-38.994830086343,227.5));
#1057=CARTESIAN_POINT('Ctrl Pts',(-142.409142701707,-37.9034849672243,227.5));
#1058=CARTESIAN_POINT('Ctrl Pts',(-141.52482846157,-34.14261122367,227.5));
#1059=CARTESIAN_POINT('Ctrl Pts',(-140.203829925937,-30.6196569320906,227.5));
#1060=CARTESIAN_POINT('Ctrl Pts',(-138.550534544052,-27.3766197484033,227.5));
#1061=CARTESIAN_POINT('Ctrl Pts',(-136.115739397793,-22.6006243149805,227.5));
#1062=CARTESIAN_POINT('Ctrl Pts',(-132.986762164516,-18.4790743364067,227.5));
#1063=CARTESIAN_POINT('Ctrl Pts',(-129.461153940045,-15.0515806456396,227.5));
#1064=CARTESIAN_POINT('Ctrl Pts',(-128.497663400657,-14.1149031889827,227.5));
#1065=CARTESIAN_POINT('Ctrl Pts',(-127.503417323725,-13.2286892249191,227.5));
#1066=CARTESIAN_POINT('Ctrl Pts',(-126.483342569135,-12.3927143522403,227.5));
#1067=CARTESIAN_POINT('Ctrl Pts',(-121.676577867772,-8.45345941907325,227.5));
#1068=CARTESIAN_POINT('Ctrl Pts',(-116.372490688211,-5.68141885390472,227.5));
#1069=CARTESIAN_POINT('Ctrl Pts',(-110.992082218604,-3.94052074030072,227.5));
#1070=CARTESIAN_POINT('Ctrl Pts',(-108.00175395957,-2.97296282074591,227.5));
#1071=CARTESIAN_POINT('Ctrl Pts',(-105.016255709487,-2.3376766456048,227.5));
#1072=CARTESIAN_POINT('Ctrl Pts',(-102.15815432946,-1.98554773738926,227.5));
#1073=CARTESIAN_POINT('Ctrl Pts',(-101.004321359132,-1.843391148073,227.5));
#1074=CARTESIAN_POINT('Ctrl Pts',(-99.8174807048093,-1.74584886493925,227.5));
#1075=CARTESIAN_POINT('Ctrl Pts',(-98.8476496471573,-1.69478549795334,227.5));
#1076=CARTESIAN_POINT('Ctrl Pts',(-97.2534826735688,-1.61084971082124,227.5));
#1077=CARTESIAN_POINT('Ctrl Pts',(-96.173473945338,-1.6275912416989,227.5));
#1078=CARTESIAN_POINT('Ctrl Pts',(-95.744335996765,-1.63312567898585,227.5));
#1079=CARTESIAN_POINT('Ctrl Pts',(-95.6262258849519,-1.63464890248298,227.5));
#1080=CARTESIAN_POINT('Ctrl Pts',(-95.5089054681064,-1.63614890134046,227.5));
#1081=CARTESIAN_POINT('Ctrl Pts',(-95.3912402256863,-1.63764039818326,227.5));
#1082=CARTESIAN_POINT('Ctrl Pts',(-95.1564438949007,-1.64061662105813,227.5));
#1083=CARTESIAN_POINT('Ctrl Pts',(-94.9217773690862,-1.64353960781737,227.5));
#1084=CARTESIAN_POINT('Ctrl Pts',(-94.6872402185866,-1.64641008261365,227.5));
#1085=CARTESIAN_POINT('Ctrl Pts',(-94.3351677106232,-1.65071905992671,227.5));
#1086=CARTESIAN_POINT('Ctrl Pts',(-93.9833867388484,-1.65490970657552,227.5));
#1087=CARTESIAN_POINT('Ctrl Pts',(-93.6318958484675,-1.65898446315232,227.5));
#1088=CARTESIAN_POINT('Ctrl Pts',(-92.9289140677059,-1.66713397630593,227.5));
#1089=CARTESIAN_POINT('Ctrl Pts',(-92.227092614058,-1.67481994072916,227.5));
#1090=CARTESIAN_POINT('Ctrl Pts',(-91.5264198299539,-1.68206174636251,227.5));
#1091=CARTESIAN_POINT('Ctrl Pts',(-90.1250742617456,-1.6965453576292,227.5));
#1092=CARTESIAN_POINT('Ctrl Pts',(-88.7283233926587,-1.70925253499706,227.5));
#1093=CARTESIAN_POINT('Ctrl Pts',(-87.336073686096,-1.72033609273394,227.5));
#1094=CARTESIAN_POINT('Ctrl Pts',(-84.5515742729707,-1.74250320820771,227.5));
#1095=CARTESIAN_POINT('Ctrl Pts',(-81.7850797293005,-1.75817946385068,227.5));
#1096=CARTESIAN_POINT('Ctrl Pts',(-79.035838350466,-1.76854661864995,227.5));
#1097=CARTESIAN_POINT('Ctrl Pts',(-73.5373555927969,-1.78928092824848,227.5));
#1098=CARTESIAN_POINT('Ctrl Pts',(-68.1078858147122,-1.78884307352644,227.5));
#1099=CARTESIAN_POINT('Ctrl Pts',(-62.7413902821374,-1.77595829313047,227.5));
#1100=CARTESIAN_POINT('Ctrl Pts',(-52.0083992169878,-1.75018873233852,227.5));
#1101=CARTESIAN_POINT('Ctrl Pts',(-41.5272758217345,-1.67559512305932,227.5));
#1102=CARTESIAN_POINT('Ctrl Pts',(-31.2498541650409,-1.6099741043688,227.5));
#1103=CARTESIAN_POINT('Ctrl Pts',(-27.2859561400666,-1.58466473835531,227.5));
#1104=CARTESIAN_POINT('Ctrl Pts',(-23.3883630382891,-1.56069148510859,227.5));
#1105=CARTESIAN_POINT('Ctrl Pts',(-19.4124259365794,-1.54014773235825,227.5));
#1106=CARTESIAN_POINT('Ctrl Pts',(-13.0855105080699,-1.50745642389169,227.5));
#1107=CARTESIAN_POINT('Ctrl Pts',(-6.56529754344202,-1.48365494732628,227.5));
#1108=CARTESIAN_POINT('Ctrl Pts',(-2.77555756156289E-14,-1.48365494732628,
227.5));
#1109=CARTESIAN_POINT('Ctrl Pts',(2.61703207857748,-1.48365494732628,227.5));
#1110=CARTESIAN_POINT('Ctrl Pts',(5.24812276900428,-1.48745733783869,227.5));
#1111=CARTESIAN_POINT('Ctrl Pts',(7.85628363376508,-1.49414225798329,227.5));
#1112=CARTESIAN_POINT('Ctrl Pts',(15.1901948899599,-1.51293964573558,227.5));
#1113=CARTESIAN_POINT('Ctrl Pts',(22.3514774836139,-1.55391616263242,227.5));
#1114=CARTESIAN_POINT('Ctrl Pts',(29.3499335446926,-1.59792844145586,227.5));
#1115=CARTESIAN_POINT('Ctrl Pts',(37.706181580915,-1.65047967779688,227.5));
#1116=CARTESIAN_POINT('Ctrl Pts',(45.8472295143483,-1.70730770970331,227.5));
#1117=CARTESIAN_POINT('Ctrl Pts',(53.7365557454261,-1.74372190363652,227.5));
#1118=CARTESIAN_POINT('Ctrl Pts',(62.5206887184823,-1.78426619249555,227.5));
#1119=CARTESIAN_POINT('Ctrl Pts',(70.8920979584578,-1.79888641712247,227.5));
#1120=CARTESIAN_POINT('Ctrl Pts',(78.9371157758323,-1.76891663863958,227.5));
#1121=CARTESIAN_POINT('Ctrl Pts',(83.6634044435485,-1.75130998721468,227.5));
#1122=CARTESIAN_POINT('Ctrl Pts',(88.1965181548922,-1.71872033834383,227.5));
#1123=CARTESIAN_POINT('Ctrl Pts',(92.5166768201602,-1.67153755717961,227.5));
#1124=CARTESIAN_POINT('Ctrl Pts',(93.408996285537,-1.66179205537619,227.5));
#1125=CARTESIAN_POINT('Ctrl Pts',(94.320732645958,-1.65106609092008,227.5));
#1126=CARTESIAN_POINT('Ctrl Pts',(95.1478711711986,-1.64070683385269,227.5));
#1127=CARTESIAN_POINT('Ctrl Pts',(95.3424584984857,-1.63826978118991,227.5));
#1128=CARTESIAN_POINT('Ctrl Pts',(95.4971298295215,-1.63631380773114,227.5));
#1129=CARTESIAN_POINT('Ctrl Pts',(95.7443359967734,-1.63312567898573,227.5));
#1130=CARTESIAN_POINT('Ctrl Pts',(96.1796612109368,-1.62751144676694,227.5));
#1131=CARTESIAN_POINT('Ctrl Pts',(96.9152168930212,-1.62660460470525,227.5));
#1132=CARTESIAN_POINT('Ctrl Pts',(97.6626542932125,-1.64723835684133,227.5));
#1133=CARTESIAN_POINT('Ctrl Pts',(98.6270106575014,-1.67386037252652,227.5));
#1134=CARTESIAN_POINT('Ctrl Pts',(99.5844198015849,-1.72981586463744,227.5));
#1135=CARTESIAN_POINT('Ctrl Pts',(100.530070433567,-1.81337363071069,227.5));
#1136=CARTESIAN_POINT('Ctrl Pts',(102.208660335752,-1.96169396978321,227.5));
#1137=CARTESIAN_POINT('Ctrl Pts',(103.854377885089,-2.19704452865667,227.5));
#1138=CARTESIAN_POINT('Ctrl Pts',(105.463083281908,-2.51135352790333,227.5));
#1139=CARTESIAN_POINT('Ctrl Pts',(108.680494075544,-3.13997152639665,227.5));
#1140=CARTESIAN_POINT('Ctrl Pts',(111.750107746817,-4.08445242743607,227.5));
#1141=CARTESIAN_POINT('Ctrl Pts',(114.637180058893,-5.28649665752357,227.5));
#1142=CARTESIAN_POINT('Ctrl Pts',(120.411324683045,-7.69058511769856,227.5));
#1143=CARTESIAN_POINT('Ctrl Pts',(125.385378116529,-11.0892300296183,227.5));
#1144=CARTESIAN_POINT('Ctrl Pts',(129.461153940045,-15.0515806456396,227.5));
#1145=CARTESIAN_POINT('Ctrl Pts',(134.294541065557,-19.7504589165552,227.5));
#1146=CARTESIAN_POINT('Ctrl Pts',(137.819387395042,-25.1953138791748,227.5));
#1147=CARTESIAN_POINT('Ctrl Pts',(140.136342998202,-30.8259654929667,227.5));
#1148=CARTESIAN_POINT('Ctrl Pts',(142.213445682731,-35.8737279821164,227.5));
#1149=CARTESIAN_POINT('Ctrl Pts',(143.293492312409,-41.0010953206092,227.5));
#1150=CARTESIAN_POINT('Ctrl Pts',(143.568746331954,-45.9296770384684,227.5));
#1151=CARTESIAN_POINT('Ctrl Pts',(143.610149212539,-46.6710194561063,227.5));
#1152=CARTESIAN_POINT('Ctrl Pts',(143.635526234006,-47.3456281822739,227.5));
#1153=CARTESIAN_POINT('Ctrl Pts',(143.639978975895,-48.2808434520588,227.5));
#1154=CARTESIAN_POINT('Ctrl Pts',(143.64960030727,-50.3016244094319,227.5));
#1155=CARTESIAN_POINT('Ctrl Pts',(143.658571886498,-53.6551712497347,227.5));
#1156=CARTESIAN_POINT('Ctrl Pts',(143.750512039423,-62.4781173402332,227.5));
#1157=CARTESIAN_POINT('Ctrl Pts',(143.762064870388,-63.5867733686864,227.5));
#1158=CARTESIAN_POINT('Ctrl Pts',(143.77538215498,-64.8057792900422,227.5));
#1159=CARTESIAN_POINT('Ctrl Pts',(143.789835861156,-66.0634122217702,227.5));
#1160=CARTESIAN_POINT('Ctrl Pts',(143.810622299886,-67.8720632046076,227.5));
#1161=CARTESIAN_POINT('Ctrl Pts',(143.832730085125,-69.6762528770494,227.5));
#1162=CARTESIAN_POINT('Ctrl Pts',(143.855867825455,-71.4758204366597,227.5));
#1163=CARTESIAN_POINT('Ctrl Pts',(143.87321318346,-72.8248779993995,227.5));
#1164=CARTESIAN_POINT('Ctrl Pts',(143.891137787134,-74.1713379991261,227.5));
#1165=CARTESIAN_POINT('Ctrl Pts',(143.909525760798,-75.5151327652372,227.5));
#1166=CARTESIAN_POINT('',(-143.909525760798,-75.5151327652212,222.5));
#1167=CARTESIAN_POINT('Origin',(-126.389866531801,-75.5151327652212,222.5));
#1168=CARTESIAN_POINT('',(-126.389866531801,-75.5151327652212,222.5));
#1169=CARTESIAN_POINT('',(-126.389866531801,-75.5151327652212,222.5));
#1170=CARTESIAN_POINT('',(-126.389866531801,-75.5151327652212,227.5));
#1171=CARTESIAN_POINT('',(-126.389866531801,-75.5151327652212,227.5));
#1172=CARTESIAN_POINT('',(-126.389866531801,-75.5151327652212,222.5));
#1173=CARTESIAN_POINT('Origin',(-126.389866629955,-235.514262583443,222.5));
#1174=CARTESIAN_POINT('',(-126.389866629955,-235.514262583443,222.5));
#1175=CARTESIAN_POINT('',(-126.389866531801,-75.5151327652212,222.5));
#1176=CARTESIAN_POINT('',(-126.389866629955,-235.514262583443,227.5));
#1177=CARTESIAN_POINT('',(-126.389866531801,-75.5151327652212,227.5));
#1178=CARTESIAN_POINT('',(-126.389866629955,-235.514262583443,222.5));
#1179=CARTESIAN_POINT('Origin',(-144.857619089461,-235.514262561568,222.5));
#1180=CARTESIAN_POINT('',(-144.857619089461,-235.514262561568,222.5));
#1181=CARTESIAN_POINT('',(-144.857619089461,-235.514262561568,222.5));
#1182=CARTESIAN_POINT('',(-144.857619089462,-235.514262561568,227.5));
#1183=CARTESIAN_POINT('',(-144.857619089461,-235.514262561568,227.5));
#1184=CARTESIAN_POINT('',(-144.857619089461,-235.514262561568,222.5));
#1185=CARTESIAN_POINT('Ctrl Pts',(144.857619089462,-235.514262561581,222.5));
#1186=CARTESIAN_POINT('Ctrl Pts',(144.857619089462,-235.514262561581,227.5));
#1187=CARTESIAN_POINT('Ctrl Pts',(144.866204002673,-243.604814430567,222.5));
#1188=CARTESIAN_POINT('Ctrl Pts',(144.866204002673,-243.604814430567,227.5));
#1189=CARTESIAN_POINT('Ctrl Pts',(144.879766161289,-251.578097644614,222.5));
#1190=CARTESIAN_POINT('Ctrl Pts',(144.879766161289,-251.578097644614,227.5));
#1191=CARTESIAN_POINT('Ctrl Pts',(144.903146378422,-259.43937673426,222.5));
#1192=CARTESIAN_POINT('Ctrl Pts',(144.903146378422,-259.43937673426,227.5));
#1193=CARTESIAN_POINT('Ctrl Pts',(144.908991415588,-261.404690751369,222.5));
#1194=CARTESIAN_POINT('Ctrl Pts',(144.908991415588,-261.404690751369,227.5));
#1195=CARTESIAN_POINT('Ctrl Pts',(144.915681488339,-263.410607032546,222.5));
#1196=CARTESIAN_POINT('Ctrl Pts',(144.915681488339,-263.410607032546,227.5));
#1197=CARTESIAN_POINT('Ctrl Pts',(144.921898530432,-265.111392406943,222.5));
#1198=CARTESIAN_POINT('Ctrl Pts',(144.921898530432,-265.111392406943,227.5));
#1199=CARTESIAN_POINT('Ctrl Pts',(144.922918805994,-265.390507414959,222.5));
#1200=CARTESIAN_POINT('Ctrl Pts',(144.922918805994,-265.390507414959,227.5));
#1201=CARTESIAN_POINT('Ctrl Pts',(144.923829961722,-265.636408637709,222.5));
#1202=CARTESIAN_POINT('Ctrl Pts',(144.923829961722,-265.636408637709,227.5));
#1203=CARTESIAN_POINT('Ctrl Pts',(144.924929655051,-265.928696561204,222.5));
#1204=CARTESIAN_POINT('Ctrl Pts',(144.924929655051,-265.928696561204,227.5));
#1205=CARTESIAN_POINT('Ctrl Pts',(144.928192310076,-266.795878926533,222.5));
#1206=CARTESIAN_POINT('Ctrl Pts',(144.928192310076,-266.795878926533,227.5));
#1207=CARTESIAN_POINT('Ctrl Pts',(144.91236029571,-268.496134809097,222.5));
#1208=CARTESIAN_POINT('Ctrl Pts',(144.91236029571,-268.496134809097,227.5));
#1209=CARTESIAN_POINT('Ctrl Pts',(144.684211515005,-270.660392895437,222.5));
#1210=CARTESIAN_POINT('Ctrl Pts',(144.684211515005,-270.660392895437,227.5));
#1211=CARTESIAN_POINT('Ctrl Pts',(144.559168923231,-271.846568160315,222.5));
#1212=CARTESIAN_POINT('Ctrl Pts',(144.559168923231,-271.846568160315,227.5));
#1213=CARTESIAN_POINT('Ctrl Pts',(144.366630478797,-273.186883084091,222.5));
#1214=CARTESIAN_POINT('Ctrl Pts',(144.366630478797,-273.186883084091,227.5));
#1215=CARTESIAN_POINT('Ctrl Pts',(144.093629074234,-274.574561304549,222.5));
#1216=CARTESIAN_POINT('Ctrl Pts',(144.093629074234,-274.574561304549,227.5));
#1217=CARTESIAN_POINT('Ctrl Pts',(143.77186267815,-276.210114134898,222.5));
#1218=CARTESIAN_POINT('Ctrl Pts',(143.77186267815,-276.210114134898,227.5));
#1219=CARTESIAN_POINT('Ctrl Pts',(143.363993145766,-277.801275897536,222.5));
#1220=CARTESIAN_POINT('Ctrl Pts',(143.363993145766,-277.801275897536,227.5));
#1221=CARTESIAN_POINT('Ctrl Pts',(142.880322538454,-279.345511149492,222.5));
#1222=CARTESIAN_POINT('Ctrl Pts',(142.880322538454,-279.345511149492,227.5));
#1223=CARTESIAN_POINT('Ctrl Pts',(141.636616054548,-283.316344535891,222.5));
#1224=CARTESIAN_POINT('Ctrl Pts',(141.636616054548,-283.316344535891,227.5));
#1225=CARTESIAN_POINT('Ctrl Pts',(139.892309355714,-286.97802324628,222.5));
#1226=CARTESIAN_POINT('Ctrl Pts',(139.892309355714,-286.97802324628,227.5));
#1227=CARTESIAN_POINT('Ctrl Pts',(137.794026687159,-290.280824287395,222.5));
#1228=CARTESIAN_POINT('Ctrl Pts',(137.794026687159,-290.280824287395,227.5));
#1229=CARTESIAN_POINT('Ctrl Pts',(134.340491403389,-295.716860195095,222.5));
#1230=CARTESIAN_POINT('Ctrl Pts',(134.340491403389,-295.716860195095,227.5));
#1231=CARTESIAN_POINT('Ctrl Pts',(129.985477895277,-300.111033044084,222.5));
#1232=CARTESIAN_POINT('Ctrl Pts',(129.985477895277,-300.111033044084,227.5));
#1233=CARTESIAN_POINT('Ctrl Pts',(125.223140918845,-303.491762342936,222.5));
#1234=CARTESIAN_POINT('Ctrl Pts',(125.223140918845,-303.491762342936,227.5));
#1235=CARTESIAN_POINT('Ctrl Pts',(120.04124944541,-307.170328646498,222.5));
#1236=CARTESIAN_POINT('Ctrl Pts',(120.04124944541,-307.170328646498,227.5));
#1237=CARTESIAN_POINT('Ctrl Pts',(114.44128884326,-309.609378171905,222.5));
#1238=CARTESIAN_POINT('Ctrl Pts',(114.44128884326,-309.609378171905,227.5));
#1239=CARTESIAN_POINT('Ctrl Pts',(108.833486230664,-310.997416406709,222.5));
#1240=CARTESIAN_POINT('Ctrl Pts',(108.833486230664,-310.997416406709,227.5));
#1241=CARTESIAN_POINT('Ctrl Pts',(105.498192416538,-311.822965317421,222.5));
#1242=CARTESIAN_POINT('Ctrl Pts',(105.498192416538,-311.822965317421,227.5));
#1243=CARTESIAN_POINT('Ctrl Pts',(102.20754235311,-312.260653376046,222.5));
#1244=CARTESIAN_POINT('Ctrl Pts',(102.20754235311,-312.260653376046,227.5));
#1245=CARTESIAN_POINT('Ctrl Pts',(99.080532232919,-312.388964228279,222.5));
#1246=CARTESIAN_POINT('Ctrl Pts',(99.080532232919,-312.388964228279,227.5));
#1247=CARTESIAN_POINT('Ctrl Pts',(98.5035647917848,-312.412638978676,222.5));
#1248=CARTESIAN_POINT('Ctrl Pts',(98.5035647917848,-312.412638978676,227.5));
#1249=CARTESIAN_POINT('Ctrl Pts',(97.904164252522,-312.425884724336,222.5));
#1250=CARTESIAN_POINT('Ctrl Pts',(97.904164252522,-312.425884724336,227.5));
#1251=CARTESIAN_POINT('Ctrl Pts',(97.3826933357335,-312.429233271452,222.5));
#1252=CARTESIAN_POINT('Ctrl Pts',(97.3826933357335,-312.429233271452,227.5));
#1253=CARTESIAN_POINT('Ctrl Pts',(96.7221217878736,-312.433475032363,222.5));
#1254=CARTESIAN_POINT('Ctrl Pts',(96.7221217878736,-312.433475032363,227.5));
#1255=CARTESIAN_POINT('Ctrl Pts',(96.2010531134973,-312.424501794945,222.5));
#1256=CARTESIAN_POINT('Ctrl Pts',(96.2010531134973,-312.424501794945,227.5));
#1257=CARTESIAN_POINT('Ctrl Pts',(95.7700251731342,-312.41311978821,222.5));
#1258=CARTESIAN_POINT('Ctrl Pts',(95.7700251731342,-312.41311978821,227.5));
#1259=CARTESIAN_POINT('Ctrl Pts',(95.6238417555403,-312.409259572926,222.5));
#1260=CARTESIAN_POINT('Ctrl Pts',(95.6238417555403,-312.409259572926,227.5));
#1261=CARTESIAN_POINT('Ctrl Pts',(95.4901592267856,-312.405735595969,222.5));
#1262=CARTESIAN_POINT('Ctrl Pts',(95.4901592267856,-312.405735595969,227.5));
#1263=CARTESIAN_POINT('Ctrl Pts',(95.3598503047415,-312.402305273082,222.5));
#1264=CARTESIAN_POINT('Ctrl Pts',(95.3598503047415,-312.402305273082,227.5));
#1265=CARTESIAN_POINT('Ctrl Pts',(94.9143257273538,-312.390577041965,222.5));
#1266=CARTESIAN_POINT('Ctrl Pts',(94.9143257273538,-312.390577041965,227.5));
#1267=CARTESIAN_POINT('Ctrl Pts',(94.4691133336682,-312.37891672516,222.5));
#1268=CARTESIAN_POINT('Ctrl Pts',(94.4691133336682,-312.37891672516,227.5));
#1269=CARTESIAN_POINT('Ctrl Pts',(94.0242134498459,-312.367324675873,222.5));
#1270=CARTESIAN_POINT('Ctrl Pts',(94.0242134498459,-312.367324675873,227.5));
#1271=CARTESIAN_POINT('Ctrl Pts',(93.2920096276827,-312.348246804416,222.5));
#1272=CARTESIAN_POINT('Ctrl Pts',(93.2920096276827,-312.348246804416,227.5));
#1273=CARTESIAN_POINT('Ctrl Pts',(92.5606522589815,-312.329353841495,222.5));
#1274=CARTESIAN_POINT('Ctrl Pts',(92.5606522589815,-312.329353841495,227.5));
#1275=CARTESIAN_POINT('Ctrl Pts',(91.830142798932,-312.310647339195,222.5));
#1276=CARTESIAN_POINT('Ctrl Pts',(91.830142798932,-312.310647339195,227.5));
#1277=CARTESIAN_POINT('Ctrl Pts',(90.5259378897766,-312.277249945368,222.5));
#1278=CARTESIAN_POINT('Ctrl Pts',(90.5259378897766,-312.277249945368,227.5));
#1279=CARTESIAN_POINT('Ctrl Pts',(89.2244356249764,-312.244446896949,222.5));
#1280=CARTESIAN_POINT('Ctrl Pts',(89.2244356249764,-312.244446896949,227.5));
#1281=CARTESIAN_POINT('Ctrl Pts',(87.9256442975944,-312.212246805615,222.5));
#1282=CARTESIAN_POINT('Ctrl Pts',(87.9256442975944,-312.212246805615,227.5));
#1283=CARTESIAN_POINT('Ctrl Pts',(85.3280616428308,-312.147846622948,222.5));
#1284=CARTESIAN_POINT('Ctrl Pts',(85.3280616428308,-312.147846622948,227.5));
#1285=CARTESIAN_POINT('Ctrl Pts',(82.7413227238612,-312.08585855066,222.5));
#1286=CARTESIAN_POINT('Ctrl Pts',(82.7413227238612,-312.08585855066,227.5));
#1287=CARTESIAN_POINT('Ctrl Pts',(80.165494060603,-312.026348093323,222.5));
#1288=CARTESIAN_POINT('Ctrl Pts',(80.165494060603,-312.026348093323,227.5));
#1289=CARTESIAN_POINT('Ctrl Pts',(75.0138367340866,-311.907327178649,222.5));
#1290=CARTESIAN_POINT('Ctrl Pts',(75.0138367340866,-311.907327178649,227.5));
#1291=CARTESIAN_POINT('Ctrl Pts',(69.9058202568673,-311.798221217965,222.5));
#1292=CARTESIAN_POINT('Ctrl Pts',(69.9058202568673,-311.798221217965,227.5));
#1293=CARTESIAN_POINT('Ctrl Pts',(64.8419791999535,-311.699500193443,222.5));
#1294=CARTESIAN_POINT('Ctrl Pts',(64.8419791999535,-311.699500193443,227.5));
#1295=CARTESIAN_POINT('Ctrl Pts',(54.7142970861258,-311.502058144399,222.5));
#1296=CARTESIAN_POINT('Ctrl Pts',(54.7142970861258,-311.502058144399,227.5));
#1297=CARTESIAN_POINT('Ctrl Pts',(44.7633159097633,-311.346227274762,222.5));
#1298=CARTESIAN_POINT('Ctrl Pts',(44.7633159097633,-311.346227274762,227.5));
#1299=CARTESIAN_POINT('Ctrl Pts',(34.9933350173049,-311.234907049368,222.5));
#1300=CARTESIAN_POINT('Ctrl Pts',(34.9933350173049,-311.234907049368,227.5));
#1301=CARTESIAN_POINT('Ctrl Pts',(23.0756102214264,-311.099115196235,222.5));
#1302=CARTESIAN_POINT('Ctrl Pts',(23.0756102214264,-311.099115196235,227.5));
#1303=CARTESIAN_POINT('Ctrl Pts',(11.4675010197933,-311.029395503736,222.5));
#1304=CARTESIAN_POINT('Ctrl Pts',(11.4675010197933,-311.029395503736,227.5));
#1305=CARTESIAN_POINT('Ctrl Pts',(-2.75335310107039E-13,-311.029395503736,
222.5));
#1306=CARTESIAN_POINT('Ctrl Pts',(-2.75335310107039E-13,-311.029395503736,
227.5));
#1307=CARTESIAN_POINT('Ctrl Pts',(-23.2283490395067,-311.029395503736,222.5));
#1308=CARTESIAN_POINT('Ctrl Pts',(-23.2283490395067,-311.029395503736,227.5));
#1309=CARTESIAN_POINT('Ctrl Pts',(-45.8376427856756,-311.313629606378,222.5));
#1310=CARTESIAN_POINT('Ctrl Pts',(-45.8376427856756,-311.313629606378,227.5));
#1311=CARTESIAN_POINT('Ctrl Pts',(-67.8987001983359,-311.760240356042,222.5));
#1312=CARTESIAN_POINT('Ctrl Pts',(-67.8987001983359,-311.760240356042,227.5));
#1313=CARTESIAN_POINT('Ctrl Pts',(-74.9252682933482,-311.902488335627,222.5));
#1314=CARTESIAN_POINT('Ctrl Pts',(-74.9252682933482,-311.902488335627,227.5));
#1315=CARTESIAN_POINT('Ctrl Pts',(-81.6595473705453,-312.056618301756,222.5));
#1316=CARTESIAN_POINT('Ctrl Pts',(-81.6595473705453,-312.056618301756,227.5));
#1317=CARTESIAN_POINT('Ctrl Pts',(-88.1313829378386,-312.217352029102,222.5));
#1318=CARTESIAN_POINT('Ctrl Pts',(-88.1313829378386,-312.217352029102,227.5));
#1319=CARTESIAN_POINT('Ctrl Pts',(-89.8623914648833,-312.260343148039,222.5));
#1320=CARTESIAN_POINT('Ctrl Pts',(-89.8623914648833,-312.260343148039,227.5));
#1321=CARTESIAN_POINT('Ctrl Pts',(-91.6116495363267,-312.304789032011,222.5));
#1322=CARTESIAN_POINT('Ctrl Pts',(-91.6116495363267,-312.304789032011,227.5));
#1323=CARTESIAN_POINT('Ctrl Pts',(-93.2310451251632,-312.346722174102,222.5));
#1324=CARTESIAN_POINT('Ctrl Pts',(-93.2310451251632,-312.346722174102,227.5));
#1325=CARTESIAN_POINT('Ctrl Pts',(-94.0758754702728,-312.368598478538,222.5));
#1326=CARTESIAN_POINT('Ctrl Pts',(-94.0758754702728,-312.368598478538,227.5));
#1327=CARTESIAN_POINT('Ctrl Pts',(-94.8360845428693,-312.388457538857,222.5));
#1328=CARTESIAN_POINT('Ctrl Pts',(-94.8360845428693,-312.388457538857,227.5));
#1329=CARTESIAN_POINT('Ctrl Pts',(-95.7700251731345,-312.413119788211,222.5));
#1330=CARTESIAN_POINT('Ctrl Pts',(-95.7700251731345,-312.413119788211,227.5));
#1331=CARTESIAN_POINT('Ctrl Pts',(-97.9277619895246,-312.470098402998,222.5));
#1332=CARTESIAN_POINT('Ctrl Pts',(-97.9277619895246,-312.470098402998,227.5));
#1333=CARTESIAN_POINT('Ctrl Pts',(-100.834244077055,-312.422226151972,222.5));
#1334=CARTESIAN_POINT('Ctrl Pts',(-100.834244077055,-312.422226151972,227.5));
#1335=CARTESIAN_POINT('Ctrl Pts',(-104.448714745646,-311.871877150123,222.5));
#1336=CARTESIAN_POINT('Ctrl Pts',(-104.448714745646,-311.871877150123,227.5));
#1337=CARTESIAN_POINT('Ctrl Pts',(-105.753651805721,-311.673183932128,222.5));
#1338=CARTESIAN_POINT('Ctrl Pts',(-105.753651805721,-311.673183932128,227.5));
#1339=CARTESIAN_POINT('Ctrl Pts',(-107.070432103572,-311.417196996483,222.5));
#1340=CARTESIAN_POINT('Ctrl Pts',(-107.070432103572,-311.417196996483,227.5));
#1341=CARTESIAN_POINT('Ctrl Pts',(-108.343456364204,-311.11602448059,222.5));
#1342=CARTESIAN_POINT('Ctrl Pts',(-108.343456364204,-311.11602448059,227.5));
#1343=CARTESIAN_POINT('Ctrl Pts',(-113.142557852031,-309.98065140577,222.5));
#1344=CARTESIAN_POINT('Ctrl Pts',(-113.142557852031,-309.98065140577,227.5));
#1345=CARTESIAN_POINT('Ctrl Pts',(-117.565853869331,-308.168882145185,222.5));
#1346=CARTESIAN_POINT('Ctrl Pts',(-117.565853869331,-308.168882145185,227.5));
#1347=CARTESIAN_POINT('Ctrl Pts',(-121.533769274915,-305.865107278757,222.5));
#1348=CARTESIAN_POINT('Ctrl Pts',(-121.533769274915,-305.865107278757,227.5));
#1349=CARTESIAN_POINT('Ctrl Pts',(-126.954180467871,-302.718012193396,222.5));
#1350=CARTESIAN_POINT('Ctrl Pts',(-126.954180467871,-302.718012193396,227.5));
#1351=CARTESIAN_POINT('Ctrl Pts',(-131.44848837304,-298.702070672941,222.5));
#1352=CARTESIAN_POINT('Ctrl Pts',(-131.44848837304,-298.702070672941,227.5));
#1353=CARTESIAN_POINT('Ctrl Pts',(-134.982607652278,-294.237019267683,222.5));
#1354=CARTESIAN_POINT('Ctrl Pts',(-134.982607652278,-294.237019267683,227.5));
#1355=CARTESIAN_POINT('Ctrl Pts',(-138.664169672323,-289.585686821799,222.5));
#1356=CARTESIAN_POINT('Ctrl Pts',(-138.664169672323,-289.585686821799,227.5));
#1357=CARTESIAN_POINT('Ctrl Pts',(-141.267426608627,-284.495071025411,222.5));
#1358=CARTESIAN_POINT('Ctrl Pts',(-141.267426608627,-284.495071025411,227.5));
#1359=CARTESIAN_POINT('Ctrl Pts',(-142.880322538454,-279.345511149492,222.5));
#1360=CARTESIAN_POINT('Ctrl Pts',(-142.880322538454,-279.345511149492,227.5));
#1361=CARTESIAN_POINT('Ctrl Pts',(-142.952873177626,-279.113875708207,222.5));
#1362=CARTESIAN_POINT('Ctrl Pts',(-142.952873177626,-279.113875708207,227.5));
#1363=CARTESIAN_POINT('Ctrl Pts',(-143.023431874884,-278.882087964239,222.5));
#1364=CARTESIAN_POINT('Ctrl Pts',(-143.023431874884,-278.882087964239,227.5));
#1365=CARTESIAN_POINT('Ctrl Pts',(-143.092007791597,-278.650177984411,222.5));
#1366=CARTESIAN_POINT('Ctrl Pts',(-143.092007791597,-278.650177984411,227.5));
#1367=CARTESIAN_POINT('Ctrl Pts',(-144.019644434539,-275.513097133538,222.5));
#1368=CARTESIAN_POINT('Ctrl Pts',(-144.019644434539,-275.513097133538,227.5));
#1369=CARTESIAN_POINT('Ctrl Pts',(-144.57062348932,-272.385528051808,222.5));
#1370=CARTESIAN_POINT('Ctrl Pts',(-144.57062348932,-272.385528051808,227.5));
#1371=CARTESIAN_POINT('Ctrl Pts',(-144.798570047285,-269.402448850424,222.5));
#1372=CARTESIAN_POINT('Ctrl Pts',(-144.798570047285,-269.402448850424,227.5));
#1373=CARTESIAN_POINT('Ctrl Pts',(-144.84844480067,-268.749750512588,222.5));
#1374=CARTESIAN_POINT('Ctrl Pts',(-144.84844480067,-268.749750512588,227.5));
#1375=CARTESIAN_POINT('Ctrl Pts',(-144.883457246684,-268.09334360214,222.5));
#1376=CARTESIAN_POINT('Ctrl Pts',(-144.883457246684,-268.09334360214,227.5));
#1377=CARTESIAN_POINT('Ctrl Pts',(-144.903466035026,-267.462465440541,222.5));
#1378=CARTESIAN_POINT('Ctrl Pts',(-144.903466035026,-267.462465440541,227.5));
#1379=CARTESIAN_POINT('Ctrl Pts',(-144.922921904263,-266.84902084772,222.5));
#1380=CARTESIAN_POINT('Ctrl Pts',(-144.922921904263,-266.84902084772,227.5));
#1381=CARTESIAN_POINT('Ctrl Pts',(-144.926492273355,-266.344025496322,222.5));
#1382=CARTESIAN_POINT('Ctrl Pts',(-144.926492273355,-266.344025496322,227.5));
#1383=CARTESIAN_POINT('Ctrl Pts',(-144.924929655051,-265.928696561204,222.5));
#1384=CARTESIAN_POINT('Ctrl Pts',(-144.924929655051,-265.928696561204,227.5));
#1385=CARTESIAN_POINT('Ctrl Pts',(-144.924403177328,-265.788763839793,222.5));
#1386=CARTESIAN_POINT('Ctrl Pts',(-144.924403177328,-265.788763839793,227.5));
#1387=CARTESIAN_POINT('Ctrl Pts',(-144.923925281964,-265.660745248429,222.5));
#1388=CARTESIAN_POINT('Ctrl Pts',(-144.923925281964,-265.660745248429,227.5));
#1389=CARTESIAN_POINT('Ctrl Pts',(-144.923471235697,-265.538393518706,222.5));
#1390=CARTESIAN_POINT('Ctrl Pts',(-144.923471235697,-265.538393518706,227.5));
#1391=CARTESIAN_POINT('Ctrl Pts',(-144.921823710857,-265.094435427485,222.5));
#1392=CARTESIAN_POINT('Ctrl Pts',(-144.921823710857,-265.094435427485,227.5));
#1393=CARTESIAN_POINT('Ctrl Pts',(-144.920195524276,-264.645249450995,222.5));
#1394=CARTESIAN_POINT('Ctrl Pts',(-144.920195524276,-264.645249450995,227.5));
#1395=CARTESIAN_POINT('Ctrl Pts',(-144.918589112389,-264.19116563795,222.5));
#1396=CARTESIAN_POINT('Ctrl Pts',(-144.918589112389,-264.19116563795,227.5));
#1397=CARTESIAN_POINT('Ctrl Pts',(-144.916067881639,-263.478490338248,222.5));
#1398=CARTESIAN_POINT('Ctrl Pts',(-144.916067881639,-263.478490338248,227.5));
#1399=CARTESIAN_POINT('Ctrl Pts',(-144.913600379674,-262.753750361587,222.5));
#1400=CARTESIAN_POINT('Ctrl Pts',(-144.913600379674,-262.753750361587,227.5));
#1401=CARTESIAN_POINT('Ctrl Pts',(-144.911194470829,-262.018221714658,222.5));
#1402=CARTESIAN_POINT('Ctrl Pts',(-144.911194470829,-262.018221714658,227.5));
#1403=CARTESIAN_POINT('Ctrl Pts',(-144.906833162032,-260.684892912622,222.5));
#1404=CARTESIAN_POINT('Ctrl Pts',(-144.906833162032,-260.684892912622,227.5));
#1405=CARTESIAN_POINT('Ctrl Pts',(-144.902675326578,-259.316111897474,222.5));
#1406=CARTESIAN_POINT('Ctrl Pts',(-144.902675326578,-259.316111897474,227.5));
#1407=CARTESIAN_POINT('Ctrl Pts',(-144.898752650169,-257.919479743747,222.5));
#1408=CARTESIAN_POINT('Ctrl Pts',(-144.898752650169,-257.919479743747,227.5));
#1409=CARTESIAN_POINT('Ctrl Pts',(-144.890907297352,-255.126215436293,222.5));
#1410=CARTESIAN_POINT('Ctrl Pts',(-144.890907297352,-255.126215436293,227.5));
#1411=CARTESIAN_POINT('Ctrl Pts',(-144.884016806091,-252.221546538735,222.5));
#1412=CARTESIAN_POINT('Ctrl Pts',(-144.884016806091,-252.221546538735,227.5));
#1413=CARTESIAN_POINT('Ctrl Pts',(-144.878133943679,-249.266282798012,222.5));
#1414=CARTESIAN_POINT('Ctrl Pts',(-144.878133943679,-249.266282798012,227.5));
#1415=CARTESIAN_POINT('Ctrl Pts',(-144.869100226837,-244.728183152319,222.5));
#1416=CARTESIAN_POINT('Ctrl Pts',(-144.869100226837,-244.728183152319,227.5));
#1417=CARTESIAN_POINT('Ctrl Pts',(-144.862454023928,-240.070777826862,222.5));
#1418=CARTESIAN_POINT('Ctrl Pts',(-144.862454023928,-240.070777826862,227.5));
#1419=CARTESIAN_POINT('Ctrl Pts',(-144.857619089461,-235.514262561568,222.5));
#1420=CARTESIAN_POINT('Ctrl Pts',(-144.857619089461,-235.514262561568,227.5));
#1421=CARTESIAN_POINT('',(1.56187550145426E-13,-311.029395503736,222.5));
#1422=CARTESIAN_POINT('Ctrl Pts',(144.857619089462,-235.514262561581,222.5));
#1423=CARTESIAN_POINT('Ctrl Pts',(144.866204002673,-243.604814430567,222.5));
#1424=CARTESIAN_POINT('Ctrl Pts',(144.879766161289,-251.578097644614,222.5));
#1425=CARTESIAN_POINT('Ctrl Pts',(144.903146378422,-259.43937673426,222.5));
#1426=CARTESIAN_POINT('Ctrl Pts',(144.908991415588,-261.404690751369,222.5));
#1427=CARTESIAN_POINT('Ctrl Pts',(144.915681488339,-263.410607032546,222.5));
#1428=CARTESIAN_POINT('Ctrl Pts',(144.921898530432,-265.111392406943,222.5));
#1429=CARTESIAN_POINT('Ctrl Pts',(144.922918805994,-265.390507414959,222.5));
#1430=CARTESIAN_POINT('Ctrl Pts',(144.923829961722,-265.636408637709,222.5));
#1431=CARTESIAN_POINT('Ctrl Pts',(144.924929655051,-265.928696561204,222.5));
#1432=CARTESIAN_POINT('Ctrl Pts',(144.928192310076,-266.795878926533,222.5));
#1433=CARTESIAN_POINT('Ctrl Pts',(144.91236029571,-268.496134809097,222.5));
#1434=CARTESIAN_POINT('Ctrl Pts',(144.684211515005,-270.660392895437,222.5));
#1435=CARTESIAN_POINT('Ctrl Pts',(144.559168923231,-271.846568160315,222.5));
#1436=CARTESIAN_POINT('Ctrl Pts',(144.366630478797,-273.186883084091,222.5));
#1437=CARTESIAN_POINT('Ctrl Pts',(144.093629074235,-274.574561304549,222.5));
#1438=CARTESIAN_POINT('Ctrl Pts',(143.77186267815,-276.210114134898,222.5));
#1439=CARTESIAN_POINT('Ctrl Pts',(143.363993145766,-277.801275897536,222.5));
#1440=CARTESIAN_POINT('Ctrl Pts',(142.880322538454,-279.345511149492,222.5));
#1441=CARTESIAN_POINT('Ctrl Pts',(141.636616054548,-283.316344535891,222.5));
#1442=CARTESIAN_POINT('Ctrl Pts',(139.892309355714,-286.97802324628,222.5));
#1443=CARTESIAN_POINT('Ctrl Pts',(137.794026687159,-290.280824287395,222.5));
#1444=CARTESIAN_POINT('Ctrl Pts',(134.340491403389,-295.716860195095,222.5));
#1445=CARTESIAN_POINT('Ctrl Pts',(129.985477895277,-300.111033044084,222.5));
#1446=CARTESIAN_POINT('Ctrl Pts',(125.223140918845,-303.491762342936,222.5));
#1447=CARTESIAN_POINT('Ctrl Pts',(120.04124944541,-307.170328646498,222.5));
#1448=CARTESIAN_POINT('Ctrl Pts',(114.44128884326,-309.609378171905,222.5));
#1449=CARTESIAN_POINT('Ctrl Pts',(108.833486230664,-310.99741640671,222.5));
#1450=CARTESIAN_POINT('Ctrl Pts',(105.498192416537,-311.822965317421,222.5));
#1451=CARTESIAN_POINT('Ctrl Pts',(102.207542353109,-312.260653376046,222.5));
#1452=CARTESIAN_POINT('Ctrl Pts',(99.0805322329188,-312.388964228279,222.5));
#1453=CARTESIAN_POINT('Ctrl Pts',(98.5035647917848,-312.412638978676,222.5));
#1454=CARTESIAN_POINT('Ctrl Pts',(97.9041642525221,-312.425884724336,222.5));
#1455=CARTESIAN_POINT('Ctrl Pts',(97.3826933357336,-312.429233271452,222.5));
#1456=CARTESIAN_POINT('Ctrl Pts',(96.7221217878737,-312.433475032363,222.5));
#1457=CARTESIAN_POINT('Ctrl Pts',(96.2010531134974,-312.424501794945,222.5));
#1458=CARTESIAN_POINT('Ctrl Pts',(95.7700251731343,-312.41311978821,222.5));
#1459=CARTESIAN_POINT('Ctrl Pts',(95.6238417555403,-312.409259572926,222.5));
#1460=CARTESIAN_POINT('Ctrl Pts',(95.4901592267856,-312.405735595969,222.5));
#1461=CARTESIAN_POINT('Ctrl Pts',(95.3598503047414,-312.402305273082,222.5));
#1462=CARTESIAN_POINT('Ctrl Pts',(94.9143257273537,-312.390577041965,222.5));
#1463=CARTESIAN_POINT('Ctrl Pts',(94.4691133336681,-312.37891672516,222.5));
#1464=CARTESIAN_POINT('Ctrl Pts',(94.0242134498458,-312.367324675873,222.5));
#1465=CARTESIAN_POINT('Ctrl Pts',(93.2920096276825,-312.348246804416,222.5));
#1466=CARTESIAN_POINT('Ctrl Pts',(92.5606522589814,-312.329353841495,222.5));
#1467=CARTESIAN_POINT('Ctrl Pts',(91.8301427989319,-312.310647339195,222.5));
#1468=CARTESIAN_POINT('Ctrl Pts',(90.5259378897765,-312.277249945368,222.5));
#1469=CARTESIAN_POINT('Ctrl Pts',(89.2244356249764,-312.244446896949,222.5));
#1470=CARTESIAN_POINT('Ctrl Pts',(87.9256442975945,-312.212246805615,222.5));
#1471=CARTESIAN_POINT('Ctrl Pts',(85.3280616428309,-312.147846622948,222.5));
#1472=CARTESIAN_POINT('Ctrl Pts',(82.7413227238613,-312.08585855066,222.5));
#1473=CARTESIAN_POINT('Ctrl Pts',(80.1654940606031,-312.026348093323,222.5));
#1474=CARTESIAN_POINT('Ctrl Pts',(75.0138367340867,-311.907327178649,222.5));
#1475=CARTESIAN_POINT('Ctrl Pts',(69.9058202568675,-311.798221217965,222.5));
#1476=CARTESIAN_POINT('Ctrl Pts',(64.8419791999536,-311.699500193443,222.5));
#1477=CARTESIAN_POINT('Ctrl Pts',(54.714297086126,-311.502058144399,222.5));
#1478=CARTESIAN_POINT('Ctrl Pts',(44.7633159097636,-311.346227274762,222.5));
#1479=CARTESIAN_POINT('Ctrl Pts',(34.9933350173052,-311.234907049368,222.5));
#1480=CARTESIAN_POINT('Ctrl Pts',(23.0756103899885,-311.099115198156,222.5));
#1481=CARTESIAN_POINT('Ctrl Pts',(11.4675013481588,-311.029395505708,222.5));
#1482=CARTESIAN_POINT('Ctrl Pts',(4.86581739345127E-7,-311.029395503736,
222.5));
#1483=CARTESIAN_POINT('Ctrl Pts',(4.86581468450709E-7,-311.029395503736,
222.5));
#1484=CARTESIAN_POINT('Ctrl Pts',(-23.2283487231755,-311.029395499741,222.5));
#1485=CARTESIAN_POINT('Ctrl Pts',(-45.8376426316324,-311.313629603259,222.5));
#1486=CARTESIAN_POINT('Ctrl Pts',(-67.8987001983359,-311.760240356042,222.5));
#1487=CARTESIAN_POINT('Ctrl Pts',(-74.9252682933482,-311.902488335627,222.5));
#1488=CARTESIAN_POINT('Ctrl Pts',(-81.6595473705453,-312.056618301756,222.5));
#1489=CARTESIAN_POINT('Ctrl Pts',(-88.1313829378386,-312.217352029102,222.5));
#1490=CARTESIAN_POINT('Ctrl Pts',(-89.8623914648833,-312.260343148039,222.5));
#1491=CARTESIAN_POINT('Ctrl Pts',(-91.6116495363267,-312.304789032011,222.5));
#1492=CARTESIAN_POINT('Ctrl Pts',(-93.2310451251632,-312.346722174102,222.5));
#1493=CARTESIAN_POINT('Ctrl Pts',(-94.0758754702728,-312.368598478538,222.5));
#1494=CARTESIAN_POINT('Ctrl Pts',(-94.8360845428693,-312.388457538857,222.5));
#1495=CARTESIAN_POINT('Ctrl Pts',(-95.7700251731345,-312.413119788211,222.5));
#1496=CARTESIAN_POINT('Ctrl Pts',(-97.9277619895246,-312.470098402998,222.5));
#1497=CARTESIAN_POINT('Ctrl Pts',(-100.834244077055,-312.422226151972,222.5));
#1498=CARTESIAN_POINT('Ctrl Pts',(-104.448714745646,-311.871877150123,222.5));
#1499=CARTESIAN_POINT('Ctrl Pts',(-105.753651805721,-311.673183932128,222.5));
#1500=CARTESIAN_POINT('Ctrl Pts',(-107.070432103572,-311.417196996483,222.5));
#1501=CARTESIAN_POINT('Ctrl Pts',(-108.343456364204,-311.11602448059,222.5));
#1502=CARTESIAN_POINT('Ctrl Pts',(-113.142557852031,-309.98065140577,222.5));
#1503=CARTESIAN_POINT('Ctrl Pts',(-117.565853869331,-308.168882145185,222.5));
#1504=CARTESIAN_POINT('Ctrl Pts',(-121.533769274915,-305.865107278757,222.5));
#1505=CARTESIAN_POINT('Ctrl Pts',(-126.954180467871,-302.718012193396,222.5));
#1506=CARTESIAN_POINT('Ctrl Pts',(-131.44848837304,-298.702070672941,222.5));
#1507=CARTESIAN_POINT('Ctrl Pts',(-134.982607652278,-294.237019267683,222.5));
#1508=CARTESIAN_POINT('Ctrl Pts',(-138.664169672323,-289.585686821799,222.5));
#1509=CARTESIAN_POINT('Ctrl Pts',(-141.267426608627,-284.495071025411,222.5));
#1510=CARTESIAN_POINT('Ctrl Pts',(-142.880322538454,-279.345511149492,222.5));
#1511=CARTESIAN_POINT('Ctrl Pts',(-142.952873177626,-279.113875708207,222.5));
#1512=CARTESIAN_POINT('Ctrl Pts',(-143.023431874884,-278.882087964239,222.5));
#1513=CARTESIAN_POINT('Ctrl Pts',(-143.092007791597,-278.650177984411,222.5));
#1514=CARTESIAN_POINT('Ctrl Pts',(-144.019644434539,-275.513097133538,222.5));
#1515=CARTESIAN_POINT('Ctrl Pts',(-144.57062348932,-272.385528051808,222.5));
#1516=CARTESIAN_POINT('Ctrl Pts',(-144.798570047285,-269.402448850424,222.5));
#1517=CARTESIAN_POINT('Ctrl Pts',(-144.84844480067,-268.749750512588,222.5));
#1518=CARTESIAN_POINT('Ctrl Pts',(-144.883457246684,-268.09334360214,222.5));
#1519=CARTESIAN_POINT('Ctrl Pts',(-144.903466035026,-267.462465440541,222.5));
#1520=CARTESIAN_POINT('Ctrl Pts',(-144.922921904263,-266.84902084772,222.5));
#1521=CARTESIAN_POINT('Ctrl Pts',(-144.926492273355,-266.344025496322,222.5));
#1522=CARTESIAN_POINT('Ctrl Pts',(-144.924929655051,-265.928696561204,222.5));
#1523=CARTESIAN_POINT('Ctrl Pts',(-144.924403177328,-265.788763839793,222.5));
#1524=CARTESIAN_POINT('Ctrl Pts',(-144.923925281964,-265.660745248429,222.5));
#1525=CARTESIAN_POINT('Ctrl Pts',(-144.923471235697,-265.538393518706,222.5));
#1526=CARTESIAN_POINT('Ctrl Pts',(-144.921823710857,-265.094435427485,222.5));
#1527=CARTESIAN_POINT('Ctrl Pts',(-144.920195524276,-264.645249450995,222.5));
#1528=CARTESIAN_POINT('Ctrl Pts',(-144.918589112389,-264.19116563795,222.5));
#1529=CARTESIAN_POINT('Ctrl Pts',(-144.916067881639,-263.478490338248,222.5));
#1530=CARTESIAN_POINT('Ctrl Pts',(-144.913600379674,-262.753750361587,222.5));
#1531=CARTESIAN_POINT('Ctrl Pts',(-144.911194470829,-262.018221714658,222.5));
#1532=CARTESIAN_POINT('Ctrl Pts',(-144.906833162032,-260.684892912622,222.5));
#1533=CARTESIAN_POINT('Ctrl Pts',(-144.902675326578,-259.316111897474,222.5));
#1534=CARTESIAN_POINT('Ctrl Pts',(-144.898752650169,-257.919479743747,222.5));
#1535=CARTESIAN_POINT('Ctrl Pts',(-144.890907297352,-255.126215436293,222.5));
#1536=CARTESIAN_POINT('Ctrl Pts',(-144.884016806091,-252.221546538735,222.5));
#1537=CARTESIAN_POINT('Ctrl Pts',(-144.878133943679,-249.266282798012,222.5));
#1538=CARTESIAN_POINT('Ctrl Pts',(-144.869100226837,-244.728183152319,222.5));
#1539=CARTESIAN_POINT('Ctrl Pts',(-144.862454023928,-240.070777826862,222.5));
#1540=CARTESIAN_POINT('Ctrl Pts',(-144.857619089461,-235.514262561568,222.5));
#1541=CARTESIAN_POINT('',(144.857619089452,-235.514262561573,227.5));
#1542=CARTESIAN_POINT('Ctrl Pts',(144.857619089462,-235.514262561581,227.5));
#1543=CARTESIAN_POINT('Ctrl Pts',(144.866204002673,-243.604814430567,227.5));
#1544=CARTESIAN_POINT('Ctrl Pts',(144.879766161289,-251.578097644614,227.5));
#1545=CARTESIAN_POINT('Ctrl Pts',(144.903146378422,-259.43937673426,227.5));
#1546=CARTESIAN_POINT('Ctrl Pts',(144.908991415588,-261.404690751369,227.5));
#1547=CARTESIAN_POINT('Ctrl Pts',(144.915681488339,-263.410607032546,227.5));
#1548=CARTESIAN_POINT('Ctrl Pts',(144.921898530432,-265.111392406943,227.5));
#1549=CARTESIAN_POINT('Ctrl Pts',(144.922918805994,-265.390507414959,227.5));
#1550=CARTESIAN_POINT('Ctrl Pts',(144.923829961722,-265.636408637709,227.5));
#1551=CARTESIAN_POINT('Ctrl Pts',(144.924929655051,-265.928696561204,227.5));
#1552=CARTESIAN_POINT('Ctrl Pts',(144.928192310076,-266.795878926533,227.5));
#1553=CARTESIAN_POINT('Ctrl Pts',(144.91236029571,-268.496134809097,227.5));
#1554=CARTESIAN_POINT('Ctrl Pts',(144.684211515005,-270.660392895437,227.5));
#1555=CARTESIAN_POINT('Ctrl Pts',(144.559168923231,-271.846568160315,227.5));
#1556=CARTESIAN_POINT('Ctrl Pts',(144.366630478797,-273.186883084091,227.5));
#1557=CARTESIAN_POINT('Ctrl Pts',(144.093629074234,-274.574561304549,227.5));
#1558=CARTESIAN_POINT('Ctrl Pts',(143.77186267815,-276.210114134898,227.5));
#1559=CARTESIAN_POINT('Ctrl Pts',(143.363993145766,-277.801275897536,227.5));
#1560=CARTESIAN_POINT('Ctrl Pts',(142.880322538454,-279.345511149492,227.5));
#1561=CARTESIAN_POINT('Ctrl Pts',(141.636616054548,-283.316344535891,227.5));
#1562=CARTESIAN_POINT('Ctrl Pts',(139.892309355714,-286.97802324628,227.5));
#1563=CARTESIAN_POINT('Ctrl Pts',(137.794026687159,-290.280824287395,227.5));
#1564=CARTESIAN_POINT('Ctrl Pts',(134.340491403389,-295.716860195095,227.5));
#1565=CARTESIAN_POINT('Ctrl Pts',(129.985477895277,-300.111033044084,227.5));
#1566=CARTESIAN_POINT('Ctrl Pts',(125.223140918845,-303.491762342936,227.5));
#1567=CARTESIAN_POINT('Ctrl Pts',(120.04124944541,-307.170328646498,227.5));
#1568=CARTESIAN_POINT('Ctrl Pts',(114.44128884326,-309.609378171905,227.5));
#1569=CARTESIAN_POINT('Ctrl Pts',(108.833486230664,-310.997416406709,227.5));
#1570=CARTESIAN_POINT('Ctrl Pts',(105.498192416538,-311.822965317421,227.5));
#1571=CARTESIAN_POINT('Ctrl Pts',(102.20754235311,-312.260653376046,227.5));
#1572=CARTESIAN_POINT('Ctrl Pts',(99.080532232919,-312.388964228279,227.5));
#1573=CARTESIAN_POINT('Ctrl Pts',(98.5035647917848,-312.412638978676,227.5));
#1574=CARTESIAN_POINT('Ctrl Pts',(97.904164252522,-312.425884724336,227.5));
#1575=CARTESIAN_POINT('Ctrl Pts',(97.3826933357335,-312.429233271452,227.5));
#1576=CARTESIAN_POINT('Ctrl Pts',(96.7221217878736,-312.433475032363,227.5));
#1577=CARTESIAN_POINT('Ctrl Pts',(96.2010531134973,-312.424501794945,227.5));
#1578=CARTESIAN_POINT('Ctrl Pts',(95.7700251731342,-312.41311978821,227.5));
#1579=CARTESIAN_POINT('Ctrl Pts',(95.6238417555403,-312.409259572926,227.5));
#1580=CARTESIAN_POINT('Ctrl Pts',(95.4901592267856,-312.405735595969,227.5));
#1581=CARTESIAN_POINT('Ctrl Pts',(95.3598503047415,-312.402305273082,227.5));
#1582=CARTESIAN_POINT('Ctrl Pts',(94.9143257273538,-312.390577041965,227.5));
#1583=CARTESIAN_POINT('Ctrl Pts',(94.4691133336682,-312.37891672516,227.5));
#1584=CARTESIAN_POINT('Ctrl Pts',(94.0242134498459,-312.367324675873,227.5));
#1585=CARTESIAN_POINT('Ctrl Pts',(93.2920096276827,-312.348246804416,227.5));
#1586=CARTESIAN_POINT('Ctrl Pts',(92.5606522589815,-312.329353841495,227.5));
#1587=CARTESIAN_POINT('Ctrl Pts',(91.830142798932,-312.310647339195,227.5));
#1588=CARTESIAN_POINT('Ctrl Pts',(90.5259378897765,-312.277249945368,227.5));
#1589=CARTESIAN_POINT('Ctrl Pts',(89.2244356249764,-312.244446896949,227.5));
#1590=CARTESIAN_POINT('Ctrl Pts',(87.9256442975944,-312.212246805615,227.5));
#1591=CARTESIAN_POINT('Ctrl Pts',(85.3280616428308,-312.147846622948,227.5));
#1592=CARTESIAN_POINT('Ctrl Pts',(82.7413227238612,-312.08585855066,227.5));
#1593=CARTESIAN_POINT('Ctrl Pts',(80.165494060603,-312.026348093323,227.5));
#1594=CARTESIAN_POINT('Ctrl Pts',(75.0138367340866,-311.907327178649,227.5));
#1595=CARTESIAN_POINT('Ctrl Pts',(69.9058202568673,-311.798221217965,227.5));
#1596=CARTESIAN_POINT('Ctrl Pts',(64.8419791999534,-311.699500193443,227.5));
#1597=CARTESIAN_POINT('Ctrl Pts',(54.7142970861257,-311.502058144399,227.5));
#1598=CARTESIAN_POINT('Ctrl Pts',(44.7633159097633,-311.346227274762,227.5));
#1599=CARTESIAN_POINT('Ctrl Pts',(34.9933350173049,-311.234907049368,227.5));
#1600=CARTESIAN_POINT('Ctrl Pts',(23.0756102214264,-311.099115196235,227.5));
#1601=CARTESIAN_POINT('Ctrl Pts',(11.4675010197933,-311.029395503736,227.5));
#1602=CARTESIAN_POINT('Ctrl Pts',(-2.65985489876778E-13,-311.029395503736,
227.5));
#1603=CARTESIAN_POINT('Ctrl Pts',(-23.2283490395067,-311.029395503736,227.5));
#1604=CARTESIAN_POINT('Ctrl Pts',(-45.8376427856756,-311.313629606378,227.5));
#1605=CARTESIAN_POINT('Ctrl Pts',(-67.8987001983359,-311.760240356042,227.5));
#1606=CARTESIAN_POINT('Ctrl Pts',(-74.9252682933482,-311.902488335627,227.5));
#1607=CARTESIAN_POINT('Ctrl Pts',(-81.6595473705453,-312.056618301756,227.5));
#1608=CARTESIAN_POINT('Ctrl Pts',(-88.1313829378386,-312.217352029102,227.5));
#1609=CARTESIAN_POINT('Ctrl Pts',(-89.8623914648833,-312.260343148039,227.5));
#1610=CARTESIAN_POINT('Ctrl Pts',(-91.6116495363267,-312.304789032011,227.5));
#1611=CARTESIAN_POINT('Ctrl Pts',(-93.2310451251632,-312.346722174102,227.5));
#1612=CARTESIAN_POINT('Ctrl Pts',(-94.0758754702728,-312.368598478538,227.5));
#1613=CARTESIAN_POINT('Ctrl Pts',(-94.8360845428693,-312.388457538857,227.5));
#1614=CARTESIAN_POINT('Ctrl Pts',(-95.7700251731345,-312.413119788211,227.5));
#1615=CARTESIAN_POINT('Ctrl Pts',(-97.9277619895246,-312.470098402998,227.5));
#1616=CARTESIAN_POINT('Ctrl Pts',(-100.834244077055,-312.422226151972,227.5));
#1617=CARTESIAN_POINT('Ctrl Pts',(-104.448714745646,-311.871877150123,227.5));
#1618=CARTESIAN_POINT('Ctrl Pts',(-105.753651805721,-311.673183932128,227.5));
#1619=CARTESIAN_POINT('Ctrl Pts',(-107.070432103572,-311.417196996483,227.5));
#1620=CARTESIAN_POINT('Ctrl Pts',(-108.343456364204,-311.11602448059,227.5));
#1621=CARTESIAN_POINT('Ctrl Pts',(-113.142557852031,-309.98065140577,227.5));
#1622=CARTESIAN_POINT('Ctrl Pts',(-117.565853869331,-308.168882145185,227.5));
#1623=CARTESIAN_POINT('Ctrl Pts',(-121.533769274915,-305.865107278757,227.5));
#1624=CARTESIAN_POINT('Ctrl Pts',(-126.954180467871,-302.718012193396,227.5));
#1625=CARTESIAN_POINT('Ctrl Pts',(-131.44848837304,-298.702070672941,227.5));
#1626=CARTESIAN_POINT('Ctrl Pts',(-134.982607652278,-294.237019267683,227.5));
#1627=CARTESIAN_POINT('Ctrl Pts',(-138.664169672323,-289.585686821799,227.5));
#1628=CARTESIAN_POINT('Ctrl Pts',(-141.267426608627,-284.495071025411,227.5));
#1629=CARTESIAN_POINT('Ctrl Pts',(-142.880322538454,-279.345511149492,227.5));
#1630=CARTESIAN_POINT('Ctrl Pts',(-142.952873177626,-279.113875708207,227.5));
#1631=CARTESIAN_POINT('Ctrl Pts',(-143.023431874884,-278.882087964239,227.5));
#1632=CARTESIAN_POINT('Ctrl Pts',(-143.092007791597,-278.650177984411,227.5));
#1633=CARTESIAN_POINT('Ctrl Pts',(-144.019644434539,-275.513097133538,227.5));
#1634=CARTESIAN_POINT('Ctrl Pts',(-144.57062348932,-272.385528051808,227.5));
#1635=CARTESIAN_POINT('Ctrl Pts',(-144.798570047285,-269.402448850424,227.5));
#1636=CARTESIAN_POINT('Ctrl Pts',(-144.84844480067,-268.749750512588,227.5));
#1637=CARTESIAN_POINT('Ctrl Pts',(-144.883457246684,-268.09334360214,227.5));
#1638=CARTESIAN_POINT('Ctrl Pts',(-144.903466035026,-267.462465440541,227.5));
#1639=CARTESIAN_POINT('Ctrl Pts',(-144.922921904263,-266.84902084772,227.5));
#1640=CARTESIAN_POINT('Ctrl Pts',(-144.926492273355,-266.344025496322,227.5));
#1641=CARTESIAN_POINT('Ctrl Pts',(-144.924929655051,-265.928696561204,227.5));
#1642=CARTESIAN_POINT('Ctrl Pts',(-144.924403177328,-265.788763839793,227.5));
#1643=CARTESIAN_POINT('Ctrl Pts',(-144.923925281964,-265.660745248429,227.5));
#1644=CARTESIAN_POINT('Ctrl Pts',(-144.923471235697,-265.538393518706,227.5));
#1645=CARTESIAN_POINT('Ctrl Pts',(-144.921823710857,-265.094435427485,227.5));
#1646=CARTESIAN_POINT('Ctrl Pts',(-144.920195524276,-264.645249450995,227.5));
#1647=CARTESIAN_POINT('Ctrl Pts',(-144.918589112389,-264.19116563795,227.5));
#1648=CARTESIAN_POINT('Ctrl Pts',(-144.916067881639,-263.478490338248,227.5));
#1649=CARTESIAN_POINT('Ctrl Pts',(-144.913600379674,-262.753750361587,227.5));
#1650=CARTESIAN_POINT('Ctrl Pts',(-144.911194470829,-262.018221714658,227.5));
#1651=CARTESIAN_POINT('Ctrl Pts',(-144.906833162032,-260.684892912622,227.5));
#1652=CARTESIAN_POINT('Ctrl Pts',(-144.902675326578,-259.316111897474,227.5));
#1653=CARTESIAN_POINT('Ctrl Pts',(-144.898752650169,-257.919479743747,227.5));
#1654=CARTESIAN_POINT('Ctrl Pts',(-144.890907297352,-255.126215436293,227.5));
#1655=CARTESIAN_POINT('Ctrl Pts',(-144.884016806091,-252.221546538735,227.5));
#1656=CARTESIAN_POINT('Ctrl Pts',(-144.878133943679,-249.266282798012,227.5));
#1657=CARTESIAN_POINT('Ctrl Pts',(-144.869100226837,-244.728183152319,227.5));
#1658=CARTESIAN_POINT('Ctrl Pts',(-144.862454023928,-240.070777826862,227.5));
#1659=CARTESIAN_POINT('Ctrl Pts',(-144.857619089461,-235.514262561567,227.5));
#1660=CARTESIAN_POINT('',(144.857619089452,-235.514262561573,222.5));
#1661=CARTESIAN_POINT('Origin',(126.389866629946,-235.514262583448,222.5));
#1662=CARTESIAN_POINT('',(144.857619089452,-235.514262561573,227.5));
#1663=CARTESIAN_POINT('Origin',(-146.389866531801,-75.5151327652212,222.5));
#1664=CARTESIAN_POINT('',(-147.247272861155,-235.514262557414,222.5));
#1665=CARTESIAN_POINT('',(-146.389866531801,-75.5151327652212,222.5));
#1666=CARTESIAN_POINT('',(-146.642556839797,-122.669239286418,222.5));
#1667=CARTESIAN_POINT('',(-147.247272861155,-235.514262557414,227.5));
#1668=CARTESIAN_POINT('',(-147.247272861155,-235.514262557414,222.5));
#1669=CARTESIAN_POINT('',(-146.389866531801,-75.5151327652212,227.5));
#1670=CARTESIAN_POINT('',(-147.247272861155,-235.514262557414,227.5));
#1671=CARTESIAN_POINT('',(-146.389866531801,-75.5151327652212,222.5));
#1672=CARTESIAN_POINT('Ctrl Pts',(146.389866531801,-75.5151327652269,222.5));
#1673=CARTESIAN_POINT('Ctrl Pts',(146.389866531801,-75.5151327652269,227.5));
#1674=CARTESIAN_POINT('Ctrl Pts',(146.388064254428,-75.3599908445976,222.5));
#1675=CARTESIAN_POINT('Ctrl Pts',(146.388064254428,-75.3599908445976,227.5));
#1676=CARTESIAN_POINT('Ctrl Pts',(146.386267924018,-75.2048226669052,222.5));
#1677=CARTESIAN_POINT('Ctrl Pts',(146.386267924018,-75.2048226669052,227.5));
#1678=CARTESIAN_POINT('Ctrl Pts',(146.384477687747,-75.0496281756917,222.5));
#1679=CARTESIAN_POINT('Ctrl Pts',(146.384477687747,-75.0496281756917,227.5));
#1680=CARTESIAN_POINT('Ctrl Pts',(146.320639958912,-69.5155743714286,222.5));
#1681=CARTESIAN_POINT('Ctrl Pts',(146.320639958912,-69.5155743714286,227.5));
#1682=CARTESIAN_POINT('Ctrl Pts',(146.262707669242,-63.8054297903823,222.5));
#1683=CARTESIAN_POINT('Ctrl Pts',(146.262707669242,-63.8054297903823,227.5));
#1684=CARTESIAN_POINT('Ctrl Pts',(146.220583049072,-57.9810695130309,222.5));
#1685=CARTESIAN_POINT('Ctrl Pts',(146.220583049072,-57.9810695130309,227.5));
#1686=CARTESIAN_POINT('Ctrl Pts',(146.213776215895,-57.0399227772468,222.5));
#1687=CARTESIAN_POINT('Ctrl Pts',(146.213776215895,-57.0399227772468,227.5));
#1688=CARTESIAN_POINT('Ctrl Pts',(146.20733791914,-56.0879233414654,222.5));
#1689=CARTESIAN_POINT('Ctrl Pts',(146.20733791914,-56.0879233414654,227.5));
#1690=CARTESIAN_POINT('Ctrl Pts',(146.201465685414,-55.1494349160076,222.5));
#1691=CARTESIAN_POINT('Ctrl Pts',(146.201465685414,-55.1494349160076,227.5));
#1692=CARTESIAN_POINT('Ctrl Pts',(146.181642759407,-51.9813752837373,222.5));
#1693=CARTESIAN_POINT('Ctrl Pts',(146.181642759407,-51.9813752837373,227.5));
#1694=CARTESIAN_POINT('Ctrl Pts',(146.173749119106,-49.9956430746591,222.5));
#1695=CARTESIAN_POINT('Ctrl Pts',(146.173749119106,-49.9956430746591,227.5));
#1696=CARTESIAN_POINT('Ctrl Pts',(146.168354445197,-48.5209609513284,222.5));
#1697=CARTESIAN_POINT('Ctrl Pts',(146.168354445197,-48.5209609513284,227.5));
#1698=CARTESIAN_POINT('Ctrl Pts',(146.162523219805,-46.9269435952046,222.5));
#1699=CARTESIAN_POINT('Ctrl Pts',(146.162523219805,-46.9269435952046,227.5));
#1700=CARTESIAN_POINT('Ctrl Pts',(146.105536147856,-45.9312140043502,222.5));
#1701=CARTESIAN_POINT('Ctrl Pts',(146.105536147856,-45.9312140043502,227.5));
#1702=CARTESIAN_POINT('Ctrl Pts',(146.001559269024,-44.6840646342747,222.5));
#1703=CARTESIAN_POINT('Ctrl Pts',(146.001559269024,-44.6840646342747,227.5));
#1704=CARTESIAN_POINT('Ctrl Pts',(145.948360233311,-44.0459694671388,222.5));
#1705=CARTESIAN_POINT('Ctrl Pts',(145.948360233311,-44.0459694671388,227.5));
#1706=CARTESIAN_POINT('Ctrl Pts',(145.871225327994,-43.293995350877,222.5));
#1707=CARTESIAN_POINT('Ctrl Pts',(145.871225327994,-43.293995350877,227.5));
#1708=CARTESIAN_POINT('Ctrl Pts',(145.776467779808,-42.5541816810198,222.5));
#1709=CARTESIAN_POINT('Ctrl Pts',(145.776467779808,-42.5541816810198,227.5));
#1710=CARTESIAN_POINT('Ctrl Pts',(145.629329934156,-41.4054120932563,222.5));
#1711=CARTESIAN_POINT('Ctrl Pts',(145.629329934156,-41.4054120932563,227.5));
#1712=CARTESIAN_POINT('Ctrl Pts',(145.4404610867,-40.2574161951247,222.5));
#1713=CARTESIAN_POINT('Ctrl Pts',(145.4404610867,-40.2574161951247,227.5));
#1714=CARTESIAN_POINT('Ctrl Pts',(145.209370293412,-39.1127756662526,222.5));
#1715=CARTESIAN_POINT('Ctrl Pts',(145.209370293412,-39.1127756662526,227.5));
#1716=CARTESIAN_POINT('Ctrl Pts',(144.538581691504,-35.790220885412,222.5));
#1717=CARTESIAN_POINT('Ctrl Pts',(144.538581691504,-35.790220885412,227.5));
#1718=CARTESIAN_POINT('Ctrl Pts',(143.512223688411,-32.4959371986132,222.5));
#1719=CARTESIAN_POINT('Ctrl Pts',(143.512223688411,-32.4959371986132,227.5));
#1720=CARTESIAN_POINT('Ctrl Pts',(142.118349298774,-29.2926548059602,222.5));
#1721=CARTESIAN_POINT('Ctrl Pts',(142.118349298774,-29.2926548059602,227.5));
#1722=CARTESIAN_POINT('Ctrl Pts',(139.658108126369,-23.6387398708436,222.5));
#1723=CARTESIAN_POINT('Ctrl Pts',(139.658108126369,-23.6387398708436,227.5));
#1724=CARTESIAN_POINT('Ctrl Pts',(136.051325746734,-18.2915177601024,222.5));
#1725=CARTESIAN_POINT('Ctrl Pts',(136.051325746734,-18.2915177601024,227.5));
#1726=CARTESIAN_POINT('Ctrl Pts',(131.375506568541,-13.7304264085101,222.5));
#1727=CARTESIAN_POINT('Ctrl Pts',(131.375506568541,-13.7304264085101,227.5));
#1728=CARTESIAN_POINT('Ctrl Pts',(128.894715433277,-11.3105049870553,222.5));
#1729=CARTESIAN_POINT('Ctrl Pts',(128.894715433277,-11.3105049870553,227.5));
#1730=CARTESIAN_POINT('Ctrl Pts',(126.101912914223,-9.10252082500864,222.5));
#1731=CARTESIAN_POINT('Ctrl Pts',(126.101912914223,-9.10252082500864,227.5));
#1732=CARTESIAN_POINT('Ctrl Pts',(123.070232976632,-7.20418215982268,222.5));
#1733=CARTESIAN_POINT('Ctrl Pts',(123.070232976632,-7.20418215982268,227.5));
#1734=CARTESIAN_POINT('Ctrl Pts',(117.115036357293,-3.47523311704953,222.5));
#1735=CARTESIAN_POINT('Ctrl Pts',(117.115036357293,-3.47523311704953,227.5));
#1736=CARTESIAN_POINT('Ctrl Pts',(110.247546342599,-0.888080379686246,222.5));
#1737=CARTESIAN_POINT('Ctrl Pts',(110.247546342599,-0.888080379686246,227.5));
#1738=CARTESIAN_POINT('Ctrl Pts',(102.59163359564,0.0457222451502504,222.5));
#1739=CARTESIAN_POINT('Ctrl Pts',(102.59163359564,0.0457222451502504,227.5));
#1740=CARTESIAN_POINT('Ctrl Pts',(101.944473950382,0.124657232447481,222.5));
#1741=CARTESIAN_POINT('Ctrl Pts',(101.944473950382,0.124657232447481,227.5));
#1742=CARTESIAN_POINT('Ctrl Pts',(101.324633223675,0.187007952982079,222.5));
#1743=CARTESIAN_POINT('Ctrl Pts',(101.324633223675,0.187007952982079,227.5));
#1744=CARTESIAN_POINT('Ctrl Pts',(100.769982428542,0.234116063315003,222.5));
#1745=CARTESIAN_POINT('Ctrl Pts',(100.769982428542,0.234116063315003,227.5));
#1746=CARTESIAN_POINT('Ctrl Pts',(99.2761916654828,0.360988071248552,222.5));
#1747=CARTESIAN_POINT('Ctrl Pts',(99.2761916654828,0.360988071248552,227.5));
#1748=CARTESIAN_POINT('Ctrl Pts',(98.0524042970499,0.435656105073154,222.5));
#1749=CARTESIAN_POINT('Ctrl Pts',(98.0524042970499,0.435656105073154,227.5));
#1750=CARTESIAN_POINT('Ctrl Pts',(95.930341231743,0.409422189745661,222.5));
#1751=CARTESIAN_POINT('Ctrl Pts',(95.930341231743,0.409422189745661,227.5));
#1752=CARTESIAN_POINT('Ctrl Pts',(93.8700459909384,0.383951876548789,222.5));
#1753=CARTESIAN_POINT('Ctrl Pts',(93.8700459909384,0.383951876548789,227.5));
#1754=CARTESIAN_POINT('Ctrl Pts',(90.9640672689744,0.349192460800805,222.5));
#1755=CARTESIAN_POINT('Ctrl Pts',(90.9640672689744,0.349192460800805,227.5));
#1756=CARTESIAN_POINT('Ctrl Pts',(86.1457591551435,0.315943224808334,222.5));
#1757=CARTESIAN_POINT('Ctrl Pts',(86.1457591551435,0.315943224808334,227.5));
#1758=CARTESIAN_POINT('Ctrl Pts',(85.0765574934704,0.308565087600698,222.5));
#1759=CARTESIAN_POINT('Ctrl Pts',(85.0765574934704,0.308565087600698,227.5));
#1760=CARTESIAN_POINT('Ctrl Pts',(83.881896037774,0.301252273247338,222.5));
#1761=CARTESIAN_POINT('Ctrl Pts',(83.881896037774,0.301252273247338,227.5));
#1762=CARTESIAN_POINT('Ctrl Pts',(82.6610207047093,0.294926061422001,222.5));
#1763=CARTESIAN_POINT('Ctrl Pts',(82.6610207047093,0.294926061422001,227.5));
#1764=CARTESIAN_POINT('Ctrl Pts',(80.7862701096718,0.285211663020558,222.5));
#1765=CARTESIAN_POINT('Ctrl Pts',(80.7862701096718,0.285211663020558,227.5));
#1766=CARTESIAN_POINT('Ctrl Pts',(78.9068428959316,0.277983968240805,222.5));
#1767=CARTESIAN_POINT('Ctrl Pts',(78.9068428959316,0.277983968240805,227.5));
#1768=CARTESIAN_POINT('Ctrl Pts',(77.0226693255984,0.272983276689495,222.5));
#1769=CARTESIAN_POINT('Ctrl Pts',(77.0226693255984,0.272983276689495,227.5));
#1770=CARTESIAN_POINT('Ctrl Pts',(74.1424501862779,0.265339030032657,222.5));
#1771=CARTESIAN_POINT('Ctrl Pts',(74.1424501862779,0.265339030032657,227.5));
#1772=CARTESIAN_POINT('Ctrl Pts',(71.2511400305656,0.262901295506277,222.5));
#1773=CARTESIAN_POINT('Ctrl Pts',(71.2511400305656,0.262901295506277,227.5));
#1774=CARTESIAN_POINT('Ctrl Pts',(68.3484919303465,0.264698333381195,222.5));
#1775=CARTESIAN_POINT('Ctrl Pts',(68.3484919303465,0.264698333381195,227.5));
#1776=CARTESIAN_POINT('Ctrl Pts',(55.2820565479896,0.272787801501874,222.5));
#1777=CARTESIAN_POINT('Ctrl Pts',(55.2820565479896,0.272787801501874,227.5));
#1778=CARTESIAN_POINT('Ctrl Pts',(41.9858903605665,0.368540912112947,222.5));
#1779=CARTESIAN_POINT('Ctrl Pts',(41.9858903605665,0.368540912112947,227.5));
#1780=CARTESIAN_POINT('Ctrl Pts',(28.4374757797465,0.44930051959668,222.5));
#1781=CARTESIAN_POINT('Ctrl Pts',(28.4374757797465,0.44930051959668,227.5));
#1782=CARTESIAN_POINT('Ctrl Pts',(26.047134280271,0.463548905642011,222.5));
#1783=CARTESIAN_POINT('Ctrl Pts',(26.047134280271,0.463548905642011,227.5));
#1784=CARTESIAN_POINT('Ctrl Pts',(23.6256047856831,0.477391019255388,222.5));
#1785=CARTESIAN_POINT('Ctrl Pts',(23.6256047856831,0.477391019255388,227.5));
#1786=CARTESIAN_POINT('Ctrl Pts',(21.248465379748,0.489796502159313,222.5));
#1787=CARTESIAN_POINT('Ctrl Pts',(21.248465379748,0.489796502159313,227.5));
#1788=CARTESIAN_POINT('Ctrl Pts',(17.7447564210667,0.508081168796332,222.5));
#1789=CARTESIAN_POINT('Ctrl Pts',(17.7447564210667,0.508081168796332,227.5));
#1790=CARTESIAN_POINT('Ctrl Pts',(14.4632455617756,0.522581093343614,222.5));
#1791=CARTESIAN_POINT('Ctrl Pts',(14.4632455617756,0.522581093343614,227.5));
#1792=CARTESIAN_POINT('Ctrl Pts',(11.3504899837638,0.533003456032807,222.5));
#1793=CARTESIAN_POINT('Ctrl Pts',(11.3504899837638,0.533003456032807,227.5));
#1794=CARTESIAN_POINT('Ctrl Pts',(7.32307064368199,0.546488364825617,222.5));
#1795=CARTESIAN_POINT('Ctrl Pts',(7.32307064368199,0.546488364825617,227.5));
#1796=CARTESIAN_POINT('Ctrl Pts',(3.57815286060627,0.553217257121264,222.5));
#1797=CARTESIAN_POINT('Ctrl Pts',(3.57815286060627,0.553217257121264,227.5));
#1798=CARTESIAN_POINT('Ctrl Pts',(-4.21884749357559E-14,0.553217257121264,
222.5));
#1799=CARTESIAN_POINT('Ctrl Pts',(-4.21884749357559E-14,0.553217257121264,
227.5));
#1800=CARTESIAN_POINT('Ctrl Pts',(-11.7439866153134,0.553217257121265,222.5));
#1801=CARTESIAN_POINT('Ctrl Pts',(-11.7439866153134,0.553217257121265,227.5));
#1802=CARTESIAN_POINT('Ctrl Pts',(-21.6914784984827,0.491429293214921,222.5));
#1803=CARTESIAN_POINT('Ctrl Pts',(-21.6914784984827,0.491429293214921,227.5));
#1804=CARTESIAN_POINT('Ctrl Pts',(-33.9346998709851,0.415797791516491,222.5));
#1805=CARTESIAN_POINT('Ctrl Pts',(-33.9346998709851,0.415797791516491,227.5));
#1806=CARTESIAN_POINT('Ctrl Pts',(-36.8423436462831,0.39783605918812,222.5));
#1807=CARTESIAN_POINT('Ctrl Pts',(-36.8423436462831,0.39783605918812,227.5));
#1808=CARTESIAN_POINT('Ctrl Pts',(-39.9275199594773,0.378594971735668,222.5));
#1809=CARTESIAN_POINT('Ctrl Pts',(-39.9275199594773,0.378594971735668,227.5));
#1810=CARTESIAN_POINT('Ctrl Pts',(-43.026662651499,0.360411233497833,222.5));
#1811=CARTESIAN_POINT('Ctrl Pts',(-43.026662651499,0.360411233497833,227.5));
#1812=CARTESIAN_POINT('Ctrl Pts',(-49.1460959836016,0.324506409185839,222.5));
#1813=CARTESIAN_POINT('Ctrl Pts',(-49.1460959836016,0.324506409185839,227.5));
#1814=CARTESIAN_POINT('Ctrl Pts',(-55.3670392579635,0.292292199800934,222.5));
#1815=CARTESIAN_POINT('Ctrl Pts',(-55.3670392579635,0.292292199800934,227.5));
#1816=CARTESIAN_POINT('Ctrl Pts',(-61.706444444953,0.275693896663425,222.5));
#1817=CARTESIAN_POINT('Ctrl Pts',(-61.706444444953,0.275693896663425,227.5));
#1818=CARTESIAN_POINT('Ctrl Pts',(-69.395978693331,0.255560584992045,222.5));
#1819=CARTESIAN_POINT('Ctrl Pts',(-69.395978693331,0.255560584992045,227.5));
#1820=CARTESIAN_POINT('Ctrl Pts',(-77.2624252379156,0.257599514523509,222.5));
#1821=CARTESIAN_POINT('Ctrl Pts',(-77.2624252379156,0.257599514523509,227.5));
#1822=CARTESIAN_POINT('Ctrl Pts',(-85.4631659016837,0.311351302049661,222.5));
#1823=CARTESIAN_POINT('Ctrl Pts',(-85.4631659016837,0.311351302049661,227.5));
#1824=CARTESIAN_POINT('Ctrl Pts',(-86.4472801473807,0.317801682814642,222.5));
#1825=CARTESIAN_POINT('Ctrl Pts',(-86.4472801473807,0.317801682814642,227.5));
#1826=CARTESIAN_POINT('Ctrl Pts',(-87.4663472222708,0.325267339919392,222.5));
#1827=CARTESIAN_POINT('Ctrl Pts',(-87.4663472222708,0.325267339919392,227.5));
#1828=CARTESIAN_POINT('Ctrl Pts',(-88.4135685771906,0.332923993573172,222.5));
#1829=CARTESIAN_POINT('Ctrl Pts',(-88.4135685771906,0.332923993573172,227.5));
#1830=CARTESIAN_POINT('Ctrl Pts',(-89.8628415651011,0.344638870207418,222.5));
#1831=CARTESIAN_POINT('Ctrl Pts',(-89.8628415651011,0.344638870207418,227.5));
#1832=CARTESIAN_POINT('Ctrl Pts',(-91.0833747269872,0.356125719443773,222.5));
#1833=CARTESIAN_POINT('Ctrl Pts',(-91.0833747269872,0.356125719443773,227.5));
#1834=CARTESIAN_POINT('Ctrl Pts',(-92.1275471270504,0.366701925997637,222.5));
#1835=CARTESIAN_POINT('Ctrl Pts',(-92.1275471270504,0.366701925997637,227.5));
#1836=CARTESIAN_POINT('Ctrl Pts',(-93.7591812994008,0.383228411495699,222.5));
#1837=CARTESIAN_POINT('Ctrl Pts',(-93.7591812994008,0.383228411495699,227.5));
#1838=CARTESIAN_POINT('Ctrl Pts',(-94.9601354585041,0.397428061709837,222.5));
#1839=CARTESIAN_POINT('Ctrl Pts',(-94.9601354585041,0.397428061709837,227.5));
#1840=CARTESIAN_POINT('Ctrl Pts',(-95.930341231743,0.409422189745662,222.5));
#1841=CARTESIAN_POINT('Ctrl Pts',(-95.930341231743,0.409422189745662,227.5));
#1842=CARTESIAN_POINT('Ctrl Pts',(-97.4500765990623,0.428209854258673,222.5));
#1843=CARTESIAN_POINT('Ctrl Pts',(-97.4500765990623,0.428209854258673,227.5));
#1844=CARTESIAN_POINT('Ctrl Pts',(-98.4033454784687,0.392081270280126,222.5));
#1845=CARTESIAN_POINT('Ctrl Pts',(-98.4033454784687,0.392081270280126,227.5));
#1846=CARTESIAN_POINT('Ctrl Pts',(-99.5594653696412,0.322131368931516,222.5));
#1847=CARTESIAN_POINT('Ctrl Pts',(-99.5594653696412,0.322131368931516,227.5));
#1848=CARTESIAN_POINT('Ctrl Pts',(-100.130737774594,0.287567091753375,222.5));
#1849=CARTESIAN_POINT('Ctrl Pts',(-100.130737774594,0.287567091753375,227.5));
#1850=CARTESIAN_POINT('Ctrl Pts',(-100.794597475754,0.23655760061243,222.5));
#1851=CARTESIAN_POINT('Ctrl Pts',(-100.794597475754,0.23655760061243,227.5));
#1852=CARTESIAN_POINT('Ctrl Pts',(-101.463612202294,0.170331651396675,222.5));
#1853=CARTESIAN_POINT('Ctrl Pts',(-101.463612202294,0.170331651396675,227.5));
#1854=CARTESIAN_POINT('Ctrl Pts',(-102.602498045416,0.0575930329223635,
222.5));
#1855=CARTESIAN_POINT('Ctrl Pts',(-102.602498045416,0.0575930329223635,
227.5));
#1856=CARTESIAN_POINT('Ctrl Pts',(-103.742169151044,-0.0947301723162032,
222.5));
#1857=CARTESIAN_POINT('Ctrl Pts',(-103.742169151044,-0.0947301723162032,
227.5));
#1858=CARTESIAN_POINT('Ctrl Pts',(-104.880165713533,-0.287280600516497,
222.5));
#1859=CARTESIAN_POINT('Ctrl Pts',(-104.880165713533,-0.287280600516497,
227.5));
#1860=CARTESIAN_POINT('Ctrl Pts',(-108.039524595054,-0.821848037297595,
222.5));
#1861=CARTESIAN_POINT('Ctrl Pts',(-108.039524595054,-0.821848037297595,
227.5));
#1862=CARTESIAN_POINT('Ctrl Pts',(-111.185946100071,-1.66636062530024,222.5));
#1863=CARTESIAN_POINT('Ctrl Pts',(-111.185946100071,-1.66636062530024,227.5));
#1864=CARTESIAN_POINT('Ctrl Pts',(-114.267264736595,-2.8341881348848,222.5));
#1865=CARTESIAN_POINT('Ctrl Pts',(-114.267264736595,-2.8341881348848,227.5));
#1866=CARTESIAN_POINT('Ctrl Pts',(-120.429902009645,-5.16984315405394,222.5));
#1867=CARTESIAN_POINT('Ctrl Pts',(-120.429902009645,-5.16984315405394,227.5));
#1868=CARTESIAN_POINT('Ctrl Pts',(-126.341658616608,-8.82009102474048,222.5));
#1869=CARTESIAN_POINT('Ctrl Pts',(-126.341658616608,-8.82009102474048,227.5));
#1870=CARTESIAN_POINT('Ctrl Pts',(-131.375506568541,-13.7304264085101,222.5));
#1871=CARTESIAN_POINT('Ctrl Pts',(-131.375506568541,-13.7304264085101,227.5));
#1872=CARTESIAN_POINT('Ctrl Pts',(-134.035640903522,-16.3252905910141,222.5));
#1873=CARTESIAN_POINT('Ctrl Pts',(-134.035640903522,-16.3252905910141,227.5));
#1874=CARTESIAN_POINT('Ctrl Pts',(-136.45908054302,-19.2846901985362,222.5));
#1875=CARTESIAN_POINT('Ctrl Pts',(-136.45908054302,-19.2846901985362,227.5));
#1876=CARTESIAN_POINT('Ctrl Pts',(-138.52496936217,-22.5321051874913,222.5));
#1877=CARTESIAN_POINT('Ctrl Pts',(-138.52496936217,-22.5321051874913,227.5));
#1878=CARTESIAN_POINT('Ctrl Pts',(-142.085010980374,-28.1282110403761,222.5));
#1879=CARTESIAN_POINT('Ctrl Pts',(-142.085010980374,-28.1282110403761,227.5));
#1880=CARTESIAN_POINT('Ctrl Pts',(-144.622322831541,-34.5566469760795,222.5));
#1881=CARTESIAN_POINT('Ctrl Pts',(-144.622322831541,-34.5566469760795,227.5));
#1882=CARTESIAN_POINT('Ctrl Pts',(-145.666281244911,-41.7476657625777,222.5));
#1883=CARTESIAN_POINT('Ctrl Pts',(-145.666281244911,-41.7476657625777,227.5));
#1884=CARTESIAN_POINT('Ctrl Pts',(-145.787881863947,-42.5852779938105,222.5));
#1885=CARTESIAN_POINT('Ctrl Pts',(-145.787881863947,-42.5852779938105,227.5));
#1886=CARTESIAN_POINT('Ctrl Pts',(-145.891467851829,-43.4775687611185,222.5));
#1887=CARTESIAN_POINT('Ctrl Pts',(-145.891467851829,-43.4775687611185,227.5));
#1888=CARTESIAN_POINT('Ctrl Pts',(-145.960295207259,-44.216512519194,222.5));
#1889=CARTESIAN_POINT('Ctrl Pts',(-145.960295207259,-44.216512519194,227.5));
#1890=CARTESIAN_POINT('Ctrl Pts',(-146.082340946698,-45.5268191086943,222.5));
#1891=CARTESIAN_POINT('Ctrl Pts',(-146.082340946698,-45.5268191086943,227.5));
#1892=CARTESIAN_POINT('Ctrl Pts',(-146.161021502618,-46.5164358373896,222.5));
#1893=CARTESIAN_POINT('Ctrl Pts',(-146.161021502618,-46.5164358373896,227.5));
#1894=CARTESIAN_POINT('Ctrl Pts',(-146.168354445197,-48.5209609513285,222.5));
#1895=CARTESIAN_POINT('Ctrl Pts',(-146.168354445197,-48.5209609513285,227.5));
#1896=CARTESIAN_POINT('Ctrl Pts',(-146.174507970557,-50.2030818723218,222.5));
#1897=CARTESIAN_POINT('Ctrl Pts',(-146.174507970557,-50.2030818723218,227.5));
#1898=CARTESIAN_POINT('Ctrl Pts',(-146.183980527488,-52.5984258695718,222.5));
#1899=CARTESIAN_POINT('Ctrl Pts',(-146.183980527488,-52.5984258695718,227.5));
#1900=CARTESIAN_POINT('Ctrl Pts',(-146.210202543812,-56.4945652551702,222.5));
#1901=CARTESIAN_POINT('Ctrl Pts',(-146.210202543812,-56.4945652551702,227.5));
#1902=CARTESIAN_POINT('Ctrl Pts',(-146.218718436305,-57.7598800095192,222.5));
#1903=CARTESIAN_POINT('Ctrl Pts',(-146.218718436305,-57.7598800095192,227.5));
#1904=CARTESIAN_POINT('Ctrl Pts',(-146.229573833972,-59.2335716987147,222.5));
#1905=CARTESIAN_POINT('Ctrl Pts',(-146.229573833972,-59.2335716987147,227.5));
#1906=CARTESIAN_POINT('Ctrl Pts',(-146.241283546942,-60.6809592653815,222.5));
#1907=CARTESIAN_POINT('Ctrl Pts',(-146.241283546942,-60.6809592653815,227.5));
#1908=CARTESIAN_POINT('Ctrl Pts',(-146.280782431444,-65.5632475392156,222.5));
#1909=CARTESIAN_POINT('Ctrl Pts',(-146.280782431444,-65.5632475392156,227.5));
#1910=CARTESIAN_POINT('Ctrl Pts',(-146.331702101389,-70.5082777824433,222.5));
#1911=CARTESIAN_POINT('Ctrl Pts',(-146.331702101389,-70.5082777824433,227.5));
#1912=CARTESIAN_POINT('Ctrl Pts',(-146.389866531801,-75.5151327652208,222.5));
#1913=CARTESIAN_POINT('Ctrl Pts',(-146.389866531801,-75.5151327652208,227.5));
#1914=CARTESIAN_POINT('',(146.389866531798,-75.5151327652271,222.5));
#1915=CARTESIAN_POINT('Ctrl Pts',(146.389866531801,-75.5151327652269,222.5));
#1916=CARTESIAN_POINT('Ctrl Pts',(146.388064254428,-75.3599908445976,222.5));
#1917=CARTESIAN_POINT('Ctrl Pts',(146.386267924018,-75.2048226669052,222.5));
#1918=CARTESIAN_POINT('Ctrl Pts',(146.384477687747,-75.0496281756917,222.5));
#1919=CARTESIAN_POINT('Ctrl Pts',(146.320639958912,-69.5155743714286,222.5));
#1920=CARTESIAN_POINT('Ctrl Pts',(146.262707669242,-63.8054297903823,222.5));
#1921=CARTESIAN_POINT('Ctrl Pts',(146.220583049072,-57.9810695130309,222.5));
#1922=CARTESIAN_POINT('Ctrl Pts',(146.213776215895,-57.0399227772468,222.5));
#1923=CARTESIAN_POINT('Ctrl Pts',(146.20733791914,-56.0879233414654,222.5));
#1924=CARTESIAN_POINT('Ctrl Pts',(146.201465685414,-55.1494349160076,222.5));
#1925=CARTESIAN_POINT('Ctrl Pts',(146.181642759407,-51.9813752837373,222.5));
#1926=CARTESIAN_POINT('Ctrl Pts',(146.173749119106,-49.9956430746591,222.5));
#1927=CARTESIAN_POINT('Ctrl Pts',(146.168354445197,-48.5209609513284,222.5));
#1928=CARTESIAN_POINT('Ctrl Pts',(146.162523219805,-46.9269435952046,222.5));
#1929=CARTESIAN_POINT('Ctrl Pts',(146.105536147856,-45.9312140043502,222.5));
#1930=CARTESIAN_POINT('Ctrl Pts',(146.001559269024,-44.6840646342747,222.5));
#1931=CARTESIAN_POINT('Ctrl Pts',(145.948360233311,-44.0459694671388,222.5));
#1932=CARTESIAN_POINT('Ctrl Pts',(145.871225327994,-43.293995350877,222.5));
#1933=CARTESIAN_POINT('Ctrl Pts',(145.776467779808,-42.5541816810198,222.5));
#1934=CARTESIAN_POINT('Ctrl Pts',(145.629329934156,-41.4054120932563,222.5));
#1935=CARTESIAN_POINT('Ctrl Pts',(145.4404610867,-40.2574161951247,222.5));
#1936=CARTESIAN_POINT('Ctrl Pts',(145.209370293412,-39.1127756662526,222.5));
#1937=CARTESIAN_POINT('Ctrl Pts',(144.538581691504,-35.790220885412,222.5));
#1938=CARTESIAN_POINT('Ctrl Pts',(143.512223688411,-32.4959371986132,222.5));
#1939=CARTESIAN_POINT('Ctrl Pts',(142.118349298774,-29.2926548059602,222.5));
#1940=CARTESIAN_POINT('Ctrl Pts',(139.658108126369,-23.6387398708436,222.5));
#1941=CARTESIAN_POINT('Ctrl Pts',(136.051325746734,-18.2915177601025,222.5));
#1942=CARTESIAN_POINT('Ctrl Pts',(131.375506568541,-13.7304264085101,222.5));
#1943=CARTESIAN_POINT('Ctrl Pts',(128.894715433277,-11.3105049870553,222.5));
#1944=CARTESIAN_POINT('Ctrl Pts',(126.101912914223,-9.10252082500863,222.5));
#1945=CARTESIAN_POINT('Ctrl Pts',(123.070232976632,-7.20418215982268,222.5));
#1946=CARTESIAN_POINT('Ctrl Pts',(117.115036357293,-3.47523311704954,222.5));
#1947=CARTESIAN_POINT('Ctrl Pts',(110.247546342599,-0.888080379686245,222.5));
#1948=CARTESIAN_POINT('Ctrl Pts',(102.59163359564,0.0457222451502504,222.5));
#1949=CARTESIAN_POINT('Ctrl Pts',(101.944473950382,0.124657232447481,222.5));
#1950=CARTESIAN_POINT('Ctrl Pts',(101.324633223675,0.187007952982073,222.5));
#1951=CARTESIAN_POINT('Ctrl Pts',(100.769982428542,0.234116063314998,222.5));
#1952=CARTESIAN_POINT('Ctrl Pts',(99.2761916654828,0.360988071248548,222.5));
#1953=CARTESIAN_POINT('Ctrl Pts',(98.0524042970499,0.435656105073154,222.5));
#1954=CARTESIAN_POINT('Ctrl Pts',(95.930341231743,0.409422189745661,222.5));
#1955=CARTESIAN_POINT('Ctrl Pts',(93.8700459909384,0.383951876548789,222.5));
#1956=CARTESIAN_POINT('Ctrl Pts',(90.9640672689744,0.349192460800805,222.5));
#1957=CARTESIAN_POINT('Ctrl Pts',(86.1457591551435,0.315943224808334,222.5));
#1958=CARTESIAN_POINT('Ctrl Pts',(85.0765574934703,0.308565087600697,222.5));
#1959=CARTESIAN_POINT('Ctrl Pts',(83.8818960377741,0.301252273247339,222.5));
#1960=CARTESIAN_POINT('Ctrl Pts',(82.6610207047093,0.294926061422001,222.5));
#1961=CARTESIAN_POINT('Ctrl Pts',(80.7862701096718,0.285211663020558,222.5));
#1962=CARTESIAN_POINT('Ctrl Pts',(78.9068428959315,0.277983968240805,222.5));
#1963=CARTESIAN_POINT('Ctrl Pts',(77.0226693255984,0.272983276689495,222.5));
#1964=CARTESIAN_POINT('Ctrl Pts',(74.1424501862779,0.265339030032657,222.5));
#1965=CARTESIAN_POINT('Ctrl Pts',(71.2511400305656,0.262901295506277,222.5));
#1966=CARTESIAN_POINT('Ctrl Pts',(68.3484919303465,0.264698333381195,222.5));
#1967=CARTESIAN_POINT('Ctrl Pts',(55.2820565479896,0.272787801501874,222.5));
#1968=CARTESIAN_POINT('Ctrl Pts',(41.9858903605665,0.368540912112947,222.5));
#1969=CARTESIAN_POINT('Ctrl Pts',(28.4374757797465,0.44930051959668,222.5));
#1970=CARTESIAN_POINT('Ctrl Pts',(26.0471342802709,0.463548905642012,222.5));
#1971=CARTESIAN_POINT('Ctrl Pts',(23.6256047856832,0.477391019255388,222.5));
#1972=CARTESIAN_POINT('Ctrl Pts',(21.248465379748,0.489796502159313,222.5));
#1973=CARTESIAN_POINT('Ctrl Pts',(17.7447564210668,0.508081168796332,222.5));
#1974=CARTESIAN_POINT('Ctrl Pts',(14.4632455617758,0.522581093343613,222.5));
#1975=CARTESIAN_POINT('Ctrl Pts',(11.350489983764,0.533003456032806,222.5));
#1976=CARTESIAN_POINT('Ctrl Pts',(7.32307064368215,0.546488364825617,222.5));
#1977=CARTESIAN_POINT('Ctrl Pts',(3.5781528606063,0.553217257121264,222.5));
#1978=CARTESIAN_POINT('Ctrl Pts',(-4.21884749357559E-14,0.553217257121264,
222.5));
#1979=CARTESIAN_POINT('Ctrl Pts',(-11.7439866153134,0.553217257121265,222.5));
#1980=CARTESIAN_POINT('Ctrl Pts',(-21.6914784984827,0.491429293214921,222.5));
#1981=CARTESIAN_POINT('Ctrl Pts',(-33.9346998709852,0.415797791516491,222.5));
#1982=CARTESIAN_POINT('Ctrl Pts',(-36.8423436462832,0.39783605918812,222.5));
#1983=CARTESIAN_POINT('Ctrl Pts',(-39.9275199594774,0.378594971735668,222.5));
#1984=CARTESIAN_POINT('Ctrl Pts',(-43.026662651499,0.360411233497833,222.5));
#1985=CARTESIAN_POINT('Ctrl Pts',(-49.1460959836016,0.324506409185839,222.5));
#1986=CARTESIAN_POINT('Ctrl Pts',(-55.3670392579635,0.292292199800934,222.5));
#1987=CARTESIAN_POINT('Ctrl Pts',(-61.706444444953,0.275693896663425,222.5));
#1988=CARTESIAN_POINT('Ctrl Pts',(-69.395978693331,0.255560584992045,222.5));
#1989=CARTESIAN_POINT('Ctrl Pts',(-77.2624252379156,0.257599514523509,222.5));
#1990=CARTESIAN_POINT('Ctrl Pts',(-85.4631659016837,0.311351302049661,222.5));
#1991=CARTESIAN_POINT('Ctrl Pts',(-86.4472801473807,0.317801682814642,222.5));
#1992=CARTESIAN_POINT('Ctrl Pts',(-87.4663472222709,0.325267339919393,222.5));
#1993=CARTESIAN_POINT('Ctrl Pts',(-88.4135685771907,0.332923993573173,222.5));
#1994=CARTESIAN_POINT('Ctrl Pts',(-89.8628415651011,0.344638870207419,222.5));
#1995=CARTESIAN_POINT('Ctrl Pts',(-91.0833747269873,0.356125719443774,222.5));
#1996=CARTESIAN_POINT('Ctrl Pts',(-92.1275471270504,0.366701925997638,222.5));
#1997=CARTESIAN_POINT('Ctrl Pts',(-93.7591812994009,0.383228411495699,222.5));
#1998=CARTESIAN_POINT('Ctrl Pts',(-94.9601354585042,0.397428061709837,222.5));
#1999=CARTESIAN_POINT('Ctrl Pts',(-95.9303412317431,0.409422189745663,222.5));
#2000=CARTESIAN_POINT('Ctrl Pts',(-97.4500765990623,0.428209854258672,222.5));
#2001=CARTESIAN_POINT('Ctrl Pts',(-98.4033454784688,0.392081270280125,222.5));
#2002=CARTESIAN_POINT('Ctrl Pts',(-99.5594653696413,0.322131368931514,222.5));
#2003=CARTESIAN_POINT('Ctrl Pts',(-100.130737774594,0.287567091753372,222.5));
#2004=CARTESIAN_POINT('Ctrl Pts',(-100.794597475754,0.23655760061243,222.5));
#2005=CARTESIAN_POINT('Ctrl Pts',(-101.463612202294,0.170331651396675,222.5));
#2006=CARTESIAN_POINT('Ctrl Pts',(-102.602498045416,0.0575930329223635,
222.5));
#2007=CARTESIAN_POINT('Ctrl Pts',(-103.742169151044,-0.0947301723162032,
222.5));
#2008=CARTESIAN_POINT('Ctrl Pts',(-104.880165713533,-0.287280600516497,
222.5));
#2009=CARTESIAN_POINT('Ctrl Pts',(-108.039524595054,-0.821848037297592,
222.5));
#2010=CARTESIAN_POINT('Ctrl Pts',(-111.185946100071,-1.66636062530024,222.5));
#2011=CARTESIAN_POINT('Ctrl Pts',(-114.267264736595,-2.8341881348848,222.5));
#2012=CARTESIAN_POINT('Ctrl Pts',(-120.429902009645,-5.16984315405394,222.5));
#2013=CARTESIAN_POINT('Ctrl Pts',(-126.341658616608,-8.82009102474047,222.5));
#2014=CARTESIAN_POINT('Ctrl Pts',(-131.375506568541,-13.7304264085101,222.5));
#2015=CARTESIAN_POINT('Ctrl Pts',(-134.035640903522,-16.3252905910141,222.5));
#2016=CARTESIAN_POINT('Ctrl Pts',(-136.45908054302,-19.2846901985362,222.5));
#2017=CARTESIAN_POINT('Ctrl Pts',(-138.52496936217,-22.5321051874913,222.5));
#2018=CARTESIAN_POINT('Ctrl Pts',(-142.085010980374,-28.1282110403761,222.5));
#2019=CARTESIAN_POINT('Ctrl Pts',(-144.622322831541,-34.5566469760795,222.5));
#2020=CARTESIAN_POINT('Ctrl Pts',(-145.666281244911,-41.7476657625777,222.5));
#2021=CARTESIAN_POINT('Ctrl Pts',(-145.787881863947,-42.5852779938105,222.5));
#2022=CARTESIAN_POINT('Ctrl Pts',(-145.891467851829,-43.4775687611185,222.5));
#2023=CARTESIAN_POINT('Ctrl Pts',(-145.960295207259,-44.216512519194,222.5));
#2024=CARTESIAN_POINT('Ctrl Pts',(-146.082340946698,-45.5268191086943,222.5));
#2025=CARTESIAN_POINT('Ctrl Pts',(-146.161021502618,-46.5164358373896,222.5));
#2026=CARTESIAN_POINT('Ctrl Pts',(-146.168354445197,-48.5209609513285,222.5));
#2027=CARTESIAN_POINT('Ctrl Pts',(-146.174507970557,-50.2030818723218,222.5));
#2028=CARTESIAN_POINT('Ctrl Pts',(-146.183980527488,-52.5984258695718,222.5));
#2029=CARTESIAN_POINT('Ctrl Pts',(-146.210202543812,-56.4945652551702,222.5));
#2030=CARTESIAN_POINT('Ctrl Pts',(-146.218718436305,-57.7598800095192,222.5));
#2031=CARTESIAN_POINT('Ctrl Pts',(-146.229573833972,-59.2335716987147,222.5));
#2032=CARTESIAN_POINT('Ctrl Pts',(-146.241283546942,-60.6809592653815,222.5));
#2033=CARTESIAN_POINT('Ctrl Pts',(-146.280782431444,-65.5632475392154,222.5));
#2034=CARTESIAN_POINT('Ctrl Pts',(-146.331702101389,-70.5082777824431,222.5));
#2035=CARTESIAN_POINT('Ctrl Pts',(-146.389866531801,-75.5151327652204,222.5));
#2036=CARTESIAN_POINT('',(146.389866531798,-75.5151327652271,227.5));
#2037=CARTESIAN_POINT('Ctrl Pts',(146.389866531801,-75.5151327652266,227.5));
#2038=CARTESIAN_POINT('Ctrl Pts',(146.388064254428,-75.3599908445975,227.5));
#2039=CARTESIAN_POINT('Ctrl Pts',(146.386267924018,-75.2048226669052,227.5));
#2040=CARTESIAN_POINT('Ctrl Pts',(146.384477687747,-75.0496281756919,227.5));
#2041=CARTESIAN_POINT('Ctrl Pts',(146.320639958912,-69.5155743714287,227.5));
#2042=CARTESIAN_POINT('Ctrl Pts',(146.262707669242,-63.8054297903824,227.5));
#2043=CARTESIAN_POINT('Ctrl Pts',(146.220583049072,-57.9810695130309,227.5));
#2044=CARTESIAN_POINT('Ctrl Pts',(146.213776215895,-57.0399227772468,227.5));
#2045=CARTESIAN_POINT('Ctrl Pts',(146.20733791914,-56.0879233414652,227.5));
#2046=CARTESIAN_POINT('Ctrl Pts',(146.201465685414,-55.1494349160074,227.5));
#2047=CARTESIAN_POINT('Ctrl Pts',(146.181642759407,-51.9813752837372,227.5));
#2048=CARTESIAN_POINT('Ctrl Pts',(146.173749119106,-49.9956430746591,227.5));
#2049=CARTESIAN_POINT('Ctrl Pts',(146.168354445197,-48.5209609513284,227.5));
#2050=CARTESIAN_POINT('Ctrl Pts',(146.162523219805,-46.9269435952046,227.5));
#2051=CARTESIAN_POINT('Ctrl Pts',(146.105536147856,-45.9312140043502,227.5));
#2052=CARTESIAN_POINT('Ctrl Pts',(146.001559269024,-44.6840646342747,227.5));
#2053=CARTESIAN_POINT('Ctrl Pts',(145.948360233311,-44.0459694671388,227.5));
#2054=CARTESIAN_POINT('Ctrl Pts',(145.871225327994,-43.293995350877,227.5));
#2055=CARTESIAN_POINT('Ctrl Pts',(145.776467779808,-42.5541816810198,227.5));
#2056=CARTESIAN_POINT('Ctrl Pts',(145.629329934156,-41.4054120932563,227.5));
#2057=CARTESIAN_POINT('Ctrl Pts',(145.4404610867,-40.2574161951247,227.5));
#2058=CARTESIAN_POINT('Ctrl Pts',(145.209370293412,-39.1127756662526,227.5));
#2059=CARTESIAN_POINT('Ctrl Pts',(144.538581691504,-35.790220885412,227.5));
#2060=CARTESIAN_POINT('Ctrl Pts',(143.512223688411,-32.4959371986132,227.5));
#2061=CARTESIAN_POINT('Ctrl Pts',(142.118349298774,-29.2926548059602,227.5));
#2062=CARTESIAN_POINT('Ctrl Pts',(139.658108126369,-23.6387398708436,227.5));
#2063=CARTESIAN_POINT('Ctrl Pts',(136.051325746734,-18.2915177601025,227.5));
#2064=CARTESIAN_POINT('Ctrl Pts',(131.375506568541,-13.7304264085102,227.5));
#2065=CARTESIAN_POINT('Ctrl Pts',(128.894715433277,-11.3105049870553,227.5));
#2066=CARTESIAN_POINT('Ctrl Pts',(126.101912914223,-9.10252082500865,227.5));
#2067=CARTESIAN_POINT('Ctrl Pts',(123.070232976632,-7.20418215982268,227.5));
#2068=CARTESIAN_POINT('Ctrl Pts',(117.115036357293,-3.47523311704954,227.5));
#2069=CARTESIAN_POINT('Ctrl Pts',(110.247546342599,-0.888080379686245,227.5));
#2070=CARTESIAN_POINT('Ctrl Pts',(102.59163359564,0.0457222451502504,227.5));
#2071=CARTESIAN_POINT('Ctrl Pts',(101.944473950382,0.124657232447481,227.5));
#2072=CARTESIAN_POINT('Ctrl Pts',(101.324633223675,0.187007952982079,227.5));
#2073=CARTESIAN_POINT('Ctrl Pts',(100.769982428542,0.234116063315003,227.5));
#2074=CARTESIAN_POINT('Ctrl Pts',(99.2761916654828,0.360988071248552,227.5));
#2075=CARTESIAN_POINT('Ctrl Pts',(98.0524042970499,0.435656105073154,227.5));
#2076=CARTESIAN_POINT('Ctrl Pts',(95.930341231743,0.409422189745661,227.5));
#2077=CARTESIAN_POINT('Ctrl Pts',(93.8700459909384,0.383951876548788,227.5));
#2078=CARTESIAN_POINT('Ctrl Pts',(90.9640672689743,0.349192460800804,227.5));
#2079=CARTESIAN_POINT('Ctrl Pts',(86.1457591551433,0.315943224808333,227.5));
#2080=CARTESIAN_POINT('Ctrl Pts',(85.0765574934703,0.308565087600697,227.5));
#2081=CARTESIAN_POINT('Ctrl Pts',(83.8818960377739,0.301252273247338,227.5));
#2082=CARTESIAN_POINT('Ctrl Pts',(82.6610207047093,0.294926061422001,227.5));
#2083=CARTESIAN_POINT('Ctrl Pts',(80.7862701096718,0.285211663020558,227.5));
#2084=CARTESIAN_POINT('Ctrl Pts',(78.9068428959316,0.277983968240805,227.5));
#2085=CARTESIAN_POINT('Ctrl Pts',(77.0226693255984,0.272983276689495,227.5));
#2086=CARTESIAN_POINT('Ctrl Pts',(74.1424501862779,0.265339030032657,227.5));
#2087=CARTESIAN_POINT('Ctrl Pts',(71.2511400305656,0.262901295506277,227.5));
#2088=CARTESIAN_POINT('Ctrl Pts',(68.3484919303465,0.264698333381195,227.5));
#2089=CARTESIAN_POINT('Ctrl Pts',(55.2820565479896,0.272787801501874,227.5));
#2090=CARTESIAN_POINT('Ctrl Pts',(41.9858903605665,0.368540912112947,227.5));
#2091=CARTESIAN_POINT('Ctrl Pts',(28.4374757797465,0.44930051959668,227.5));
#2092=CARTESIAN_POINT('Ctrl Pts',(26.047134280271,0.463548905642011,227.5));
#2093=CARTESIAN_POINT('Ctrl Pts',(23.6256047856831,0.477391019255388,227.5));
#2094=CARTESIAN_POINT('Ctrl Pts',(21.248465379748,0.489796502159313,227.5));
#2095=CARTESIAN_POINT('Ctrl Pts',(17.7447564210667,0.508081168796332,227.5));
#2096=CARTESIAN_POINT('Ctrl Pts',(14.4632455617756,0.522581093343614,227.5));
#2097=CARTESIAN_POINT('Ctrl Pts',(11.3504899837638,0.533003456032807,227.5));
#2098=CARTESIAN_POINT('Ctrl Pts',(7.32307064368199,0.546488364825617,227.5));
#2099=CARTESIAN_POINT('Ctrl Pts',(3.57815286060627,0.553217257121264,227.5));
#2100=CARTESIAN_POINT('Ctrl Pts',(-4.21884749357559E-14,0.553217257121264,
227.5));
#2101=CARTESIAN_POINT('Ctrl Pts',(-11.7439866153134,0.553217257121265,227.5));
#2102=CARTESIAN_POINT('Ctrl Pts',(-21.6914784984827,0.491429293214921,227.5));
#2103=CARTESIAN_POINT('Ctrl Pts',(-33.9346998709851,0.415797791516491,227.5));
#2104=CARTESIAN_POINT('Ctrl Pts',(-36.8423436462831,0.39783605918812,227.5));
#2105=CARTESIAN_POINT('Ctrl Pts',(-39.9275199594773,0.378594971735668,227.5));
#2106=CARTESIAN_POINT('Ctrl Pts',(-43.026662651499,0.360411233497833,227.5));
#2107=CARTESIAN_POINT('Ctrl Pts',(-49.1460959836016,0.324506409185839,227.5));
#2108=CARTESIAN_POINT('Ctrl Pts',(-55.3670392579635,0.292292199800934,227.5));
#2109=CARTESIAN_POINT('Ctrl Pts',(-61.706444444953,0.275693896663425,227.5));
#2110=CARTESIAN_POINT('Ctrl Pts',(-69.395978693331,0.255560584992045,227.5));
#2111=CARTESIAN_POINT('Ctrl Pts',(-77.2624252379156,0.257599514523509,227.5));
#2112=CARTESIAN_POINT('Ctrl Pts',(-85.4631659016837,0.311351302049661,227.5));
#2113=CARTESIAN_POINT('Ctrl Pts',(-86.4472801473807,0.317801682814642,227.5));
#2114=CARTESIAN_POINT('Ctrl Pts',(-87.4663472222708,0.325267339919392,227.5));
#2115=CARTESIAN_POINT('Ctrl Pts',(-88.4135685771906,0.332923993573172,227.5));
#2116=CARTESIAN_POINT('Ctrl Pts',(-89.8628415651011,0.344638870207418,227.5));
#2117=CARTESIAN_POINT('Ctrl Pts',(-91.0833747269872,0.356125719443773,227.5));
#2118=CARTESIAN_POINT('Ctrl Pts',(-92.1275471270504,0.366701925997637,227.5));
#2119=CARTESIAN_POINT('Ctrl Pts',(-93.7591812994008,0.383228411495699,227.5));
#2120=CARTESIAN_POINT('Ctrl Pts',(-94.9601354585041,0.397428061709837,227.5));
#2121=CARTESIAN_POINT('Ctrl Pts',(-95.930341231743,0.409422189745662,227.5));
#2122=CARTESIAN_POINT('Ctrl Pts',(-97.4500765990623,0.428209854258673,227.5));
#2123=CARTESIAN_POINT('Ctrl Pts',(-98.4033454784687,0.392081270280126,227.5));
#2124=CARTESIAN_POINT('Ctrl Pts',(-99.5594653696412,0.322131368931516,227.5));
#2125=CARTESIAN_POINT('Ctrl Pts',(-100.130737774594,0.287567091753374,227.5));
#2126=CARTESIAN_POINT('Ctrl Pts',(-100.794597475754,0.236557600612428,227.5));
#2127=CARTESIAN_POINT('Ctrl Pts',(-101.463612202294,0.170331651396672,227.5));
#2128=CARTESIAN_POINT('Ctrl Pts',(-102.602498045416,0.0575930329223613,
227.5));
#2129=CARTESIAN_POINT('Ctrl Pts',(-103.742169151044,-0.094730172316202,
227.5));
#2130=CARTESIAN_POINT('Ctrl Pts',(-104.880165713533,-0.28728060051649,227.5));
#2131=CARTESIAN_POINT('Ctrl Pts',(-108.039524595054,-0.82184803729759,227.5));
#2132=CARTESIAN_POINT('Ctrl Pts',(-111.185946100071,-1.66636062530024,227.5));
#2133=CARTESIAN_POINT('Ctrl Pts',(-114.267264736595,-2.83418813488482,227.5));
#2134=CARTESIAN_POINT('Ctrl Pts',(-120.429902009645,-5.16984315405395,227.5));
#2135=CARTESIAN_POINT('Ctrl Pts',(-126.341658616608,-8.82009102474049,227.5));
#2136=CARTESIAN_POINT('Ctrl Pts',(-131.375506568541,-13.7304264085101,227.5));
#2137=CARTESIAN_POINT('Ctrl Pts',(-134.035640903522,-16.3252905910141,227.5));
#2138=CARTESIAN_POINT('Ctrl Pts',(-136.45908054302,-19.2846901985362,227.5));
#2139=CARTESIAN_POINT('Ctrl Pts',(-138.52496936217,-22.5321051874913,227.5));
#2140=CARTESIAN_POINT('Ctrl Pts',(-142.085010980374,-28.1282110403761,227.5));
#2141=CARTESIAN_POINT('Ctrl Pts',(-144.622322831541,-34.5566469760795,227.5));
#2142=CARTESIAN_POINT('Ctrl Pts',(-145.666281244911,-41.7476657625777,227.5));
#2143=CARTESIAN_POINT('Ctrl Pts',(-145.787881863947,-42.5852779938105,227.5));
#2144=CARTESIAN_POINT('Ctrl Pts',(-145.891467851829,-43.4775687611185,227.5));
#2145=CARTESIAN_POINT('Ctrl Pts',(-145.960295207259,-44.216512519194,227.5));
#2146=CARTESIAN_POINT('Ctrl Pts',(-146.082340946698,-45.5268191086943,227.5));
#2147=CARTESIAN_POINT('Ctrl Pts',(-146.161021502618,-46.5164358373896,227.5));
#2148=CARTESIAN_POINT('Ctrl Pts',(-146.168354445197,-48.5209609513285,227.5));
#2149=CARTESIAN_POINT('Ctrl Pts',(-146.174507970557,-50.2030818723218,227.5));
#2150=CARTESIAN_POINT('Ctrl Pts',(-146.183980527488,-52.5984258695718,227.5));
#2151=CARTESIAN_POINT('Ctrl Pts',(-146.210202543812,-56.4945652551702,227.5));
#2152=CARTESIAN_POINT('Ctrl Pts',(-146.218718436305,-57.7598800095192,227.5));
#2153=CARTESIAN_POINT('Ctrl Pts',(-146.229573833972,-59.2335716987147,227.5));
#2154=CARTESIAN_POINT('Ctrl Pts',(-146.241283546942,-60.6809592653815,227.5));
#2155=CARTESIAN_POINT('Ctrl Pts',(-146.280782431444,-65.5632475392156,227.5));
#2156=CARTESIAN_POINT('Ctrl Pts',(-146.331702101389,-70.5082777824433,227.5));
#2157=CARTESIAN_POINT('Ctrl Pts',(-146.389866531801,-75.5151327652208,227.5));
#2158=CARTESIAN_POINT('',(146.389866531798,-75.5151327652271,222.5));
#2159=CARTESIAN_POINT('Origin',(147.247272861145,-235.51426255742,222.5));
#2160=CARTESIAN_POINT('',(147.247272861145,-235.51426255742,222.5));
#2161=CARTESIAN_POINT('',(147.071171143176,-202.652221929112,222.5));
#2162=CARTESIAN_POINT('',(147.247272861145,-235.51426255742,227.5));
#2163=CARTESIAN_POINT('',(146.389866531798,-75.5151327652271,227.5));
#2164=CARTESIAN_POINT('',(147.247272861145,-235.51426255742,222.5));
#2165=CARTESIAN_POINT('Ctrl Pts',(8.21565038222616E-14,-315.791867708613,
222.5));
#2166=CARTESIAN_POINT('Ctrl Pts',(8.21565038222616E-14,-315.791867708613,
227.5));
#2167=CARTESIAN_POINT('Ctrl Pts',(13.3169214066119,-315.791867708613,222.5));
#2168=CARTESIAN_POINT('Ctrl Pts',(13.3169214066119,-315.791867708613,227.5));
#2169=CARTESIAN_POINT('Ctrl Pts',(27.074374397156,-315.870476701083,222.5));
#2170=CARTESIAN_POINT('Ctrl Pts',(27.074374397156,-315.870476701083,227.5));
#2171=CARTESIAN_POINT('Ctrl Pts',(41.3498359795159,-316.027819902235,222.5));
#2172=CARTESIAN_POINT('Ctrl Pts',(41.3498359795159,-316.027819902235,227.5));
#2173=CARTESIAN_POINT('Ctrl Pts',(55.244449569119,-316.180965421793,222.5));
#2174=CARTESIAN_POINT('Ctrl Pts',(55.244449569119,-316.180965421793,227.5));
#2175=CARTESIAN_POINT('Ctrl Pts',(69.5389295057621,-316.406850721444,222.5));
#2176=CARTESIAN_POINT('Ctrl Pts',(69.5389295057621,-316.406850721444,227.5));
#2177=CARTESIAN_POINT('Ctrl Pts',(84.6272063883871,-316.710689176636,222.5));
#2178=CARTESIAN_POINT('Ctrl Pts',(84.6272063883871,-316.710689176636,227.5));
#2179=CARTESIAN_POINT('Ctrl Pts',(85.816012739528,-316.734628628971,222.5));
#2180=CARTESIAN_POINT('Ctrl Pts',(85.816012739528,-316.734628628971,227.5));
#2181=CARTESIAN_POINT('Ctrl Pts',(87.0512479529481,-316.759931212922,222.5));
#2182=CARTESIAN_POINT('Ctrl Pts',(87.0512479529481,-316.759931212922,227.5));
#2183=CARTESIAN_POINT('Ctrl Pts',(88.1456274782368,-316.782666608914,222.5));
#2184=CARTESIAN_POINT('Ctrl Pts',(88.1456274782368,-316.782666608914,227.5));
#2185=CARTESIAN_POINT('Ctrl Pts',(89.6439423716772,-316.813793637186,222.5));
#2186=CARTESIAN_POINT('Ctrl Pts',(89.6439423716772,-316.813793637186,227.5));
#2187=CARTESIAN_POINT('Ctrl Pts',(90.9108905904849,-316.84069222915,222.5));
#2188=CARTESIAN_POINT('Ctrl Pts',(90.9108905904849,-316.84069222915,227.5));
#2189=CARTESIAN_POINT('Ctrl Pts',(91.9903788200626,-316.863851239804,222.5));
#2190=CARTESIAN_POINT('Ctrl Pts',(91.9903788200626,-316.863851239804,227.5));
#2191=CARTESIAN_POINT('Ctrl Pts',(94.1828412417648,-316.910887658719,222.5));
#2192=CARTESIAN_POINT('Ctrl Pts',(94.1828412417648,-316.910887658719,227.5));
#2193=CARTESIAN_POINT('Ctrl Pts',(95.6019935391038,-316.942373699465,222.5));
#2194=CARTESIAN_POINT('Ctrl Pts',(95.6019935391038,-316.942373699465,227.5));
#2195=CARTESIAN_POINT('Ctrl Pts',(96.6157670483377,-316.964926712698,222.5));
#2196=CARTESIAN_POINT('Ctrl Pts',(96.6157670483377,-316.964926712698,227.5));
#2197=CARTESIAN_POINT('Ctrl Pts',(97.5906054009842,-316.986613551097,222.5));
#2198=CARTESIAN_POINT('Ctrl Pts',(97.5906054009842,-316.986613551097,227.5));
#2199=CARTESIAN_POINT('Ctrl Pts',(98.1908830188112,-316.978381862014,222.5));
#2200=CARTESIAN_POINT('Ctrl Pts',(98.1908830188112,-316.978381862014,227.5));
#2201=CARTESIAN_POINT('Ctrl Pts',(98.74324393936,-316.967347271713,222.5));
#2202=CARTESIAN_POINT('Ctrl Pts',(98.74324393936,-316.967347271713,227.5));
#2203=CARTESIAN_POINT('Ctrl Pts',(99.4245643047104,-316.953736440796,222.5));
#2204=CARTESIAN_POINT('Ctrl Pts',(99.4245643047104,-316.953736440796,227.5));
#2205=CARTESIAN_POINT('Ctrl Pts',(100.105019406248,-316.926388518814,222.5));
#2206=CARTESIAN_POINT('Ctrl Pts',(100.105019406248,-316.926388518814,227.5));
#2207=CARTESIAN_POINT('Ctrl Pts',(100.789843670533,-316.88479562504,222.5));
#2208=CARTESIAN_POINT('Ctrl Pts',(100.789843670533,-316.88479562504,227.5));
#2209=CARTESIAN_POINT('Ctrl Pts',(102.029869540804,-316.809482487072,222.5));
#2210=CARTESIAN_POINT('Ctrl Pts',(102.029869540804,-316.809482487072,227.5));
#2211=CARTESIAN_POINT('Ctrl Pts',(103.271887607879,-316.687953807315,222.5));
#2212=CARTESIAN_POINT('Ctrl Pts',(103.271887607879,-316.687953807315,227.5));
#2213=CARTESIAN_POINT('Ctrl Pts',(104.51294777172,-316.519269961208,222.5));
#2214=CARTESIAN_POINT('Ctrl Pts',(104.51294777172,-316.519269961208,227.5));
#2215=CARTESIAN_POINT('Ctrl Pts',(106.995068099401,-316.181902268996,222.5));
#2216=CARTESIAN_POINT('Ctrl Pts',(106.995068099401,-316.181902268996,227.5));
#2217=CARTESIAN_POINT('Ctrl Pts',(109.473348216233,-315.655968297623,222.5));
#2218=CARTESIAN_POINT('Ctrl Pts',(109.473348216233,-315.655968297623,227.5));
#2219=CARTESIAN_POINT('Ctrl Pts',(111.924378731793,-314.934005189981,222.5));
#2220=CARTESIAN_POINT('Ctrl Pts',(111.924378731793,-314.934005189981,227.5));
#2221=CARTESIAN_POINT('Ctrl Pts',(116.826439762911,-313.490078974697,222.5));
#2222=CARTESIAN_POINT('Ctrl Pts',(116.826439762911,-313.490078974697,227.5));
#2223=CARTESIAN_POINT('Ctrl Pts',(121.637684762606,-311.244720597764,222.5));
#2224=CARTESIAN_POINT('Ctrl Pts',(121.637684762606,-311.244720597764,227.5));
#2225=CARTESIAN_POINT('Ctrl Pts',(126.036705708231,-308.224253243866,222.5));
#2226=CARTESIAN_POINT('Ctrl Pts',(126.036705708231,-308.224253243866,227.5));
#2227=CARTESIAN_POINT('Ctrl Pts',(132.91167941875,-303.503740677954,222.5));
#2228=CARTESIAN_POINT('Ctrl Pts',(132.91167941875,-303.503740677954,227.5));
#2229=CARTESIAN_POINT('Ctrl Pts',(138.848786266431,-296.810542657923,222.5));
#2230=CARTESIAN_POINT('Ctrl Pts',(138.848786266431,-296.810542657923,227.5));
#2231=CARTESIAN_POINT('Ctrl Pts',(142.680253931498,-288.68642899421,222.5));
#2232=CARTESIAN_POINT('Ctrl Pts',(142.680253931498,-288.68642899421,227.5));
#2233=CARTESIAN_POINT('Ctrl Pts',(143.647825272216,-286.634823646889,222.5));
#2234=CARTESIAN_POINT('Ctrl Pts',(143.647825272216,-286.634823646889,227.5));
#2235=CARTESIAN_POINT('Ctrl Pts',(144.492925629418,-284.441086960447,222.5));
#2236=CARTESIAN_POINT('Ctrl Pts',(144.492925629418,-284.441086960447,227.5));
#2237=CARTESIAN_POINT('Ctrl Pts',(145.130028444386,-282.395863105437,222.5));
#2238=CARTESIAN_POINT('Ctrl Pts',(145.130028444386,-282.395863105437,227.5));
#2239=CARTESIAN_POINT('Ctrl Pts',(147.138701681194,-275.947631635845,222.5));
#2240=CARTESIAN_POINT('Ctrl Pts',(147.138701681194,-275.947631635845,227.5));
#2241=CARTESIAN_POINT('Ctrl Pts',(147.339606437056,-270.597973405797,222.5));
#2242=CARTESIAN_POINT('Ctrl Pts',(147.339606437056,-270.597973405797,227.5));
#2243=CARTESIAN_POINT('Ctrl Pts',(147.328259879388,-267.757649405689,222.5));
#2244=CARTESIAN_POINT('Ctrl Pts',(147.328259879388,-267.757649405689,227.5));
#2245=CARTESIAN_POINT('Ctrl Pts',(147.326286029355,-267.263545926397,222.5));
#2246=CARTESIAN_POINT('Ctrl Pts',(147.326286029355,-267.263545926397,227.5));
#2247=CARTESIAN_POINT('Ctrl Pts',(147.324764054526,-266.87333245397,222.5));
#2248=CARTESIAN_POINT('Ctrl Pts',(147.324764054526,-266.87333245397,227.5));
#2249=CARTESIAN_POINT('Ctrl Pts',(147.323227414185,-266.473668150302,222.5));
#2250=CARTESIAN_POINT('Ctrl Pts',(147.323227414185,-266.473668150302,227.5));
#2251=CARTESIAN_POINT('Ctrl Pts',(147.320086552716,-265.656762477445,222.5));
#2252=CARTESIAN_POINT('Ctrl Pts',(147.320086552716,-265.656762477445,227.5));
#2253=CARTESIAN_POINT('Ctrl Pts',(147.317012724889,-264.827317927698,222.5));
#2254=CARTESIAN_POINT('Ctrl Pts',(147.317012724889,-264.827317927698,227.5));
#2255=CARTESIAN_POINT('Ctrl Pts',(147.314013367142,-263.986581276288,222.5));
#2256=CARTESIAN_POINT('Ctrl Pts',(147.314013367142,-263.986581276288,227.5));
#2257=CARTESIAN_POINT('Ctrl Pts',(147.309546598572,-262.73452121323,222.5));
#2258=CARTESIAN_POINT('Ctrl Pts',(147.309546598572,-262.73452121323,227.5));
#2259=CARTESIAN_POINT('Ctrl Pts',(147.305245375072,-261.45741706394,222.5));
#2260=CARTESIAN_POINT('Ctrl Pts',(147.305245375072,-261.45741706394,227.5));
#2261=CARTESIAN_POINT('Ctrl Pts',(147.301126640077,-260.159386889498,222.5));
#2262=CARTESIAN_POINT('Ctrl Pts',(147.301126640077,-260.159386889498,227.5));
#2263=CARTESIAN_POINT('Ctrl Pts',(147.292889170085,-257.563326540612,222.5));
#2264=CARTESIAN_POINT('Ctrl Pts',(147.292889170085,-257.563326540612,227.5));
#2265=CARTESIAN_POINT('Ctrl Pts',(147.285388527608,-254.883562062279,222.5));
#2266=CARTESIAN_POINT('Ctrl Pts',(147.285388527608,-254.883562062279,227.5));
#2267=CARTESIAN_POINT('Ctrl Pts',(147.278665692035,-252.153038613182,222.5));
#2268=CARTESIAN_POINT('Ctrl Pts',(147.278665692035,-252.153038613182,227.5));
#2269=CARTESIAN_POINT('Ctrl Pts',(147.265291927849,-246.721197194415,222.5));
#2270=CARTESIAN_POINT('Ctrl Pts',(147.265291927849,-246.721197194415,227.5));
#2271=CARTESIAN_POINT('Ctrl Pts',(147.255041521166,-241.088485813613,222.5));
#2272=CARTESIAN_POINT('Ctrl Pts',(147.255041521166,-241.088485813613,227.5));
#2273=CARTESIAN_POINT('Ctrl Pts',(147.247272861155,-235.51426255742,222.5));
#2274=CARTESIAN_POINT('Ctrl Pts',(147.247272861155,-235.51426255742,227.5));
#2275=CARTESIAN_POINT('',(0.,-315.791867708613,222.5));
#2276=CARTESIAN_POINT('Ctrl Pts',(8.21565038222616E-14,-315.791867708613,
222.5));
#2277=CARTESIAN_POINT('Ctrl Pts',(13.316921406612,-315.791867708613,222.5));
#2278=CARTESIAN_POINT('Ctrl Pts',(27.0743743971565,-315.870476701083,222.5));
#2279=CARTESIAN_POINT('Ctrl Pts',(41.3498359795165,-316.027819902235,222.5));
#2280=CARTESIAN_POINT('Ctrl Pts',(55.2444495691196,-316.180965421793,222.5));
#2281=CARTESIAN_POINT('Ctrl Pts',(69.5389295057622,-316.406850721444,222.5));
#2282=CARTESIAN_POINT('Ctrl Pts',(84.6272063883871,-316.710689176636,222.5));
#2283=CARTESIAN_POINT('Ctrl Pts',(85.816012739528,-316.734628628971,222.5));
#2284=CARTESIAN_POINT('Ctrl Pts',(87.0512479529481,-316.759931212922,222.5));
#2285=CARTESIAN_POINT('Ctrl Pts',(88.1456274782368,-316.782666608914,222.5));
#2286=CARTESIAN_POINT('Ctrl Pts',(89.643942371677,-316.813793637186,222.5));
#2287=CARTESIAN_POINT('Ctrl Pts',(90.9108905904846,-316.84069222915,222.5));
#2288=CARTESIAN_POINT('Ctrl Pts',(91.9903788200621,-316.863851239804,222.5));
#2289=CARTESIAN_POINT('Ctrl Pts',(94.1828412417645,-316.910887658719,222.5));
#2290=CARTESIAN_POINT('Ctrl Pts',(95.6019935391035,-316.942373699465,222.5));
#2291=CARTESIAN_POINT('Ctrl Pts',(96.6157670483375,-316.964926712698,222.5));
#2292=CARTESIAN_POINT('Ctrl Pts',(97.5906054009841,-316.986613551097,222.5));
#2293=CARTESIAN_POINT('Ctrl Pts',(98.1908830188113,-316.978381862014,222.5));
#2294=CARTESIAN_POINT('Ctrl Pts',(98.7432439393601,-316.967347271713,222.5));
#2295=CARTESIAN_POINT('Ctrl Pts',(99.4245643047105,-316.953736440796,222.5));
#2296=CARTESIAN_POINT('Ctrl Pts',(100.105019406248,-316.926388518814,222.5));
#2297=CARTESIAN_POINT('Ctrl Pts',(100.789843670533,-316.88479562504,222.5));
#2298=CARTESIAN_POINT('Ctrl Pts',(102.029869540804,-316.809482487072,222.5));
#2299=CARTESIAN_POINT('Ctrl Pts',(103.271887607879,-316.687953807315,222.5));
#2300=CARTESIAN_POINT('Ctrl Pts',(104.51294777172,-316.519269961208,222.5));
#2301=CARTESIAN_POINT('Ctrl Pts',(106.995068099402,-316.181902268996,222.5));
#2302=CARTESIAN_POINT('Ctrl Pts',(109.473348216233,-315.655968297623,222.5));
#2303=CARTESIAN_POINT('Ctrl Pts',(111.924378731793,-314.934005189981,222.5));
#2304=CARTESIAN_POINT('Ctrl Pts',(116.826439762911,-313.490078974697,222.5));
#2305=CARTESIAN_POINT('Ctrl Pts',(121.637684762606,-311.244720597764,222.5));
#2306=CARTESIAN_POINT('Ctrl Pts',(126.036705708231,-308.224253243866,222.5));
#2307=CARTESIAN_POINT('Ctrl Pts',(132.91167941875,-303.503740677954,222.5));
#2308=CARTESIAN_POINT('Ctrl Pts',(138.848786266431,-296.810542657922,222.5));
#2309=CARTESIAN_POINT('Ctrl Pts',(142.680253931498,-288.68642899421,222.5));
#2310=CARTESIAN_POINT('Ctrl Pts',(143.647825272216,-286.634823646889,222.5));
#2311=CARTESIAN_POINT('Ctrl Pts',(144.492925629418,-284.441086960447,222.5));
#2312=CARTESIAN_POINT('Ctrl Pts',(145.130028444386,-282.395863105437,222.5));
#2313=CARTESIAN_POINT('Ctrl Pts',(147.138701681194,-275.947631635845,222.5));
#2314=CARTESIAN_POINT('Ctrl Pts',(147.339606437056,-270.597973405797,222.5));
#2315=CARTESIAN_POINT('Ctrl Pts',(147.328259879388,-267.757649405689,222.5));
#2316=CARTESIAN_POINT('Ctrl Pts',(147.326286029355,-267.263545926397,222.5));
#2317=CARTESIAN_POINT('Ctrl Pts',(147.324764054526,-266.87333245397,222.5));
#2318=CARTESIAN_POINT('Ctrl Pts',(147.323227414185,-266.473668150302,222.5));
#2319=CARTESIAN_POINT('Ctrl Pts',(147.320086552716,-265.656762477445,222.5));
#2320=CARTESIAN_POINT('Ctrl Pts',(147.317012724889,-264.827317927698,222.5));
#2321=CARTESIAN_POINT('Ctrl Pts',(147.314013367142,-263.986581276288,222.5));
#2322=CARTESIAN_POINT('Ctrl Pts',(147.309546598572,-262.73452121323,222.5));
#2323=CARTESIAN_POINT('Ctrl Pts',(147.305245375072,-261.45741706394,222.5));
#2324=CARTESIAN_POINT('Ctrl Pts',(147.301126640077,-260.159386889498,222.5));
#2325=CARTESIAN_POINT('Ctrl Pts',(147.292889170085,-257.563326540612,222.5));
#2326=CARTESIAN_POINT('Ctrl Pts',(147.285388527608,-254.883562062279,222.5));
#2327=CARTESIAN_POINT('Ctrl Pts',(147.278665692035,-252.153038613182,222.5));
#2328=CARTESIAN_POINT('Ctrl Pts',(147.265291927849,-246.721197194415,222.5));
#2329=CARTESIAN_POINT('Ctrl Pts',(147.255041521166,-241.088485813613,222.5));
#2330=CARTESIAN_POINT('Ctrl Pts',(147.247272861155,-235.51426255742,222.5));
#2331=CARTESIAN_POINT('',(3.41060513164848E-12,-315.791867708613,227.5));
#2332=CARTESIAN_POINT('Ctrl Pts',(3.1297361190113E-12,-315.791867708613,
227.5));
#2333=CARTESIAN_POINT('Ctrl Pts',(13.3169214066139,-315.791867708613,227.5));
#2334=CARTESIAN_POINT('Ctrl Pts',(27.0743743971572,-315.870476701083,227.5));
#2335=CARTESIAN_POINT('Ctrl Pts',(41.3498359795159,-316.027819902235,227.5));
#2336=CARTESIAN_POINT('Ctrl Pts',(55.2444495691192,-316.180965421793,227.5));
#2337=CARTESIAN_POINT('Ctrl Pts',(69.5389295057626,-316.406850721444,227.5));
#2338=CARTESIAN_POINT('Ctrl Pts',(84.6272063883878,-316.710689176636,227.5));
#2339=CARTESIAN_POINT('Ctrl Pts',(85.8160127395288,-316.734628628971,227.5));
#2340=CARTESIAN_POINT('Ctrl Pts',(87.0512479529481,-316.759931212922,227.5));
#2341=CARTESIAN_POINT('Ctrl Pts',(88.1456274782368,-316.782666608914,227.5));
#2342=CARTESIAN_POINT('Ctrl Pts',(89.643942371677,-316.813793637186,227.5));
#2343=CARTESIAN_POINT('Ctrl Pts',(90.9108905904846,-316.84069222915,227.5));
#2344=CARTESIAN_POINT('Ctrl Pts',(91.9903788200621,-316.863851239804,227.5));
#2345=CARTESIAN_POINT('Ctrl Pts',(94.1828412417646,-316.910887658719,227.5));
#2346=CARTESIAN_POINT('Ctrl Pts',(95.6019935391037,-316.942373699465,227.5));
#2347=CARTESIAN_POINT('Ctrl Pts',(96.6157670483377,-316.964926712698,227.5));
#2348=CARTESIAN_POINT('Ctrl Pts',(97.5906054009841,-316.986613551097,227.5));
#2349=CARTESIAN_POINT('Ctrl Pts',(98.1908830188113,-316.978381862014,227.5));
#2350=CARTESIAN_POINT('Ctrl Pts',(98.74324393936,-316.967347271713,227.5));
#2351=CARTESIAN_POINT('Ctrl Pts',(99.4245643047104,-316.953736440796,227.5));
#2352=CARTESIAN_POINT('Ctrl Pts',(100.105019406248,-316.926388518814,227.5));
#2353=CARTESIAN_POINT('Ctrl Pts',(100.789843670533,-316.88479562504,227.5));
#2354=CARTESIAN_POINT('Ctrl Pts',(102.029869540804,-316.809482487072,227.5));
#2355=CARTESIAN_POINT('Ctrl Pts',(103.271887607879,-316.687953807315,227.5));
#2356=CARTESIAN_POINT('Ctrl Pts',(104.51294777172,-316.519269961208,227.5));
#2357=CARTESIAN_POINT('Ctrl Pts',(106.995068099401,-316.181902268996,227.5));
#2358=CARTESIAN_POINT('Ctrl Pts',(109.473348216233,-315.655968297623,227.5));
#2359=CARTESIAN_POINT('Ctrl Pts',(111.924378731793,-314.934005189981,227.5));
#2360=CARTESIAN_POINT('Ctrl Pts',(116.826439762911,-313.490078974697,227.5));
#2361=CARTESIAN_POINT('Ctrl Pts',(121.637684762606,-311.244720597764,227.5));
#2362=CARTESIAN_POINT('Ctrl Pts',(126.036705708231,-308.224253243866,227.5));
#2363=CARTESIAN_POINT('Ctrl Pts',(132.91167941875,-303.503740677954,227.5));
#2364=CARTESIAN_POINT('Ctrl Pts',(138.848786266431,-296.810542657922,227.5));
#2365=CARTESIAN_POINT('Ctrl Pts',(142.680253931498,-288.68642899421,227.5));
#2366=CARTESIAN_POINT('Ctrl Pts',(143.647825272216,-286.634823646889,227.5));
#2367=CARTESIAN_POINT('Ctrl Pts',(144.492925629418,-284.441086960447,227.5));
#2368=CARTESIAN_POINT('Ctrl Pts',(145.130028444386,-282.395863105437,227.5));
#2369=CARTESIAN_POINT('Ctrl Pts',(147.138701681194,-275.947631635845,227.5));
#2370=CARTESIAN_POINT('Ctrl Pts',(147.339606437056,-270.597973405797,227.5));
#2371=CARTESIAN_POINT('Ctrl Pts',(147.328259879388,-267.757649405689,227.5));
#2372=CARTESIAN_POINT('Ctrl Pts',(147.326286029355,-267.263545926397,227.5));
#2373=CARTESIAN_POINT('Ctrl Pts',(147.324764054526,-266.87333245397,227.5));
#2374=CARTESIAN_POINT('Ctrl Pts',(147.323227414185,-266.473668150302,227.5));
#2375=CARTESIAN_POINT('Ctrl Pts',(147.320086552716,-265.656762477445,227.5));
#2376=CARTESIAN_POINT('Ctrl Pts',(147.317012724889,-264.827317927698,227.5));
#2377=CARTESIAN_POINT('Ctrl Pts',(147.314013367142,-263.986581276288,227.5));
#2378=CARTESIAN_POINT('Ctrl Pts',(147.309546598572,-262.73452121323,227.5));
#2379=CARTESIAN_POINT('Ctrl Pts',(147.305245375072,-261.45741706394,227.5));
#2380=CARTESIAN_POINT('Ctrl Pts',(147.301126640077,-260.159386889498,227.5));
#2381=CARTESIAN_POINT('Ctrl Pts',(147.292889170085,-257.563326540612,227.5));
#2382=CARTESIAN_POINT('Ctrl Pts',(147.285388527608,-254.883562062279,227.5));
#2383=CARTESIAN_POINT('Ctrl Pts',(147.278665692035,-252.153038613182,227.5));
#2384=CARTESIAN_POINT('Ctrl Pts',(147.265291927849,-246.721197194415,227.5));
#2385=CARTESIAN_POINT('Ctrl Pts',(147.255041521166,-241.088485813613,227.5));
#2386=CARTESIAN_POINT('Ctrl Pts',(147.247272861155,-235.51426255742,227.5));
#2387=CARTESIAN_POINT('',(3.40616423954998E-12,-315.791867708613,222.5));
#2388=CARTESIAN_POINT('Ctrl Pts',(-147.247272861155,-235.514262557414,222.5));
#2389=CARTESIAN_POINT('Ctrl Pts',(-147.247272861155,-235.514262557414,227.5));
#2390=CARTESIAN_POINT('Ctrl Pts',(-147.280232642565,-259.16379539816,222.5));
#2391=CARTESIAN_POINT('Ctrl Pts',(-147.280232642565,-259.16379539816,227.5));
#2392=CARTESIAN_POINT('Ctrl Pts',(-147.318363138528,-265.280250408676,222.5));
#2393=CARTESIAN_POINT('Ctrl Pts',(-147.318363138528,-265.280250408676,227.5));
#2394=CARTESIAN_POINT('Ctrl Pts',(-147.328259879388,-267.757649405689,222.5));
#2395=CARTESIAN_POINT('Ctrl Pts',(-147.328259879388,-267.757649405689,227.5));
#2396=CARTESIAN_POINT('Ctrl Pts',(-147.329421376197,-268.048400782463,222.5));
#2397=CARTESIAN_POINT('Ctrl Pts',(-147.329421376197,-268.048400782463,227.5));
#2398=CARTESIAN_POINT('Ctrl Pts',(-147.327940418766,-268.289032477195,222.5));
#2399=CARTESIAN_POINT('Ctrl Pts',(-147.327940418766,-268.289032477195,227.5));
#2400=CARTESIAN_POINT('Ctrl Pts',(-147.325524204202,-268.501994690499,222.5));
#2401=CARTESIAN_POINT('Ctrl Pts',(-147.325524204202,-268.501994690499,227.5));
#2402=CARTESIAN_POINT('Ctrl Pts',(-147.319912286769,-268.996622268302,222.5));
#2403=CARTESIAN_POINT('Ctrl Pts',(-147.319912286769,-268.996622268302,227.5));
#2404=CARTESIAN_POINT('Ctrl Pts',(-147.309531175484,-269.376364000559,222.5));
#2405=CARTESIAN_POINT('Ctrl Pts',(-147.309531175484,-269.376364000559,227.5));
#2406=CARTESIAN_POINT('Ctrl Pts',(-147.293617478062,-269.79495539543,222.5));
#2407=CARTESIAN_POINT('Ctrl Pts',(-147.293617478062,-269.79495539543,227.5));
#2408=CARTESIAN_POINT('Ctrl Pts',(-147.270852128253,-270.393771577439,222.5));
#2409=CARTESIAN_POINT('Ctrl Pts',(-147.270852128253,-270.393771577439,227.5));
#2410=CARTESIAN_POINT('Ctrl Pts',(-147.236940937385,-270.99357597189,222.5));
#2411=CARTESIAN_POINT('Ctrl Pts',(-147.236940937385,-270.99357597189,227.5));
#2412=CARTESIAN_POINT('Ctrl Pts',(-147.191744007829,-271.594018692135,222.5));
#2413=CARTESIAN_POINT('Ctrl Pts',(-147.191744007829,-271.594018692135,227.5));
#2414=CARTESIAN_POINT('Ctrl Pts',(-147.101350148715,-272.794904132626,222.5));
#2415=CARTESIAN_POINT('Ctrl Pts',(-147.101350148715,-272.794904132626,227.5));
#2416=CARTESIAN_POINT('Ctrl Pts',(-146.965811953133,-273.998341309191,222.5));
#2417=CARTESIAN_POINT('Ctrl Pts',(-146.965811953133,-273.998341309191,227.5));
#2418=CARTESIAN_POINT('Ctrl Pts',(-146.784047267079,-275.201545417366,222.5));
#2419=CARTESIAN_POINT('Ctrl Pts',(-146.784047267079,-275.201545417366,227.5));
#2420=CARTESIAN_POINT('Ctrl Pts',(-146.42051789497,-277.607953633717,222.5));
#2421=CARTESIAN_POINT('Ctrl Pts',(-146.42051789497,-277.607953633717,227.5));
#2422=CARTESIAN_POINT('Ctrl Pts',(-145.872172285335,-280.013437142628,222.5));
#2423=CARTESIAN_POINT('Ctrl Pts',(-145.872172285335,-280.013437142628,227.5));
#2424=CARTESIAN_POINT('Ctrl Pts',(-145.130028444386,-282.395863105437,222.5));
#2425=CARTESIAN_POINT('Ctrl Pts',(-145.130028444386,-282.395863105437,227.5));
#2426=CARTESIAN_POINT('Ctrl Pts',(-143.726872621765,-286.900265995049,222.5));
#2427=CARTESIAN_POINT('Ctrl Pts',(-143.726872621765,-286.900265995049,227.5));
#2428=CARTESIAN_POINT('Ctrl Pts',(-141.617262490511,-291.333011877084,222.5));
#2429=CARTESIAN_POINT('Ctrl Pts',(-141.617262490511,-291.333011877084,227.5));
#2430=CARTESIAN_POINT('Ctrl Pts',(-138.8208649727,-295.423258437565,222.5));
#2431=CARTESIAN_POINT('Ctrl Pts',(-138.8208649727,-295.423258437565,227.5));
#2432=CARTESIAN_POINT('Ctrl Pts',(-133.995623420935,-302.481063179163,222.5));
#2433=CARTESIAN_POINT('Ctrl Pts',(-133.995623420935,-302.481063179163,227.5));
#2434=CARTESIAN_POINT('Ctrl Pts',(-127.037658387615,-308.597208360822,222.5));
#2435=CARTESIAN_POINT('Ctrl Pts',(-127.037658387615,-308.597208360822,227.5));
#2436=CARTESIAN_POINT('Ctrl Pts',(-118.498016149384,-312.484075075686,222.5));
#2437=CARTESIAN_POINT('Ctrl Pts',(-118.498016149384,-312.484075075686,227.5));
#2438=CARTESIAN_POINT('Ctrl Pts',(-112.331135549432,-315.290965841108,222.5));
#2439=CARTESIAN_POINT('Ctrl Pts',(-112.331135549432,-315.290965841108,227.5));
#2440=CARTESIAN_POINT('Ctrl Pts',(-105.386539379845,-316.921932728243,222.5));
#2441=CARTESIAN_POINT('Ctrl Pts',(-105.386539379845,-316.921932728243,227.5));
#2442=CARTESIAN_POINT('Ctrl Pts',(-98.1114483371169,-316.976005399906,222.5));
#2443=CARTESIAN_POINT('Ctrl Pts',(-98.1114483371169,-316.976005399906,227.5));
#2444=CARTESIAN_POINT('Ctrl Pts',(-97.6597360993718,-316.979362785728,222.5));
#2445=CARTESIAN_POINT('Ctrl Pts',(-97.6597360993718,-316.979362785728,227.5));
#2446=CARTESIAN_POINT('Ctrl Pts',(-97.2578214889887,-316.97921024069,222.5));
#2447=CARTESIAN_POINT('Ctrl Pts',(-97.2578214889887,-316.97921024069,227.5));
#2448=CARTESIAN_POINT('Ctrl Pts',(-96.6157670483374,-316.964926712699,222.5));
#2449=CARTESIAN_POINT('Ctrl Pts',(-96.6157670483374,-316.964926712699,227.5));
#2450=CARTESIAN_POINT('Ctrl Pts',(-93.2829807473501,-316.890783550675,222.5));
#2451=CARTESIAN_POINT('Ctrl Pts',(-93.2829807473501,-316.890783550675,227.5));
#2452=CARTESIAN_POINT('Ctrl Pts',(-84.6051042639272,-316.681797379096,222.5));
#2453=CARTESIAN_POINT('Ctrl Pts',(-84.6051042639272,-316.681797379096,227.5));
#2454=CARTESIAN_POINT('Ctrl Pts',(-67.6303401279854,-316.395912264785,222.5));
#2455=CARTESIAN_POINT('Ctrl Pts',(-67.6303401279854,-316.395912264785,227.5));
#2456=CARTESIAN_POINT('Ctrl Pts',(-45.7163091433207,-316.026841142328,222.5));
#2457=CARTESIAN_POINT('Ctrl Pts',(-45.7163091433207,-316.026841142328,227.5));
#2458=CARTESIAN_POINT('Ctrl Pts',(-23.5011286700522,-315.791867708613,222.5));
#2459=CARTESIAN_POINT('Ctrl Pts',(-23.5011286700522,-315.791867708613,227.5));
#2460=CARTESIAN_POINT('Ctrl Pts',(8.21565038222616E-14,-315.791867708613,
222.5));
#2461=CARTESIAN_POINT('Ctrl Pts',(8.21565038222616E-14,-315.791867708613,
227.5));
#2462=CARTESIAN_POINT('Ctrl Pts',(-147.247272861155,-235.514262557414,222.5));
#2463=CARTESIAN_POINT('Ctrl Pts',(-147.280232642565,-259.16379539816,222.5));
#2464=CARTESIAN_POINT('Ctrl Pts',(-147.318363138528,-265.280250408676,222.5));
#2465=CARTESIAN_POINT('Ctrl Pts',(-147.328259879388,-267.757649405689,222.5));
#2466=CARTESIAN_POINT('Ctrl Pts',(-147.329421376197,-268.048400782463,222.5));
#2467=CARTESIAN_POINT('Ctrl Pts',(-147.327940418766,-268.289032477195,222.5));
#2468=CARTESIAN_POINT('Ctrl Pts',(-147.325524204202,-268.501994690499,222.5));
#2469=CARTESIAN_POINT('Ctrl Pts',(-147.319912286769,-268.996622268302,222.5));
#2470=CARTESIAN_POINT('Ctrl Pts',(-147.309531175484,-269.376364000559,222.5));
#2471=CARTESIAN_POINT('Ctrl Pts',(-147.293617478062,-269.79495539543,222.5));
#2472=CARTESIAN_POINT('Ctrl Pts',(-147.270852128253,-270.393771577439,222.5));
#2473=CARTESIAN_POINT('Ctrl Pts',(-147.236940937385,-270.99357597189,222.5));
#2474=CARTESIAN_POINT('Ctrl Pts',(-147.191744007829,-271.594018692135,222.5));
#2475=CARTESIAN_POINT('Ctrl Pts',(-147.101350148715,-272.794904132626,222.5));
#2476=CARTESIAN_POINT('Ctrl Pts',(-146.965811953133,-273.998341309191,222.5));
#2477=CARTESIAN_POINT('Ctrl Pts',(-146.784047267079,-275.201545417366,222.5));
#2478=CARTESIAN_POINT('Ctrl Pts',(-146.42051789497,-277.607953633717,222.5));
#2479=CARTESIAN_POINT('Ctrl Pts',(-145.872172285335,-280.013437142628,222.5));
#2480=CARTESIAN_POINT('Ctrl Pts',(-145.130028444386,-282.395863105437,222.5));
#2481=CARTESIAN_POINT('Ctrl Pts',(-143.726872621765,-286.900265995049,222.5));
#2482=CARTESIAN_POINT('Ctrl Pts',(-141.617262490511,-291.333011877084,222.5));
#2483=CARTESIAN_POINT('Ctrl Pts',(-138.8208649727,-295.423258437565,222.5));
#2484=CARTESIAN_POINT('Ctrl Pts',(-133.995623420935,-302.481063179163,222.5));
#2485=CARTESIAN_POINT('Ctrl Pts',(-127.037658387615,-308.597208360822,222.5));
#2486=CARTESIAN_POINT('Ctrl Pts',(-118.498016149384,-312.484075075686,222.5));
#2487=CARTESIAN_POINT('Ctrl Pts',(-112.331135549432,-315.290965841108,222.5));
#2488=CARTESIAN_POINT('Ctrl Pts',(-105.386539379845,-316.921932728243,222.5));
#2489=CARTESIAN_POINT('Ctrl Pts',(-98.1114483371169,-316.976005399906,222.5));
#2490=CARTESIAN_POINT('Ctrl Pts',(-97.6597360993718,-316.979362785728,222.5));
#2491=CARTESIAN_POINT('Ctrl Pts',(-97.2578214889887,-316.97921024069,222.5));
#2492=CARTESIAN_POINT('Ctrl Pts',(-96.6157670483374,-316.964926712699,222.5));
#2493=CARTESIAN_POINT('Ctrl Pts',(-93.2829807473501,-316.890783550675,222.5));
#2494=CARTESIAN_POINT('Ctrl Pts',(-84.6051042639272,-316.681797379096,222.5));
#2495=CARTESIAN_POINT('Ctrl Pts',(-67.6303401279854,-316.395912264785,222.5));
#2496=CARTESIAN_POINT('Ctrl Pts',(-45.7163091433207,-316.026841142328,222.5));
#2497=CARTESIAN_POINT('Ctrl Pts',(-23.5011286700522,-315.791867708613,222.5));
#2498=CARTESIAN_POINT('Ctrl Pts',(0.,-315.791867708613,222.5));
#2499=CARTESIAN_POINT('Ctrl Pts',(-147.247272861155,-235.514262557414,227.5));
#2500=CARTESIAN_POINT('Ctrl Pts',(-147.280232642565,-259.16379539816,227.5));
#2501=CARTESIAN_POINT('Ctrl Pts',(-147.318363138528,-265.280250408676,227.5));
#2502=CARTESIAN_POINT('Ctrl Pts',(-147.328259879388,-267.757649405689,227.5));
#2503=CARTESIAN_POINT('Ctrl Pts',(-147.329421376197,-268.048400782463,227.5));
#2504=CARTESIAN_POINT('Ctrl Pts',(-147.327940418766,-268.289032477195,227.5));
#2505=CARTESIAN_POINT('Ctrl Pts',(-147.325524204202,-268.501994690499,227.5));
#2506=CARTESIAN_POINT('Ctrl Pts',(-147.319912286769,-268.996622268302,227.5));
#2507=CARTESIAN_POINT('Ctrl Pts',(-147.309531175484,-269.376364000559,227.5));
#2508=CARTESIAN_POINT('Ctrl Pts',(-147.293617478062,-269.79495539543,227.5));
#2509=CARTESIAN_POINT('Ctrl Pts',(-147.270852128253,-270.393771577439,227.5));
#2510=CARTESIAN_POINT('Ctrl Pts',(-147.236940937385,-270.99357597189,227.5));
#2511=CARTESIAN_POINT('Ctrl Pts',(-147.191744007829,-271.594018692135,227.5));
#2512=CARTESIAN_POINT('Ctrl Pts',(-147.101350148715,-272.794904132626,227.5));
#2513=CARTESIAN_POINT('Ctrl Pts',(-146.965811953133,-273.998341309191,227.5));
#2514=CARTESIAN_POINT('Ctrl Pts',(-146.784047267079,-275.201545417366,227.5));
#2515=CARTESIAN_POINT('Ctrl Pts',(-146.42051789497,-277.607953633717,227.5));
#2516=CARTESIAN_POINT('Ctrl Pts',(-145.872172285335,-280.013437142628,227.5));
#2517=CARTESIAN_POINT('Ctrl Pts',(-145.130028444386,-282.395863105437,227.5));
#2518=CARTESIAN_POINT('Ctrl Pts',(-143.726872621765,-286.900265995049,227.5));
#2519=CARTESIAN_POINT('Ctrl Pts',(-141.617262490511,-291.333011877084,227.5));
#2520=CARTESIAN_POINT('Ctrl Pts',(-138.8208649727,-295.423258437565,227.5));
#2521=CARTESIAN_POINT('Ctrl Pts',(-133.995623420935,-302.481063179163,227.5));
#2522=CARTESIAN_POINT('Ctrl Pts',(-127.037658387615,-308.597208360822,227.5));
#2523=CARTESIAN_POINT('Ctrl Pts',(-118.498016149384,-312.484075075686,227.5));
#2524=CARTESIAN_POINT('Ctrl Pts',(-112.331135549432,-315.290965841108,227.5));
#2525=CARTESIAN_POINT('Ctrl Pts',(-105.386539379845,-316.921932728243,227.5));
#2526=CARTESIAN_POINT('Ctrl Pts',(-98.1114483371169,-316.976005399906,227.5));
#2527=CARTESIAN_POINT('Ctrl Pts',(-97.6597360993718,-316.979362785728,227.5));
#2528=CARTESIAN_POINT('Ctrl Pts',(-97.2578214889887,-316.97921024069,227.5));
#2529=CARTESIAN_POINT('Ctrl Pts',(-96.6157670483374,-316.964926712699,227.5));
#2530=CARTESIAN_POINT('Ctrl Pts',(-93.2829807473501,-316.890783550675,227.5));
#2531=CARTESIAN_POINT('Ctrl Pts',(-84.6051042639272,-316.681797379096,227.5));
#2532=CARTESIAN_POINT('Ctrl Pts',(-67.6303401279854,-316.395912264785,227.5));
#2533=CARTESIAN_POINT('Ctrl Pts',(-45.7163091433197,-316.026841142328,227.5));
#2534=CARTESIAN_POINT('Ctrl Pts',(-23.5011286700503,-315.791867708613,227.5));
#2535=CARTESIAN_POINT('Ctrl Pts',(3.11750625314744E-12,-315.791867708613,
227.5));
#2536=CARTESIAN_POINT('Origin',(-0.00180367288827199,-158.198665293091,
227.5));
#2537=CARTESIAN_POINT('Origin',(-0.00180367288827199,-158.198665293091,
222.5));
#2538=CARTESIAN_POINT('Ctrl Pts',(-144.857628416845,-235.51426257362,222.5));
#2539=CARTESIAN_POINT('Ctrl Pts',(-144.856161531437,-234.136265419867,222.5));
#2540=CARTESIAN_POINT('Ctrl Pts',(-144.854856616111,-232.767495670399,222.5));
#2541=CARTESIAN_POINT('Ctrl Pts',(-144.853695929919,-231.414043861386,222.5));
#2542=CARTESIAN_POINT('Ctrl Pts',(-144.843698657325,-219.756434097078,222.5));
#2543=CARTESIAN_POINT('Ctrl Pts',(-144.843017701475,-209.235231494302,222.5));
#2544=CARTESIAN_POINT('Ctrl Pts',(-144.842342723404,-203.742265119914,222.5));
#2545=CARTESIAN_POINT('Ctrl Pts',(-144.842240814837,-202.912933977472,222.5));
#2546=CARTESIAN_POINT('Ctrl Pts',(-144.842166559645,-202.221685274155,222.5));
#2547=CARTESIAN_POINT('Ctrl Pts',(-144.842104639095,-201.606776129803,222.5));
#2548=CARTESIAN_POINT('Ctrl Pts',(-144.842026887826,-200.834658210535,222.5));
#2549=CARTESIAN_POINT('Ctrl Pts',(-144.841957947779,-200.065361351882,222.5));
#2550=CARTESIAN_POINT('Ctrl Pts',(-144.841896162491,-199.298857377708,222.5));
#2551=CARTESIAN_POINT('Ctrl Pts',(-144.841133361334,-189.835599461225,222.5));
#2552=CARTESIAN_POINT('Ctrl Pts',(-144.841179741262,-180.798043376703,222.5));
#2553=CARTESIAN_POINT('Ctrl Pts',(-144.840958732156,-172.133166280469,222.5));
#2554=CARTESIAN_POINT('Ctrl Pts',(-144.840951648064,-171.855427548604,222.5));
#2555=CARTESIAN_POINT('Ctrl Pts',(-144.840944719216,-171.585113926771,222.5));
#2556=CARTESIAN_POINT('Ctrl Pts',(-144.840937402526,-171.300728331172,222.5));
#2557=CARTESIAN_POINT('Ctrl Pts',(-144.840925485271,-170.837527652263,222.5));
#2558=CARTESIAN_POINT('Ctrl Pts',(-144.840905823243,-170.07926051225,222.5));
#2559=CARTESIAN_POINT('Ctrl Pts',(-144.840879727676,-169.071054414038,222.5));
#2560=CARTESIAN_POINT('Ctrl Pts',(-144.840810274521,-166.387721383701,222.5));
#2561=CARTESIAN_POINT('Ctrl Pts',(-144.840655651209,-161.933953897298,222.5));
#2562=CARTESIAN_POINT('Ctrl Pts',(-144.840655651209,-156.56045544794,222.5));
#2563=CARTESIAN_POINT('Ctrl Pts',(-144.840655651209,-154.119726350115,222.5));
#2564=CARTESIAN_POINT('Ctrl Pts',(-144.835901716794,-151.489248536426,222.5));
#2565=CARTESIAN_POINT('Ctrl Pts',(-144.825584870983,-148.74875651992,222.5));
#2566=CARTESIAN_POINT('Ctrl Pts',(-144.80533440396,-143.369569486699,222.5));
#2567=CARTESIAN_POINT('Ctrl Pts',(-144.762810295812,-137.580335503272,222.5));
#2568=CARTESIAN_POINT('Ctrl Pts',(-144.706239092417,-131.940523269968,222.5));
#2569=CARTESIAN_POINT('Ctrl Pts',(-144.62084700395,-123.427440353843,222.5));
#2570=CARTESIAN_POINT('Ctrl Pts',(-144.504666490982,-115.068117114987,222.5));
#2571=CARTESIAN_POINT('Ctrl Pts',(-144.382071265764,-106.887555860598,222.5));
#2572=CARTESIAN_POINT('Ctrl Pts',(-144.22040861333,-96.1000946977922,222.5));
#2573=CARTESIAN_POINT('Ctrl Pts',(-144.049005767612,-85.6234429321461,222.5));
#2574=CARTESIAN_POINT('Ctrl Pts',(-143.91024108971,-75.5151258028984,222.5));
#2575=CARTESIAN_POINT('Origin',(-3.09447483033367,-170.593948075958,222.5));
#2576=CARTESIAN_POINT('Ctrl Pts',(-146.389868598826,-75.5151328022503,222.5));
#2577=CARTESIAN_POINT('Ctrl Pts',(-146.402041484325,-76.5630796272072,222.5));
#2578=CARTESIAN_POINT('Ctrl Pts',(-146.414531206251,-77.6137348456135,222.5));
#2579=CARTESIAN_POINT('Ctrl Pts',(-146.42729929606,-78.6670900494487,222.5));
#2580=CARTESIAN_POINT('Ctrl Pts',(-146.574841618705,-90.839190627434,222.5));
#2581=CARTESIAN_POINT('Ctrl Pts',(-146.760543854267,-103.371800977418,222.5));
#2582=CARTESIAN_POINT('Ctrl Pts',(-146.917109819371,-116.252038726164,222.5));
#2583=CARTESIAN_POINT('Ctrl Pts',(-146.952513887891,-119.164630996776,222.5));
#2584=CARTESIAN_POINT('Ctrl Pts',(-146.986834919022,-122.146605507952,222.5));
#2585=CARTESIAN_POINT('Ctrl Pts',(-147.01628998201,-124.906051698217,222.5));
#2586=CARTESIAN_POINT('Ctrl Pts',(-147.045722763323,-127.663410468611,222.5));
#2587=CARTESIAN_POINT('Ctrl Pts',(-147.071052172572,-130.25255280657,222.5));
#2588=CARTESIAN_POINT('Ctrl Pts',(-147.092981372815,-132.727088624951,222.5));
#2589=CARTESIAN_POINT('Ctrl Pts',(-147.172306387164,-141.67828552774,222.5));
#2590=CARTESIAN_POINT('Ctrl Pts',(-147.213280078738,-149.129885326662,222.5));
#2591=CARTESIAN_POINT('Ctrl Pts',(-147.213280078738,-157.619325225746,222.5));
#2592=CARTESIAN_POINT('Ctrl Pts',(-147.213280078738,-162.104150186607,222.5));
#2593=CARTESIAN_POINT('Ctrl Pts',(-147.213548322506,-166.878596110988,222.5));
#2594=CARTESIAN_POINT('Ctrl Pts',(-147.214149862724,-172.316789506883,222.5));
#2595=CARTESIAN_POINT('Ctrl Pts',(-147.214302063105,-173.692749221343,222.5));
#2596=CARTESIAN_POINT('Ctrl Pts',(-147.214474809582,-175.096067064731,222.5));
#2597=CARTESIAN_POINT('Ctrl Pts',(-147.214679254833,-176.580124876696,222.5));
#2598=CARTESIAN_POINT('Ctrl Pts',(-147.214921310538,-178.33719508869,222.5));
#2599=CARTESIAN_POINT('Ctrl Pts',(-147.215223762701,-180.320095040926,222.5));
#2600=CARTESIAN_POINT('Ctrl Pts',(-147.215606077429,-182.475301951326,222.5));
#2601=CARTESIAN_POINT('Ctrl Pts',(-147.217587541051,-193.645324368809,222.5));
#2602=CARTESIAN_POINT('Ctrl Pts',(-147.2217089134,-209.443769035568,222.5));
#2603=CARTESIAN_POINT('Ctrl Pts',(-147.232797796805,-222.419303587042,222.5));
#2604=CARTESIAN_POINT('Ctrl Pts',(-147.236415800925,-226.652871182942,222.5));
#2605=CARTESIAN_POINT('Ctrl Pts',(-147.240637680483,-230.530317900096,222.5));
#2606=CARTESIAN_POINT('Ctrl Pts',(-147.245246792599,-234.020961926736,222.5));
#2607=CARTESIAN_POINT('Ctrl Pts',(-147.245914108502,-234.526343920278,222.5));
#2608=CARTESIAN_POINT('Ctrl Pts',(-147.246584387905,-235.024069547441,222.5));
#2609=CARTESIAN_POINT('Ctrl Pts',(-147.247257319869,-235.5142625344,222.5));
#2610=CARTESIAN_POINT('Ctrl Pts',(-2.75335310107039E-13,-311.029395503736,
122.5));
#2611=CARTESIAN_POINT('Ctrl Pts',(-2.75335310107039E-13,-311.029395503736,
222.5));
#2612=CARTESIAN_POINT('Ctrl Pts',(-23.2283490395067,-311.029395503736,122.5));
#2613=CARTESIAN_POINT('Ctrl Pts',(-23.2283490395067,-311.029395503736,222.5));
#2614=CARTESIAN_POINT('Ctrl Pts',(-45.8376427856756,-311.313629606378,122.5));
#2615=CARTESIAN_POINT('Ctrl Pts',(-45.8376427856756,-311.313629606378,222.5));
#2616=CARTESIAN_POINT('Ctrl Pts',(-67.8987001983359,-311.760240356042,122.5));
#2617=CARTESIAN_POINT('Ctrl Pts',(-67.8987001983359,-311.760240356042,222.5));
#2618=CARTESIAN_POINT('Ctrl Pts',(-74.9252682933492,-311.902488335627,122.5));
#2619=CARTESIAN_POINT('Ctrl Pts',(-74.9252682933492,-311.902488335627,222.5));
#2620=CARTESIAN_POINT('Ctrl Pts',(-81.6595473705472,-312.056618301756,122.5));
#2621=CARTESIAN_POINT('Ctrl Pts',(-81.6595473705472,-312.056618301756,222.5));
#2622=CARTESIAN_POINT('Ctrl Pts',(-88.1313829378414,-312.217352029102,122.5));
#2623=CARTESIAN_POINT('Ctrl Pts',(-88.1313829378414,-312.217352029102,222.5));
#2624=CARTESIAN_POINT('Ctrl Pts',(-89.8623914648843,-312.26034314804,122.5));
#2625=CARTESIAN_POINT('Ctrl Pts',(-89.8623914648843,-312.26034314804,222.5));
#2626=CARTESIAN_POINT('Ctrl Pts',(-91.6116495363258,-312.304789032011,122.5));
#2627=CARTESIAN_POINT('Ctrl Pts',(-91.6116495363258,-312.304789032011,222.5));
#2628=CARTESIAN_POINT('Ctrl Pts',(-93.2310451251608,-312.346722174102,122.5));
#2629=CARTESIAN_POINT('Ctrl Pts',(-93.2310451251608,-312.346722174102,222.5));
#2630=CARTESIAN_POINT('Ctrl Pts',(-94.0758754702713,-312.368598478537,122.5));
#2631=CARTESIAN_POINT('Ctrl Pts',(-94.0758754702713,-312.368598478537,222.5));
#2632=CARTESIAN_POINT('Ctrl Pts',(-94.8360845428684,-312.388457538857,122.5));
#2633=CARTESIAN_POINT('Ctrl Pts',(-94.8360845428684,-312.388457538857,222.5));
#2634=CARTESIAN_POINT('Ctrl Pts',(-95.7700251731345,-312.413119788211,122.5));
#2635=CARTESIAN_POINT('Ctrl Pts',(-95.7700251731345,-312.413119788211,222.5));
#2636=CARTESIAN_POINT('Ctrl Pts',(-97.9277619895267,-312.470098402998,122.5));
#2637=CARTESIAN_POINT('Ctrl Pts',(-97.9277619895267,-312.470098402998,222.5));
#2638=CARTESIAN_POINT('Ctrl Pts',(-100.834244077061,-312.422226151972,122.5));
#2639=CARTESIAN_POINT('Ctrl Pts',(-100.834244077061,-312.422226151972,222.5));
#2640=CARTESIAN_POINT('Ctrl Pts',(-104.448714745657,-311.871877150121,122.5));
#2641=CARTESIAN_POINT('Ctrl Pts',(-104.448714745657,-311.871877150121,222.5));
#2642=CARTESIAN_POINT('Ctrl Pts',(-105.753651805735,-311.673183932126,122.5));
#2643=CARTESIAN_POINT('Ctrl Pts',(-105.753651805735,-311.673183932126,222.5));
#2644=CARTESIAN_POINT('Ctrl Pts',(-107.070432103587,-311.41719699648,122.5));
#2645=CARTESIAN_POINT('Ctrl Pts',(-107.070432103587,-311.41719699648,222.5));
#2646=CARTESIAN_POINT('Ctrl Pts',(-108.34345636422,-311.116024480586,122.5));
#2647=CARTESIAN_POINT('Ctrl Pts',(-108.34345636422,-311.116024480586,222.5));
#2648=CARTESIAN_POINT('Ctrl Pts',(-113.142557852053,-309.980651405763,122.5));
#2649=CARTESIAN_POINT('Ctrl Pts',(-113.142557852053,-309.980651405763,222.5));
#2650=CARTESIAN_POINT('Ctrl Pts',(-117.565853869356,-308.168882145174,122.5));
#2651=CARTESIAN_POINT('Ctrl Pts',(-117.565853869356,-308.168882145174,222.5));
#2652=CARTESIAN_POINT('Ctrl Pts',(-121.533769274943,-305.86510727874,122.5));
#2653=CARTESIAN_POINT('Ctrl Pts',(-121.533769274943,-305.86510727874,222.5));
#2654=CARTESIAN_POINT('Ctrl Pts',(-126.954180467894,-302.718012193377,122.5));
#2655=CARTESIAN_POINT('Ctrl Pts',(-126.954180467894,-302.718012193377,222.5));
#2656=CARTESIAN_POINT('Ctrl Pts',(-131.448488373059,-298.702070672922,122.5));
#2657=CARTESIAN_POINT('Ctrl Pts',(-131.448488373059,-298.702070672922,222.5));
#2658=CARTESIAN_POINT('Ctrl Pts',(-134.982607652294,-294.237019267663,122.5));
#2659=CARTESIAN_POINT('Ctrl Pts',(-134.982607652294,-294.237019267663,222.5));
#2660=CARTESIAN_POINT('Ctrl Pts',(-138.66416967233,-289.585686821785,122.5));
#2661=CARTESIAN_POINT('Ctrl Pts',(-138.66416967233,-289.585686821785,222.5));
#2662=CARTESIAN_POINT('Ctrl Pts',(-141.267426608629,-284.495071025404,122.5));
#2663=CARTESIAN_POINT('Ctrl Pts',(-141.267426608629,-284.495071025404,222.5));
#2664=CARTESIAN_POINT('Ctrl Pts',(-142.880322538454,-279.345511149492,122.5));
#2665=CARTESIAN_POINT('Ctrl Pts',(-142.880322538454,-279.345511149492,222.5));
#2666=CARTESIAN_POINT('Ctrl Pts',(-142.952873177626,-279.113875708209,122.5));
#2667=CARTESIAN_POINT('Ctrl Pts',(-142.952873177626,-279.113875708209,222.5));
#2668=CARTESIAN_POINT('Ctrl Pts',(-143.023431874883,-278.882087964243,122.5));
#2669=CARTESIAN_POINT('Ctrl Pts',(-143.023431874883,-278.882087964243,222.5));
#2670=CARTESIAN_POINT('Ctrl Pts',(-143.092007791596,-278.650177984417,122.5));
#2671=CARTESIAN_POINT('Ctrl Pts',(-143.092007791596,-278.650177984417,222.5));
#2672=CARTESIAN_POINT('Ctrl Pts',(-144.019644434537,-275.513097133544,122.5));
#2673=CARTESIAN_POINT('Ctrl Pts',(-144.019644434537,-275.513097133544,222.5));
#2674=CARTESIAN_POINT('Ctrl Pts',(-144.570623489319,-272.385528051816,122.5));
#2675=CARTESIAN_POINT('Ctrl Pts',(-144.570623489319,-272.385528051816,222.5));
#2676=CARTESIAN_POINT('Ctrl Pts',(-144.798570047284,-269.402448850432,122.5));
#2677=CARTESIAN_POINT('Ctrl Pts',(-144.798570047284,-269.402448850432,222.5));
#2678=CARTESIAN_POINT('Ctrl Pts',(-144.848444800668,-268.749750512625,122.5));
#2679=CARTESIAN_POINT('Ctrl Pts',(-144.848444800668,-268.749750512625,222.5));
#2680=CARTESIAN_POINT('Ctrl Pts',(-144.88345724668,-268.093343602216,122.5));
#2681=CARTESIAN_POINT('Ctrl Pts',(-144.88345724668,-268.093343602216,222.5));
#2682=CARTESIAN_POINT('Ctrl Pts',(-144.903466035023,-267.462465440634,122.5));
#2683=CARTESIAN_POINT('Ctrl Pts',(-144.903466035023,-267.462465440634,222.5));
#2684=CARTESIAN_POINT('Ctrl Pts',(-144.922921904263,-266.849020847771,122.5));
#2685=CARTESIAN_POINT('Ctrl Pts',(-144.922921904263,-266.849020847771,222.5));
#2686=CARTESIAN_POINT('Ctrl Pts',(-144.926492273355,-266.344025496343,122.5));
#2687=CARTESIAN_POINT('Ctrl Pts',(-144.926492273355,-266.344025496343,222.5));
#2688=CARTESIAN_POINT('Ctrl Pts',(-144.924929655051,-265.928696561204,122.5));
#2689=CARTESIAN_POINT('Ctrl Pts',(-144.924929655051,-265.928696561204,222.5));
#2690=CARTESIAN_POINT('Ctrl Pts',(-144.924403177328,-265.788763839794,122.5));
#2691=CARTESIAN_POINT('Ctrl Pts',(-144.924403177328,-265.788763839794,222.5));
#2692=CARTESIAN_POINT('Ctrl Pts',(-144.923925281964,-265.660745248431,122.5));
#2693=CARTESIAN_POINT('Ctrl Pts',(-144.923925281964,-265.660745248431,222.5));
#2694=CARTESIAN_POINT('Ctrl Pts',(-144.923471235697,-265.53839351871,122.5));
#2695=CARTESIAN_POINT('Ctrl Pts',(-144.923471235697,-265.53839351871,222.5));
#2696=CARTESIAN_POINT('Ctrl Pts',(-144.921823710857,-265.094435427488,122.5));
#2697=CARTESIAN_POINT('Ctrl Pts',(-144.921823710857,-265.094435427488,222.5));
#2698=CARTESIAN_POINT('Ctrl Pts',(-144.920195524276,-264.645249450998,122.5));
#2699=CARTESIAN_POINT('Ctrl Pts',(-144.920195524276,-264.645249450998,222.5));
#2700=CARTESIAN_POINT('Ctrl Pts',(-144.918589112389,-264.191165637953,122.5));
#2701=CARTESIAN_POINT('Ctrl Pts',(-144.918589112389,-264.191165637953,222.5));
#2702=CARTESIAN_POINT('Ctrl Pts',(-144.916067881639,-263.47849033825,122.5));
#2703=CARTESIAN_POINT('Ctrl Pts',(-144.916067881639,-263.47849033825,222.5));
#2704=CARTESIAN_POINT('Ctrl Pts',(-144.913600379674,-262.753750361587,122.5));
#2705=CARTESIAN_POINT('Ctrl Pts',(-144.913600379674,-262.753750361587,222.5));
#2706=CARTESIAN_POINT('Ctrl Pts',(-144.911194470829,-262.018221714658,122.5));
#2707=CARTESIAN_POINT('Ctrl Pts',(-144.911194470829,-262.018221714658,222.5));
#2708=CARTESIAN_POINT('Ctrl Pts',(-144.906833162032,-260.684892912622,122.5));
#2709=CARTESIAN_POINT('Ctrl Pts',(-144.906833162032,-260.684892912622,222.5));
#2710=CARTESIAN_POINT('Ctrl Pts',(-144.902675326578,-259.316111897474,122.5));
#2711=CARTESIAN_POINT('Ctrl Pts',(-144.902675326578,-259.316111897474,222.5));
#2712=CARTESIAN_POINT('Ctrl Pts',(-144.898752650169,-257.919479743747,122.5));
#2713=CARTESIAN_POINT('Ctrl Pts',(-144.898752650169,-257.919479743747,222.5));
#2714=CARTESIAN_POINT('Ctrl Pts',(-144.890907297352,-255.126215436293,122.5));
#2715=CARTESIAN_POINT('Ctrl Pts',(-144.890907297352,-255.126215436293,222.5));
#2716=CARTESIAN_POINT('Ctrl Pts',(-144.884016806091,-252.221546538735,122.5));
#2717=CARTESIAN_POINT('Ctrl Pts',(-144.884016806091,-252.221546538735,222.5));
#2718=CARTESIAN_POINT('Ctrl Pts',(-144.878133943679,-249.266282798012,122.5));
#2719=CARTESIAN_POINT('Ctrl Pts',(-144.878133943679,-249.266282798012,222.5));
#2720=CARTESIAN_POINT('Ctrl Pts',(-144.866368218855,-243.355755316565,122.5));
#2721=CARTESIAN_POINT('Ctrl Pts',(-144.866368218855,-243.355755316565,222.5));
#2722=CARTESIAN_POINT('Ctrl Pts',(-144.858694566217,-237.24284874354,122.5));
#2723=CARTESIAN_POINT('Ctrl Pts',(-144.858694566217,-237.24284874354,222.5));
#2724=CARTESIAN_POINT('Ctrl Pts',(-144.853695929919,-231.414043861386,122.5));
#2725=CARTESIAN_POINT('Ctrl Pts',(-144.853695929919,-231.414043861386,222.5));
#2726=CARTESIAN_POINT('Ctrl Pts',(-144.843698657325,-219.756434097078,122.5));
#2727=CARTESIAN_POINT('Ctrl Pts',(-144.843698657325,-219.756434097078,222.5));
#2728=CARTESIAN_POINT('Ctrl Pts',(-144.843017701475,-209.235231494302,122.5));
#2729=CARTESIAN_POINT('Ctrl Pts',(-144.843017701475,-209.235231494302,222.5));
#2730=CARTESIAN_POINT('Ctrl Pts',(-144.842342723404,-203.742265119914,122.5));
#2731=CARTESIAN_POINT('Ctrl Pts',(-144.842342723404,-203.742265119914,222.5));
#2732=CARTESIAN_POINT('Ctrl Pts',(-144.842240814837,-202.912933977472,122.5));
#2733=CARTESIAN_POINT('Ctrl Pts',(-144.842240814837,-202.912933977472,222.5));
#2734=CARTESIAN_POINT('Ctrl Pts',(-144.842166559645,-202.221685274155,122.5));
#2735=CARTESIAN_POINT('Ctrl Pts',(-144.842166559645,-202.221685274155,222.5));
#2736=CARTESIAN_POINT('Ctrl Pts',(-144.842104639095,-201.606776129803,122.5));
#2737=CARTESIAN_POINT('Ctrl Pts',(-144.842104639095,-201.606776129803,222.5));
#2738=CARTESIAN_POINT('Ctrl Pts',(-144.842026887826,-200.834658210535,122.5));
#2739=CARTESIAN_POINT('Ctrl Pts',(-144.842026887826,-200.834658210535,222.5));
#2740=CARTESIAN_POINT('Ctrl Pts',(-144.841957947779,-200.065361351882,122.5));
#2741=CARTESIAN_POINT('Ctrl Pts',(-144.841957947779,-200.065361351882,222.5));
#2742=CARTESIAN_POINT('Ctrl Pts',(-144.841896162491,-199.298857377708,122.5));
#2743=CARTESIAN_POINT('Ctrl Pts',(-144.841896162491,-199.298857377708,222.5));
#2744=CARTESIAN_POINT('Ctrl Pts',(-144.841133361334,-189.835599461225,122.5));
#2745=CARTESIAN_POINT('Ctrl Pts',(-144.841133361334,-189.835599461225,222.5));
#2746=CARTESIAN_POINT('Ctrl Pts',(-144.841179741262,-180.798043376703,122.5));
#2747=CARTESIAN_POINT('Ctrl Pts',(-144.841179741262,-180.798043376703,222.5));
#2748=CARTESIAN_POINT('Ctrl Pts',(-144.840958732156,-172.133166280469,122.5));
#2749=CARTESIAN_POINT('Ctrl Pts',(-144.840958732156,-172.133166280469,222.5));
#2750=CARTESIAN_POINT('Ctrl Pts',(-144.840951648064,-171.855427548604,122.5));
#2751=CARTESIAN_POINT('Ctrl Pts',(-144.840951648064,-171.855427548604,222.5));
#2752=CARTESIAN_POINT('Ctrl Pts',(-144.840944719216,-171.585113926771,122.5));
#2753=CARTESIAN_POINT('Ctrl Pts',(-144.840944719216,-171.585113926771,222.5));
#2754=CARTESIAN_POINT('Ctrl Pts',(-144.840937402526,-171.300728331172,122.5));
#2755=CARTESIAN_POINT('Ctrl Pts',(-144.840937402526,-171.300728331172,222.5));
#2756=CARTESIAN_POINT('Ctrl Pts',(-144.840925485271,-170.837527652263,122.5));
#2757=CARTESIAN_POINT('Ctrl Pts',(-144.840925485271,-170.837527652263,222.5));
#2758=CARTESIAN_POINT('Ctrl Pts',(-144.840905823243,-170.07926051225,122.5));
#2759=CARTESIAN_POINT('Ctrl Pts',(-144.840905823243,-170.07926051225,222.5));
#2760=CARTESIAN_POINT('Ctrl Pts',(-144.840879727676,-169.071054414038,122.5));
#2761=CARTESIAN_POINT('Ctrl Pts',(-144.840879727676,-169.071054414038,222.5));
#2762=CARTESIAN_POINT('Ctrl Pts',(-144.840810274521,-166.387721383701,122.5));
#2763=CARTESIAN_POINT('Ctrl Pts',(-144.840810274521,-166.387721383701,222.5));
#2764=CARTESIAN_POINT('Ctrl Pts',(-144.840655651209,-161.933953897298,122.5));
#2765=CARTESIAN_POINT('Ctrl Pts',(-144.840655651209,-161.933953897298,222.5));
#2766=CARTESIAN_POINT('Ctrl Pts',(-144.840655651209,-156.56045544794,122.5));
#2767=CARTESIAN_POINT('Ctrl Pts',(-144.840655651209,-156.56045544794,222.5));
#2768=CARTESIAN_POINT('Ctrl Pts',(-144.840655651209,-154.119726350115,122.5));
#2769=CARTESIAN_POINT('Ctrl Pts',(-144.840655651209,-154.119726350115,222.5));
#2770=CARTESIAN_POINT('Ctrl Pts',(-144.835901716794,-151.489248536426,122.5));
#2771=CARTESIAN_POINT('Ctrl Pts',(-144.835901716794,-151.489248536426,222.5));
#2772=CARTESIAN_POINT('Ctrl Pts',(-144.825584870983,-148.74875651992,122.5));
#2773=CARTESIAN_POINT('Ctrl Pts',(-144.825584870983,-148.74875651992,222.5));
#2774=CARTESIAN_POINT('Ctrl Pts',(-144.80533440396,-143.369569486699,122.5));
#2775=CARTESIAN_POINT('Ctrl Pts',(-144.80533440396,-143.369569486699,222.5));
#2776=CARTESIAN_POINT('Ctrl Pts',(-144.762810295812,-137.580335503272,122.5));
#2777=CARTESIAN_POINT('Ctrl Pts',(-144.762810295812,-137.580335503272,222.5));
#2778=CARTESIAN_POINT('Ctrl Pts',(-144.706239092417,-131.940523269968,122.5));
#2779=CARTESIAN_POINT('Ctrl Pts',(-144.706239092417,-131.940523269968,222.5));
#2780=CARTESIAN_POINT('Ctrl Pts',(-144.62084700395,-123.427440353843,122.5));
#2781=CARTESIAN_POINT('Ctrl Pts',(-144.62084700395,-123.427440353843,222.5));
#2782=CARTESIAN_POINT('Ctrl Pts',(-144.504666490982,-115.068117114987,122.5));
#2783=CARTESIAN_POINT('Ctrl Pts',(-144.504666490982,-115.068117114987,222.5));
#2784=CARTESIAN_POINT('Ctrl Pts',(-144.382071265764,-106.887555860598,122.5));
#2785=CARTESIAN_POINT('Ctrl Pts',(-144.382071265764,-106.887555860598,222.5));
#2786=CARTESIAN_POINT('Ctrl Pts',(-144.136880815328,-90.5264333518196,122.5));
#2787=CARTESIAN_POINT('Ctrl Pts',(-144.136880815328,-90.5264333518196,222.5));
#2788=CARTESIAN_POINT('Ctrl Pts',(-143.869284831988,-74.8802710057722,122.5));
#2789=CARTESIAN_POINT('Ctrl Pts',(-143.869284831988,-74.8802710057722,222.5));
#2790=CARTESIAN_POINT('Ctrl Pts',(-143.727134807719,-60.1497654097543,122.5));
#2791=CARTESIAN_POINT('Ctrl Pts',(-143.727134807719,-60.1497654097543,222.5));
#2792=CARTESIAN_POINT('Ctrl Pts',(-143.701551986866,-57.498707925372,122.5));
#2793=CARTESIAN_POINT('Ctrl Pts',(-143.701551986866,-57.498707925372,222.5));
#2794=CARTESIAN_POINT('Ctrl Pts',(-143.680748103017,-54.9604982944377,122.5));
#2795=CARTESIAN_POINT('Ctrl Pts',(-143.680748103017,-54.9604982944377,222.5));
#2796=CARTESIAN_POINT('Ctrl Pts',(-143.664713095233,-52.5748915131488,122.5));
#2797=CARTESIAN_POINT('Ctrl Pts',(-143.664713095233,-52.5748915131488,222.5));
#2798=CARTESIAN_POINT('Ctrl Pts',(-143.654245996791,-51.0176499225943,122.5));
#2799=CARTESIAN_POINT('Ctrl Pts',(-143.654245996791,-51.0176499225943,222.5));
#2800=CARTESIAN_POINT('Ctrl Pts',(-143.646141357206,-49.575136551245,122.5));
#2801=CARTESIAN_POINT('Ctrl Pts',(-143.646141357206,-49.575136551245,222.5));
#2802=CARTESIAN_POINT('Ctrl Pts',(-143.639978975895,-48.2808434520572,122.5));
#2803=CARTESIAN_POINT('Ctrl Pts',(-143.639978975895,-48.2808434520572,222.5));
#2804=CARTESIAN_POINT('Ctrl Pts',(-143.632676973089,-46.7471941423787,122.5));
#2805=CARTESIAN_POINT('Ctrl Pts',(-143.632676973089,-46.7471941423787,222.5));
#2806=CARTESIAN_POINT('Ctrl Pts',(-143.565261032465,-45.3543940022251,122.5));
#2807=CARTESIAN_POINT('Ctrl Pts',(-143.565261032465,-45.3543940022251,222.5));
#2808=CARTESIAN_POINT('Ctrl Pts',(-143.383528302367,-43.6386015838017,122.5));
#2809=CARTESIAN_POINT('Ctrl Pts',(-143.383528302367,-43.6386015838017,222.5));
#2810=CARTESIAN_POINT('Ctrl Pts',(-143.305345489671,-42.9004545411506,122.5));
#2811=CARTESIAN_POINT('Ctrl Pts',(-143.305345489671,-42.9004545411506,222.5));
#2812=CARTESIAN_POINT('Ctrl Pts',(-143.197794108382,-42.0686358233764,122.5));
#2813=CARTESIAN_POINT('Ctrl Pts',(-143.197794108382,-42.0686358233764,222.5));
#2814=CARTESIAN_POINT('Ctrl Pts',(-143.065416819485,-41.2367997814315,122.5));
#2815=CARTESIAN_POINT('Ctrl Pts',(-143.065416819485,-41.2367997814315,222.5));
#2816=CARTESIAN_POINT('Ctrl Pts',(-142.885504057332,-40.1062590277077,122.5));
#2817=CARTESIAN_POINT('Ctrl Pts',(-142.885504057332,-40.1062590277077,222.5));
#2818=CARTESIAN_POINT('Ctrl Pts',(-142.665756482321,-38.994830086344,122.5));
#2819=CARTESIAN_POINT('Ctrl Pts',(-142.665756482321,-38.994830086344,222.5));
#2820=CARTESIAN_POINT('Ctrl Pts',(-142.409142701708,-37.9034849672248,122.5));
#2821=CARTESIAN_POINT('Ctrl Pts',(-142.409142701708,-37.9034849672248,222.5));
#2822=CARTESIAN_POINT('Ctrl Pts',(-141.52482846157,-34.1426112236706,122.5));
#2823=CARTESIAN_POINT('Ctrl Pts',(-141.52482846157,-34.1426112236706,222.5));
#2824=CARTESIAN_POINT('Ctrl Pts',(-140.203829925937,-30.6196569320913,122.5));
#2825=CARTESIAN_POINT('Ctrl Pts',(-140.203829925937,-30.6196569320913,222.5));
#2826=CARTESIAN_POINT('Ctrl Pts',(-138.550534544053,-27.3766197484041,122.5));
#2827=CARTESIAN_POINT('Ctrl Pts',(-138.550534544053,-27.3766197484041,222.5));
#2828=CARTESIAN_POINT('Ctrl Pts',(-136.115739397793,-22.600624314981,122.5));
#2829=CARTESIAN_POINT('Ctrl Pts',(-136.115739397793,-22.600624314981,222.5));
#2830=CARTESIAN_POINT('Ctrl Pts',(-132.986762164516,-18.4790743364069,122.5));
#2831=CARTESIAN_POINT('Ctrl Pts',(-132.986762164516,-18.4790743364069,222.5));
#2832=CARTESIAN_POINT('Ctrl Pts',(-129.461153940045,-15.0515806456396,122.5));
#2833=CARTESIAN_POINT('Ctrl Pts',(-129.461153940045,-15.0515806456396,222.5));
#2834=CARTESIAN_POINT('Ctrl Pts',(-128.497663400641,-14.1149031889678,122.5));
#2835=CARTESIAN_POINT('Ctrl Pts',(-128.497663400641,-14.1149031889678,222.5));
#2836=CARTESIAN_POINT('Ctrl Pts',(-127.503417323694,-13.2286892248909,122.5));
#2837=CARTESIAN_POINT('Ctrl Pts',(-127.503417323694,-13.2286892248909,222.5));
#2838=CARTESIAN_POINT('Ctrl Pts',(-126.483342569086,-12.3927143522005,122.5));
#2839=CARTESIAN_POINT('Ctrl Pts',(-126.483342569086,-12.3927143522005,222.5));
#2840=CARTESIAN_POINT('Ctrl Pts',(-121.676577867735,-8.45345941905325,122.5));
#2841=CARTESIAN_POINT('Ctrl Pts',(-121.676577867735,-8.45345941905325,222.5));
#2842=CARTESIAN_POINT('Ctrl Pts',(-116.37249068819,-5.68141885389747,122.5));
#2843=CARTESIAN_POINT('Ctrl Pts',(-116.37249068819,-5.68141885389747,222.5));
#2844=CARTESIAN_POINT('Ctrl Pts',(-110.9920822186,-3.9405207402994,122.5));
#2845=CARTESIAN_POINT('Ctrl Pts',(-110.9920822186,-3.9405207402994,222.5));
#2846=CARTESIAN_POINT('Ctrl Pts',(-108.001753959568,-2.97296282074535,122.5));
#2847=CARTESIAN_POINT('Ctrl Pts',(-108.001753959568,-2.97296282074535,222.5));
#2848=CARTESIAN_POINT('Ctrl Pts',(-105.016255709486,-2.33767664560469,122.5));
#2849=CARTESIAN_POINT('Ctrl Pts',(-105.016255709486,-2.33767664560469,222.5));
#2850=CARTESIAN_POINT('Ctrl Pts',(-102.15815432946,-1.9855477373893,122.5));
#2851=CARTESIAN_POINT('Ctrl Pts',(-102.15815432946,-1.9855477373893,222.5));
#2852=CARTESIAN_POINT('Ctrl Pts',(-101.004321359132,-1.84339114807298,122.5));
#2853=CARTESIAN_POINT('Ctrl Pts',(-101.004321359132,-1.84339114807298,222.5));
#2854=CARTESIAN_POINT('Ctrl Pts',(-99.8174807048088,-1.74584886493921,122.5));
#2855=CARTESIAN_POINT('Ctrl Pts',(-99.8174807048088,-1.74584886493921,222.5));
#2856=CARTESIAN_POINT('Ctrl Pts',(-98.8476496471566,-1.6947854979533,122.5));
#2857=CARTESIAN_POINT('Ctrl Pts',(-98.8476496471566,-1.6947854979533,222.5));
#2858=CARTESIAN_POINT('Ctrl Pts',(-97.2534826735684,-1.61084971082125,122.5));
#2859=CARTESIAN_POINT('Ctrl Pts',(-97.2534826735684,-1.61084971082125,222.5));
#2860=CARTESIAN_POINT('Ctrl Pts',(-96.1734739453379,-1.62759124169891,122.5));
#2861=CARTESIAN_POINT('Ctrl Pts',(-96.1734739453379,-1.62759124169891,222.5));
#2862=CARTESIAN_POINT('Ctrl Pts',(-95.744335996765,-1.63312567898586,122.5));
#2863=CARTESIAN_POINT('Ctrl Pts',(-95.744335996765,-1.63312567898586,222.5));
#2864=CARTESIAN_POINT('Ctrl Pts',(-95.6262258849518,-1.63464890248298,122.5));
#2865=CARTESIAN_POINT('Ctrl Pts',(-95.6262258849518,-1.63464890248298,222.5));
#2866=CARTESIAN_POINT('Ctrl Pts',(-95.5089054681065,-1.63614890134046,122.5));
#2867=CARTESIAN_POINT('Ctrl Pts',(-95.5089054681065,-1.63614890134046,222.5));
#2868=CARTESIAN_POINT('Ctrl Pts',(-95.3912402256864,-1.63764039818326,122.5));
#2869=CARTESIAN_POINT('Ctrl Pts',(-95.3912402256864,-1.63764039818326,222.5));
#2870=CARTESIAN_POINT('Ctrl Pts',(-95.1564438949008,-1.64061662105813,122.5));
#2871=CARTESIAN_POINT('Ctrl Pts',(-95.1564438949008,-1.64061662105813,222.5));
#2872=CARTESIAN_POINT('Ctrl Pts',(-94.9217773690863,-1.64353960781737,122.5));
#2873=CARTESIAN_POINT('Ctrl Pts',(-94.9217773690863,-1.64353960781737,222.5));
#2874=CARTESIAN_POINT('Ctrl Pts',(-94.6872402185867,-1.64641008261365,122.5));
#2875=CARTESIAN_POINT('Ctrl Pts',(-94.6872402185867,-1.64641008261365,222.5));
#2876=CARTESIAN_POINT('Ctrl Pts',(-94.3351677106234,-1.65071905992671,122.5));
#2877=CARTESIAN_POINT('Ctrl Pts',(-94.3351677106234,-1.65071905992671,222.5));
#2878=CARTESIAN_POINT('Ctrl Pts',(-93.9833867388485,-1.65490970657552,122.5));
#2879=CARTESIAN_POINT('Ctrl Pts',(-93.9833867388485,-1.65490970657552,222.5));
#2880=CARTESIAN_POINT('Ctrl Pts',(-93.6318958484677,-1.65898446315232,122.5));
#2881=CARTESIAN_POINT('Ctrl Pts',(-93.6318958484677,-1.65898446315232,222.5));
#2882=CARTESIAN_POINT('Ctrl Pts',(-92.9289140677061,-1.66713397630593,122.5));
#2883=CARTESIAN_POINT('Ctrl Pts',(-92.9289140677061,-1.66713397630593,222.5));
#2884=CARTESIAN_POINT('Ctrl Pts',(-92.2270926140583,-1.67481994072916,122.5));
#2885=CARTESIAN_POINT('Ctrl Pts',(-92.2270926140583,-1.67481994072916,222.5));
#2886=CARTESIAN_POINT('Ctrl Pts',(-91.5264198299542,-1.68206174636251,122.5));
#2887=CARTESIAN_POINT('Ctrl Pts',(-91.5264198299542,-1.68206174636251,222.5));
#2888=CARTESIAN_POINT('Ctrl Pts',(-90.125074261746,-1.6965453576292,122.5));
#2889=CARTESIAN_POINT('Ctrl Pts',(-90.125074261746,-1.6965453576292,222.5));
#2890=CARTESIAN_POINT('Ctrl Pts',(-88.7283233926591,-1.70925253499706,122.5));
#2891=CARTESIAN_POINT('Ctrl Pts',(-88.7283233926591,-1.70925253499706,222.5));
#2892=CARTESIAN_POINT('Ctrl Pts',(-87.3360736860965,-1.72033609273394,122.5));
#2893=CARTESIAN_POINT('Ctrl Pts',(-87.3360736860965,-1.72033609273394,222.5));
#2894=CARTESIAN_POINT('Ctrl Pts',(-84.5515742729714,-1.7425032082077,122.5));
#2895=CARTESIAN_POINT('Ctrl Pts',(-84.5515742729714,-1.7425032082077,222.5));
#2896=CARTESIAN_POINT('Ctrl Pts',(-81.7850797293015,-1.75817946385068,122.5));
#2897=CARTESIAN_POINT('Ctrl Pts',(-81.7850797293015,-1.75817946385068,222.5));
#2898=CARTESIAN_POINT('Ctrl Pts',(-79.0358383504671,-1.76854661864994,122.5));
#2899=CARTESIAN_POINT('Ctrl Pts',(-79.0358383504671,-1.76854661864994,222.5));
#2900=CARTESIAN_POINT('Ctrl Pts',(-73.5373555927984,-1.78928092824848,122.5));
#2901=CARTESIAN_POINT('Ctrl Pts',(-73.5373555927984,-1.78928092824848,222.5));
#2902=CARTESIAN_POINT('Ctrl Pts',(-68.107885814714,-1.78884307352644,122.5));
#2903=CARTESIAN_POINT('Ctrl Pts',(-68.107885814714,-1.78884307352644,222.5));
#2904=CARTESIAN_POINT('Ctrl Pts',(-62.7413902821395,-1.77595829313047,122.5));
#2905=CARTESIAN_POINT('Ctrl Pts',(-62.7413902821395,-1.77595829313047,222.5));
#2906=CARTESIAN_POINT('Ctrl Pts',(-52.0083992169906,-1.75018873233854,122.5));
#2907=CARTESIAN_POINT('Ctrl Pts',(-52.0083992169906,-1.75018873233854,222.5));
#2908=CARTESIAN_POINT('Ctrl Pts',(-41.5272758217379,-1.67559512305935,122.5));
#2909=CARTESIAN_POINT('Ctrl Pts',(-41.5272758217379,-1.67559512305935,222.5));
#2910=CARTESIAN_POINT('Ctrl Pts',(-31.2498541650449,-1.60997410436882,122.5));
#2911=CARTESIAN_POINT('Ctrl Pts',(-31.2498541650449,-1.60997410436882,222.5));
#2912=CARTESIAN_POINT('Ctrl Pts',(-27.2859561400695,-1.58466473835533,122.5));
#2913=CARTESIAN_POINT('Ctrl Pts',(-27.2859561400695,-1.58466473835533,222.5));
#2914=CARTESIAN_POINT('Ctrl Pts',(-23.3883630382909,-1.5606914851086,122.5));
#2915=CARTESIAN_POINT('Ctrl Pts',(-23.3883630382909,-1.5606914851086,222.5));
#2916=CARTESIAN_POINT('Ctrl Pts',(-19.4124259365801,-1.54014773235825,122.5));
#2917=CARTESIAN_POINT('Ctrl Pts',(-19.4124259365801,-1.54014773235825,222.5));
#2918=CARTESIAN_POINT('Ctrl Pts',(-13.0855105080704,-1.50745642389169,122.5));
#2919=CARTESIAN_POINT('Ctrl Pts',(-13.0855105080704,-1.50745642389169,222.5));
#2920=CARTESIAN_POINT('Ctrl Pts',(-6.56529754344225,-1.48365494732628,122.5));
#2921=CARTESIAN_POINT('Ctrl Pts',(-6.56529754344225,-1.48365494732628,222.5));
#2922=CARTESIAN_POINT('Ctrl Pts',(-2.66453525910038E-14,-1.48365494732628,
122.5));
#2923=CARTESIAN_POINT('Ctrl Pts',(-2.66453525910038E-14,-1.48365494732628,
222.5));
#2924=CARTESIAN_POINT('Ctrl Pts',(2.61703207858485,-1.48365494732628,122.5));
#2925=CARTESIAN_POINT('Ctrl Pts',(2.61703207858485,-1.48365494732628,222.5));
#2926=CARTESIAN_POINT('Ctrl Pts',(5.2481227690191,-1.48745733783871,122.5));
#2927=CARTESIAN_POINT('Ctrl Pts',(5.2481227690191,-1.48745733783871,222.5));
#2928=CARTESIAN_POINT('Ctrl Pts',(7.85628363378712,-1.49414225798335,122.5));
#2929=CARTESIAN_POINT('Ctrl Pts',(7.85628363378712,-1.49414225798335,222.5));
#2930=CARTESIAN_POINT('Ctrl Pts',(15.1901948899769,-1.51293964573567,122.5));
#2931=CARTESIAN_POINT('Ctrl Pts',(15.1901948899769,-1.51293964573567,222.5));
#2932=CARTESIAN_POINT('Ctrl Pts',(22.3514774836263,-1.55391616263249,122.5));
#2933=CARTESIAN_POINT('Ctrl Pts',(22.3514774836263,-1.55391616263249,222.5));
#2934=CARTESIAN_POINT('Ctrl Pts',(29.3499335447003,-1.5979284414559,122.5));
#2935=CARTESIAN_POINT('Ctrl Pts',(29.3499335447003,-1.5979284414559,222.5));
#2936=CARTESIAN_POINT('Ctrl Pts',(37.7061815809197,-1.65047967779691,122.5));
#2937=CARTESIAN_POINT('Ctrl Pts',(37.7061815809197,-1.65047967779691,222.5));
#2938=CARTESIAN_POINT('Ctrl Pts',(45.8472295143502,-1.70730770970332,122.5));
#2939=CARTESIAN_POINT('Ctrl Pts',(45.8472295143502,-1.70730770970332,222.5));
#2940=CARTESIAN_POINT('Ctrl Pts',(53.7365557454253,-1.74372190363652,122.5));
#2941=CARTESIAN_POINT('Ctrl Pts',(53.7365557454253,-1.74372190363652,222.5));
#2942=CARTESIAN_POINT('Ctrl Pts',(62.5206887184819,-1.78426619249555,122.5));
#2943=CARTESIAN_POINT('Ctrl Pts',(62.5206887184819,-1.78426619249555,222.5));
#2944=CARTESIAN_POINT('Ctrl Pts',(70.892097958458,-1.79888641712248,122.5));
#2945=CARTESIAN_POINT('Ctrl Pts',(70.892097958458,-1.79888641712248,222.5));
#2946=CARTESIAN_POINT('Ctrl Pts',(78.9371157758328,-1.76891663863958,122.5));
#2947=CARTESIAN_POINT('Ctrl Pts',(78.9371157758328,-1.76891663863958,222.5));
#2948=CARTESIAN_POINT('Ctrl Pts',(83.6634044435504,-1.75130998721467,122.5));
#2949=CARTESIAN_POINT('Ctrl Pts',(83.6634044435504,-1.75130998721467,222.5));
#2950=CARTESIAN_POINT('Ctrl Pts',(88.1965181548952,-1.7187203383438,122.5));
#2951=CARTESIAN_POINT('Ctrl Pts',(88.1965181548952,-1.7187203383438,222.5));
#2952=CARTESIAN_POINT('Ctrl Pts',(92.5166768201643,-1.67153755717957,122.5));
#2953=CARTESIAN_POINT('Ctrl Pts',(92.5166768201643,-1.67153755717957,222.5));
#2954=CARTESIAN_POINT('Ctrl Pts',(93.4089962855409,-1.66179205537614,122.5));
#2955=CARTESIAN_POINT('Ctrl Pts',(93.4089962855409,-1.66179205537614,222.5));
#2956=CARTESIAN_POINT('Ctrl Pts',(94.3207326459617,-1.65106609092004,122.5));
#2957=CARTESIAN_POINT('Ctrl Pts',(94.3207326459617,-1.65106609092004,222.5));
#2958=CARTESIAN_POINT('Ctrl Pts',(95.1478711712018,-1.64070683385265,122.5));
#2959=CARTESIAN_POINT('Ctrl Pts',(95.1478711712018,-1.64070683385265,222.5));
#2960=CARTESIAN_POINT('Ctrl Pts',(95.3424584984878,-1.63826978118989,122.5));
#2961=CARTESIAN_POINT('Ctrl Pts',(95.3424584984878,-1.63826978118989,222.5));
#2962=CARTESIAN_POINT('Ctrl Pts',(95.4971298295228,-1.63631380773112,122.5));
#2963=CARTESIAN_POINT('Ctrl Pts',(95.4971298295228,-1.63631380773112,222.5));
#2964=CARTESIAN_POINT('Ctrl Pts',(95.7443359967734,-1.63312567898573,122.5));
#2965=CARTESIAN_POINT('Ctrl Pts',(95.7443359967734,-1.63312567898573,222.5));
#2966=CARTESIAN_POINT('Ctrl Pts',(96.179661210934,-1.62751144676698,122.5));
#2967=CARTESIAN_POINT('Ctrl Pts',(96.179661210934,-1.62751144676698,222.5));
#2968=CARTESIAN_POINT('Ctrl Pts',(96.9152168930115,-1.62660460470522,122.5));
#2969=CARTESIAN_POINT('Ctrl Pts',(96.9152168930115,-1.62660460470522,222.5));
#2970=CARTESIAN_POINT('Ctrl Pts',(97.6626542931977,-1.64723835684092,122.5));
#2971=CARTESIAN_POINT('Ctrl Pts',(97.6626542931977,-1.64723835684092,222.5));
#2972=CARTESIAN_POINT('Ctrl Pts',(98.6270106574913,-1.67386037252594,122.5));
#2973=CARTESIAN_POINT('Ctrl Pts',(98.6270106574913,-1.67386037252594,222.5));
#2974=CARTESIAN_POINT('Ctrl Pts',(99.5844198015801,-1.72981586463702,122.5));
#2975=CARTESIAN_POINT('Ctrl Pts',(99.5844198015801,-1.72981586463702,222.5));
#2976=CARTESIAN_POINT('Ctrl Pts',(100.530070433567,-1.81337363071069,122.5));
#2977=CARTESIAN_POINT('Ctrl Pts',(100.530070433567,-1.81337363071069,222.5));
#2978=CARTESIAN_POINT('Ctrl Pts',(102.208660335752,-1.96169396978321,122.5));
#2979=CARTESIAN_POINT('Ctrl Pts',(102.208660335752,-1.96169396978321,222.5));
#2980=CARTESIAN_POINT('Ctrl Pts',(103.854377885089,-2.19704452865667,122.5));
#2981=CARTESIAN_POINT('Ctrl Pts',(103.854377885089,-2.19704452865667,222.5));
#2982=CARTESIAN_POINT('Ctrl Pts',(105.463083281908,-2.51135352790333,122.5));
#2983=CARTESIAN_POINT('Ctrl Pts',(105.463083281908,-2.51135352790333,222.5));
#2984=CARTESIAN_POINT('Ctrl Pts',(108.680494075544,-3.13997152639665,122.5));
#2985=CARTESIAN_POINT('Ctrl Pts',(108.680494075544,-3.13997152639665,222.5));
#2986=CARTESIAN_POINT('Ctrl Pts',(111.750107746817,-4.08445242743607,122.5));
#2987=CARTESIAN_POINT('Ctrl Pts',(111.750107746817,-4.08445242743607,222.5));
#2988=CARTESIAN_POINT('Ctrl Pts',(114.637180058893,-5.28649665752357,122.5));
#2989=CARTESIAN_POINT('Ctrl Pts',(114.637180058893,-5.28649665752357,222.5));
#2990=CARTESIAN_POINT('Ctrl Pts',(120.411324683045,-7.69058511769856,122.5));
#2991=CARTESIAN_POINT('Ctrl Pts',(120.411324683045,-7.69058511769856,222.5));
#2992=CARTESIAN_POINT('Ctrl Pts',(125.385378116529,-11.0892300296183,122.5));
#2993=CARTESIAN_POINT('Ctrl Pts',(125.385378116529,-11.0892300296183,222.5));
#2994=CARTESIAN_POINT('Ctrl Pts',(129.461153940045,-15.0515806456396,122.5));
#2995=CARTESIAN_POINT('Ctrl Pts',(129.461153940045,-15.0515806456396,222.5));
#2996=CARTESIAN_POINT('Ctrl Pts',(134.294541065553,-19.7504589165516,122.5));
#2997=CARTESIAN_POINT('Ctrl Pts',(134.294541065553,-19.7504589165516,222.5));
#2998=CARTESIAN_POINT('Ctrl Pts',(137.819387395037,-25.1953138791665,122.5));
#2999=CARTESIAN_POINT('Ctrl Pts',(137.819387395037,-25.1953138791665,222.5));
#3000=CARTESIAN_POINT('Ctrl Pts',(140.136342998197,-30.8259654929539,122.5));
#3001=CARTESIAN_POINT('Ctrl Pts',(140.136342998197,-30.8259654929539,222.5));
#3002=CARTESIAN_POINT('Ctrl Pts',(142.213445682729,-35.8737279821068,122.5));
#3003=CARTESIAN_POINT('Ctrl Pts',(142.213445682729,-35.8737279821068,222.5));
#3004=CARTESIAN_POINT('Ctrl Pts',(143.293492312408,-41.0010953206034,122.5));
#3005=CARTESIAN_POINT('Ctrl Pts',(143.293492312408,-41.0010953206034,222.5));
#3006=CARTESIAN_POINT('Ctrl Pts',(143.568746331954,-45.929677038466,122.5));
#3007=CARTESIAN_POINT('Ctrl Pts',(143.568746331954,-45.929677038466,222.5));
#3008=CARTESIAN_POINT('Ctrl Pts',(143.610149212539,-46.6710194561047,122.5));
#3009=CARTESIAN_POINT('Ctrl Pts',(143.610149212539,-46.6710194561047,222.5));
#3010=CARTESIAN_POINT('Ctrl Pts',(143.635526234006,-47.3456281822729,122.5));
#3011=CARTESIAN_POINT('Ctrl Pts',(143.635526234006,-47.3456281822729,222.5));
#3012=CARTESIAN_POINT('Ctrl Pts',(143.639978975895,-48.2808434520587,122.5));
#3013=CARTESIAN_POINT('Ctrl Pts',(143.639978975895,-48.2808434520587,222.5));
#3014=CARTESIAN_POINT('Ctrl Pts',(143.64960030727,-50.3016244094121,122.5));
#3015=CARTESIAN_POINT('Ctrl Pts',(143.64960030727,-50.3016244094121,222.5));
#3016=CARTESIAN_POINT('Ctrl Pts',(143.658571886498,-53.6551712496689,122.5));
#3017=CARTESIAN_POINT('Ctrl Pts',(143.658571886498,-53.6551712496689,222.5));
#3018=CARTESIAN_POINT('Ctrl Pts',(143.75051203942,-62.478117339974,122.5));
#3019=CARTESIAN_POINT('Ctrl Pts',(143.75051203942,-62.478117339974,222.5));
#3020=CARTESIAN_POINT('Ctrl Pts',(143.762064870385,-63.5867733684577,122.5));
#3021=CARTESIAN_POINT('Ctrl Pts',(143.762064870385,-63.5867733684577,222.5));
#3022=CARTESIAN_POINT('Ctrl Pts',(143.775382154978,-64.8057792898476,122.5));
#3023=CARTESIAN_POINT('Ctrl Pts',(143.775382154978,-64.8057792898476,222.5));
#3024=CARTESIAN_POINT('Ctrl Pts',(143.789835861154,-66.0634122216255,122.5));
#3025=CARTESIAN_POINT('Ctrl Pts',(143.789835861154,-66.0634122216255,222.5));
#3026=CARTESIAN_POINT('Ctrl Pts',(143.810622299885,-67.8720632044904,122.5));
#3027=CARTESIAN_POINT('Ctrl Pts',(143.810622299885,-67.8720632044904,222.5));
#3028=CARTESIAN_POINT('Ctrl Pts',(143.832730085124,-69.6762528769597,122.5));
#3029=CARTESIAN_POINT('Ctrl Pts',(143.832730085124,-69.6762528769597,222.5));
#3030=CARTESIAN_POINT('Ctrl Pts',(143.855867825454,-71.4758204365972,122.5));
#3031=CARTESIAN_POINT('Ctrl Pts',(143.855867825454,-71.4758204365972,222.5));
#3032=CARTESIAN_POINT('Ctrl Pts',(143.888004399386,-73.9752838716965,122.5));
#3033=CARTESIAN_POINT('Ctrl Pts',(143.888004399386,-73.9752838716965,222.5));
#3034=CARTESIAN_POINT('Ctrl Pts',(143.922125498393,-76.465830771185,122.5));
#3035=CARTESIAN_POINT('Ctrl Pts',(143.922125498393,-76.465830771185,222.5));
#3036=CARTESIAN_POINT('Ctrl Pts',(143.957509143647,-78.9470305532192,122.5));
#3037=CARTESIAN_POINT('Ctrl Pts',(143.957509143647,-78.9470305532192,222.5));
#3038=CARTESIAN_POINT('Ctrl Pts',(144.03069172903,-84.0787973227904,122.5));
#3039=CARTESIAN_POINT('Ctrl Pts',(144.03069172903,-84.0787973227904,222.5));
#3040=CARTESIAN_POINT('Ctrl Pts',(144.109214023839,-89.170581222161,122.5));
#3041=CARTESIAN_POINT('Ctrl Pts',(144.109214023839,-89.170581222161,222.5));
#3042=CARTESIAN_POINT('Ctrl Pts',(144.187484162008,-94.2185639691575,122.5));
#3043=CARTESIAN_POINT('Ctrl Pts',(144.187484162008,-94.2185639691575,222.5));
#3044=CARTESIAN_POINT('Ctrl Pts',(144.322256243774,-102.910603608414,122.5));
#3045=CARTESIAN_POINT('Ctrl Pts',(144.322256243774,-102.910603608414,222.5));
#3046=CARTESIAN_POINT('Ctrl Pts',(144.456074056135,-111.479957667988,122.5));
#3047=CARTESIAN_POINT('Ctrl Pts',(144.456074056135,-111.479957667988,222.5));
#3048=CARTESIAN_POINT('Ctrl Pts',(144.565847811143,-119.885095023464,122.5));
#3049=CARTESIAN_POINT('Ctrl Pts',(144.565847811143,-119.885095023464,222.5));
#3050=CARTESIAN_POINT('Ctrl Pts',(144.705742035283,-130.596491104024,122.5));
#3051=CARTESIAN_POINT('Ctrl Pts',(144.705742035283,-130.596491104024,222.5));
#3052=CARTESIAN_POINT('Ctrl Pts',(144.803935888048,-140.891614840018,122.5));
#3053=CARTESIAN_POINT('Ctrl Pts',(144.803935888048,-140.891614840018,222.5));
#3054=CARTESIAN_POINT('Ctrl Pts',(144.832122209874,-150.71818272333,122.5));
#3055=CARTESIAN_POINT('Ctrl Pts',(144.832122209874,-150.71818272333,222.5));
#3056=CARTESIAN_POINT('Ctrl Pts',(144.837906081627,-152.734607880265,122.5));
#3057=CARTESIAN_POINT('Ctrl Pts',(144.837906081627,-152.734607880265,222.5));
#3058=CARTESIAN_POINT('Ctrl Pts',(144.840655651209,-154.782901741108,122.5));
#3059=CARTESIAN_POINT('Ctrl Pts',(144.840655651209,-154.782901741108,222.5));
#3060=CARTESIAN_POINT('Ctrl Pts',(144.840655651209,-156.56045544794,122.5));
#3061=CARTESIAN_POINT('Ctrl Pts',(144.840655651209,-156.56045544794,222.5));
#3062=CARTESIAN_POINT('Ctrl Pts',(144.840655651209,-157.739416907436,122.5));
#3063=CARTESIAN_POINT('Ctrl Pts',(144.840655651209,-157.739416907436,222.5));
#3064=CARTESIAN_POINT('Ctrl Pts',(144.84066559804,-158.83324618578,122.5));
#3065=CARTESIAN_POINT('Ctrl Pts',(144.84066559804,-158.83324618578,222.5));
#3066=CARTESIAN_POINT('Ctrl Pts',(144.840678168288,-159.804868597398,122.5));
#3067=CARTESIAN_POINT('Ctrl Pts',(144.840678168288,-159.804868597398,222.5));
#3068=CARTESIAN_POINT('Ctrl Pts',(144.840701058762,-161.574196993451,122.5));
#3069=CARTESIAN_POINT('Ctrl Pts',(144.840701058762,-161.574196993451,222.5));
#3070=CARTESIAN_POINT('Ctrl Pts',(144.840731474003,-163.008096901281,122.5));
#3071=CARTESIAN_POINT('Ctrl Pts',(144.840731474003,-163.008096901281,222.5));
#3072=CARTESIAN_POINT('Ctrl Pts',(144.840768472627,-164.607415211727,122.5));
#3073=CARTESIAN_POINT('Ctrl Pts',(144.840768472627,-164.607415211727,222.5));
#3074=CARTESIAN_POINT('Ctrl Pts',(144.840825788955,-167.084995306254,122.5));
#3075=CARTESIAN_POINT('Ctrl Pts',(144.840825788955,-167.084995306254,222.5));
#3076=CARTESIAN_POINT('Ctrl Pts',(144.840907683119,-169.959556115967,122.5));
#3077=CARTESIAN_POINT('Ctrl Pts',(144.840907683119,-169.959556115967,222.5));
#3078=CARTESIAN_POINT('Ctrl Pts',(144.841032590464,-175.093113445312,122.5));
#3079=CARTESIAN_POINT('Ctrl Pts',(144.841032590464,-175.093113445312,222.5));
#3080=CARTESIAN_POINT('Ctrl Pts',(144.841057869124,-176.132039142154,122.5));
#3081=CARTESIAN_POINT('Ctrl Pts',(144.841057869124,-176.132039142154,222.5));
#3082=CARTESIAN_POINT('Ctrl Pts',(144.841084903647,-177.275741521904,122.5));
#3083=CARTESIAN_POINT('Ctrl Pts',(144.841084903647,-177.275741521904,222.5));
#3084=CARTESIAN_POINT('Ctrl Pts',(144.841113093749,-178.501653766983,122.5));
#3085=CARTESIAN_POINT('Ctrl Pts',(144.841113093749,-178.501653766983,222.5));
#3086=CARTESIAN_POINT('Ctrl Pts',(144.841165403228,-180.776453334853,122.5));
#3087=CARTESIAN_POINT('Ctrl Pts',(144.841165403228,-180.776453334853,222.5));
#3088=CARTESIAN_POINT('Ctrl Pts',(144.841214485641,-183.042316393522,122.5));
#3089=CARTESIAN_POINT('Ctrl Pts',(144.841214485641,-183.042316393522,222.5));
#3090=CARTESIAN_POINT('Ctrl Pts',(144.841270407652,-185.299338700915,122.5));
#3091=CARTESIAN_POINT('Ctrl Pts',(144.841270407652,-185.299338700915,222.5));
#3092=CARTESIAN_POINT('Ctrl Pts',(144.841398369379,-190.463896694865,122.5));
#3093=CARTESIAN_POINT('Ctrl Pts',(144.841398369379,-190.463896694865,222.5));
#3094=CARTESIAN_POINT('Ctrl Pts',(144.841546587225,-195.582165052168,122.5));
#3095=CARTESIAN_POINT('Ctrl Pts',(144.841546587225,-195.582165052168,222.5));
#3096=CARTESIAN_POINT('Ctrl Pts',(144.842013043023,-200.655290700222,122.5));
#3097=CARTESIAN_POINT('Ctrl Pts',(144.842013043023,-200.655290700222,222.5));
#3098=CARTESIAN_POINT('Ctrl Pts',(144.843878866217,-220.947793292437,122.5));
#3099=CARTESIAN_POINT('Ctrl Pts',(144.843878866217,-220.947793292437,222.5));
#3100=CARTESIAN_POINT('Ctrl Pts',(144.846872385169,-240.51801411636,122.5));
#3101=CARTESIAN_POINT('Ctrl Pts',(144.846872385169,-240.51801411636,222.5));
#3102=CARTESIAN_POINT('Ctrl Pts',(144.903146378422,-259.439376734274,122.5));
#3103=CARTESIAN_POINT('Ctrl Pts',(144.903146378422,-259.439376734274,222.5));
#3104=CARTESIAN_POINT('Ctrl Pts',(144.908991415588,-261.404690751378,122.5));
#3105=CARTESIAN_POINT('Ctrl Pts',(144.908991415588,-261.404690751378,222.5));
#3106=CARTESIAN_POINT('Ctrl Pts',(144.915681488339,-263.410607032551,122.5));
#3107=CARTESIAN_POINT('Ctrl Pts',(144.915681488339,-263.410607032551,222.5));
#3108=CARTESIAN_POINT('Ctrl Pts',(144.921898530432,-265.111392406945,122.5));
#3109=CARTESIAN_POINT('Ctrl Pts',(144.921898530432,-265.111392406945,222.5));
#3110=CARTESIAN_POINT('Ctrl Pts',(144.922918805994,-265.39050741496,122.5));
#3111=CARTESIAN_POINT('Ctrl Pts',(144.922918805994,-265.39050741496,222.5));
#3112=CARTESIAN_POINT('Ctrl Pts',(144.923829961722,-265.63640863771,122.5));
#3113=CARTESIAN_POINT('Ctrl Pts',(144.923829961722,-265.63640863771,222.5));
#3114=CARTESIAN_POINT('Ctrl Pts',(144.924929655051,-265.928696561204,122.5));
#3115=CARTESIAN_POINT('Ctrl Pts',(144.924929655051,-265.928696561204,222.5));
#3116=CARTESIAN_POINT('Ctrl Pts',(144.928192310076,-266.795878926533,122.5));
#3117=CARTESIAN_POINT('Ctrl Pts',(144.928192310076,-266.795878926533,222.5));
#3118=CARTESIAN_POINT('Ctrl Pts',(144.91236029571,-268.496134809096,122.5));
#3119=CARTESIAN_POINT('Ctrl Pts',(144.91236029571,-268.496134809096,222.5));
#3120=CARTESIAN_POINT('Ctrl Pts',(144.684211515005,-270.660392895437,122.5));
#3121=CARTESIAN_POINT('Ctrl Pts',(144.684211515005,-270.660392895437,222.5));
#3122=CARTESIAN_POINT('Ctrl Pts',(144.559168923231,-271.846568160316,122.5));
#3123=CARTESIAN_POINT('Ctrl Pts',(144.559168923231,-271.846568160316,222.5));
#3124=CARTESIAN_POINT('Ctrl Pts',(144.366630478797,-273.186883084093,122.5));
#3125=CARTESIAN_POINT('Ctrl Pts',(144.366630478797,-273.186883084093,222.5));
#3126=CARTESIAN_POINT('Ctrl Pts',(144.093629074234,-274.574561304553,122.5));
#3127=CARTESIAN_POINT('Ctrl Pts',(144.093629074234,-274.574561304553,222.5));
#3128=CARTESIAN_POINT('Ctrl Pts',(143.771862678149,-276.2101141349,122.5));
#3129=CARTESIAN_POINT('Ctrl Pts',(143.771862678149,-276.2101141349,222.5));
#3130=CARTESIAN_POINT('Ctrl Pts',(143.363993145766,-277.801275897537,122.5));
#3131=CARTESIAN_POINT('Ctrl Pts',(143.363993145766,-277.801275897537,222.5));
#3132=CARTESIAN_POINT('Ctrl Pts',(142.880322538454,-279.345511149492,122.5));
#3133=CARTESIAN_POINT('Ctrl Pts',(142.880322538454,-279.345511149492,222.5));
#3134=CARTESIAN_POINT('Ctrl Pts',(141.636616054554,-283.316344535872,122.5));
#3135=CARTESIAN_POINT('Ctrl Pts',(141.636616054554,-283.316344535872,222.5));
#3136=CARTESIAN_POINT('Ctrl Pts',(139.89230935573,-286.978023246245,122.5));
#3137=CARTESIAN_POINT('Ctrl Pts',(139.89230935573,-286.978023246245,222.5));
#3138=CARTESIAN_POINT('Ctrl Pts',(137.794026687189,-290.280824287348,122.5));
#3139=CARTESIAN_POINT('Ctrl Pts',(137.794026687189,-290.280824287348,222.5));
#3140=CARTESIAN_POINT('Ctrl Pts',(134.340491403426,-295.716860195051,122.5));
#3141=CARTESIAN_POINT('Ctrl Pts',(134.340491403426,-295.716860195051,222.5));
#3142=CARTESIAN_POINT('Ctrl Pts',(129.98547789532,-300.111033044044,122.5));
#3143=CARTESIAN_POINT('Ctrl Pts',(129.98547789532,-300.111033044044,222.5));
#3144=CARTESIAN_POINT('Ctrl Pts',(125.223140918893,-303.491762342902,122.5));
#3145=CARTESIAN_POINT('Ctrl Pts',(125.223140918893,-303.491762342902,222.5));
#3146=CARTESIAN_POINT('Ctrl Pts',(120.041249445463,-307.17032864647,122.5));
#3147=CARTESIAN_POINT('Ctrl Pts',(120.041249445463,-307.17032864647,222.5));
#3148=CARTESIAN_POINT('Ctrl Pts',(114.441288843316,-309.609378171884,122.5));
#3149=CARTESIAN_POINT('Ctrl Pts',(114.441288843316,-309.609378171884,222.5));
#3150=CARTESIAN_POINT('Ctrl Pts',(108.833486230722,-310.997416406695,122.5));
#3151=CARTESIAN_POINT('Ctrl Pts',(108.833486230722,-310.997416406695,222.5));
#3152=CARTESIAN_POINT('Ctrl Pts',(105.498192416585,-311.822965317414,122.5));
#3153=CARTESIAN_POINT('Ctrl Pts',(105.498192416585,-311.822965317414,222.5));
#3154=CARTESIAN_POINT('Ctrl Pts',(102.207542353145,-312.260653376043,122.5));
#3155=CARTESIAN_POINT('Ctrl Pts',(102.207542353145,-312.260653376043,222.5));
#3156=CARTESIAN_POINT('Ctrl Pts',(99.0805322329437,-312.388964228278,122.5));
#3157=CARTESIAN_POINT('Ctrl Pts',(99.0805322329437,-312.388964228278,222.5));
#3158=CARTESIAN_POINT('Ctrl Pts',(98.5035647918107,-312.412638978675,122.5));
#3159=CARTESIAN_POINT('Ctrl Pts',(98.5035647918107,-312.412638978675,222.5));
#3160=CARTESIAN_POINT('Ctrl Pts',(97.9041642525495,-312.425884724336,122.5));
#3161=CARTESIAN_POINT('Ctrl Pts',(97.9041642525495,-312.425884724336,222.5));
#3162=CARTESIAN_POINT('Ctrl Pts',(97.3826933357593,-312.429233271451,122.5));
#3163=CARTESIAN_POINT('Ctrl Pts',(97.3826933357593,-312.429233271451,222.5));
#3164=CARTESIAN_POINT('Ctrl Pts',(96.7221217878871,-312.433475032363,122.5));
#3165=CARTESIAN_POINT('Ctrl Pts',(96.7221217878871,-312.433475032363,222.5));
#3166=CARTESIAN_POINT('Ctrl Pts',(96.2010531135029,-312.424501794946,122.5));
#3167=CARTESIAN_POINT('Ctrl Pts',(96.2010531135029,-312.424501794946,222.5));
#3168=CARTESIAN_POINT('Ctrl Pts',(95.7700251731342,-312.41311978821,122.5));
#3169=CARTESIAN_POINT('Ctrl Pts',(95.7700251731342,-312.41311978821,222.5));
#3170=CARTESIAN_POINT('Ctrl Pts',(95.6238417555403,-312.409259572926,122.5));
#3171=CARTESIAN_POINT('Ctrl Pts',(95.6238417555403,-312.409259572926,222.5));
#3172=CARTESIAN_POINT('Ctrl Pts',(95.4901592267856,-312.405735595969,122.5));
#3173=CARTESIAN_POINT('Ctrl Pts',(95.4901592267856,-312.405735595969,222.5));
#3174=CARTESIAN_POINT('Ctrl Pts',(95.3598503047415,-312.402305273082,122.5));
#3175=CARTESIAN_POINT('Ctrl Pts',(95.3598503047415,-312.402305273082,222.5));
#3176=CARTESIAN_POINT('Ctrl Pts',(94.9143257273538,-312.390577041965,122.5));
#3177=CARTESIAN_POINT('Ctrl Pts',(94.9143257273538,-312.390577041965,222.5));
#3178=CARTESIAN_POINT('Ctrl Pts',(94.4691133336682,-312.37891672516,122.5));
#3179=CARTESIAN_POINT('Ctrl Pts',(94.4691133336682,-312.37891672516,222.5));
#3180=CARTESIAN_POINT('Ctrl Pts',(94.0242134498459,-312.367324675873,122.5));
#3181=CARTESIAN_POINT('Ctrl Pts',(94.0242134498459,-312.367324675873,222.5));
#3182=CARTESIAN_POINT('Ctrl Pts',(93.2920096276827,-312.348246804416,122.5));
#3183=CARTESIAN_POINT('Ctrl Pts',(93.2920096276827,-312.348246804416,222.5));
#3184=CARTESIAN_POINT('Ctrl Pts',(92.5606522589815,-312.329353841495,122.5));
#3185=CARTESIAN_POINT('Ctrl Pts',(92.5606522589815,-312.329353841495,222.5));
#3186=CARTESIAN_POINT('Ctrl Pts',(91.830142798932,-312.310647339195,122.5));
#3187=CARTESIAN_POINT('Ctrl Pts',(91.830142798932,-312.310647339195,222.5));
#3188=CARTESIAN_POINT('Ctrl Pts',(90.5259378897768,-312.277249945368,122.5));
#3189=CARTESIAN_POINT('Ctrl Pts',(90.5259378897768,-312.277249945368,222.5));
#3190=CARTESIAN_POINT('Ctrl Pts',(89.2244356249768,-312.244446896949,122.5));
#3191=CARTESIAN_POINT('Ctrl Pts',(89.2244356249768,-312.244446896949,222.5));
#3192=CARTESIAN_POINT('Ctrl Pts',(87.9256442975951,-312.212246805615,122.5));
#3193=CARTESIAN_POINT('Ctrl Pts',(87.9256442975951,-312.212246805615,222.5));
#3194=CARTESIAN_POINT('Ctrl Pts',(85.3280616428317,-312.147846622948,122.5));
#3195=CARTESIAN_POINT('Ctrl Pts',(85.3280616428317,-312.147846622948,222.5));
#3196=CARTESIAN_POINT('Ctrl Pts',(82.7413227238623,-312.08585855066,122.5));
#3197=CARTESIAN_POINT('Ctrl Pts',(82.7413227238623,-312.08585855066,222.5));
#3198=CARTESIAN_POINT('Ctrl Pts',(80.1654940606043,-312.026348093323,122.5));
#3199=CARTESIAN_POINT('Ctrl Pts',(80.1654940606043,-312.026348093323,222.5));
#3200=CARTESIAN_POINT('Ctrl Pts',(75.0138367340881,-311.907327178649,122.5));
#3201=CARTESIAN_POINT('Ctrl Pts',(75.0138367340881,-311.907327178649,222.5));
#3202=CARTESIAN_POINT('Ctrl Pts',(69.905820256869,-311.798221217965,122.5));
#3203=CARTESIAN_POINT('Ctrl Pts',(69.905820256869,-311.798221217965,222.5));
#3204=CARTESIAN_POINT('Ctrl Pts',(64.8419791999554,-311.699500193443,122.5));
#3205=CARTESIAN_POINT('Ctrl Pts',(64.8419791999554,-311.699500193443,222.5));
#3206=CARTESIAN_POINT('Ctrl Pts',(54.7142970861283,-311.502058144399,122.5));
#3207=CARTESIAN_POINT('Ctrl Pts',(54.7142970861283,-311.502058144399,222.5));
#3208=CARTESIAN_POINT('Ctrl Pts',(44.7633159097665,-311.346227274762,122.5));
#3209=CARTESIAN_POINT('Ctrl Pts',(44.7633159097665,-311.346227274762,222.5));
#3210=CARTESIAN_POINT('Ctrl Pts',(34.9933350173086,-311.234907049368,122.5));
#3211=CARTESIAN_POINT('Ctrl Pts',(34.9933350173086,-311.234907049368,222.5));
#3212=CARTESIAN_POINT('Ctrl Pts',(23.0756102214289,-311.099115196235,122.5));
#3213=CARTESIAN_POINT('Ctrl Pts',(23.0756102214289,-311.099115196235,222.5));
#3214=CARTESIAN_POINT('Ctrl Pts',(11.4675010197945,-311.029395503736,122.5));
#3215=CARTESIAN_POINT('Ctrl Pts',(11.4675010197945,-311.029395503736,222.5));
#3216=CARTESIAN_POINT('Ctrl Pts',(-2.75335310107039E-13,-311.029395503736,
122.5));
#3217=CARTESIAN_POINT('Ctrl Pts',(-2.75335310107039E-13,-311.029395503736,
222.5));
#3218=CARTESIAN_POINT('',(1.56187550145426E-13,-311.029395503736,122.5));
#3219=CARTESIAN_POINT('Ctrl Pts',(-2.75335310107039E-13,-311.029395503736,
122.5));
#3220=CARTESIAN_POINT('Ctrl Pts',(11.4675010197945,-311.029395503736,122.5));
#3221=CARTESIAN_POINT('Ctrl Pts',(23.0756102214289,-311.099115196235,122.5));
#3222=CARTESIAN_POINT('Ctrl Pts',(34.9933350173086,-311.234907049368,122.5));
#3223=CARTESIAN_POINT('Ctrl Pts',(44.7633159097665,-311.346227274762,122.5));
#3224=CARTESIAN_POINT('Ctrl Pts',(54.7142970861283,-311.502058144399,122.5));
#3225=CARTESIAN_POINT('Ctrl Pts',(64.8419791999554,-311.699500193443,122.5));
#3226=CARTESIAN_POINT('Ctrl Pts',(69.905820256869,-311.798221217965,122.5));
#3227=CARTESIAN_POINT('Ctrl Pts',(75.0138367340881,-311.907327178649,122.5));
#3228=CARTESIAN_POINT('Ctrl Pts',(80.1654940606043,-312.026348093323,122.5));
#3229=CARTESIAN_POINT('Ctrl Pts',(82.7413227238623,-312.08585855066,122.5));
#3230=CARTESIAN_POINT('Ctrl Pts',(85.3280616428317,-312.147846622948,122.5));
#3231=CARTESIAN_POINT('Ctrl Pts',(87.9256442975951,-312.212246805615,122.5));
#3232=CARTESIAN_POINT('Ctrl Pts',(89.2244356249768,-312.244446896949,122.5));
#3233=CARTESIAN_POINT('Ctrl Pts',(90.5259378897768,-312.277249945368,122.5));
#3234=CARTESIAN_POINT('Ctrl Pts',(91.830142798932,-312.310647339195,122.5));
#3235=CARTESIAN_POINT('Ctrl Pts',(92.5606522589815,-312.329353841495,122.5));
#3236=CARTESIAN_POINT('Ctrl Pts',(93.2920096276827,-312.348246804416,122.5));
#3237=CARTESIAN_POINT('Ctrl Pts',(94.0242134498459,-312.367324675873,122.5));
#3238=CARTESIAN_POINT('Ctrl Pts',(94.4691133336682,-312.37891672516,122.5));
#3239=CARTESIAN_POINT('Ctrl Pts',(94.9143257273538,-312.390577041965,122.5));
#3240=CARTESIAN_POINT('Ctrl Pts',(95.3598503047415,-312.402305273082,122.5));
#3241=CARTESIAN_POINT('Ctrl Pts',(95.4901592267856,-312.405735595969,122.5));
#3242=CARTESIAN_POINT('Ctrl Pts',(95.6238417555403,-312.409259572926,122.5));
#3243=CARTESIAN_POINT('Ctrl Pts',(95.7700251731342,-312.41311978821,122.5));
#3244=CARTESIAN_POINT('Ctrl Pts',(96.201053113503,-312.424501794946,122.5));
#3245=CARTESIAN_POINT('Ctrl Pts',(96.722121787887,-312.433475032363,122.5));
#3246=CARTESIAN_POINT('Ctrl Pts',(97.3826933357593,-312.429233271451,122.5));
#3247=CARTESIAN_POINT('Ctrl Pts',(97.9041642525493,-312.425884724336,122.5));
#3248=CARTESIAN_POINT('Ctrl Pts',(98.5035647918109,-312.412638978675,122.5));
#3249=CARTESIAN_POINT('Ctrl Pts',(99.0805322329437,-312.388964228278,122.5));
#3250=CARTESIAN_POINT('Ctrl Pts',(102.207542353145,-312.260653376043,122.5));
#3251=CARTESIAN_POINT('Ctrl Pts',(105.498192416585,-311.822965317414,122.5));
#3252=CARTESIAN_POINT('Ctrl Pts',(108.833486230722,-310.997416406695,122.5));
#3253=CARTESIAN_POINT('Ctrl Pts',(114.441288843316,-309.609378171884,122.5));
#3254=CARTESIAN_POINT('Ctrl Pts',(120.041249445463,-307.17032864647,122.5));
#3255=CARTESIAN_POINT('Ctrl Pts',(125.223140918893,-303.491762342902,122.5));
#3256=CARTESIAN_POINT('Ctrl Pts',(129.98547789532,-300.111033044045,122.5));
#3257=CARTESIAN_POINT('Ctrl Pts',(134.340491403426,-295.716860195051,122.5));
#3258=CARTESIAN_POINT('Ctrl Pts',(137.794026687189,-290.280824287348,122.5));
#3259=CARTESIAN_POINT('Ctrl Pts',(139.89230935573,-286.978023246245,122.5));
#3260=CARTESIAN_POINT('Ctrl Pts',(141.636616054553,-283.316344535873,122.5));
#3261=CARTESIAN_POINT('Ctrl Pts',(142.880322538454,-279.345511149493,122.5));
#3262=CARTESIAN_POINT('Ctrl Pts',(143.363993145766,-277.801275897537,122.5));
#3263=CARTESIAN_POINT('Ctrl Pts',(143.771862678149,-276.2101141349,122.5));
#3264=CARTESIAN_POINT('Ctrl Pts',(144.093629074234,-274.574561304553,122.5));
#3265=CARTESIAN_POINT('Ctrl Pts',(144.366630478797,-273.186883084093,122.5));
#3266=CARTESIAN_POINT('Ctrl Pts',(144.559168923231,-271.846568160316,122.5));
#3267=CARTESIAN_POINT('Ctrl Pts',(144.684211515005,-270.660392895437,122.5));
#3268=CARTESIAN_POINT('Ctrl Pts',(144.91236029571,-268.496134809096,122.5));
#3269=CARTESIAN_POINT('Ctrl Pts',(144.928192310076,-266.795878926533,122.5));
#3270=CARTESIAN_POINT('Ctrl Pts',(144.924929655051,-265.928696561204,122.5));
#3271=CARTESIAN_POINT('Ctrl Pts',(144.923829961722,-265.636408637709,122.5));
#3272=CARTESIAN_POINT('Ctrl Pts',(144.922918805994,-265.39050741496,122.5));
#3273=CARTESIAN_POINT('Ctrl Pts',(144.921898530432,-265.111392406945,122.5));
#3274=CARTESIAN_POINT('Ctrl Pts',(144.915681488339,-263.410607032552,122.5));
#3275=CARTESIAN_POINT('Ctrl Pts',(144.908991415588,-261.404690751378,122.5));
#3276=CARTESIAN_POINT('Ctrl Pts',(144.903146378422,-259.439376734274,122.5));
#3277=CARTESIAN_POINT('Ctrl Pts',(144.846872385169,-240.51801411636,122.5));
#3278=CARTESIAN_POINT('Ctrl Pts',(144.843878866217,-220.947793292437,122.5));
#3279=CARTESIAN_POINT('Ctrl Pts',(144.842013043023,-200.655290700222,122.5));
#3280=CARTESIAN_POINT('Ctrl Pts',(144.841546587225,-195.582165052168,122.5));
#3281=CARTESIAN_POINT('Ctrl Pts',(144.841398369379,-190.463896694865,122.5));
#3282=CARTESIAN_POINT('Ctrl Pts',(144.841270407652,-185.299338700915,122.5));
#3283=CARTESIAN_POINT('Ctrl Pts',(144.841214485641,-183.042316393522,122.5));
#3284=CARTESIAN_POINT('Ctrl Pts',(144.841165403228,-180.776453334853,122.5));
#3285=CARTESIAN_POINT('Ctrl Pts',(144.841113093749,-178.501653766983,122.5));
#3286=CARTESIAN_POINT('Ctrl Pts',(144.841084903647,-177.275741521904,122.5));
#3287=CARTESIAN_POINT('Ctrl Pts',(144.841057869124,-176.132039142154,122.5));
#3288=CARTESIAN_POINT('Ctrl Pts',(144.841032590464,-175.093113445312,122.5));
#3289=CARTESIAN_POINT('Ctrl Pts',(144.840907683119,-169.959556115967,122.5));
#3290=CARTESIAN_POINT('Ctrl Pts',(144.840825788955,-167.084995306254,122.5));
#3291=CARTESIAN_POINT('Ctrl Pts',(144.840768472627,-164.607415211727,122.5));
#3292=CARTESIAN_POINT('Ctrl Pts',(144.840731474003,-163.008096901281,122.5));
#3293=CARTESIAN_POINT('Ctrl Pts',(144.840701058762,-161.574196993451,122.5));
#3294=CARTESIAN_POINT('Ctrl Pts',(144.840678168288,-159.804868597398,122.5));
#3295=CARTESIAN_POINT('Ctrl Pts',(144.84066559804,-158.83324618578,122.5));
#3296=CARTESIAN_POINT('Ctrl Pts',(144.840655651209,-157.739416907436,122.5));
#3297=CARTESIAN_POINT('Ctrl Pts',(144.840655651209,-156.56045544794,122.5));
#3298=CARTESIAN_POINT('Ctrl Pts',(144.840655651209,-154.782901741108,122.5));
#3299=CARTESIAN_POINT('Ctrl Pts',(144.837906081627,-152.734607880265,122.5));
#3300=CARTESIAN_POINT('Ctrl Pts',(144.832122209874,-150.71818272333,122.5));
#3301=CARTESIAN_POINT('Ctrl Pts',(144.803935888048,-140.891614840018,122.5));
#3302=CARTESIAN_POINT('Ctrl Pts',(144.705742035283,-130.596491104024,122.5));
#3303=CARTESIAN_POINT('Ctrl Pts',(144.565847811143,-119.885095023464,122.5));
#3304=CARTESIAN_POINT('Ctrl Pts',(144.456074056135,-111.479957667988,122.5));
#3305=CARTESIAN_POINT('Ctrl Pts',(144.322256243774,-102.910603608413,122.5));
#3306=CARTESIAN_POINT('Ctrl Pts',(144.187484162008,-94.2185639691575,122.5));
#3307=CARTESIAN_POINT('Ctrl Pts',(144.109214023839,-89.1705812221609,122.5));
#3308=CARTESIAN_POINT('Ctrl Pts',(144.03069172903,-84.0787973227905,122.5));
#3309=CARTESIAN_POINT('Ctrl Pts',(143.957509143647,-78.9470305532192,122.5));
#3310=CARTESIAN_POINT('Ctrl Pts',(143.922125498393,-76.465830771185,122.5));
#3311=CARTESIAN_POINT('Ctrl Pts',(143.888004399386,-73.9752838716965,122.5));
#3312=CARTESIAN_POINT('Ctrl Pts',(143.855867825454,-71.4758204365972,122.5));
#3313=CARTESIAN_POINT('Ctrl Pts',(143.832730085124,-69.6762528769597,122.5));
#3314=CARTESIAN_POINT('Ctrl Pts',(143.810622299885,-67.8720632044904,122.5));
#3315=CARTESIAN_POINT('Ctrl Pts',(143.789835861154,-66.0634122216255,122.5));
#3316=CARTESIAN_POINT('Ctrl Pts',(143.775382154978,-64.8057792898475,122.5));
#3317=CARTESIAN_POINT('Ctrl Pts',(143.762064870385,-63.5867733684575,122.5));
#3318=CARTESIAN_POINT('Ctrl Pts',(143.75051203942,-62.4781173399738,122.5));
#3319=CARTESIAN_POINT('Ctrl Pts',(143.658571886498,-53.6551712496688,122.5));
#3320=CARTESIAN_POINT('Ctrl Pts',(143.64960030727,-50.3016244094121,122.5));
#3321=CARTESIAN_POINT('Ctrl Pts',(143.639978975895,-48.2808434520587,122.5));
#3322=CARTESIAN_POINT('Ctrl Pts',(143.635526234006,-47.3456281822729,122.5));
#3323=CARTESIAN_POINT('Ctrl Pts',(143.610149212539,-46.6710194561047,122.5));
#3324=CARTESIAN_POINT('Ctrl Pts',(143.568746331954,-45.929677038466,122.5));
#3325=CARTESIAN_POINT('Ctrl Pts',(143.293492312408,-41.0010953206034,122.5));
#3326=CARTESIAN_POINT('Ctrl Pts',(142.213445682729,-35.8737279821068,122.5));
#3327=CARTESIAN_POINT('Ctrl Pts',(140.136342998197,-30.8259654929539,122.5));
#3328=CARTESIAN_POINT('Ctrl Pts',(137.819387395037,-25.1953138791665,122.5));
#3329=CARTESIAN_POINT('Ctrl Pts',(134.294541065553,-19.7504589165516,122.5));
#3330=CARTESIAN_POINT('Ctrl Pts',(129.461153940045,-15.0515806456396,122.5));
#3331=CARTESIAN_POINT('Ctrl Pts',(125.385378116529,-11.0892300296183,122.5));
#3332=CARTESIAN_POINT('Ctrl Pts',(120.411324683045,-7.69058511769856,122.5));
#3333=CARTESIAN_POINT('Ctrl Pts',(114.637180058893,-5.28649665752357,122.5));
#3334=CARTESIAN_POINT('Ctrl Pts',(111.750107746817,-4.08445242743607,122.5));
#3335=CARTESIAN_POINT('Ctrl Pts',(108.680494075544,-3.13997152639665,122.5));
#3336=CARTESIAN_POINT('Ctrl Pts',(105.463083281908,-2.51135352790333,122.5));
#3337=CARTESIAN_POINT('Ctrl Pts',(103.854377885089,-2.19704452865666,122.5));
#3338=CARTESIAN_POINT('Ctrl Pts',(102.208660335752,-1.96169396978322,122.5));
#3339=CARTESIAN_POINT('Ctrl Pts',(100.530070433567,-1.81337363071069,122.5));
#3340=CARTESIAN_POINT('Ctrl Pts',(99.5844198015801,-1.72981586463702,122.5));
#3341=CARTESIAN_POINT('Ctrl Pts',(98.6270106574913,-1.67386037252594,122.5));
#3342=CARTESIAN_POINT('Ctrl Pts',(97.6626542931977,-1.64723835684092,122.5));
#3343=CARTESIAN_POINT('Ctrl Pts',(96.9152168930115,-1.62660460470522,122.5));
#3344=CARTESIAN_POINT('Ctrl Pts',(96.1796612109339,-1.62751144676698,122.5));
#3345=CARTESIAN_POINT('Ctrl Pts',(95.7443359967734,-1.63312567898573,122.5));
#3346=CARTESIAN_POINT('Ctrl Pts',(95.4971298295228,-1.63631380773112,122.5));
#3347=CARTESIAN_POINT('Ctrl Pts',(95.3424584984878,-1.63826978118989,122.5));
#3348=CARTESIAN_POINT('Ctrl Pts',(95.1478711712019,-1.64070683385265,122.5));
#3349=CARTESIAN_POINT('Ctrl Pts',(94.3207326459618,-1.65106609092004,122.5));
#3350=CARTESIAN_POINT('Ctrl Pts',(93.408996285541,-1.66179205537614,122.5));
#3351=CARTESIAN_POINT('Ctrl Pts',(92.5166768201643,-1.67153755717957,122.5));
#3352=CARTESIAN_POINT('Ctrl Pts',(88.1965181548952,-1.7187203383438,122.5));
#3353=CARTESIAN_POINT('Ctrl Pts',(83.6634044435504,-1.75130998721467,122.5));
#3354=CARTESIAN_POINT('Ctrl Pts',(78.9371157758328,-1.76891663863958,122.5));
#3355=CARTESIAN_POINT('Ctrl Pts',(70.892097958458,-1.79888641712248,122.5));
#3356=CARTESIAN_POINT('Ctrl Pts',(62.5206887184819,-1.78426619249555,122.5));
#3357=CARTESIAN_POINT('Ctrl Pts',(53.7365557454253,-1.74372190363652,122.5));
#3358=CARTESIAN_POINT('Ctrl Pts',(45.8472295143502,-1.70730770970332,122.5));
#3359=CARTESIAN_POINT('Ctrl Pts',(37.7061815809198,-1.65047967779691,122.5));
#3360=CARTESIAN_POINT('Ctrl Pts',(29.3499335447004,-1.5979284414559,122.5));
#3361=CARTESIAN_POINT('Ctrl Pts',(22.3514774836263,-1.55391616263249,122.5));
#3362=CARTESIAN_POINT('Ctrl Pts',(15.1901948899769,-1.51293964573567,122.5));
#3363=CARTESIAN_POINT('Ctrl Pts',(7.85628363378712,-1.49414225798335,122.5));
#3364=CARTESIAN_POINT('Ctrl Pts',(5.2481227690191,-1.48745733783871,122.5));
#3365=CARTESIAN_POINT('Ctrl Pts',(2.61703207858485,-1.48365494732628,122.5));
#3366=CARTESIAN_POINT('Ctrl Pts',(-2.66453525910038E-14,-1.48365494732628,
122.5));
#3367=CARTESIAN_POINT('Ctrl Pts',(-6.56529754344225,-1.48365494732628,122.5));
#3368=CARTESIAN_POINT('Ctrl Pts',(-13.0855105080704,-1.50745642389169,122.5));
#3369=CARTESIAN_POINT('Ctrl Pts',(-19.4124259365801,-1.54014773235825,122.5));
#3370=CARTESIAN_POINT('Ctrl Pts',(-23.3883630382909,-1.5606914851086,122.5));
#3371=CARTESIAN_POINT('Ctrl Pts',(-27.2859561400695,-1.58466473835533,122.5));
#3372=CARTESIAN_POINT('Ctrl Pts',(-31.2498541650449,-1.60997410436882,122.5));
#3373=CARTESIAN_POINT('Ctrl Pts',(-41.5272758217379,-1.67559512305935,122.5));
#3374=CARTESIAN_POINT('Ctrl Pts',(-52.0083992169906,-1.75018873233854,122.5));
#3375=CARTESIAN_POINT('Ctrl Pts',(-62.7413902821395,-1.77595829313047,122.5));
#3376=CARTESIAN_POINT('Ctrl Pts',(-68.107885814714,-1.78884307352644,122.5));
#3377=CARTESIAN_POINT('Ctrl Pts',(-73.5373555927984,-1.78928092824848,122.5));
#3378=CARTESIAN_POINT('Ctrl Pts',(-79.0358383504671,-1.76854661864994,122.5));
#3379=CARTESIAN_POINT('Ctrl Pts',(-81.7850797293015,-1.75817946385068,122.5));
#3380=CARTESIAN_POINT('Ctrl Pts',(-84.5515742729714,-1.7425032082077,122.5));
#3381=CARTESIAN_POINT('Ctrl Pts',(-87.3360736860965,-1.72033609273394,122.5));
#3382=CARTESIAN_POINT('Ctrl Pts',(-88.7283233926591,-1.70925253499706,122.5));
#3383=CARTESIAN_POINT('Ctrl Pts',(-90.125074261746,-1.6965453576292,122.5));
#3384=CARTESIAN_POINT('Ctrl Pts',(-91.5264198299542,-1.68206174636251,122.5));
#3385=CARTESIAN_POINT('Ctrl Pts',(-92.2270926140583,-1.67481994072916,122.5));
#3386=CARTESIAN_POINT('Ctrl Pts',(-92.9289140677061,-1.66713397630593,122.5));
#3387=CARTESIAN_POINT('Ctrl Pts',(-93.6318958484677,-1.65898446315232,122.5));
#3388=CARTESIAN_POINT('Ctrl Pts',(-93.9833867388485,-1.65490970657552,122.5));
#3389=CARTESIAN_POINT('Ctrl Pts',(-94.3351677106234,-1.65071905992671,122.5));
#3390=CARTESIAN_POINT('Ctrl Pts',(-94.6872402185867,-1.64641008261365,122.5));
#3391=CARTESIAN_POINT('Ctrl Pts',(-94.9217773690863,-1.64353960781737,122.5));
#3392=CARTESIAN_POINT('Ctrl Pts',(-95.1564438949008,-1.64061662105813,122.5));
#3393=CARTESIAN_POINT('Ctrl Pts',(-95.3912402256864,-1.63764039818326,122.5));
#3394=CARTESIAN_POINT('Ctrl Pts',(-95.5089054681065,-1.63614890134046,122.5));
#3395=CARTESIAN_POINT('Ctrl Pts',(-95.6262258849518,-1.63464890248298,122.5));
#3396=CARTESIAN_POINT('Ctrl Pts',(-95.744335996765,-1.63312567898586,122.5));
#3397=CARTESIAN_POINT('Ctrl Pts',(-96.1734739453379,-1.62759124169891,122.5));
#3398=CARTESIAN_POINT('Ctrl Pts',(-97.2534826735684,-1.61084971082125,122.5));
#3399=CARTESIAN_POINT('Ctrl Pts',(-98.8476496471566,-1.6947854979533,122.5));
#3400=CARTESIAN_POINT('Ctrl Pts',(-99.8174807048088,-1.74584886493921,122.5));
#3401=CARTESIAN_POINT('Ctrl Pts',(-101.004321359132,-1.84339114807298,122.5));
#3402=CARTESIAN_POINT('Ctrl Pts',(-102.15815432946,-1.9855477373893,122.5));
#3403=CARTESIAN_POINT('Ctrl Pts',(-105.016255709486,-2.33767664560468,122.5));
#3404=CARTESIAN_POINT('Ctrl Pts',(-108.001753959568,-2.97296282074536,122.5));
#3405=CARTESIAN_POINT('Ctrl Pts',(-110.9920822186,-3.9405207402994,122.5));
#3406=CARTESIAN_POINT('Ctrl Pts',(-116.37249068819,-5.68141885389747,122.5));
#3407=CARTESIAN_POINT('Ctrl Pts',(-121.676577867735,-8.45345941905325,122.5));
#3408=CARTESIAN_POINT('Ctrl Pts',(-126.483342569086,-12.3927143522005,122.5));
#3409=CARTESIAN_POINT('Ctrl Pts',(-127.503417323694,-13.2286892248909,122.5));
#3410=CARTESIAN_POINT('Ctrl Pts',(-128.497663400641,-14.1149031889678,122.5));
#3411=CARTESIAN_POINT('Ctrl Pts',(-129.461153940045,-15.0515806456396,122.5));
#3412=CARTESIAN_POINT('Ctrl Pts',(-132.986762164516,-18.4790743364069,122.5));
#3413=CARTESIAN_POINT('Ctrl Pts',(-136.115739397793,-22.600624314981,122.5));
#3414=CARTESIAN_POINT('Ctrl Pts',(-138.550534544053,-27.3766197484041,122.5));
#3415=CARTESIAN_POINT('Ctrl Pts',(-140.203829925937,-30.6196569320913,122.5));
#3416=CARTESIAN_POINT('Ctrl Pts',(-141.52482846157,-34.1426112236706,122.5));
#3417=CARTESIAN_POINT('Ctrl Pts',(-142.409142701708,-37.9034849672248,122.5));
#3418=CARTESIAN_POINT('Ctrl Pts',(-142.665756482321,-38.994830086344,122.5));
#3419=CARTESIAN_POINT('Ctrl Pts',(-142.885504057332,-40.1062590277077,122.5));
#3420=CARTESIAN_POINT('Ctrl Pts',(-143.065416819485,-41.2367997814315,122.5));
#3421=CARTESIAN_POINT('Ctrl Pts',(-143.197794108382,-42.0686358233765,122.5));
#3422=CARTESIAN_POINT('Ctrl Pts',(-143.305345489671,-42.9004545411506,122.5));
#3423=CARTESIAN_POINT('Ctrl Pts',(-143.383528302367,-43.6386015838017,122.5));
#3424=CARTESIAN_POINT('Ctrl Pts',(-143.565261032465,-45.3543940022251,122.5));
#3425=CARTESIAN_POINT('Ctrl Pts',(-143.632676973089,-46.7471941423788,122.5));
#3426=CARTESIAN_POINT('Ctrl Pts',(-143.639978975895,-48.2808434520572,122.5));
#3427=CARTESIAN_POINT('Ctrl Pts',(-143.646141357206,-49.575136551245,122.5));
#3428=CARTESIAN_POINT('Ctrl Pts',(-143.654245996791,-51.0176499225943,122.5));
#3429=CARTESIAN_POINT('Ctrl Pts',(-143.664713095233,-52.5748915131488,122.5));
#3430=CARTESIAN_POINT('Ctrl Pts',(-143.680748103017,-54.9604982944377,122.5));
#3431=CARTESIAN_POINT('Ctrl Pts',(-143.701551986866,-57.498707925372,122.5));
#3432=CARTESIAN_POINT('Ctrl Pts',(-143.727134807719,-60.1497654097543,122.5));
#3433=CARTESIAN_POINT('Ctrl Pts',(-143.869284831988,-74.8802710057722,122.5));
#3434=CARTESIAN_POINT('Ctrl Pts',(-144.136880815328,-90.5264333518196,122.5));
#3435=CARTESIAN_POINT('Ctrl Pts',(-144.382071265764,-106.887555860598,122.5));
#3436=CARTESIAN_POINT('Ctrl Pts',(-144.504666490982,-115.068117114987,122.5));
#3437=CARTESIAN_POINT('Ctrl Pts',(-144.62084700395,-123.427440353843,122.5));
#3438=CARTESIAN_POINT('Ctrl Pts',(-144.706239092417,-131.940523269968,122.5));
#3439=CARTESIAN_POINT('Ctrl Pts',(-144.762810295812,-137.580335503272,122.5));
#3440=CARTESIAN_POINT('Ctrl Pts',(-144.80533440396,-143.369569486699,122.5));
#3441=CARTESIAN_POINT('Ctrl Pts',(-144.825584870983,-148.74875651992,122.5));
#3442=CARTESIAN_POINT('Ctrl Pts',(-144.835901716794,-151.489248536426,122.5));
#3443=CARTESIAN_POINT('Ctrl Pts',(-144.840655651209,-154.119726350115,122.5));
#3444=CARTESIAN_POINT('Ctrl Pts',(-144.840655651209,-156.56045544794,122.5));
#3445=CARTESIAN_POINT('Ctrl Pts',(-144.840655651209,-161.933953897298,122.5));
#3446=CARTESIAN_POINT('Ctrl Pts',(-144.840810274521,-166.387721383701,122.5));
#3447=CARTESIAN_POINT('Ctrl Pts',(-144.840879727676,-169.071054414038,122.5));
#3448=CARTESIAN_POINT('Ctrl Pts',(-144.840905823243,-170.07926051225,122.5));
#3449=CARTESIAN_POINT('Ctrl Pts',(-144.840925485271,-170.837527652263,122.5));
#3450=CARTESIAN_POINT('Ctrl Pts',(-144.840937402526,-171.300728331172,122.5));
#3451=CARTESIAN_POINT('Ctrl Pts',(-144.840944719216,-171.585113926771,122.5));
#3452=CARTESIAN_POINT('Ctrl Pts',(-144.840951648064,-171.855427548604,122.5));
#3453=CARTESIAN_POINT('Ctrl Pts',(-144.840958732156,-172.133166280469,122.5));
#3454=CARTESIAN_POINT('Ctrl Pts',(-144.841179741262,-180.798043376703,122.5));
#3455=CARTESIAN_POINT('Ctrl Pts',(-144.841133361334,-189.835599461225,122.5));
#3456=CARTESIAN_POINT('Ctrl Pts',(-144.841896162491,-199.298857377708,122.5));
#3457=CARTESIAN_POINT('Ctrl Pts',(-144.841957947779,-200.065361351882,122.5));
#3458=CARTESIAN_POINT('Ctrl Pts',(-144.842026887826,-200.834658210535,122.5));
#3459=CARTESIAN_POINT('Ctrl Pts',(-144.842104639095,-201.606776129803,122.5));
#3460=CARTESIAN_POINT('Ctrl Pts',(-144.842166559645,-202.221685274155,122.5));
#3461=CARTESIAN_POINT('Ctrl Pts',(-144.842240814837,-202.912933977472,122.5));
#3462=CARTESIAN_POINT('Ctrl Pts',(-144.842342723404,-203.742265119914,122.5));
#3463=CARTESIAN_POINT('Ctrl Pts',(-144.843017701475,-209.235231494302,122.5));
#3464=CARTESIAN_POINT('Ctrl Pts',(-144.843698657325,-219.756434097078,122.5));
#3465=CARTESIAN_POINT('Ctrl Pts',(-144.853695929919,-231.414043861386,122.5));
#3466=CARTESIAN_POINT('Ctrl Pts',(-144.858694566217,-237.24284874354,122.5));
#3467=CARTESIAN_POINT('Ctrl Pts',(-144.866368218855,-243.355755316565,122.5));
#3468=CARTESIAN_POINT('Ctrl Pts',(-144.878133943679,-249.266282798012,122.5));
#3469=CARTESIAN_POINT('Ctrl Pts',(-144.884016806091,-252.221546538735,122.5));
#3470=CARTESIAN_POINT('Ctrl Pts',(-144.890907297352,-255.126215436293,122.5));
#3471=CARTESIAN_POINT('Ctrl Pts',(-144.898752650169,-257.919479743747,122.5));
#3472=CARTESIAN_POINT('Ctrl Pts',(-144.902675326578,-259.316111897474,122.5));
#3473=CARTESIAN_POINT('Ctrl Pts',(-144.906833162032,-260.684892912622,122.5));
#3474=CARTESIAN_POINT('Ctrl Pts',(-144.911194470829,-262.018221714658,122.5));
#3475=CARTESIAN_POINT('Ctrl Pts',(-144.913600379674,-262.753750361587,122.5));
#3476=CARTESIAN_POINT('Ctrl Pts',(-144.916067881639,-263.47849033825,122.5));
#3477=CARTESIAN_POINT('Ctrl Pts',(-144.918589112389,-264.191165637953,122.5));
#3478=CARTESIAN_POINT('Ctrl Pts',(-144.920195524276,-264.645249450998,122.5));
#3479=CARTESIAN_POINT('Ctrl Pts',(-144.921823710857,-265.094435427488,122.5));
#3480=CARTESIAN_POINT('Ctrl Pts',(-144.923471235697,-265.53839351871,122.5));
#3481=CARTESIAN_POINT('Ctrl Pts',(-144.923925281964,-265.660745248431,122.5));
#3482=CARTESIAN_POINT('Ctrl Pts',(-144.924403177328,-265.788763839794,122.5));
#3483=CARTESIAN_POINT('Ctrl Pts',(-144.924929655051,-265.928696561204,122.5));
#3484=CARTESIAN_POINT('Ctrl Pts',(-144.926492273355,-266.344025496343,122.5));
#3485=CARTESIAN_POINT('Ctrl Pts',(-144.922921904263,-266.849020847771,122.5));
#3486=CARTESIAN_POINT('Ctrl Pts',(-144.903466035023,-267.462465440634,122.5));
#3487=CARTESIAN_POINT('Ctrl Pts',(-144.88345724668,-268.093343602216,122.5));
#3488=CARTESIAN_POINT('Ctrl Pts',(-144.848444800668,-268.749750512625,122.5));
#3489=CARTESIAN_POINT('Ctrl Pts',(-144.798570047284,-269.402448850432,122.5));
#3490=CARTESIAN_POINT('Ctrl Pts',(-144.570623489319,-272.385528051816,122.5));
#3491=CARTESIAN_POINT('Ctrl Pts',(-144.019644434537,-275.513097133544,122.5));
#3492=CARTESIAN_POINT('Ctrl Pts',(-143.092007791596,-278.650177984417,122.5));
#3493=CARTESIAN_POINT('Ctrl Pts',(-143.023431874883,-278.882087964243,122.5));
#3494=CARTESIAN_POINT('Ctrl Pts',(-142.952873177626,-279.113875708209,122.5));
#3495=CARTESIAN_POINT('Ctrl Pts',(-142.880322538454,-279.345511149492,122.5));
#3496=CARTESIAN_POINT('Ctrl Pts',(-141.267426608629,-284.495071025404,122.5));
#3497=CARTESIAN_POINT('Ctrl Pts',(-138.66416967233,-289.585686821785,122.5));
#3498=CARTESIAN_POINT('Ctrl Pts',(-134.982607652294,-294.237019267663,122.5));
#3499=CARTESIAN_POINT('Ctrl Pts',(-131.448488373059,-298.702070672922,122.5));
#3500=CARTESIAN_POINT('Ctrl Pts',(-126.954180467894,-302.718012193377,122.5));
#3501=CARTESIAN_POINT('Ctrl Pts',(-121.533769274943,-305.86510727874,122.5));
#3502=CARTESIAN_POINT('Ctrl Pts',(-117.565853869356,-308.168882145174,122.5));
#3503=CARTESIAN_POINT('Ctrl Pts',(-113.142557852053,-309.980651405763,122.5));
#3504=CARTESIAN_POINT('Ctrl Pts',(-108.34345636422,-311.116024480586,122.5));
#3505=CARTESIAN_POINT('Ctrl Pts',(-107.070432103587,-311.41719699648,122.5));
#3506=CARTESIAN_POINT('Ctrl Pts',(-105.753651805735,-311.673183932126,122.5));
#3507=CARTESIAN_POINT('Ctrl Pts',(-104.448714745657,-311.871877150121,122.5));
#3508=CARTESIAN_POINT('Ctrl Pts',(-100.834244077061,-312.422226151972,122.5));
#3509=CARTESIAN_POINT('Ctrl Pts',(-97.9277619895267,-312.470098402998,122.5));
#3510=CARTESIAN_POINT('Ctrl Pts',(-95.7700251731345,-312.413119788211,122.5));
#3511=CARTESIAN_POINT('Ctrl Pts',(-94.8360845428684,-312.388457538857,122.5));
#3512=CARTESIAN_POINT('Ctrl Pts',(-94.0758754702713,-312.368598478537,122.5));
#3513=CARTESIAN_POINT('Ctrl Pts',(-93.2310451251608,-312.346722174102,122.5));
#3514=CARTESIAN_POINT('Ctrl Pts',(-91.6116495363258,-312.304789032011,122.5));
#3515=CARTESIAN_POINT('Ctrl Pts',(-89.8623914648843,-312.26034314804,122.5));
#3516=CARTESIAN_POINT('Ctrl Pts',(-88.1313829378414,-312.217352029102,122.5));
#3517=CARTESIAN_POINT('Ctrl Pts',(-81.6595473705472,-312.056618301756,122.5));
#3518=CARTESIAN_POINT('Ctrl Pts',(-74.9252682933492,-311.902488335627,122.5));
#3519=CARTESIAN_POINT('Ctrl Pts',(-67.8987001983359,-311.760240356042,122.5));
#3520=CARTESIAN_POINT('Ctrl Pts',(-45.8376427856756,-311.313629606378,122.5));
#3521=CARTESIAN_POINT('Ctrl Pts',(-23.2283490395067,-311.029395503736,122.5));
#3522=CARTESIAN_POINT('Ctrl Pts',(-2.75335310107039E-13,-311.029395503736,
122.5));
#3523=CARTESIAN_POINT('',(1.56187550145426E-13,-311.029395503736,122.5));
#3524=CARTESIAN_POINT('Ctrl Pts',(8.21565038222616E-14,-315.791867708613,
122.5));
#3525=CARTESIAN_POINT('Ctrl Pts',(8.21565038222616E-14,-315.791867708613,
222.5));
#3526=CARTESIAN_POINT('Ctrl Pts',(13.3169214066208,-315.791867708613,122.5));
#3527=CARTESIAN_POINT('Ctrl Pts',(13.3169214066208,-315.791867708613,222.5));
#3528=CARTESIAN_POINT('Ctrl Pts',(27.0743743971746,-315.870476701083,122.5));
#3529=CARTESIAN_POINT('Ctrl Pts',(27.0743743971746,-315.870476701083,222.5));
#3530=CARTESIAN_POINT('Ctrl Pts',(41.3498359795447,-316.027819902236,122.5));
#3531=CARTESIAN_POINT('Ctrl Pts',(41.3498359795447,-316.027819902236,222.5));
#3532=CARTESIAN_POINT('Ctrl Pts',(55.2444495691332,-316.180965421793,122.5));
#3533=CARTESIAN_POINT('Ctrl Pts',(55.2444495691332,-316.180965421793,222.5));
#3534=CARTESIAN_POINT('Ctrl Pts',(69.5389295057609,-316.406850721445,122.5));
#3535=CARTESIAN_POINT('Ctrl Pts',(69.5389295057609,-316.406850721445,222.5));
#3536=CARTESIAN_POINT('Ctrl Pts',(84.6272063883688,-316.710689176636,122.5));
#3537=CARTESIAN_POINT('Ctrl Pts',(84.6272063883688,-316.710689176636,222.5));
#3538=CARTESIAN_POINT('Ctrl Pts',(85.8160127395336,-316.734628628972,122.5));
#3539=CARTESIAN_POINT('Ctrl Pts',(85.8160127395336,-316.734628628972,222.5));
#3540=CARTESIAN_POINT('Ctrl Pts',(87.051247952979,-316.759931212923,122.5));
#3541=CARTESIAN_POINT('Ctrl Pts',(87.051247952979,-316.759931212923,222.5));
#3542=CARTESIAN_POINT('Ctrl Pts',(88.1456274782861,-316.782666608915,122.5));
#3543=CARTESIAN_POINT('Ctrl Pts',(88.1456274782861,-316.782666608915,222.5));
#3544=CARTESIAN_POINT('Ctrl Pts',(89.6439423717088,-316.813793637187,122.5));
#3545=CARTESIAN_POINT('Ctrl Pts',(89.6439423717088,-316.813793637187,222.5));
#3546=CARTESIAN_POINT('Ctrl Pts',(90.9108905905032,-316.840692229151,122.5));
#3547=CARTESIAN_POINT('Ctrl Pts',(90.9108905905032,-316.840692229151,222.5));
#3548=CARTESIAN_POINT('Ctrl Pts',(91.9903788200708,-316.863851239804,122.5));
#3549=CARTESIAN_POINT('Ctrl Pts',(91.9903788200708,-316.863851239804,222.5));
#3550=CARTESIAN_POINT('Ctrl Pts',(94.1828412417684,-316.910887658719,122.5));
#3551=CARTESIAN_POINT('Ctrl Pts',(94.1828412417684,-316.910887658719,222.5));
#3552=CARTESIAN_POINT('Ctrl Pts',(95.6019935391051,-316.942373699465,122.5));
#3553=CARTESIAN_POINT('Ctrl Pts',(95.6019935391051,-316.942373699465,222.5));
#3554=CARTESIAN_POINT('Ctrl Pts',(96.6157670483377,-316.964926712698,122.5));
#3555=CARTESIAN_POINT('Ctrl Pts',(96.6157670483377,-316.964926712698,222.5));
#3556=CARTESIAN_POINT('Ctrl Pts',(97.590605400984,-316.986613551097,122.5));
#3557=CARTESIAN_POINT('Ctrl Pts',(97.590605400984,-316.986613551097,222.5));
#3558=CARTESIAN_POINT('Ctrl Pts',(98.1908830188111,-316.978381862014,122.5));
#3559=CARTESIAN_POINT('Ctrl Pts',(98.1908830188111,-316.978381862014,222.5));
#3560=CARTESIAN_POINT('Ctrl Pts',(98.7432439393598,-316.967347271713,122.5));
#3561=CARTESIAN_POINT('Ctrl Pts',(98.7432439393598,-316.967347271713,222.5));
#3562=CARTESIAN_POINT('Ctrl Pts',(99.4245643047104,-316.953736440796,122.5));
#3563=CARTESIAN_POINT('Ctrl Pts',(99.4245643047104,-316.953736440796,222.5));
#3564=CARTESIAN_POINT('Ctrl Pts',(100.105019406249,-316.926388518814,122.5));
#3565=CARTESIAN_POINT('Ctrl Pts',(100.105019406249,-316.926388518814,222.5));
#3566=CARTESIAN_POINT('Ctrl Pts',(100.789843670533,-316.884795625039,122.5));
#3567=CARTESIAN_POINT('Ctrl Pts',(100.789843670533,-316.884795625039,222.5));
#3568=CARTESIAN_POINT('Ctrl Pts',(102.029869540805,-316.809482487072,122.5));
#3569=CARTESIAN_POINT('Ctrl Pts',(102.029869540805,-316.809482487072,222.5));
#3570=CARTESIAN_POINT('Ctrl Pts',(103.271887607879,-316.687953807315,122.5));
#3571=CARTESIAN_POINT('Ctrl Pts',(103.271887607879,-316.687953807315,222.5));
#3572=CARTESIAN_POINT('Ctrl Pts',(104.51294777172,-316.519269961208,122.5));
#3573=CARTESIAN_POINT('Ctrl Pts',(104.51294777172,-316.519269961208,222.5));
#3574=CARTESIAN_POINT('Ctrl Pts',(106.995068099402,-316.181902268995,122.5));
#3575=CARTESIAN_POINT('Ctrl Pts',(106.995068099402,-316.181902268995,222.5));
#3576=CARTESIAN_POINT('Ctrl Pts',(109.473348216234,-315.655968297623,122.5));
#3577=CARTESIAN_POINT('Ctrl Pts',(109.473348216234,-315.655968297623,222.5));
#3578=CARTESIAN_POINT('Ctrl Pts',(111.924378731794,-314.93400518998,122.5));
#3579=CARTESIAN_POINT('Ctrl Pts',(111.924378731794,-314.93400518998,222.5));
#3580=CARTESIAN_POINT('Ctrl Pts',(116.826439762913,-313.490078974696,122.5));
#3581=CARTESIAN_POINT('Ctrl Pts',(116.826439762913,-313.490078974696,222.5));
#3582=CARTESIAN_POINT('Ctrl Pts',(121.637684762608,-311.244720597763,122.5));
#3583=CARTESIAN_POINT('Ctrl Pts',(121.637684762608,-311.244720597763,222.5));
#3584=CARTESIAN_POINT('Ctrl Pts',(126.036705708233,-308.224253243864,122.5));
#3585=CARTESIAN_POINT('Ctrl Pts',(126.036705708233,-308.224253243864,222.5));
#3586=CARTESIAN_POINT('Ctrl Pts',(132.911679418751,-303.503740677953,122.5));
#3587=CARTESIAN_POINT('Ctrl Pts',(132.911679418751,-303.503740677953,222.5));
#3588=CARTESIAN_POINT('Ctrl Pts',(138.848786266431,-296.810542657922,122.5));
#3589=CARTESIAN_POINT('Ctrl Pts',(138.848786266431,-296.810542657922,222.5));
#3590=CARTESIAN_POINT('Ctrl Pts',(142.680253931498,-288.686428994211,122.5));
#3591=CARTESIAN_POINT('Ctrl Pts',(142.680253931498,-288.686428994211,222.5));
#3592=CARTESIAN_POINT('Ctrl Pts',(143.647825272215,-286.63482364689,122.5));
#3593=CARTESIAN_POINT('Ctrl Pts',(143.647825272215,-286.63482364689,222.5));
#3594=CARTESIAN_POINT('Ctrl Pts',(144.492925629418,-284.441086960447,122.5));
#3595=CARTESIAN_POINT('Ctrl Pts',(144.492925629418,-284.441086960447,222.5));
#3596=CARTESIAN_POINT('Ctrl Pts',(145.130028444386,-282.395863105437,122.5));
#3597=CARTESIAN_POINT('Ctrl Pts',(145.130028444386,-282.395863105437,222.5));
#3598=CARTESIAN_POINT('Ctrl Pts',(147.138701681194,-275.947631635845,122.5));
#3599=CARTESIAN_POINT('Ctrl Pts',(147.138701681194,-275.947631635845,222.5));
#3600=CARTESIAN_POINT('Ctrl Pts',(147.339606437056,-270.597973405797,122.5));
#3601=CARTESIAN_POINT('Ctrl Pts',(147.339606437056,-270.597973405797,222.5));
#3602=CARTESIAN_POINT('Ctrl Pts',(147.328259879388,-267.757649405689,122.5));
#3603=CARTESIAN_POINT('Ctrl Pts',(147.328259879388,-267.757649405689,222.5));
#3604=CARTESIAN_POINT('Ctrl Pts',(147.326286029355,-267.263545926392,122.5));
#3605=CARTESIAN_POINT('Ctrl Pts',(147.326286029355,-267.263545926392,222.5));
#3606=CARTESIAN_POINT('Ctrl Pts',(147.324764054526,-266.873332453963,122.5));
#3607=CARTESIAN_POINT('Ctrl Pts',(147.324764054526,-266.873332453963,222.5));
#3608=CARTESIAN_POINT('Ctrl Pts',(147.323227414185,-266.47366815029,122.5));
#3609=CARTESIAN_POINT('Ctrl Pts',(147.323227414185,-266.47366815029,222.5));
#3610=CARTESIAN_POINT('Ctrl Pts',(147.320086552716,-265.656762477437,122.5));
#3611=CARTESIAN_POINT('Ctrl Pts',(147.320086552716,-265.656762477437,222.5));
#3612=CARTESIAN_POINT('Ctrl Pts',(147.317012724889,-264.827317927694,122.5));
#3613=CARTESIAN_POINT('Ctrl Pts',(147.317012724889,-264.827317927694,222.5));
#3614=CARTESIAN_POINT('Ctrl Pts',(147.314013367142,-263.986581276288,122.5));
#3615=CARTESIAN_POINT('Ctrl Pts',(147.314013367142,-263.986581276288,222.5));
#3616=CARTESIAN_POINT('Ctrl Pts',(147.309546598572,-262.73452121323,122.5));
#3617=CARTESIAN_POINT('Ctrl Pts',(147.309546598572,-262.73452121323,222.5));
#3618=CARTESIAN_POINT('Ctrl Pts',(147.305245375072,-261.45741706394,122.5));
#3619=CARTESIAN_POINT('Ctrl Pts',(147.305245375072,-261.45741706394,222.5));
#3620=CARTESIAN_POINT('Ctrl Pts',(147.301126640077,-260.159386889497,122.5));
#3621=CARTESIAN_POINT('Ctrl Pts',(147.301126640077,-260.159386889497,222.5));
#3622=CARTESIAN_POINT('Ctrl Pts',(147.292889170085,-257.563326540612,122.5));
#3623=CARTESIAN_POINT('Ctrl Pts',(147.292889170085,-257.563326540612,222.5));
#3624=CARTESIAN_POINT('Ctrl Pts',(147.285388527608,-254.883562062279,122.5));
#3625=CARTESIAN_POINT('Ctrl Pts',(147.285388527608,-254.883562062279,222.5));
#3626=CARTESIAN_POINT('Ctrl Pts',(147.278665692035,-252.153038613182,122.5));
#3627=CARTESIAN_POINT('Ctrl Pts',(147.278665692035,-252.153038613182,222.5));
#3628=CARTESIAN_POINT('Ctrl Pts',(147.26522002089,-246.691991714988,122.5));
#3629=CARTESIAN_POINT('Ctrl Pts',(147.26522002089,-246.691991714988,222.5));
#3630=CARTESIAN_POINT('Ctrl Pts',(147.254932058129,-241.027909004584,122.5));
#3631=CARTESIAN_POINT('Ctrl Pts',(147.254932058129,-241.027909004584,222.5));
#3632=CARTESIAN_POINT('Ctrl Pts',(147.247147761184,-235.424354591026,122.5));
#3633=CARTESIAN_POINT('Ctrl Pts',(147.247147761184,-235.424354591026,222.5));
#3634=CARTESIAN_POINT('Ctrl Pts',(147.231579167296,-224.21724576391,122.5));
#3635=CARTESIAN_POINT('Ctrl Pts',(147.231579167296,-224.21724576391,222.5));
#3636=CARTESIAN_POINT('Ctrl Pts',(147.225507072601,-213.252251193411,122.5));
#3637=CARTESIAN_POINT('Ctrl Pts',(147.225507072601,-213.252251193411,222.5));
#3638=CARTESIAN_POINT('Ctrl Pts',(147.221862717895,-204.637876125944,122.5));
#3639=CARTESIAN_POINT('Ctrl Pts',(147.221862717895,-204.637876125944,222.5));
#3640=CARTESIAN_POINT('Ctrl Pts',(147.221250588612,-203.19095022215,122.5));
#3641=CARTESIAN_POINT('Ctrl Pts',(147.221250588612,-203.19095022215,222.5));
#3642=CARTESIAN_POINT('Ctrl Pts',(147.220723304438,-201.822176059576,122.5));
#3643=CARTESIAN_POINT('Ctrl Pts',(147.220723304438,-201.822176059576,222.5));
#3644=CARTESIAN_POINT('Ctrl Pts',(147.220250427626,-200.504918849457,122.5));
#3645=CARTESIAN_POINT('Ctrl Pts',(147.220250427626,-200.504918849457,222.5));
#3646=CARTESIAN_POINT('Ctrl Pts',(147.219335556258,-197.956430798723,122.5));
#3647=CARTESIAN_POINT('Ctrl Pts',(147.219335556258,-197.956430798723,222.5));
#3648=CARTESIAN_POINT('Ctrl Pts',(147.218513681494,-195.274003499376,122.5));
#3649=CARTESIAN_POINT('Ctrl Pts',(147.218513681494,-195.274003499376,222.5));
#3650=CARTESIAN_POINT('Ctrl Pts',(147.217793047508,-192.530626418625,122.5));
#3651=CARTESIAN_POINT('Ctrl Pts',(147.217793047508,-192.530626418625,222.5));
#3652=CARTESIAN_POINT('Ctrl Pts',(147.215950286475,-185.515430799541,122.5));
#3653=CARTESIAN_POINT('Ctrl Pts',(147.215950286475,-185.515430799541,222.5));
#3654=CARTESIAN_POINT('Ctrl Pts',(147.214757789836,-178.101687117822,122.5));
#3655=CARTESIAN_POINT('Ctrl Pts',(147.214757789836,-178.101687117822,222.5));
#3656=CARTESIAN_POINT('Ctrl Pts',(147.214062686053,-171.50985400824,122.5));
#3657=CARTESIAN_POINT('Ctrl Pts',(147.214062686053,-171.50985400824,222.5));
#3658=CARTESIAN_POINT('Ctrl Pts',(147.214008695153,-170.99784557117,122.5));
#3659=CARTESIAN_POINT('Ctrl Pts',(147.214008695153,-170.99784557117,222.5));
#3660=CARTESIAN_POINT('Ctrl Pts',(147.213960179585,-170.516392436578,122.5));
#3661=CARTESIAN_POINT('Ctrl Pts',(147.213960179585,-170.516392436578,222.5));
#3662=CARTESIAN_POINT('Ctrl Pts',(147.213909251289,-169.98348362805,122.5));
#3663=CARTESIAN_POINT('Ctrl Pts',(147.213909251289,-169.98348362805,222.5));
#3664=CARTESIAN_POINT('Ctrl Pts',(147.213705706159,-167.853606887844,122.5));
#3665=CARTESIAN_POINT('Ctrl Pts',(147.213705706159,-167.853606887844,222.5));
#3666=CARTESIAN_POINT('Ctrl Pts',(147.213280078738,-163.772812016439,122.5));
#3667=CARTESIAN_POINT('Ctrl Pts',(147.213280078738,-163.772812016439,222.5));
#3668=CARTESIAN_POINT('Ctrl Pts',(147.213280078738,-157.619325225746,122.5));
#3669=CARTESIAN_POINT('Ctrl Pts',(147.213280078738,-157.619325225746,222.5));
#3670=CARTESIAN_POINT('Ctrl Pts',(147.213280078738,-149.639749155629,122.5));
#3671=CARTESIAN_POINT('Ctrl Pts',(147.213280078738,-149.639749155629,222.5));
#3672=CARTESIAN_POINT('Ctrl Pts',(147.163346773371,-138.174738321463,122.5));
#3673=CARTESIAN_POINT('Ctrl Pts',(147.163346773371,-138.174738321463,222.5));
#3674=CARTESIAN_POINT('Ctrl Pts',(146.995130812235,-122.958973394857,122.5));
#3675=CARTESIAN_POINT('Ctrl Pts',(146.995130812235,-122.958973394857,222.5));
#3676=CARTESIAN_POINT('Ctrl Pts',(146.965749970985,-120.301366050161,122.5));
#3677=CARTESIAN_POINT('Ctrl Pts',(146.965749970985,-120.301366050161,222.5));
#3678=CARTESIAN_POINT('Ctrl Pts',(146.932787092894,-117.505727669525,122.5));
#3679=CARTESIAN_POINT('Ctrl Pts',(146.932787092894,-117.505727669525,222.5));
#3680=CARTESIAN_POINT('Ctrl Pts',(146.897439557147,-114.648168019223,122.5));
#3681=CARTESIAN_POINT('Ctrl Pts',(146.897439557147,-114.648168019223,222.5));
#3682=CARTESIAN_POINT('Ctrl Pts',(146.792594460802,-106.172298046562,122.5));
#3683=CARTESIAN_POINT('Ctrl Pts',(146.792594460802,-106.172298046562,222.5));
#3684=CARTESIAN_POINT('Ctrl Pts',(146.672198827116,-97.5811590601891,122.5));
#3685=CARTESIAN_POINT('Ctrl Pts',(146.672198827116,-97.5811590601891,222.5));
#3686=CARTESIAN_POINT('Ctrl Pts',(146.55764188173,-88.9045096069831,122.5));
#3687=CARTESIAN_POINT('Ctrl Pts',(146.55764188173,-88.9045096069831,222.5));
#3688=CARTESIAN_POINT('Ctrl Pts',(146.496964455861,-84.3087450095516,122.5));
#3689=CARTESIAN_POINT('Ctrl Pts',(146.496964455861,-84.3087450095516,222.5));
#3690=CARTESIAN_POINT('Ctrl Pts',(146.438017406278,-79.690953743221,122.5));
#3691=CARTESIAN_POINT('Ctrl Pts',(146.438017406278,-79.690953743221,222.5));
#3692=CARTESIAN_POINT('Ctrl Pts',(146.384477687747,-75.0496281756915,122.5));
#3693=CARTESIAN_POINT('Ctrl Pts',(146.384477687747,-75.0496281756915,222.5));
#3694=CARTESIAN_POINT('Ctrl Pts',(146.320639958912,-69.5155743714284,122.5));
#3695=CARTESIAN_POINT('Ctrl Pts',(146.320639958912,-69.5155743714284,222.5));
#3696=CARTESIAN_POINT('Ctrl Pts',(146.262707669242,-63.8054297903822,122.5));
#3697=CARTESIAN_POINT('Ctrl Pts',(146.262707669242,-63.8054297903822,222.5));
#3698=CARTESIAN_POINT('Ctrl Pts',(146.220583049072,-57.9810695130307,122.5));
#3699=CARTESIAN_POINT('Ctrl Pts',(146.220583049072,-57.9810695130307,222.5));
#3700=CARTESIAN_POINT('Ctrl Pts',(146.213776215895,-57.0399227772467,122.5));
#3701=CARTESIAN_POINT('Ctrl Pts',(146.213776215895,-57.0399227772467,222.5));
#3702=CARTESIAN_POINT('Ctrl Pts',(146.20733791914,-56.0879233414652,122.5));
#3703=CARTESIAN_POINT('Ctrl Pts',(146.20733791914,-56.0879233414652,222.5));
#3704=CARTESIAN_POINT('Ctrl Pts',(146.201465685414,-55.1494349160074,122.5));
#3705=CARTESIAN_POINT('Ctrl Pts',(146.201465685414,-55.1494349160074,222.5));
#3706=CARTESIAN_POINT('Ctrl Pts',(146.181642759407,-51.9813752837372,122.5));
#3707=CARTESIAN_POINT('Ctrl Pts',(146.181642759407,-51.9813752837372,222.5));
#3708=CARTESIAN_POINT('Ctrl Pts',(146.173749119106,-49.995643074659,122.5));
#3709=CARTESIAN_POINT('Ctrl Pts',(146.173749119106,-49.995643074659,222.5));
#3710=CARTESIAN_POINT('Ctrl Pts',(146.168354445197,-48.5209609513284,122.5));
#3711=CARTESIAN_POINT('Ctrl Pts',(146.168354445197,-48.5209609513284,222.5));
#3712=CARTESIAN_POINT('Ctrl Pts',(146.162523219805,-46.9269435952045,122.5));
#3713=CARTESIAN_POINT('Ctrl Pts',(146.162523219805,-46.9269435952045,222.5));
#3714=CARTESIAN_POINT('Ctrl Pts',(146.105536147856,-45.9312140043501,122.5));
#3715=CARTESIAN_POINT('Ctrl Pts',(146.105536147856,-45.9312140043501,222.5));
#3716=CARTESIAN_POINT('Ctrl Pts',(146.001559269024,-44.6840646342746,122.5));
#3717=CARTESIAN_POINT('Ctrl Pts',(146.001559269024,-44.6840646342746,222.5));
#3718=CARTESIAN_POINT('Ctrl Pts',(145.948360233311,-44.045969467139,122.5));
#3719=CARTESIAN_POINT('Ctrl Pts',(145.948360233311,-44.045969467139,222.5));
#3720=CARTESIAN_POINT('Ctrl Pts',(145.871225327994,-43.2939953508777,122.5));
#3721=CARTESIAN_POINT('Ctrl Pts',(145.871225327994,-43.2939953508777,222.5));
#3722=CARTESIAN_POINT('Ctrl Pts',(145.776467779808,-42.554181681021,122.5));
#3723=CARTESIAN_POINT('Ctrl Pts',(145.776467779808,-42.554181681021,222.5));
#3724=CARTESIAN_POINT('Ctrl Pts',(145.629329934156,-41.4054120932574,122.5));
#3725=CARTESIAN_POINT('Ctrl Pts',(145.629329934156,-41.4054120932574,222.5));
#3726=CARTESIAN_POINT('Ctrl Pts',(145.4404610867,-40.2574161951257,122.5));
#3727=CARTESIAN_POINT('Ctrl Pts',(145.4404610867,-40.2574161951257,222.5));
#3728=CARTESIAN_POINT('Ctrl Pts',(145.209370293412,-39.1127756662535,122.5));
#3729=CARTESIAN_POINT('Ctrl Pts',(145.209370293412,-39.1127756662535,222.5));
#3730=CARTESIAN_POINT('Ctrl Pts',(144.538581691504,-35.7902208854131,122.5));
#3731=CARTESIAN_POINT('Ctrl Pts',(144.538581691504,-35.7902208854131,222.5));
#3732=CARTESIAN_POINT('Ctrl Pts',(143.512223688411,-32.4959371986146,122.5));
#3733=CARTESIAN_POINT('Ctrl Pts',(143.512223688411,-32.4959371986146,222.5));
#3734=CARTESIAN_POINT('Ctrl Pts',(142.118349298775,-29.2926548059618,122.5));
#3735=CARTESIAN_POINT('Ctrl Pts',(142.118349298775,-29.2926548059618,222.5));
#3736=CARTESIAN_POINT('Ctrl Pts',(139.65810812637,-23.6387398708446,122.5));
#3737=CARTESIAN_POINT('Ctrl Pts',(139.65810812637,-23.6387398708446,222.5));
#3738=CARTESIAN_POINT('Ctrl Pts',(136.051325746734,-18.2915177601029,122.5));
#3739=CARTESIAN_POINT('Ctrl Pts',(136.051325746734,-18.2915177601029,222.5));
#3740=CARTESIAN_POINT('Ctrl Pts',(131.375506568541,-13.7304264085101,122.5));
#3741=CARTESIAN_POINT('Ctrl Pts',(131.375506568541,-13.7304264085101,222.5));
#3742=CARTESIAN_POINT('Ctrl Pts',(128.894715433278,-11.3105049870563,122.5));
#3743=CARTESIAN_POINT('Ctrl Pts',(128.894715433278,-11.3105049870563,222.5));
#3744=CARTESIAN_POINT('Ctrl Pts',(126.101912914226,-9.10252082501052,122.5));
#3745=CARTESIAN_POINT('Ctrl Pts',(126.101912914226,-9.10252082501052,222.5));
#3746=CARTESIAN_POINT('Ctrl Pts',(123.070232976636,-7.20418215982511,122.5));
#3747=CARTESIAN_POINT('Ctrl Pts',(123.070232976636,-7.20418215982511,222.5));
#3748=CARTESIAN_POINT('Ctrl Pts',(117.115036357295,-3.47523311705015,122.5));
#3749=CARTESIAN_POINT('Ctrl Pts',(117.115036357295,-3.47523311705015,222.5));
#3750=CARTESIAN_POINT('Ctrl Pts',(110.247546342598,-0.888080379685757,122.5));
#3751=CARTESIAN_POINT('Ctrl Pts',(110.247546342598,-0.888080379685757,222.5));
#3752=CARTESIAN_POINT('Ctrl Pts',(102.591633595637,0.0457222451506281,122.5));
#3753=CARTESIAN_POINT('Ctrl Pts',(102.591633595637,0.0457222451506281,222.5));
#3754=CARTESIAN_POINT('Ctrl Pts',(101.94447395038,0.124657232447695,122.5));
#3755=CARTESIAN_POINT('Ctrl Pts',(101.94447395038,0.124657232447695,222.5));
#3756=CARTESIAN_POINT('Ctrl Pts',(101.324633223674,0.187007952982149,122.5));
#3757=CARTESIAN_POINT('Ctrl Pts',(101.324633223674,0.187007952982149,222.5));
#3758=CARTESIAN_POINT('Ctrl Pts',(100.769982428542,0.234116063314997,122.5));
#3759=CARTESIAN_POINT('Ctrl Pts',(100.769982428542,0.234116063314997,222.5));
#3760=CARTESIAN_POINT('Ctrl Pts',(99.2761916654828,0.360988071248546,122.5));
#3761=CARTESIAN_POINT('Ctrl Pts',(99.2761916654828,0.360988071248546,222.5));
#3762=CARTESIAN_POINT('Ctrl Pts',(98.0524042970499,0.435656105073154,122.5));
#3763=CARTESIAN_POINT('Ctrl Pts',(98.0524042970499,0.435656105073154,222.5));
#3764=CARTESIAN_POINT('Ctrl Pts',(95.930341231743,0.409422189745659,122.5));
#3765=CARTESIAN_POINT('Ctrl Pts',(95.930341231743,0.409422189745659,222.5));
#3766=CARTESIAN_POINT('Ctrl Pts',(93.8700459906988,0.383951876545824,122.5));
#3767=CARTESIAN_POINT('Ctrl Pts',(93.8700459906988,0.383951876545824,222.5));
#3768=CARTESIAN_POINT('Ctrl Pts',(90.9640672682983,0.349192460792002,122.5));
#3769=CARTESIAN_POINT('Ctrl Pts',(90.9640672682983,0.349192460792002,222.5));
#3770=CARTESIAN_POINT('Ctrl Pts',(86.1457591534621,0.315943224796729,122.5));
#3771=CARTESIAN_POINT('Ctrl Pts',(86.1457591534621,0.315943224796729,222.5));
#3772=CARTESIAN_POINT('Ctrl Pts',(85.0765574918074,0.308565087590137,122.5));
#3773=CARTESIAN_POINT('Ctrl Pts',(85.0765574918074,0.308565087590137,222.5));
#3774=CARTESIAN_POINT('Ctrl Pts',(83.8818960361233,0.301252273237901,122.5));
#3775=CARTESIAN_POINT('Ctrl Pts',(83.8818960361233,0.301252273237901,222.5));
#3776=CARTESIAN_POINT('Ctrl Pts',(82.6610207031908,0.294926061414131,122.5));
#3777=CARTESIAN_POINT('Ctrl Pts',(82.6610207031908,0.294926061414131,222.5));
#3778=CARTESIAN_POINT('Ctrl Pts',(80.7862701087207,0.285211663016984,122.5));
#3779=CARTESIAN_POINT('Ctrl Pts',(80.7862701087207,0.285211663016984,222.5));
#3780=CARTESIAN_POINT('Ctrl Pts',(78.9068428955507,0.277983968239946,122.5));
#3781=CARTESIAN_POINT('Ctrl Pts',(78.9068428955507,0.277983968239946,222.5));
#3782=CARTESIAN_POINT('Ctrl Pts',(77.0226693257907,0.272983276690004,122.5));
#3783=CARTESIAN_POINT('Ctrl Pts',(77.0226693257907,0.272983276690004,222.5));
#3784=CARTESIAN_POINT('Ctrl Pts',(74.142450186492,0.265339030032992,122.5));
#3785=CARTESIAN_POINT('Ctrl Pts',(74.142450186492,0.265339030032992,222.5));
#3786=CARTESIAN_POINT('Ctrl Pts',(71.2511400308018,0.26290129550638,122.5));
#3787=CARTESIAN_POINT('Ctrl Pts',(71.2511400308018,0.26290129550638,222.5));
#3788=CARTESIAN_POINT('Ctrl Pts',(68.3484919306049,0.264698333381035,122.5));
#3789=CARTESIAN_POINT('Ctrl Pts',(68.3484919306049,0.264698333381035,222.5));
#3790=CARTESIAN_POINT('Ctrl Pts',(55.2820565481652,0.272787801500636,122.5));
#3791=CARTESIAN_POINT('Ctrl Pts',(55.2820565481652,0.272787801500636,222.5));
#3792=CARTESIAN_POINT('Ctrl Pts',(41.9858903606564,0.368540912112409,122.5));
#3793=CARTESIAN_POINT('Ctrl Pts',(41.9858903606564,0.368540912112409,222.5));
#3794=CARTESIAN_POINT('Ctrl Pts',(28.4374757797474,0.449300519596674,122.5));
#3795=CARTESIAN_POINT('Ctrl Pts',(28.4374757797474,0.449300519596674,222.5));
#3796=CARTESIAN_POINT('Ctrl Pts',(26.0471342802715,0.463548905642008,122.5));
#3797=CARTESIAN_POINT('Ctrl Pts',(26.0471342802715,0.463548905642008,222.5));
#3798=CARTESIAN_POINT('Ctrl Pts',(23.6256047856831,0.477391019255387,122.5));
#3799=CARTESIAN_POINT('Ctrl Pts',(23.6256047856831,0.477391019255387,222.5));
#3800=CARTESIAN_POINT('Ctrl Pts',(21.2484653797475,0.489796502159313,122.5));
#3801=CARTESIAN_POINT('Ctrl Pts',(21.2484653797475,0.489796502159313,222.5));
#3802=CARTESIAN_POINT('Ctrl Pts',(17.7447564210664,0.508081168796332,122.5));
#3803=CARTESIAN_POINT('Ctrl Pts',(17.7447564210664,0.508081168796332,222.5));
#3804=CARTESIAN_POINT('Ctrl Pts',(14.4632455617755,0.522581093343613,122.5));
#3805=CARTESIAN_POINT('Ctrl Pts',(14.4632455617755,0.522581093343613,222.5));
#3806=CARTESIAN_POINT('Ctrl Pts',(11.3504899837638,0.533003456032805,122.5));
#3807=CARTESIAN_POINT('Ctrl Pts',(11.3504899837638,0.533003456032805,222.5));
#3808=CARTESIAN_POINT('Ctrl Pts',(7.32307064368199,0.546488364825615,122.5));
#3809=CARTESIAN_POINT('Ctrl Pts',(7.32307064368199,0.546488364825615,222.5));
#3810=CARTESIAN_POINT('Ctrl Pts',(3.57815286060627,0.553217257121262,122.5));
#3811=CARTESIAN_POINT('Ctrl Pts',(3.57815286060627,0.553217257121262,222.5));
#3812=CARTESIAN_POINT('Ctrl Pts',(-3.5527136788005E-14,0.553217257121263,
122.5));
#3813=CARTESIAN_POINT('Ctrl Pts',(-3.5527136788005E-14,0.553217257121263,
222.5));
#3814=CARTESIAN_POINT('Ctrl Pts',(-11.743986615314,0.553217257121263,122.5));
#3815=CARTESIAN_POINT('Ctrl Pts',(-11.743986615314,0.553217257121263,222.5));
#3816=CARTESIAN_POINT('Ctrl Pts',(-21.6914784984837,0.491429293214914,122.5));
#3817=CARTESIAN_POINT('Ctrl Pts',(-21.6914784984837,0.491429293214914,222.5));
#3818=CARTESIAN_POINT('Ctrl Pts',(-33.9346998709869,0.415797791516478,122.5));
#3819=CARTESIAN_POINT('Ctrl Pts',(-33.9346998709869,0.415797791516478,222.5));
#3820=CARTESIAN_POINT('Ctrl Pts',(-36.8423436462859,0.3978360591881,122.5));
#3821=CARTESIAN_POINT('Ctrl Pts',(-36.8423436462859,0.3978360591881,222.5));
#3822=CARTESIAN_POINT('Ctrl Pts',(-39.9275199594811,0.378594971735643,122.5));
#3823=CARTESIAN_POINT('Ctrl Pts',(-39.9275199594811,0.378594971735643,222.5));
#3824=CARTESIAN_POINT('Ctrl Pts',(-43.0266626515038,0.360411233497803,122.5));
#3825=CARTESIAN_POINT('Ctrl Pts',(-43.0266626515038,0.360411233497803,222.5));
#3826=CARTESIAN_POINT('Ctrl Pts',(-49.1460959836057,0.324506409185815,122.5));
#3827=CARTESIAN_POINT('Ctrl Pts',(-49.1460959836057,0.324506409185815,222.5));
#3828=CARTESIAN_POINT('Ctrl Pts',(-55.367039257967,0.292292199800917,122.5));
#3829=CARTESIAN_POINT('Ctrl Pts',(-55.367039257967,0.292292199800917,222.5));
#3830=CARTESIAN_POINT('Ctrl Pts',(-61.7064444449559,0.275693896663416,122.5));
#3831=CARTESIAN_POINT('Ctrl Pts',(-61.7064444449559,0.275693896663416,222.5));
#3832=CARTESIAN_POINT('Ctrl Pts',(-69.3959786933343,0.25556058499204,122.5));
#3833=CARTESIAN_POINT('Ctrl Pts',(-69.3959786933343,0.25556058499204,222.5));
#3834=CARTESIAN_POINT('Ctrl Pts',(-77.2624252379194,0.257599514523515,122.5));
#3835=CARTESIAN_POINT('Ctrl Pts',(-77.2624252379194,0.257599514523515,222.5));
#3836=CARTESIAN_POINT('Ctrl Pts',(-85.4631659016881,0.311351302049689,122.5));
#3837=CARTESIAN_POINT('Ctrl Pts',(-85.4631659016881,0.311351302049689,222.5));
#3838=CARTESIAN_POINT('Ctrl Pts',(-86.4472801473845,0.317801682814668,122.5));
#3839=CARTESIAN_POINT('Ctrl Pts',(-86.4472801473845,0.317801682814668,222.5));
#3840=CARTESIAN_POINT('Ctrl Pts',(-87.4663472222741,0.325267339919415,122.5));
#3841=CARTESIAN_POINT('Ctrl Pts',(-87.4663472222741,0.325267339919415,222.5));
#3842=CARTESIAN_POINT('Ctrl Pts',(-88.4135685771932,0.33292399357319,122.5));
#3843=CARTESIAN_POINT('Ctrl Pts',(-88.4135685771932,0.33292399357319,222.5));
#3844=CARTESIAN_POINT('Ctrl Pts',(-89.8628415651025,0.344638870207429,122.5));
#3845=CARTESIAN_POINT('Ctrl Pts',(-89.8628415651025,0.344638870207429,222.5));
#3846=CARTESIAN_POINT('Ctrl Pts',(-91.0833747269878,0.356125719443777,122.5));
#3847=CARTESIAN_POINT('Ctrl Pts',(-91.0833747269878,0.356125719443777,222.5));
#3848=CARTESIAN_POINT('Ctrl Pts',(-92.1275471270504,0.366701925997634,122.5));
#3849=CARTESIAN_POINT('Ctrl Pts',(-92.1275471270504,0.366701925997634,222.5));
#3850=CARTESIAN_POINT('Ctrl Pts',(-93.7591812994008,0.383228411495696,122.5));
#3851=CARTESIAN_POINT('Ctrl Pts',(-93.7591812994008,0.383228411495696,222.5));
#3852=CARTESIAN_POINT('Ctrl Pts',(-94.9601354585041,0.397428061709836,122.5));
#3853=CARTESIAN_POINT('Ctrl Pts',(-94.9601354585041,0.397428061709836,222.5));
#3854=CARTESIAN_POINT('Ctrl Pts',(-95.930341231743,0.409422189745662,122.5));
#3855=CARTESIAN_POINT('Ctrl Pts',(-95.930341231743,0.409422189745662,222.5));
#3856=CARTESIAN_POINT('Ctrl Pts',(-97.4500765990623,0.428209854258672,122.5));
#3857=CARTESIAN_POINT('Ctrl Pts',(-97.4500765990623,0.428209854258672,222.5));
#3858=CARTESIAN_POINT('Ctrl Pts',(-98.4033454784687,0.392081270280126,122.5));
#3859=CARTESIAN_POINT('Ctrl Pts',(-98.4033454784687,0.392081270280126,222.5));
#3860=CARTESIAN_POINT('Ctrl Pts',(-99.5594653696412,0.322131368931516,122.5));
#3861=CARTESIAN_POINT('Ctrl Pts',(-99.5594653696412,0.322131368931516,222.5));
#3862=CARTESIAN_POINT('Ctrl Pts',(-100.130737774594,0.287567091753375,122.5));
#3863=CARTESIAN_POINT('Ctrl Pts',(-100.130737774594,0.287567091753375,222.5));
#3864=CARTESIAN_POINT('Ctrl Pts',(-100.794597475754,0.236557600612429,122.5));
#3865=CARTESIAN_POINT('Ctrl Pts',(-100.794597475754,0.236557600612429,222.5));
#3866=CARTESIAN_POINT('Ctrl Pts',(-101.463612202294,0.170331651396674,122.5));
#3867=CARTESIAN_POINT('Ctrl Pts',(-101.463612202294,0.170331651396674,222.5));
#3868=CARTESIAN_POINT('Ctrl Pts',(-102.602498045416,0.0575930329223624,
122.5));
#3869=CARTESIAN_POINT('Ctrl Pts',(-102.602498045416,0.0575930329223624,
222.5));
#3870=CARTESIAN_POINT('Ctrl Pts',(-103.742169151044,-0.0947301723162043,
122.5));
#3871=CARTESIAN_POINT('Ctrl Pts',(-103.742169151044,-0.0947301723162043,
222.5));
#3872=CARTESIAN_POINT('Ctrl Pts',(-104.880165713533,-0.287280600516498,
122.5));
#3873=CARTESIAN_POINT('Ctrl Pts',(-104.880165713533,-0.287280600516498,
222.5));
#3874=CARTESIAN_POINT('Ctrl Pts',(-108.039524595054,-0.821848037297596,
122.5));
#3875=CARTESIAN_POINT('Ctrl Pts',(-108.039524595054,-0.821848037297596,
222.5));
#3876=CARTESIAN_POINT('Ctrl Pts',(-111.185946100071,-1.66636062530024,122.5));
#3877=CARTESIAN_POINT('Ctrl Pts',(-111.185946100071,-1.66636062530024,222.5));
#3878=CARTESIAN_POINT('Ctrl Pts',(-114.267264736595,-2.8341881348848,122.5));
#3879=CARTESIAN_POINT('Ctrl Pts',(-114.267264736595,-2.8341881348848,222.5));
#3880=CARTESIAN_POINT('Ctrl Pts',(-120.429902009645,-5.16984315405394,122.5));
#3881=CARTESIAN_POINT('Ctrl Pts',(-120.429902009645,-5.16984315405394,222.5));
#3882=CARTESIAN_POINT('Ctrl Pts',(-126.341658616608,-8.82009102474048,122.5));
#3883=CARTESIAN_POINT('Ctrl Pts',(-126.341658616608,-8.82009102474048,222.5));
#3884=CARTESIAN_POINT('Ctrl Pts',(-131.375506568541,-13.7304264085102,122.5));
#3885=CARTESIAN_POINT('Ctrl Pts',(-131.375506568541,-13.7304264085102,222.5));
#3886=CARTESIAN_POINT('Ctrl Pts',(-134.035640903524,-16.3252905910155,122.5));
#3887=CARTESIAN_POINT('Ctrl Pts',(-134.035640903524,-16.3252905910155,222.5));
#3888=CARTESIAN_POINT('Ctrl Pts',(-136.459080543022,-19.2846901985394,122.5));
#3889=CARTESIAN_POINT('Ctrl Pts',(-136.459080543022,-19.2846901985394,222.5));
#3890=CARTESIAN_POINT('Ctrl Pts',(-138.524969362174,-22.5321051874965,122.5));
#3891=CARTESIAN_POINT('Ctrl Pts',(-138.524969362174,-22.5321051874965,222.5));
#3892=CARTESIAN_POINT('Ctrl Pts',(-142.085010980376,-28.1282110403801,122.5));
#3893=CARTESIAN_POINT('Ctrl Pts',(-142.085010980376,-28.1282110403801,222.5));
#3894=CARTESIAN_POINT('Ctrl Pts',(-144.622322831541,-34.5566469760816,122.5));
#3895=CARTESIAN_POINT('Ctrl Pts',(-144.622322831541,-34.5566469760816,222.5));
#3896=CARTESIAN_POINT('Ctrl Pts',(-145.666281244911,-41.7476657625775,122.5));
#3897=CARTESIAN_POINT('Ctrl Pts',(-145.666281244911,-41.7476657625775,222.5));
#3898=CARTESIAN_POINT('Ctrl Pts',(-145.787881863947,-42.5852779938104,122.5));
#3899=CARTESIAN_POINT('Ctrl Pts',(-145.787881863947,-42.5852779938104,222.5));
#3900=CARTESIAN_POINT('Ctrl Pts',(-145.891467851829,-43.4775687611184,122.5));
#3901=CARTESIAN_POINT('Ctrl Pts',(-145.891467851829,-43.4775687611184,222.5));
#3902=CARTESIAN_POINT('Ctrl Pts',(-145.960295207259,-44.216512519194,122.5));
#3903=CARTESIAN_POINT('Ctrl Pts',(-145.960295207259,-44.216512519194,222.5));
#3904=CARTESIAN_POINT('Ctrl Pts',(-146.082340946698,-45.5268191086943,122.5));
#3905=CARTESIAN_POINT('Ctrl Pts',(-146.082340946698,-45.5268191086943,222.5));
#3906=CARTESIAN_POINT('Ctrl Pts',(-146.161021502618,-46.5164358373896,122.5));
#3907=CARTESIAN_POINT('Ctrl Pts',(-146.161021502618,-46.5164358373896,222.5));
#3908=CARTESIAN_POINT('Ctrl Pts',(-146.168354445197,-48.5209609513285,122.5));
#3909=CARTESIAN_POINT('Ctrl Pts',(-146.168354445197,-48.5209609513285,222.5));
#3910=CARTESIAN_POINT('Ctrl Pts',(-146.174507970557,-50.2030818723217,122.5));
#3911=CARTESIAN_POINT('Ctrl Pts',(-146.174507970557,-50.2030818723217,222.5));
#3912=CARTESIAN_POINT('Ctrl Pts',(-146.183980527488,-52.5984258695715,122.5));
#3913=CARTESIAN_POINT('Ctrl Pts',(-146.183980527488,-52.5984258695715,222.5));
#3914=CARTESIAN_POINT('Ctrl Pts',(-146.210202543812,-56.4945652551696,122.5));
#3915=CARTESIAN_POINT('Ctrl Pts',(-146.210202543812,-56.4945652551696,222.5));
#3916=CARTESIAN_POINT('Ctrl Pts',(-146.218718436305,-57.7598800095189,122.5));
#3917=CARTESIAN_POINT('Ctrl Pts',(-146.218718436305,-57.7598800095189,222.5));
#3918=CARTESIAN_POINT('Ctrl Pts',(-146.229573833972,-59.2335716987149,122.5));
#3919=CARTESIAN_POINT('Ctrl Pts',(-146.229573833972,-59.2335716987149,222.5));
#3920=CARTESIAN_POINT('Ctrl Pts',(-146.241283546942,-60.6809592653822,122.5));
#3921=CARTESIAN_POINT('Ctrl Pts',(-146.241283546942,-60.6809592653822,222.5));
#3922=CARTESIAN_POINT('Ctrl Pts',(-146.289049643307,-66.5851222591384,122.5));
#3923=CARTESIAN_POINT('Ctrl Pts',(-146.289049643307,-66.5851222591384,222.5));
#3924=CARTESIAN_POINT('Ctrl Pts',(-146.353528134737,-72.5810397604562,122.5));
#3925=CARTESIAN_POINT('Ctrl Pts',(-146.353528134737,-72.5810397604562,222.5));
#3926=CARTESIAN_POINT('Ctrl Pts',(-146.42729929606,-78.6670900494487,122.5));
#3927=CARTESIAN_POINT('Ctrl Pts',(-146.42729929606,-78.6670900494487,222.5));
#3928=CARTESIAN_POINT('Ctrl Pts',(-146.574841618705,-90.839190627434,122.5));
#3929=CARTESIAN_POINT('Ctrl Pts',(-146.574841618705,-90.839190627434,222.5));
#3930=CARTESIAN_POINT('Ctrl Pts',(-146.760543854267,-103.371800977418,122.5));
#3931=CARTESIAN_POINT('Ctrl Pts',(-146.760543854267,-103.371800977418,222.5));
#3932=CARTESIAN_POINT('Ctrl Pts',(-146.917109819371,-116.252038726164,122.5));
#3933=CARTESIAN_POINT('Ctrl Pts',(-146.917109819371,-116.252038726164,222.5));
#3934=CARTESIAN_POINT('Ctrl Pts',(-146.952513887891,-119.164630996776,122.5));
#3935=CARTESIAN_POINT('Ctrl Pts',(-146.952513887891,-119.164630996776,222.5));
#3936=CARTESIAN_POINT('Ctrl Pts',(-146.986834919022,-122.146605507952,122.5));
#3937=CARTESIAN_POINT('Ctrl Pts',(-146.986834919022,-122.146605507952,222.5));
#3938=CARTESIAN_POINT('Ctrl Pts',(-147.01628998201,-124.906051698217,122.5));
#3939=CARTESIAN_POINT('Ctrl Pts',(-147.01628998201,-124.906051698217,222.5));
#3940=CARTESIAN_POINT('Ctrl Pts',(-147.045722763323,-127.663410468611,122.5));
#3941=CARTESIAN_POINT('Ctrl Pts',(-147.045722763323,-127.663410468611,222.5));
#3942=CARTESIAN_POINT('Ctrl Pts',(-147.071052172572,-130.25255280657,122.5));
#3943=CARTESIAN_POINT('Ctrl Pts',(-147.071052172572,-130.25255280657,222.5));
#3944=CARTESIAN_POINT('Ctrl Pts',(-147.092981372815,-132.727088624951,122.5));
#3945=CARTESIAN_POINT('Ctrl Pts',(-147.092981372815,-132.727088624951,222.5));
#3946=CARTESIAN_POINT('Ctrl Pts',(-147.172306387164,-141.67828552774,122.5));
#3947=CARTESIAN_POINT('Ctrl Pts',(-147.172306387164,-141.67828552774,222.5));
#3948=CARTESIAN_POINT('Ctrl Pts',(-147.213280078738,-149.129885326662,122.5));
#3949=CARTESIAN_POINT('Ctrl Pts',(-147.213280078738,-149.129885326662,222.5));
#3950=CARTESIAN_POINT('Ctrl Pts',(-147.213280078738,-157.619325225746,122.5));
#3951=CARTESIAN_POINT('Ctrl Pts',(-147.213280078738,-157.619325225746,222.5));
#3952=CARTESIAN_POINT('Ctrl Pts',(-147.213280078738,-162.104150186606,122.5));
#3953=CARTESIAN_POINT('Ctrl Pts',(-147.213280078738,-162.104150186606,222.5));
#3954=CARTESIAN_POINT('Ctrl Pts',(-147.213548322506,-166.878596110988,122.5));
#3955=CARTESIAN_POINT('Ctrl Pts',(-147.213548322506,-166.878596110988,222.5));
#3956=CARTESIAN_POINT('Ctrl Pts',(-147.214149862724,-172.316789506883,122.5));
#3957=CARTESIAN_POINT('Ctrl Pts',(-147.214149862724,-172.316789506883,222.5));
#3958=CARTESIAN_POINT('Ctrl Pts',(-147.214302063105,-173.692749221343,122.5));
#3959=CARTESIAN_POINT('Ctrl Pts',(-147.214302063105,-173.692749221343,222.5));
#3960=CARTESIAN_POINT('Ctrl Pts',(-147.214474809582,-175.096067064731,122.5));
#3961=CARTESIAN_POINT('Ctrl Pts',(-147.214474809582,-175.096067064731,222.5));
#3962=CARTESIAN_POINT('Ctrl Pts',(-147.214679254833,-176.580124876696,122.5));
#3963=CARTESIAN_POINT('Ctrl Pts',(-147.214679254833,-176.580124876696,222.5));
#3964=CARTESIAN_POINT('Ctrl Pts',(-147.214921310538,-178.33719508869,122.5));
#3965=CARTESIAN_POINT('Ctrl Pts',(-147.214921310538,-178.33719508869,222.5));
#3966=CARTESIAN_POINT('Ctrl Pts',(-147.215223762701,-180.320095040926,122.5));
#3967=CARTESIAN_POINT('Ctrl Pts',(-147.215223762701,-180.320095040926,222.5));
#3968=CARTESIAN_POINT('Ctrl Pts',(-147.215606077429,-182.475301951326,122.5));
#3969=CARTESIAN_POINT('Ctrl Pts',(-147.215606077429,-182.475301951326,222.5));
#3970=CARTESIAN_POINT('Ctrl Pts',(-147.217587541051,-193.645324368809,122.5));
#3971=CARTESIAN_POINT('Ctrl Pts',(-147.217587541051,-193.645324368809,222.5));
#3972=CARTESIAN_POINT('Ctrl Pts',(-147.2217089134,-209.443769035568,122.5));
#3973=CARTESIAN_POINT('Ctrl Pts',(-147.2217089134,-209.443769035568,222.5));
#3974=CARTESIAN_POINT('Ctrl Pts',(-147.232797796805,-222.419303587042,122.5));
#3975=CARTESIAN_POINT('Ctrl Pts',(-147.232797796805,-222.419303587042,222.5));
#3976=CARTESIAN_POINT('Ctrl Pts',(-147.236415800925,-226.652871182942,122.5));
#3977=CARTESIAN_POINT('Ctrl Pts',(-147.236415800925,-226.652871182942,222.5));
#3978=CARTESIAN_POINT('Ctrl Pts',(-147.240637680483,-230.530317900096,122.5));
#3979=CARTESIAN_POINT('Ctrl Pts',(-147.240637680483,-230.530317900096,222.5));
#3980=CARTESIAN_POINT('Ctrl Pts',(-147.245246792599,-234.020961926736,122.5));
#3981=CARTESIAN_POINT('Ctrl Pts',(-147.245246792599,-234.020961926736,222.5));
#3982=CARTESIAN_POINT('Ctrl Pts',(-147.278108999608,-258.908676461201,122.5));
#3983=CARTESIAN_POINT('Ctrl Pts',(-147.278108999608,-258.908676461201,222.5));
#3984=CARTESIAN_POINT('Ctrl Pts',(-147.318158004964,-265.228900404309,122.5));
#3985=CARTESIAN_POINT('Ctrl Pts',(-147.318158004964,-265.228900404309,222.5));
#3986=CARTESIAN_POINT('Ctrl Pts',(-147.328259879388,-267.757649405689,122.5));
#3987=CARTESIAN_POINT('Ctrl Pts',(-147.328259879388,-267.757649405689,222.5));
#3988=CARTESIAN_POINT('Ctrl Pts',(-147.329421376197,-268.048400782462,122.5));
#3989=CARTESIAN_POINT('Ctrl Pts',(-147.329421376197,-268.048400782462,222.5));
#3990=CARTESIAN_POINT('Ctrl Pts',(-147.327940418766,-268.289032477194,122.5));
#3991=CARTESIAN_POINT('Ctrl Pts',(-147.327940418766,-268.289032477194,222.5));
#3992=CARTESIAN_POINT('Ctrl Pts',(-147.325524204202,-268.501994690499,122.5));
#3993=CARTESIAN_POINT('Ctrl Pts',(-147.325524204202,-268.501994690499,222.5));
#3994=CARTESIAN_POINT('Ctrl Pts',(-147.319912286769,-268.996622268302,122.5));
#3995=CARTESIAN_POINT('Ctrl Pts',(-147.319912286769,-268.996622268302,222.5));
#3996=CARTESIAN_POINT('Ctrl Pts',(-147.309531175484,-269.376364000559,122.5));
#3997=CARTESIAN_POINT('Ctrl Pts',(-147.309531175484,-269.376364000559,222.5));
#3998=CARTESIAN_POINT('Ctrl Pts',(-147.293617478062,-269.79495539543,122.5));
#3999=CARTESIAN_POINT('Ctrl Pts',(-147.293617478062,-269.79495539543,222.5));
#4000=CARTESIAN_POINT('Ctrl Pts',(-147.270852128253,-270.393771577439,122.5));
#4001=CARTESIAN_POINT('Ctrl Pts',(-147.270852128253,-270.393771577439,222.5));
#4002=CARTESIAN_POINT('Ctrl Pts',(-147.236940937385,-270.99357597189,122.5));
#4003=CARTESIAN_POINT('Ctrl Pts',(-147.236940937385,-270.99357597189,222.5));
#4004=CARTESIAN_POINT('Ctrl Pts',(-147.191744007829,-271.594018692135,122.5));
#4005=CARTESIAN_POINT('Ctrl Pts',(-147.191744007829,-271.594018692135,222.5));
#4006=CARTESIAN_POINT('Ctrl Pts',(-147.101350148715,-272.794904132626,122.5));
#4007=CARTESIAN_POINT('Ctrl Pts',(-147.101350148715,-272.794904132626,222.5));
#4008=CARTESIAN_POINT('Ctrl Pts',(-146.965811953133,-273.998341309191,122.5));
#4009=CARTESIAN_POINT('Ctrl Pts',(-146.965811953133,-273.998341309191,222.5));
#4010=CARTESIAN_POINT('Ctrl Pts',(-146.784047267079,-275.201545417366,122.5));
#4011=CARTESIAN_POINT('Ctrl Pts',(-146.784047267079,-275.201545417366,222.5));
#4012=CARTESIAN_POINT('Ctrl Pts',(-146.42051789497,-277.607953633717,122.5));
#4013=CARTESIAN_POINT('Ctrl Pts',(-146.42051789497,-277.607953633717,222.5));
#4014=CARTESIAN_POINT('Ctrl Pts',(-145.872172285335,-280.013437142628,122.5));
#4015=CARTESIAN_POINT('Ctrl Pts',(-145.872172285335,-280.013437142628,222.5));
#4016=CARTESIAN_POINT('Ctrl Pts',(-145.130028444386,-282.395863105437,122.5));
#4017=CARTESIAN_POINT('Ctrl Pts',(-145.130028444386,-282.395863105437,222.5));
#4018=CARTESIAN_POINT('Ctrl Pts',(-143.726872621757,-286.900265995074,122.5));
#4019=CARTESIAN_POINT('Ctrl Pts',(-143.726872621757,-286.900265995074,222.5));
#4020=CARTESIAN_POINT('Ctrl Pts',(-141.617262490489,-291.333011877132,122.5));
#4021=CARTESIAN_POINT('Ctrl Pts',(-141.617262490489,-291.333011877132,222.5));
#4022=CARTESIAN_POINT('Ctrl Pts',(-138.820864972655,-295.423258437632,122.5));
#4023=CARTESIAN_POINT('Ctrl Pts',(-138.820864972655,-295.423258437632,222.5));
#4024=CARTESIAN_POINT('Ctrl Pts',(-133.995623420888,-302.481063179208,122.5));
#4025=CARTESIAN_POINT('Ctrl Pts',(-133.995623420888,-302.481063179208,222.5));
#4026=CARTESIAN_POINT('Ctrl Pts',(-127.037658387576,-308.597208360844,122.5));
#4027=CARTESIAN_POINT('Ctrl Pts',(-127.037658387576,-308.597208360844,222.5));
#4028=CARTESIAN_POINT('Ctrl Pts',(-118.498016149362,-312.484075075696,122.5));
#4029=CARTESIAN_POINT('Ctrl Pts',(-118.498016149362,-312.484075075696,222.5));
#4030=CARTESIAN_POINT('Ctrl Pts',(-112.331135549415,-315.290965841112,122.5));
#4031=CARTESIAN_POINT('Ctrl Pts',(-112.331135549415,-315.290965841112,222.5));
#4032=CARTESIAN_POINT('Ctrl Pts',(-105.386539379836,-316.921932728243,122.5));
#4033=CARTESIAN_POINT('Ctrl Pts',(-105.386539379836,-316.921932728243,222.5));
#4034=CARTESIAN_POINT('Ctrl Pts',(-98.111448337117,-316.976005399906,122.5));
#4035=CARTESIAN_POINT('Ctrl Pts',(-98.111448337117,-316.976005399906,222.5));
#4036=CARTESIAN_POINT('Ctrl Pts',(-97.6597360993719,-316.979362785728,122.5));
#4037=CARTESIAN_POINT('Ctrl Pts',(-97.6597360993719,-316.979362785728,222.5));
#4038=CARTESIAN_POINT('Ctrl Pts',(-97.2578214889888,-316.97921024069,122.5));
#4039=CARTESIAN_POINT('Ctrl Pts',(-97.2578214889888,-316.97921024069,222.5));
#4040=CARTESIAN_POINT('Ctrl Pts',(-96.6157670483374,-316.964926712699,122.5));
#4041=CARTESIAN_POINT('Ctrl Pts',(-96.6157670483374,-316.964926712699,222.5));
#4042=CARTESIAN_POINT('Ctrl Pts',(-93.2829807473501,-316.890783550675,122.5));
#4043=CARTESIAN_POINT('Ctrl Pts',(-93.2829807473501,-316.890783550675,222.5));
#4044=CARTESIAN_POINT('Ctrl Pts',(-84.6051042639272,-316.681797379096,122.5));
#4045=CARTESIAN_POINT('Ctrl Pts',(-84.6051042639272,-316.681797379096,222.5));
#4046=CARTESIAN_POINT('Ctrl Pts',(-67.6303401279854,-316.395912264785,122.5));
#4047=CARTESIAN_POINT('Ctrl Pts',(-67.6303401279854,-316.395912264785,222.5));
#4048=CARTESIAN_POINT('Ctrl Pts',(-45.7163091433207,-316.026841142328,122.5));
#4049=CARTESIAN_POINT('Ctrl Pts',(-45.7163091433207,-316.026841142328,222.5));
#4050=CARTESIAN_POINT('Ctrl Pts',(-23.5011286700522,-315.791867708613,122.5));
#4051=CARTESIAN_POINT('Ctrl Pts',(-23.5011286700522,-315.791867708613,222.5));
#4052=CARTESIAN_POINT('Ctrl Pts',(8.21565038222616E-14,-315.791867708613,
122.5));
#4053=CARTESIAN_POINT('Ctrl Pts',(8.21565038222616E-14,-315.791867708613,
222.5));
#4054=CARTESIAN_POINT('',(0.,-315.791867708613,122.5));
#4055=CARTESIAN_POINT('Ctrl Pts',(-1.95399252334028E-13,-315.791867708613,
122.5));
#4056=CARTESIAN_POINT('Ctrl Pts',(-23.5011286700523,-315.791867708613,122.5));
#4057=CARTESIAN_POINT('Ctrl Pts',(-45.7163091433208,-316.026841142328,122.5));
#4058=CARTESIAN_POINT('Ctrl Pts',(-67.6303401279854,-316.395912264785,122.5));
#4059=CARTESIAN_POINT('Ctrl Pts',(-84.6051042639272,-316.681797379096,122.5));
#4060=CARTESIAN_POINT('Ctrl Pts',(-93.2829807473501,-316.890783550675,122.5));
#4061=CARTESIAN_POINT('Ctrl Pts',(-96.6157670483374,-316.964926712699,122.5));
#4062=CARTESIAN_POINT('Ctrl Pts',(-97.2578214889888,-316.97921024069,122.5));
#4063=CARTESIAN_POINT('Ctrl Pts',(-97.6597360993719,-316.979362785728,122.5));
#4064=CARTESIAN_POINT('Ctrl Pts',(-98.111448337117,-316.976005399906,122.5));
#4065=CARTESIAN_POINT('Ctrl Pts',(-105.386539379836,-316.921932728243,122.5));
#4066=CARTESIAN_POINT('Ctrl Pts',(-112.331135549415,-315.290965841112,122.5));
#4067=CARTESIAN_POINT('Ctrl Pts',(-118.498016149362,-312.484075075696,122.5));
#4068=CARTESIAN_POINT('Ctrl Pts',(-127.037658387576,-308.597208360844,122.5));
#4069=CARTESIAN_POINT('Ctrl Pts',(-133.995623420888,-302.481063179208,122.5));
#4070=CARTESIAN_POINT('Ctrl Pts',(-138.820864972655,-295.423258437632,122.5));
#4071=CARTESIAN_POINT('Ctrl Pts',(-141.617262490489,-291.333011877132,122.5));
#4072=CARTESIAN_POINT('Ctrl Pts',(-143.726872621757,-286.900265995074,122.5));
#4073=CARTESIAN_POINT('Ctrl Pts',(-145.130028444386,-282.395863105437,122.5));
#4074=CARTESIAN_POINT('Ctrl Pts',(-145.872172285335,-280.013437142628,122.5));
#4075=CARTESIAN_POINT('Ctrl Pts',(-146.42051789497,-277.607953633717,122.5));
#4076=CARTESIAN_POINT('Ctrl Pts',(-146.784047267079,-275.201545417366,122.5));
#4077=CARTESIAN_POINT('Ctrl Pts',(-146.965811953133,-273.998341309191,122.5));
#4078=CARTESIAN_POINT('Ctrl Pts',(-147.101350148715,-272.794904132626,122.5));
#4079=CARTESIAN_POINT('Ctrl Pts',(-147.191744007829,-271.594018692135,122.5));
#4080=CARTESIAN_POINT('Ctrl Pts',(-147.236940937385,-270.99357597189,122.5));
#4081=CARTESIAN_POINT('Ctrl Pts',(-147.270852128253,-270.393771577439,122.5));
#4082=CARTESIAN_POINT('Ctrl Pts',(-147.293617478062,-269.79495539543,122.5));
#4083=CARTESIAN_POINT('Ctrl Pts',(-147.309531175484,-269.376364000559,122.5));
#4084=CARTESIAN_POINT('Ctrl Pts',(-147.319912286769,-268.996622268302,122.5));
#4085=CARTESIAN_POINT('Ctrl Pts',(-147.325524204202,-268.501994690499,122.5));
#4086=CARTESIAN_POINT('Ctrl Pts',(-147.327940418766,-268.289032477194,122.5));
#4087=CARTESIAN_POINT('Ctrl Pts',(-147.329421376197,-268.048400782462,122.5));
#4088=CARTESIAN_POINT('Ctrl Pts',(-147.328259879388,-267.757649405689,122.5));
#4089=CARTESIAN_POINT('Ctrl Pts',(-147.318158004964,-265.228900404309,122.5));
#4090=CARTESIAN_POINT('Ctrl Pts',(-147.278108999608,-258.908676461201,122.5));
#4091=CARTESIAN_POINT('Ctrl Pts',(-147.245246792599,-234.020961926736,122.5));
#4092=CARTESIAN_POINT('Ctrl Pts',(-147.240637680483,-230.530317900096,122.5));
#4093=CARTESIAN_POINT('Ctrl Pts',(-147.236415800925,-226.652871182942,122.5));
#4094=CARTESIAN_POINT('Ctrl Pts',(-147.232797796805,-222.419303587042,122.5));
#4095=CARTESIAN_POINT('Ctrl Pts',(-147.2217089134,-209.443769035568,122.5));
#4096=CARTESIAN_POINT('Ctrl Pts',(-147.217587541051,-193.645324368809,122.5));
#4097=CARTESIAN_POINT('Ctrl Pts',(-147.215606077429,-182.475301951326,122.5));
#4098=CARTESIAN_POINT('Ctrl Pts',(-147.215223762701,-180.320095040926,122.5));
#4099=CARTESIAN_POINT('Ctrl Pts',(-147.214921310538,-178.33719508869,122.5));
#4100=CARTESIAN_POINT('Ctrl Pts',(-147.214679254833,-176.580124876696,122.5));
#4101=CARTESIAN_POINT('Ctrl Pts',(-147.214474809582,-175.096067064731,122.5));
#4102=CARTESIAN_POINT('Ctrl Pts',(-147.214302063105,-173.692749221343,122.5));
#4103=CARTESIAN_POINT('Ctrl Pts',(-147.214149862724,-172.316789506883,122.5));
#4104=CARTESIAN_POINT('Ctrl Pts',(-147.213548322506,-166.878596110988,122.5));
#4105=CARTESIAN_POINT('Ctrl Pts',(-147.213280078738,-162.104150186606,122.5));
#4106=CARTESIAN_POINT('Ctrl Pts',(-147.213280078738,-157.619325225746,122.5));
#4107=CARTESIAN_POINT('Ctrl Pts',(-147.213280078738,-149.129885326662,122.5));
#4108=CARTESIAN_POINT('Ctrl Pts',(-147.172306387164,-141.67828552774,122.5));
#4109=CARTESIAN_POINT('Ctrl Pts',(-147.092981372815,-132.727088624951,122.5));
#4110=CARTESIAN_POINT('Ctrl Pts',(-147.071052172572,-130.25255280657,122.5));
#4111=CARTESIAN_POINT('Ctrl Pts',(-147.045722763323,-127.663410468611,122.5));
#4112=CARTESIAN_POINT('Ctrl Pts',(-147.01628998201,-124.906051698217,122.5));
#4113=CARTESIAN_POINT('Ctrl Pts',(-146.986834919022,-122.146605507952,122.5));
#4114=CARTESIAN_POINT('Ctrl Pts',(-146.952513887891,-119.164630996776,122.5));
#4115=CARTESIAN_POINT('Ctrl Pts',(-146.917109819371,-116.252038726164,122.5));
#4116=CARTESIAN_POINT('Ctrl Pts',(-146.760543854267,-103.371800977418,122.5));
#4117=CARTESIAN_POINT('Ctrl Pts',(-146.574841618705,-90.839190627434,122.5));
#4118=CARTESIAN_POINT('Ctrl Pts',(-146.42729929606,-78.6670900494487,122.5));
#4119=CARTESIAN_POINT('Ctrl Pts',(-146.353528134737,-72.5810397604562,122.5));
#4120=CARTESIAN_POINT('Ctrl Pts',(-146.289049643307,-66.5851222591384,122.5));
#4121=CARTESIAN_POINT('Ctrl Pts',(-146.241283546942,-60.6809592653822,122.5));
#4122=CARTESIAN_POINT('Ctrl Pts',(-146.229573833972,-59.2335716987149,122.5));
#4123=CARTESIAN_POINT('Ctrl Pts',(-146.218718436305,-57.7598800095189,122.5));
#4124=CARTESIAN_POINT('Ctrl Pts',(-146.210202543812,-56.4945652551696,122.5));
#4125=CARTESIAN_POINT('Ctrl Pts',(-146.183980527488,-52.5984258695715,122.5));
#4126=CARTESIAN_POINT('Ctrl Pts',(-146.174507970557,-50.2030818723217,122.5));
#4127=CARTESIAN_POINT('Ctrl Pts',(-146.168354445197,-48.5209609513285,122.5));
#4128=CARTESIAN_POINT('Ctrl Pts',(-146.161021502618,-46.5164358373896,122.5));
#4129=CARTESIAN_POINT('Ctrl Pts',(-146.082340946698,-45.5268191086943,122.5));
#4130=CARTESIAN_POINT('Ctrl Pts',(-145.960295207259,-44.216512519194,122.5));
#4131=CARTESIAN_POINT('Ctrl Pts',(-145.891467851829,-43.4775687611184,122.5));
#4132=CARTESIAN_POINT('Ctrl Pts',(-145.787881863947,-42.5852779938104,122.5));
#4133=CARTESIAN_POINT('Ctrl Pts',(-145.666281244911,-41.7476657625775,122.5));
#4134=CARTESIAN_POINT('Ctrl Pts',(-144.622322831541,-34.5566469760816,122.5));
#4135=CARTESIAN_POINT('Ctrl Pts',(-142.085010980376,-28.1282110403801,122.5));
#4136=CARTESIAN_POINT('Ctrl Pts',(-138.524969362174,-22.5321051874965,122.5));
#4137=CARTESIAN_POINT('Ctrl Pts',(-136.459080543022,-19.2846901985394,122.5));
#4138=CARTESIAN_POINT('Ctrl Pts',(-134.035640903524,-16.3252905910155,122.5));
#4139=CARTESIAN_POINT('Ctrl Pts',(-131.375506568541,-13.7304264085102,122.5));
#4140=CARTESIAN_POINT('Ctrl Pts',(-126.341658616608,-8.82009102474048,122.5));
#4141=CARTESIAN_POINT('Ctrl Pts',(-120.429902009645,-5.16984315405394,122.5));
#4142=CARTESIAN_POINT('Ctrl Pts',(-114.267264736595,-2.8341881348848,122.5));
#4143=CARTESIAN_POINT('Ctrl Pts',(-111.185946100071,-1.66636062530024,122.5));
#4144=CARTESIAN_POINT('Ctrl Pts',(-108.039524595054,-0.821848037297596,
122.5));
#4145=CARTESIAN_POINT('Ctrl Pts',(-104.880165713533,-0.287280600516498,
122.5));
#4146=CARTESIAN_POINT('Ctrl Pts',(-103.742169151044,-0.0947301723162042,
122.5));
#4147=CARTESIAN_POINT('Ctrl Pts',(-102.602498045416,0.0575930329223624,
122.5));
#4148=CARTESIAN_POINT('Ctrl Pts',(-101.463612202294,0.170331651396674,122.5));
#4149=CARTESIAN_POINT('Ctrl Pts',(-100.794597475754,0.236557600612429,122.5));
#4150=CARTESIAN_POINT('Ctrl Pts',(-100.130737774594,0.287567091753375,122.5));
#4151=CARTESIAN_POINT('Ctrl Pts',(-99.5594653696412,0.322131368931516,122.5));
#4152=CARTESIAN_POINT('Ctrl Pts',(-98.4033454784687,0.392081270280126,122.5));
#4153=CARTESIAN_POINT('Ctrl Pts',(-97.4500765990623,0.428209854258671,122.5));
#4154=CARTESIAN_POINT('Ctrl Pts',(-95.9303412317431,0.409422189745662,122.5));
#4155=CARTESIAN_POINT('Ctrl Pts',(-94.9601354585042,0.397428061709836,122.5));
#4156=CARTESIAN_POINT('Ctrl Pts',(-93.7591812994008,0.383228411495697,122.5));
#4157=CARTESIAN_POINT('Ctrl Pts',(-92.1275471270504,0.366701925997634,122.5));
#4158=CARTESIAN_POINT('Ctrl Pts',(-91.0833747269878,0.356125719443777,122.5));
#4159=CARTESIAN_POINT('Ctrl Pts',(-89.8628415651024,0.344638870207429,122.5));
#4160=CARTESIAN_POINT('Ctrl Pts',(-88.4135685771932,0.33292399357319,122.5));
#4161=CARTESIAN_POINT('Ctrl Pts',(-87.466347222274,0.325267339919414,122.5));
#4162=CARTESIAN_POINT('Ctrl Pts',(-86.4472801473845,0.317801682814668,122.5));
#4163=CARTESIAN_POINT('Ctrl Pts',(-85.4631659016881,0.311351302049689,122.5));
#4164=CARTESIAN_POINT('Ctrl Pts',(-77.2624252379194,0.257599514523515,122.5));
#4165=CARTESIAN_POINT('Ctrl Pts',(-69.3959786933343,0.25556058499204,122.5));
#4166=CARTESIAN_POINT('Ctrl Pts',(-61.7064444449559,0.275693896663416,122.5));
#4167=CARTESIAN_POINT('Ctrl Pts',(-55.367039257967,0.292292199800917,122.5));
#4168=CARTESIAN_POINT('Ctrl Pts',(-49.1460959836057,0.324506409185815,122.5));
#4169=CARTESIAN_POINT('Ctrl Pts',(-43.0266626515037,0.360411233497803,122.5));
#4170=CARTESIAN_POINT('Ctrl Pts',(-39.927519959481,0.378594971735643,122.5));
#4171=CARTESIAN_POINT('Ctrl Pts',(-36.8423436462858,0.397836059188101,122.5));
#4172=CARTESIAN_POINT('Ctrl Pts',(-33.9346998709869,0.415797791516478,122.5));
#4173=CARTESIAN_POINT('Ctrl Pts',(-21.6914784984836,0.491429293214914,122.5));
#4174=CARTESIAN_POINT('Ctrl Pts',(-11.743986615314,0.553217257121263,122.5));
#4175=CARTESIAN_POINT('Ctrl Pts',(-3.5527136788005E-14,0.553217257121263,
122.5));
#4176=CARTESIAN_POINT('Ctrl Pts',(3.57815286060621,0.553217257121262,122.5));
#4177=CARTESIAN_POINT('Ctrl Pts',(7.32307064368205,0.546488364825615,122.5));
#4178=CARTESIAN_POINT('Ctrl Pts',(11.3504899837638,0.533003456032805,122.5));
#4179=CARTESIAN_POINT('Ctrl Pts',(14.4632455617756,0.522581093343613,122.5));
#4180=CARTESIAN_POINT('Ctrl Pts',(17.7447564210663,0.508081168796333,122.5));
#4181=CARTESIAN_POINT('Ctrl Pts',(21.2484653797475,0.489796502159313,122.5));
#4182=CARTESIAN_POINT('Ctrl Pts',(23.625604785683,0.477391019255388,122.5));
#4183=CARTESIAN_POINT('Ctrl Pts',(26.0471342802715,0.463548905642007,122.5));
#4184=CARTESIAN_POINT('Ctrl Pts',(28.4374757797474,0.449300519596674,122.5));
#4185=CARTESIAN_POINT('Ctrl Pts',(41.9858903606564,0.368540912112409,122.5));
#4186=CARTESIAN_POINT('Ctrl Pts',(55.282056548165,0.272787801500637,122.5));
#4187=CARTESIAN_POINT('Ctrl Pts',(68.3484919306047,0.264698333381035,122.5));
#4188=CARTESIAN_POINT('Ctrl Pts',(71.2511400308016,0.26290129550638,122.5));
#4189=CARTESIAN_POINT('Ctrl Pts',(74.1424501864918,0.265339030032991,122.5));
#4190=CARTESIAN_POINT('Ctrl Pts',(77.0226693257905,0.272983276690004,122.5));
#4191=CARTESIAN_POINT('Ctrl Pts',(78.9068428955505,0.277983968239945,122.5));
#4192=CARTESIAN_POINT('Ctrl Pts',(80.7862701087207,0.285211663016984,122.5));
#4193=CARTESIAN_POINT('Ctrl Pts',(82.6610207031908,0.294926061414131,122.5));
#4194=CARTESIAN_POINT('Ctrl Pts',(83.8818960361234,0.301252273237902,122.5));
#4195=CARTESIAN_POINT('Ctrl Pts',(85.0765574918074,0.308565087590137,122.5));
#4196=CARTESIAN_POINT('Ctrl Pts',(86.1457591534621,0.315943224796729,122.5));
#4197=CARTESIAN_POINT('Ctrl Pts',(90.9640672682982,0.349192460792002,122.5));
#4198=CARTESIAN_POINT('Ctrl Pts',(93.8700459906988,0.383951876545824,122.5));
#4199=CARTESIAN_POINT('Ctrl Pts',(95.930341231743,0.409422189745659,122.5));
#4200=CARTESIAN_POINT('Ctrl Pts',(98.0524042970499,0.435656105073155,122.5));
#4201=CARTESIAN_POINT('Ctrl Pts',(99.2761916654828,0.360988071248547,122.5));
#4202=CARTESIAN_POINT('Ctrl Pts',(100.769982428542,0.234116063314997,122.5));
#4203=CARTESIAN_POINT('Ctrl Pts',(101.324633223674,0.187007952982149,122.5));
#4204=CARTESIAN_POINT('Ctrl Pts',(101.94447395038,0.124657232447695,122.5));
#4205=CARTESIAN_POINT('Ctrl Pts',(102.591633595637,0.0457222451506281,122.5));
#4206=CARTESIAN_POINT('Ctrl Pts',(110.247546342598,-0.888080379685754,122.5));
#4207=CARTESIAN_POINT('Ctrl Pts',(117.115036357295,-3.47523311705013,122.5));
#4208=CARTESIAN_POINT('Ctrl Pts',(123.070232976636,-7.20418215982507,122.5));
#4209=CARTESIAN_POINT('Ctrl Pts',(126.101912914226,-9.10252082501048,122.5));
#4210=CARTESIAN_POINT('Ctrl Pts',(128.894715433278,-11.3105049870563,122.5));
#4211=CARTESIAN_POINT('Ctrl Pts',(131.375506568541,-13.7304264085101,122.5));
#4212=CARTESIAN_POINT('Ctrl Pts',(136.051325746734,-18.2915177601028,122.5));
#4213=CARTESIAN_POINT('Ctrl Pts',(139.65810812637,-23.6387398708446,122.5));
#4214=CARTESIAN_POINT('Ctrl Pts',(142.118349298775,-29.2926548059618,122.5));
#4215=CARTESIAN_POINT('Ctrl Pts',(143.512223688411,-32.4959371986146,122.5));
#4216=CARTESIAN_POINT('Ctrl Pts',(144.538581691504,-35.7902208854131,122.5));
#4217=CARTESIAN_POINT('Ctrl Pts',(145.209370293412,-39.1127756662535,122.5));
#4218=CARTESIAN_POINT('Ctrl Pts',(145.4404610867,-40.2574161951256,122.5));
#4219=CARTESIAN_POINT('Ctrl Pts',(145.629329934156,-41.4054120932574,122.5));
#4220=CARTESIAN_POINT('Ctrl Pts',(145.776467779808,-42.554181681021,122.5));
#4221=CARTESIAN_POINT('Ctrl Pts',(145.871225327994,-43.2939953508778,122.5));
#4222=CARTESIAN_POINT('Ctrl Pts',(145.948360233311,-44.045969467139,122.5));
#4223=CARTESIAN_POINT('Ctrl Pts',(146.001559269024,-44.6840646342746,122.5));
#4224=CARTESIAN_POINT('Ctrl Pts',(146.105536147856,-45.9312140043501,122.5));
#4225=CARTESIAN_POINT('Ctrl Pts',(146.162523219805,-46.9269435952046,122.5));
#4226=CARTESIAN_POINT('Ctrl Pts',(146.168354445197,-48.5209609513284,122.5));
#4227=CARTESIAN_POINT('Ctrl Pts',(146.173749119106,-49.995643074659,122.5));
#4228=CARTESIAN_POINT('Ctrl Pts',(146.181642759407,-51.9813752837372,122.5));
#4229=CARTESIAN_POINT('Ctrl Pts',(146.201465685414,-55.1494349160074,122.5));
#4230=CARTESIAN_POINT('Ctrl Pts',(146.20733791914,-56.0879233414652,122.5));
#4231=CARTESIAN_POINT('Ctrl Pts',(146.213776215895,-57.0399227772467,122.5));
#4232=CARTESIAN_POINT('Ctrl Pts',(146.220583049072,-57.9810695130307,122.5));
#4233=CARTESIAN_POINT('Ctrl Pts',(146.262707669242,-63.8054297903822,122.5));
#4234=CARTESIAN_POINT('Ctrl Pts',(146.320639958912,-69.5155743714283,122.5));
#4235=CARTESIAN_POINT('Ctrl Pts',(146.384477687747,-75.0496281756915,122.5));
#4236=CARTESIAN_POINT('Ctrl Pts',(146.438017406278,-79.6909537432209,122.5));
#4237=CARTESIAN_POINT('Ctrl Pts',(146.496964455861,-84.3087450095517,122.5));
#4238=CARTESIAN_POINT('Ctrl Pts',(146.55764188173,-88.9045096069831,122.5));
#4239=CARTESIAN_POINT('Ctrl Pts',(146.672198827116,-97.5811590601891,122.5));
#4240=CARTESIAN_POINT('Ctrl Pts',(146.792594460802,-106.172298046562,122.5));
#4241=CARTESIAN_POINT('Ctrl Pts',(146.897439557147,-114.648168019223,122.5));
#4242=CARTESIAN_POINT('Ctrl Pts',(146.932787092894,-117.505727669525,122.5));
#4243=CARTESIAN_POINT('Ctrl Pts',(146.965749970985,-120.301366050161,122.5));
#4244=CARTESIAN_POINT('Ctrl Pts',(146.995130812235,-122.958973394857,122.5));
#4245=CARTESIAN_POINT('Ctrl Pts',(147.163346773371,-138.174738321463,122.5));
#4246=CARTESIAN_POINT('Ctrl Pts',(147.213280078738,-149.639749155629,122.5));
#4247=CARTESIAN_POINT('Ctrl Pts',(147.213280078738,-157.619325225746,122.5));
#4248=CARTESIAN_POINT('Ctrl Pts',(147.213280078738,-163.772812016439,122.5));
#4249=CARTESIAN_POINT('Ctrl Pts',(147.213705706159,-167.853606887844,122.5));
#4250=CARTESIAN_POINT('Ctrl Pts',(147.213909251289,-169.98348362805,122.5));
#4251=CARTESIAN_POINT('Ctrl Pts',(147.213960179585,-170.516392436578,122.5));
#4252=CARTESIAN_POINT('Ctrl Pts',(147.214008695153,-170.99784557117,122.5));
#4253=CARTESIAN_POINT('Ctrl Pts',(147.214062686053,-171.50985400824,122.5));
#4254=CARTESIAN_POINT('Ctrl Pts',(147.214757789836,-178.101687117822,122.5));
#4255=CARTESIAN_POINT('Ctrl Pts',(147.215950286475,-185.515430799541,122.5));
#4256=CARTESIAN_POINT('Ctrl Pts',(147.217793047508,-192.530626418625,122.5));
#4257=CARTESIAN_POINT('Ctrl Pts',(147.218513681494,-195.274003499376,122.5));
#4258=CARTESIAN_POINT('Ctrl Pts',(147.219335556258,-197.956430798723,122.5));
#4259=CARTESIAN_POINT('Ctrl Pts',(147.220250427626,-200.504918849457,122.5));
#4260=CARTESIAN_POINT('Ctrl Pts',(147.220723304438,-201.822176059576,122.5));
#4261=CARTESIAN_POINT('Ctrl Pts',(147.221250588612,-203.19095022215,122.5));
#4262=CARTESIAN_POINT('Ctrl Pts',(147.221862717895,-204.637876125944,122.5));
#4263=CARTESIAN_POINT('Ctrl Pts',(147.225507072601,-213.252251193411,122.5));
#4264=CARTESIAN_POINT('Ctrl Pts',(147.231579167296,-224.21724576391,122.5));
#4265=CARTESIAN_POINT('Ctrl Pts',(147.247147761184,-235.424354591026,122.5));
#4266=CARTESIAN_POINT('Ctrl Pts',(147.254932058129,-241.027909004584,122.5));
#4267=CARTESIAN_POINT('Ctrl Pts',(147.26522002089,-246.691991714988,122.5));
#4268=CARTESIAN_POINT('Ctrl Pts',(147.278665692035,-252.153038613182,122.5));
#4269=CARTESIAN_POINT('Ctrl Pts',(147.285388527608,-254.883562062279,122.5));
#4270=CARTESIAN_POINT('Ctrl Pts',(147.292889170085,-257.563326540612,122.5));
#4271=CARTESIAN_POINT('Ctrl Pts',(147.301126640077,-260.159386889497,122.5));
#4272=CARTESIAN_POINT('Ctrl Pts',(147.305245375072,-261.45741706394,122.5));
#4273=CARTESIAN_POINT('Ctrl Pts',(147.309546598572,-262.73452121323,122.5));
#4274=CARTESIAN_POINT('Ctrl Pts',(147.314013367142,-263.986581276288,122.5));
#4275=CARTESIAN_POINT('Ctrl Pts',(147.317012724889,-264.827317927694,122.5));
#4276=CARTESIAN_POINT('Ctrl Pts',(147.320086552716,-265.656762477437,122.5));
#4277=CARTESIAN_POINT('Ctrl Pts',(147.323227414185,-266.47366815029,122.5));
#4278=CARTESIAN_POINT('Ctrl Pts',(147.324764054526,-266.873332453963,122.5));
#4279=CARTESIAN_POINT('Ctrl Pts',(147.326286029355,-267.263545926392,122.5));
#4280=CARTESIAN_POINT('Ctrl Pts',(147.328259879388,-267.757649405689,122.5));
#4281=CARTESIAN_POINT('Ctrl Pts',(147.339606437056,-270.597973405797,122.5));
#4282=CARTESIAN_POINT('Ctrl Pts',(147.138701681194,-275.947631635845,122.5));
#4283=CARTESIAN_POINT('Ctrl Pts',(145.130028444386,-282.395863105437,122.5));
#4284=CARTESIAN_POINT('Ctrl Pts',(144.492925629418,-284.441086960447,122.5));
#4285=CARTESIAN_POINT('Ctrl Pts',(143.647825272215,-286.63482364689,122.5));
#4286=CARTESIAN_POINT('Ctrl Pts',(142.680253931498,-288.686428994211,122.5));
#4287=CARTESIAN_POINT('Ctrl Pts',(138.848786266431,-296.810542657922,122.5));
#4288=CARTESIAN_POINT('Ctrl Pts',(132.911679418751,-303.503740677953,122.5));
#4289=CARTESIAN_POINT('Ctrl Pts',(126.036705708233,-308.224253243864,122.5));
#4290=CARTESIAN_POINT('Ctrl Pts',(121.637684762608,-311.244720597763,122.5));
#4291=CARTESIAN_POINT('Ctrl Pts',(116.826439762913,-313.490078974696,122.5));
#4292=CARTESIAN_POINT('Ctrl Pts',(111.924378731794,-314.93400518998,122.5));
#4293=CARTESIAN_POINT('Ctrl Pts',(109.473348216234,-315.655968297623,122.5));
#4294=CARTESIAN_POINT('Ctrl Pts',(106.995068099402,-316.181902268995,122.5));
#4295=CARTESIAN_POINT('Ctrl Pts',(104.51294777172,-316.519269961208,122.5));
#4296=CARTESIAN_POINT('Ctrl Pts',(103.271887607879,-316.687953807315,122.5));
#4297=CARTESIAN_POINT('Ctrl Pts',(102.029869540805,-316.809482487072,122.5));
#4298=CARTESIAN_POINT('Ctrl Pts',(100.789843670533,-316.884795625039,122.5));
#4299=CARTESIAN_POINT('Ctrl Pts',(100.105019406249,-316.926388518814,122.5));
#4300=CARTESIAN_POINT('Ctrl Pts',(99.4245643047103,-316.953736440796,122.5));
#4301=CARTESIAN_POINT('Ctrl Pts',(98.7432439393597,-316.967347271713,122.5));
#4302=CARTESIAN_POINT('Ctrl Pts',(98.190883018811,-316.978381862014,122.5));
#4303=CARTESIAN_POINT('Ctrl Pts',(97.590605400984,-316.986613551097,122.5));
#4304=CARTESIAN_POINT('Ctrl Pts',(96.6157670483377,-316.964926712698,122.5));
#4305=CARTESIAN_POINT('Ctrl Pts',(95.6019935391051,-316.942373699465,122.5));
#4306=CARTESIAN_POINT('Ctrl Pts',(94.1828412417684,-316.910887658719,122.5));
#4307=CARTESIAN_POINT('Ctrl Pts',(91.9903788200708,-316.863851239804,122.5));
#4308=CARTESIAN_POINT('Ctrl Pts',(90.9108905905032,-316.840692229151,122.5));
#4309=CARTESIAN_POINT('Ctrl Pts',(89.6439423717088,-316.813793637187,122.5));
#4310=CARTESIAN_POINT('Ctrl Pts',(88.1456274782861,-316.782666608915,122.5));
#4311=CARTESIAN_POINT('Ctrl Pts',(87.051247952979,-316.759931212923,122.5));
#4312=CARTESIAN_POINT('Ctrl Pts',(85.8160127395336,-316.734628628972,122.5));
#4313=CARTESIAN_POINT('Ctrl Pts',(84.6272063883688,-316.710689176636,122.5));
#4314=CARTESIAN_POINT('Ctrl Pts',(69.5389295057609,-316.406850721445,122.5));
#4315=CARTESIAN_POINT('Ctrl Pts',(55.2444495691332,-316.180965421793,122.5));
#4316=CARTESIAN_POINT('Ctrl Pts',(41.3498359795447,-316.027819902236,122.5));
#4317=CARTESIAN_POINT('Ctrl Pts',(27.0743743971746,-315.870476701083,122.5));
#4318=CARTESIAN_POINT('Ctrl Pts',(13.3169214066208,-315.791867708613,122.5));
#4319=CARTESIAN_POINT('Ctrl Pts',(8.21565038222616E-14,-315.791867708613,
122.5));
#4320=CARTESIAN_POINT('',(0.,-315.791867708613,122.5));
#4321=CARTESIAN_POINT('Ctrl Pts',(147.247272866512,-235.514262557419,222.5));
#4322=CARTESIAN_POINT('Ctrl Pts',(147.247231093063,-235.484291531011,222.5));
#4323=CARTESIAN_POINT('Ctrl Pts',(147.24718939132,-235.454322195442,222.5));
#4324=CARTESIAN_POINT('Ctrl Pts',(147.247147761184,-235.424354591026,222.5));
#4325=CARTESIAN_POINT('Ctrl Pts',(147.231579167296,-224.21724576391,222.5));
#4326=CARTESIAN_POINT('Ctrl Pts',(147.225507072601,-213.252251193411,222.5));
#4327=CARTESIAN_POINT('Ctrl Pts',(147.221862717895,-204.637876125944,222.5));
#4328=CARTESIAN_POINT('Ctrl Pts',(147.221250588612,-203.19095022215,222.5));
#4329=CARTESIAN_POINT('Ctrl Pts',(147.220723304438,-201.822176059576,222.5));
#4330=CARTESIAN_POINT('Ctrl Pts',(147.220250427626,-200.504918849457,222.5));
#4331=CARTESIAN_POINT('Ctrl Pts',(147.219335556258,-197.956430798723,222.5));
#4332=CARTESIAN_POINT('Ctrl Pts',(147.218513681494,-195.274003499376,222.5));
#4333=CARTESIAN_POINT('Ctrl Pts',(147.217793047508,-192.530626418625,222.5));
#4334=CARTESIAN_POINT('Ctrl Pts',(147.215950286475,-185.515430799541,222.5));
#4335=CARTESIAN_POINT('Ctrl Pts',(147.214757789836,-178.101687117822,222.5));
#4336=CARTESIAN_POINT('Ctrl Pts',(147.214062686053,-171.50985400824,222.5));
#4337=CARTESIAN_POINT('Ctrl Pts',(147.214008695153,-170.99784557117,222.5));
#4338=CARTESIAN_POINT('Ctrl Pts',(147.213960179585,-170.516392436578,222.5));
#4339=CARTESIAN_POINT('Ctrl Pts',(147.213909251289,-169.98348362805,222.5));
#4340=CARTESIAN_POINT('Ctrl Pts',(147.213705706159,-167.853606887844,222.5));
#4341=CARTESIAN_POINT('Ctrl Pts',(147.213280078738,-163.772812016439,222.5));
#4342=CARTESIAN_POINT('Ctrl Pts',(147.213280078738,-157.619325225746,222.5));
#4343=CARTESIAN_POINT('Ctrl Pts',(147.213280078738,-149.639749155629,222.5));
#4344=CARTESIAN_POINT('Ctrl Pts',(147.163346773371,-138.174738321463,222.5));
#4345=CARTESIAN_POINT('Ctrl Pts',(146.995130812235,-122.958973394857,222.5));
#4346=CARTESIAN_POINT('Ctrl Pts',(146.965749970985,-120.301366050161,222.5));
#4347=CARTESIAN_POINT('Ctrl Pts',(146.932787092894,-117.505727669525,222.5));
#4348=CARTESIAN_POINT('Ctrl Pts',(146.897439557147,-114.648168019223,222.5));
#4349=CARTESIAN_POINT('Ctrl Pts',(146.792594460802,-106.172298046562,222.5));
#4350=CARTESIAN_POINT('Ctrl Pts',(146.672198827116,-97.5811590601891,222.5));
#4351=CARTESIAN_POINT('Ctrl Pts',(146.55764188173,-88.9045096069831,222.5));
#4352=CARTESIAN_POINT('Ctrl Pts',(146.498994049998,-84.4624683547332,222.5));
#4353=CARTESIAN_POINT('Ctrl Pts',(146.441962772125,-79.9998493258933,222.5));
#4354=CARTESIAN_POINT('Ctrl Pts',(146.38986823648,-75.5152911702317,222.5));
#4355=CARTESIAN_POINT('Origin',(-3.09447483033367,-170.593948075958,222.5));
#4356=CARTESIAN_POINT('Origin',(-3.09447483033367,-170.593948075958,122.5));
#4357=UNCERTAINTY_MEASURE_WITH_UNIT(LENGTH_MEASURE(0.01),#4361,
'DISTANCE_ACCURACY_VALUE',
'Maximum model space distance between geometric entities at asserted c
onnectivities');
#4358=UNCERTAINTY_MEASURE_WITH_UNIT(LENGTH_MEASURE(0.01),#4361,
'DISTANCE_ACCURACY_VALUE',
'Maximum model space distance between geometric entities at asserted c
onnectivities');
#4359=(
GEOMETRIC_REPRESENTATION_CONTEXT(3)
GLOBAL_UNCERTAINTY_ASSIGNED_CONTEXT((#4357))
GLOBAL_UNIT_ASSIGNED_CONTEXT((#4361,#4363,#4364))
REPRESENTATION_CONTEXT('','3D')
);
#4360=(
GEOMETRIC_REPRESENTATION_CONTEXT(3)
GLOBAL_UNCERTAINTY_ASSIGNED_CONTEXT((#4358))
GLOBAL_UNIT_ASSIGNED_CONTEXT((#4361,#4363,#4364))
REPRESENTATION_CONTEXT('','3D')
);
#4361=(
LENGTH_UNIT()
NAMED_UNIT(*)
SI_UNIT(.MILLI.,.METRE.)
);
#4362=(
LENGTH_UNIT()
NAMED_UNIT(*)
SI_UNIT($,.METRE.)
);
#4363=(
NAMED_UNIT(*)
PLANE_ANGLE_UNIT()
SI_UNIT($,.RADIAN.)
);
#4364=(
NAMED_UNIT(*)
SI_UNIT($,.STERADIAN.)
SOLID_ANGLE_UNIT()
);
#4365=SHAPE_DEFINITION_REPRESENTATION(#4366,#4367);
#4366=PRODUCT_DEFINITION_SHAPE('',$,#4369);
#4367=SHAPE_REPRESENTATION('',(#460),#4359);
#4368=PRODUCT_DEFINITION_CONTEXT('part definition',#4373,'design');
#4369=PRODUCT_DEFINITION('Storage2','Storage2 v4',#4370,#4368);
#4370=PRODUCT_DEFINITION_FORMATION('',$,#4375);
#4371=PRODUCT_RELATED_PRODUCT_CATEGORY('Storage2 v4','Storage2 v4',(#4375));
#4372=APPLICATION_PROTOCOL_DEFINITION('international standard',
'automotive_design',2009,#4373);
#4373=APPLICATION_CONTEXT(
'Core Data for Automotive Mechanical Design Process');
#4374=PRODUCT_CONTEXT('part definition',#4373,'mechanical');
#4375=PRODUCT('Storage2','Storage2 v4',$,(#4374));
#4376=PRESENTATION_STYLE_ASSIGNMENT((#4378));
#4377=PRESENTATION_STYLE_ASSIGNMENT((#4379));
#4378=SURFACE_STYLE_USAGE(.BOTH.,#4380);
#4379=SURFACE_STYLE_USAGE(.BOTH.,#4381);
#4380=SURFACE_SIDE_STYLE('',(#4382));
#4381=SURFACE_SIDE_STYLE('',(#4383));
#4382=SURFACE_STYLE_FILL_AREA(#4384);
#4383=SURFACE_STYLE_FILL_AREA(#4385);
#4384=FILL_AREA_STYLE('Steel - Satin',(#4386));
#4385=FILL_AREA_STYLE('Aluminum - Satin',(#4387));
#4386=FILL_AREA_STYLE_COLOUR('Steel - Satin',#4388);
#4387=FILL_AREA_STYLE_COLOUR('Aluminum - Satin',#4389);
#4388=COLOUR_RGB('Steel - Satin',0.627450980392157,0.627450980392157,0.627450980392157);
#4389=COLOUR_RGB('Aluminum - Satin',0.96078431372549,0.96078431372549,0.964705882352941);
ENDSEC;
END-ISO-10303-21;
