ISO-10303-21;
HEADER;
/* Generated by software containing ST-Developer
 * from STEP Tools, Inc. (www.steptools.com) 
 */

FILE_DESCRIPTION(
/* description */ (''),
/* implementation_level */ '2;1');

FILE_NAME(
/* name */ 'Middle.step',
/* time_stamp */ '2026-02-21T18:57:05+05:30',
/* author */ (''),
/* organization */ (''),
/* preprocessor_version */ 'ST-DEVELOPER v20.1',
/* originating_system */ 'Autodesk Translation Framework v14.24.0.0',
/* authorisation */ '');

FILE_SCHEMA (('AUTOMOTIVE_DESIGN { 1 0 10303 214 3 1 1 }'));
ENDSEC;

DATA;
#10=MECHANICAL_DESIGN_GEOMETRIC_PRESENTATION_REPRESENTATION('',(#13),#2841);
#11=SHAPE_REPRESENTATION_RELATIONSHIP('SRR','None',#2848,#12);
#12=ADVANCED_BREP_SHAPE_REPRESENTATION('',(#14),#2840);
#13=STYLED_ITEM('',(#2857),#14);
#14=MANIFOLD_SOLID_BREP('Body9',#782);
#15=PLANE('',#799);
#16=PLANE('',#800);
#17=PLANE('',#801);
#18=PLANE('',#804);
#19=PLANE('',#809);
#20=PLANE('',#816);
#21=PLANE('',#817);
#22=PLANE('',#818);
#23=PLANE('',#819);
#24=PLANE('',#820);
#25=PLANE('',#821);
#26=PLANE('',#823);
#27=PLANE('',#824);
#28=B_SPLINE_CURVE_WITH_KNOTS('',3,(#1013,#1014,#1015,#1016,#1017,#1018,
#1019,#1020),.UNSPECIFIED.,.F.,.F.,(4,2,2,4),(0.,0.0711081755067116,0.138735749980403,
0.242974522396871),.UNSPECIFIED.);
#29=B_SPLINE_CURVE_WITH_KNOTS('',3,(#1025,#1026,#1027,#1028,#1029,#1030,
#1031,#1032,#1033,#1034,#1035,#1036,#1037,#1038,#1039,#1040,#1041,#1042,
#1043),.UNSPECIFIED.,.F.,.F.,(4,3,3,3,3,3,4),(-2.5586255220221,-2.19310759030466,
-1.46207172686977,-1.09655379515233,-0.731035863434886,-0.365517931717443,
0.),.UNSPECIFIED.);
#30=B_SPLINE_CURVE_WITH_KNOTS('',3,(#1061,#1062,#1063,#1064,#1065,#1066,
#1067,#1068,#1069,#1070,#1071,#1072,#1073,#1074,#1075,#1076),
 .UNSPECIFIED.,.F.,.F.,(4,3,3,3,3,4),(-0.0113280755555768,0.,0.0426963644570408,
0.0870083975757076,0.135767429275985,0.157794274404637),.UNSPECIFIED.);
#31=B_SPLINE_CURVE_WITH_KNOTS('',3,(#1077,#1078,#1079,#1080,#1081,#1082,
#1083),.UNSPECIFIED.,.F.,.F.,(4,3,4),(-0.107445472712335,-0.0235183250693793,
0.),.UNSPECIFIED.);
#32=B_SPLINE_CURVE_WITH_KNOTS('',3,(#1165,#1166,#1167,#1168,#1169,#1170,
#1171,#1172,#1173,#1174,#1175,#1176,#1177,#1178),.UNSPECIFIED.,.F.,.F.,
(4,2,2,2,2,2,4),(0.,0.634732588119435,1.20675495505287,1.48375870276639,
1.59326290294934,1.69446186250622,1.6962540242271),.UNSPECIFIED.);
#33=B_SPLINE_CURVE_WITH_KNOTS('',3,(#1180,#1181,#1182,#1183,#1184,#1185,
#1186,#1187,#1188,#1189,#1190,#1191,#1192,#1193,#1194,#1195,#1196,#1197,
#1198,#1199,#1200,#1201,#1202,#1203,#1204,#1205,#1206,#1207,#1208,#1209,
#1210,#1211,#1212,#1213,#1214,#1215,#1216,#1217,#1218,#1219,#1220,#1221,
#1222,#1223,#1224,#1225,#1226,#1227,#1228,#1229,#1230,#1231),
 .UNSPECIFIED.,.F.,.F.,(4,3,3,3,3,3,3,3,3,3,3,3,3,3,3,3,3,4),(-2.56505250067507,
-2.47459146711821,-2.38413043356135,-2.20320836644763,-2.1579778496692,
-2.11274733289077,-2.02228629933391,-1.93182526577705,-1.84136423222019,
-1.66044216510647,-1.47952009799275,-1.1176759637653,-1.09506070537609,
-1.07244544698687,-1.02721493020844,-0.936753896651584,-0.755831829537863,
-0.0321435610831919),.UNSPECIFIED.);
#34=B_SPLINE_CURVE_WITH_KNOTS('',3,(#1290,#1291,#1292,#1293,#1294,#1295,
#1296,#1297,#1298,#1299,#1300,#1301,#1302,#1303,#1304,#1305,#1306,#1307,
#1308,#1309,#1310,#1311,#1312,#1313,#1314,#1315,#1316,#1317,#1318,#1319,
#1320),.UNSPECIFIED.,.F.,.F.,(4,3,3,3,3,3,3,3,3,3,4),(-4.01508298722106,
-3.5688523938155,-3.12262180040994,-2.67639120700438,-2.23016061359882,
-1.78393002019325,-1.56081472349047,-1.44925707513908,-1.33769942678769,
-1.11458413008491,-0.891468833382131),.UNSPECIFIED.);
#35=B_SPLINE_CURVE_WITH_KNOTS('',3,(#1341,#1342,#1343,#1344,#1345,#1346),
 .UNSPECIFIED.,.F.,.F.,(4,2,4),(-0.610895195763956,-0.350638535199696,0.),
 .UNSPECIFIED.);
#36=B_SPLINE_CURVE_WITH_KNOTS('',3,(#1348,#1349,#1350,#1351),
 .UNSPECIFIED.,.F.,.F.,(4,4),(-0.701408181111356,-0.610895195763956),
 .UNSPECIFIED.);
#37=B_SPLINE_CURVE_WITH_KNOTS('',3,(#1390,#1391,#1392,#1393,#1394,#1395,
#1396,#1397,#1398,#1399,#1400,#1401,#1402,#1403,#1404,#1405,#1406,#1407,
#1408),.UNSPECIFIED.,.F.,.F.,(4,3,3,3,3,3,4),(-2.60095752255065,-2.22939216218627,
-1.6720441216397,-1.48626144145752,-1.11469608109314,-0.743130720728758,
0.),.UNSPECIFIED.);
#38=B_SPLINE_CURVE_WITH_KNOTS('',3,(#1463,#1464,#1465,#1466,#1467,#1468,
#1469,#1470,#1471,#1472,#1473,#1474,#1475,#1476,#1477,#1478,#1479,#1480,
#1481,#1482,#1483,#1484,#1485,#1486,#1487,#1488,#1489,#1490,#1491,#1492,
#1493),.UNSPECIFIED.,.F.,.F.,(4,3,3,3,3,3,3,3,3,3,4),(-3.44453143150203,
-3.07896303296626,-2.71339463443048,-2.5306104351626,-2.34782623589471,
-1.98225783735893,-1.79947363809105,-1.61668943882316,-1.52529733918922,
-1.25112104028739,-0.885552641751611),.UNSPECIFIED.);
#39=B_SPLINE_CURVE_WITH_KNOTS('',3,(#1533,#1534,#1535,#1536,#1537,#1538,
#1539,#1540,#1541,#1542,#1543,#1544,#1545,#1546,#1547,#1548,#1549,#1550,
#1551),.UNSPECIFIED.,.F.,.F.,(4,3,3,3,3,3,4),(-2.3782419610444,-2.20836753525552,
-2.03849310946663,-1.69874425788886,-1.35899540631109,-1.01924655473332,
0.),.UNSPECIFIED.);
#40=B_SPLINE_CURVE_WITH_KNOTS('',3,(#1590,#1591,#1592,#1593,#1594,#1595,
#1596,#1597,#1598,#1599,#1600,#1601,#1602,#1603,#1604,#1605),
 .UNSPECIFIED.,.F.,.F.,(4,3,3,3,3,4),(-2.3615227943164,-1.34944159675223,
-1.01208119756417,-0.674720798376114,-0.337360399188057,0.),
 .UNSPECIFIED.);
#41=B_SPLINE_CURVE_WITH_KNOTS('',3,(#1656,#1657,#1658,#1659,#1660,#1661,
#1662,#1663,#1664,#1665,#1666,#1667,#1668,#1669,#1670,#1671,#1672,#1673,
#1674,#1675,#1676,#1677,#1678,#1679,#1680),.UNSPECIFIED.,.F.,.F.,(4,3,3,
3,3,3,3,3,4),(-2.42398710938515,-2.07770323661585,-1.55827742746188,-1.38513549107723,
-1.03885161830792,-0.952280650115596,-0.692567745538616,-0.346283872769308,
0.),.UNSPECIFIED.);
#42=B_SPLINE_CURVE_WITH_KNOTS('',3,(#1702,#1703,#1704,#1705,#1706,#1707),
 .UNSPECIFIED.,.F.,.F.,(4,2,4),(-0.701408181093994,-0.350620497912561,0.),
 .UNSPECIFIED.);
#43=B_SPLINE_CURVE_WITH_KNOTS('',3,(#1727,#1728,#1729,#1730),
 .UNSPECIFIED.,.F.,.F.,(4,4),(0.714285714285718,1.),.UNSPECIFIED.);
#44=B_SPLINE_CURVE_WITH_KNOTS('',3,(#2006,#2007,#2008,#2009,#2010,#2011,
#2012,#2013,#2014,#2015,#2016,#2017,#2018,#2019,#2020,#2021),
 .UNSPECIFIED.,.F.,.F.,(4,3,3,3,3,4),(0.,0.261341394247186,0.478100485492482,
0.682484036900841,0.862983885933628,0.985543642312176),.UNSPECIFIED.);
#45=B_SPLINE_CURVE_WITH_KNOTS('',3,(#2023,#2024,#2025,#2026,#2027),
 .UNSPECIFIED.,.F.,.F.,(4,1,4),(0.691598122063857,1.75887283408932,4.10326627544052),
 .UNSPECIFIED.);
#46=B_SPLINE_CURVE_WITH_KNOTS('',3,(#2029,#2030,#2031,#2032,#2033,#2034,
#2035),.UNSPECIFIED.,.F.,.F.,(4,3,4),(-0.63620268972667,-0.63542445012505,
-0.63464621052343),.UNSPECIFIED.);
#47=B_SPLINE_CURVE_WITH_KNOTS('',3,(#2037,#2038,#2039,#2040,#2041,#2042,
#2043,#2044,#2045,#2046,#2047,#2048,#2049,#2050,#2051,#2052),
 .UNSPECIFIED.,.F.,.F.,(4,3,3,3,3,4),(0.,0.235662375848463,0.449596977299991,
0.637575876073845,0.808116442306178,0.900711338453886),.UNSPECIFIED.);
#48=B_SPLINE_CURVE_WITH_KNOTS('',3,(#2138,#2139,#2140,#2141,#2142,#2143,
#2144,#2145),.UNSPECIFIED.,.F.,.F.,(4,2,2,4),(-2.88633102735882,-2.17817424117476,
-1.44113951936473,0.),.UNSPECIFIED.);
#49=B_SPLINE_CURVE_WITH_KNOTS('',3,(#2147,#2148,#2149,#2150,#2151,#2152),
 .UNSPECIFIED.,.F.,.F.,(4,2,4),(-0.659014503785813,-0.487856833098907,-0.375590147264955),
 .UNSPECIFIED.);
#50=B_SPLINE_CURVE_WITH_KNOTS('',3,(#2153,#2154,#2155,#2156,#2157,#2158,
#2159,#2160,#2161,#2162),.UNSPECIFIED.,.F.,.F.,(4,2,2,2,4),(0.577163106997741,
1.17590924313051,2.45634671482669,3.3470918176627,3.72017286193516),
 .UNSPECIFIED.);
#51=B_SPLINE_CURVE_WITH_KNOTS('',3,(#2164,#2165,#2166,#2167,#2168,#2169),
 .UNSPECIFIED.,.F.,.F.,(4,2,4),(-0.546042810077425,-0.488135368405934,-0.336518786151543),
 .UNSPECIFIED.);
#52=B_SPLINE_CURVE_WITH_KNOTS('',3,(#2290,#2291,#2292,#2293,#2294,#2295,
#2296,#2297,#2298,#2299,#2300,#2301,#2302),.UNSPECIFIED.,.F.,.F.,(4,3,3,
3,4),(0.0754955311277668,0.912748536620226,1.33137503936649,2.168628044859,
3.00588105035152),.UNSPECIFIED.);
#53=B_SPLINE_CURVE_WITH_KNOTS('',3,(#2303,#2304,#2305,#2306,#2307,#2308,
#2309,#2310,#2311,#2312,#2313,#2314,#2315,#2316,#2317,#2318,#2319,#2320,
#2321,#2322,#2323,#2324,#2325,#2326,#2327,#2328,#2329,#2330,#2331,#2332,
#2333,#2334,#2335,#2336,#2337,#2338,#2339,#2340,#2341,#2342),
 .UNSPECIFIED.,.F.,.F.,(4,3,3,3,3,3,3,3,3,3,3,3,3,4),(-4.10167799741008,
-3.53553390593274,-3.49133973210858,-3.44714555828442,-3.3587572106361,
-3.27036886298778,-3.18198051533947,-2.82842712474619,-2.65165042944955,
-2.47487373415292,-2.12132034355964,-1.4142135623731,-0.707106781186548,
0.),.UNSPECIFIED.);
#54=B_SPLINE_CURVE_WITH_KNOTS('',3,(#2423,#2424,#2425,#2426,#2427,#2428),
 .UNSPECIFIED.,.F.,.F.,(4,2,4),(-0.405566468587677,-0.268066892741544,-0.215726311805871),
 .UNSPECIFIED.);
#55=B_SPLINE_CURVE_WITH_KNOTS('',3,(#2429,#2430,#2431,#2432,#2433,#2434),
 .UNSPECIFIED.,.F.,.F.,(4,2,4),(-0.638493320005121,-0.526018442978262,-0.355095393081611),
 .UNSPECIFIED.);
#56=B_SPLINE_CURVE_WITH_KNOTS('',3,(#2520,#2521,#2522,#2523,#2524,#2525,
#2526,#2527,#2528,#2529),.UNSPECIFIED.,.F.,.F.,(4,2,2,2,4),(0.797600938047433,
1.0961280901747,1.80887295592722,2.83343680810286,3.31253535085808),
 .UNSPECIFIED.);
#57=B_SPLINE_CURVE_WITH_KNOTS('',3,(#2531,#2532,#2533,#2534),
 .UNSPECIFIED.,.F.,.F.,(4,4),(-0.874872979180849,-0.872410268979312),
 .UNSPECIFIED.);
#58=B_SPLINE_CURVE_WITH_KNOTS('',3,(#2536,#2537,#2538,#2539,#2540,#2541,
#2542,#2543,#2544,#2545,#2546,#2547,#2548,#2549,#2550,#2551,#2552,#2553,
#2554,#2555,#2556,#2557,#2558,#2559,#2560),.UNSPECIFIED.,.F.,.F.,(4,3,3,
3,3,3,3,3,4),(0.,0.707106781186547,1.41421356237309,2.12132034355964,3.53553390593274,
3.5923623482039,3.64919079047506,3.76284767501738,4.10167799741008),
 .UNSPECIFIED.);
#59=B_SPLINE_CURVE_WITH_KNOTS('',3,(#2561,#2562,#2563,#2564,#2565,#2566,
#2567,#2568,#2569,#2570,#2571,#2572,#2573),.UNSPECIFIED.,.F.,.F.,(4,3,3,
3,4),(0.0754955311277663,0.91274853662023,1.33137503936649,2.16862804485901,
3.00588105035152),.UNSPECIFIED.);
#60=B_SPLINE_CURVE_WITH_KNOTS('',3,(#2686,#2687,#2688,#2689,#2690,#2691,
#2692,#2693,#2694,#2695,#2696,#2697,#2698,#2699,#2700,#2701,#2702,#2703,
#2704,#2705,#2706,#2707,#2708,#2709,#2710,#2711,#2712,#2713,#2714,#2715,
#2716,#2717,#2718,#2719,#2720,#2721,#2722),.UNSPECIFIED.,.F.,.F.,(4,3,3,
3,3,3,3,3,3,3,3,3,4),(-0.567732369507782,-8.88178419700125E-16,0.0435879255989325,
0.0871758511978659,0.174351702395732,0.348703404791466,0.697406809582933,
1.0461102143744,1.39481361916587,1.74351702395733,1.91786872635307,2.0922204287488,
2.84393578386887),.UNSPECIFIED.);
#61=B_SPLINE_CURVE_WITH_KNOTS('',3,(#2781,#2782,#2783,#2784,#2785,#2786,
#2787,#2788,#2789,#2790,#2791,#2792,#2793,#2794,#2795,#2796),
 .UNSPECIFIED.,.F.,.F.,(4,3,3,3,3,4),(-0.900710379999786,-0.665811340061592,
-0.442084159678099,-0.25478771556884,-0.0845494962062173,0.),
 .UNSPECIFIED.);
#62=B_SPLINE_SURFACE_WITH_KNOTS('',3,3,((#975,#976,#977,#978),(#979,#980,
#981,#982),(#983,#984,#985,#986),(#987,#988,#989,#990),(#991,#992,#993,
#994),(#995,#996,#997,#998),(#999,#1000,#1001,#1002),(#1003,#1004,#1005,
#1006),(#1007,#1008,#1009,#1010)),.UNSPECIFIED.,.F.,.F.,.F.,(4,1,1,1,1,
1,4),(4,4),(0.,0.142857142857143,0.285714285714286,0.428571428571429,0.571428571428571,
0.857142857142857,1.),(0.,1.),.UNSPECIFIED.);
#63=B_SPLINE_SURFACE_WITH_KNOTS('',3,3,((#1044,#1045,#1046,#1047),(#1048,
#1049,#1050,#1051),(#1052,#1053,#1054,#1055),(#1056,#1057,#1058,#1059)),
 .UNSPECIFIED.,.F.,.F.,.F.,(4,4),(4,4),(0.,0.0623901939375181),(0.,0.0216010164949624),
 .UNSPECIFIED.);
#64=B_SPLINE_SURFACE_WITH_KNOTS('',3,3,((#1084,#1085,#1086,#1087),(#1088,
#1089,#1090,#1091),(#1092,#1093,#1094,#1095),(#1096,#1097,#1098,#1099),
(#1100,#1101,#1102,#1103),(#1104,#1105,#1106,#1107),(#1108,#1109,#1110,
#1111),(#1112,#1113,#1114,#1115),(#1116,#1117,#1118,#1119),(#1120,#1121,
#1122,#1123),(#1124,#1125,#1126,#1127),(#1128,#1129,#1130,#1131),(#1132,
#1133,#1134,#1135),(#1136,#1137,#1138,#1139),(#1140,#1141,#1142,#1143),
(#1144,#1145,#1146,#1147),(#1148,#1149,#1150,#1151),(#1152,#1153,#1154,
#1155),(#1156,#1157,#1158,#1159),(#1160,#1161,#1162,#1163)),
 .UNSPECIFIED.,.F.,.F.,.F.,(4,1,1,1,1,1,1,1,1,1,1,1,1,1,1,1,1,4),(4,4),
(0.0125313462685499,0.294665247334678,0.365198722601211,0.400465460234477,
0.41809882905111,0.426915513459426,0.435732197867743,0.576799148400807,
0.647332623667339,0.717866098933871,0.753132836567137,0.788399574200404,
0.82366631183367,0.841299680650303,0.858933049466936,0.929466524733468,
0.964733262366734,1.),(0.,1.),.UNSPECIFIED.);
#65=B_SPLINE_SURFACE_WITH_KNOTS('',3,3,((#1237,#1238,#1239,#1240),(#1241,
#1242,#1243,#1244),(#1245,#1246,#1247,#1248),(#1249,#1250,#1251,#1252),
(#1253,#1254,#1255,#1256),(#1257,#1258,#1259,#1260),(#1261,#1262,#1263,
#1264),(#1265,#1266,#1267,#1268),(#1269,#1270,#1271,#1272),(#1273,#1274,
#1275,#1276),(#1277,#1278,#1279,#1280),(#1281,#1282,#1283,#1284),(#1285,
#1286,#1287,#1288)),.UNSPECIFIED.,.F.,.F.,.F.,(4,1,1,1,1,1,1,1,1,1,4),(4,
4),(0.,0.0714285714285714,0.142857142857143,0.178571428571429,0.214285714285714,
0.285714285714286,0.428571428571429,0.571428571428571,0.714285714285714,
0.857142857142857,1.),(0.,1.),.UNSPECIFIED.);
#66=B_SPLINE_SURFACE_WITH_KNOTS('',3,3,((#1322,#1323,#1324,#1325),(#1326,
#1327,#1328,#1329),(#1330,#1331,#1332,#1333),(#1334,#1335,#1336,#1337)),
 .UNSPECIFIED.,.F.,.F.,.F.,(4,4),(4,4),(0.,1.),(0.,1.),.UNSPECIFIED.);
#67=B_SPLINE_SURFACE_WITH_KNOTS('',3,3,((#1353,#1354,#1355,#1356),(#1357,
#1358,#1359,#1360),(#1361,#1362,#1363,#1364),(#1365,#1366,#1367,#1368),
(#1369,#1370,#1371,#1372),(#1373,#1374,#1375,#1376),(#1377,#1378,#1379,
#1380),(#1381,#1382,#1383,#1384),(#1385,#1386,#1387,#1388)),
 .UNSPECIFIED.,.F.,.F.,.F.,(4,1,1,1,1,1,4),(4,4),(0.,0.285714285714286,
0.428571428571429,0.571428571428571,0.642857142857143,0.857142857142857,
1.),(0.,1.),.UNSPECIFIED.);
#68=B_SPLINE_SURFACE_WITH_KNOTS('',3,3,((#1409,#1410,#1411,#1412),(#1413,
#1414,#1415,#1416),(#1417,#1418,#1419,#1420),(#1421,#1422,#1423,#1424),
(#1425,#1426,#1427,#1428),(#1429,#1430,#1431,#1432),(#1433,#1434,#1435,
#1436),(#1437,#1438,#1439,#1440),(#1441,#1442,#1443,#1444),(#1445,#1446,
#1447,#1448),(#1449,#1450,#1451,#1452),(#1453,#1454,#1455,#1456),(#1457,
#1458,#1459,#1460)),.UNSPECIFIED.,.F.,.F.,.F.,(4,1,1,1,1,1,1,1,1,1,4),(4,
4),(0.,0.141044470071938,0.246827822625891,0.282088940143875,0.352611175179844,
0.423133410215813,0.564177880287751,0.634700115323719,0.705222350359688,
0.846266820431626,0.987311290503563),(0.,1.),.UNSPECIFIED.);
#69=B_SPLINE_SURFACE_WITH_KNOTS('',3,3,((#1494,#1495,#1496,#1497),(#1498,
#1499,#1500,#1501),(#1502,#1503,#1504,#1505),(#1506,#1507,#1508,#1509),
(#1510,#1511,#1512,#1513),(#1514,#1515,#1516,#1517),(#1518,#1519,#1520,
#1521),(#1522,#1523,#1524,#1525),(#1526,#1527,#1528,#1529)),
 .UNSPECIFIED.,.F.,.F.,.F.,(4,1,1,1,1,1,4),(4,4),(0.,0.428571428571429,
0.571428571428571,0.714285714285714,0.857142857142857,0.928571428571429,
1.),(0.,1.),.UNSPECIFIED.);
#70=B_SPLINE_SURFACE_WITH_KNOTS('',3,3,((#1553,#1554,#1555,#1556),(#1557,
#1558,#1559,#1560),(#1561,#1562,#1563,#1564),(#1565,#1566,#1567,#1568),
(#1569,#1570,#1571,#1572),(#1573,#1574,#1575,#1576),(#1577,#1578,#1579,
#1580),(#1581,#1582,#1583,#1584)),.UNSPECIFIED.,.F.,.F.,.F.,(4,1,1,1,1,
4),(4,4),(0.,0.142857142857143,0.285714285714286,0.428571428571429,0.571428571428571,
1.),(0.,1.),.UNSPECIFIED.);
#71=B_SPLINE_SURFACE_WITH_KNOTS('',3,3,((#1609,#1610,#1611,#1612),(#1613,
#1614,#1615,#1616),(#1617,#1618,#1619,#1620),(#1621,#1622,#1623,#1624),
(#1625,#1626,#1627,#1628),(#1629,#1630,#1631,#1632),(#1633,#1634,#1635,
#1636),(#1637,#1638,#1639,#1640),(#1641,#1642,#1643,#1644),(#1645,#1646,
#1647,#1648),(#1649,#1650,#1651,#1652)),.UNSPECIFIED.,.F.,.F.,.F.,(4,1,
1,1,1,1,1,1,4),(4,4),(0.,0.142857142857143,0.285714285714286,0.392857142857143,
0.428571428571429,0.571428571428571,0.642857142857143,0.857142857142857,
1.),(0.,1.),.UNSPECIFIED.);
#72=B_SPLINE_SURFACE_WITH_KNOTS('',3,3,((#1684,#1685,#1686,#1687),(#1688,
#1689,#1690,#1691),(#1692,#1693,#1694,#1695),(#1696,#1697,#1698,#1699)),
 .UNSPECIFIED.,.F.,.F.,.F.,(4,4),(4,4),(0.,1.),(0.,1.),.UNSPECIFIED.);
#73=B_SPLINE_SURFACE_WITH_KNOTS('',3,3,((#1711,#1712,#1713,#1714),(#1715,
#1716,#1717,#1718),(#1719,#1720,#1721,#1722),(#1723,#1724,#1725,#1726)),
 .UNSPECIFIED.,.F.,.F.,.F.,(4,4),(4,4),(0.714285714285718,1.),(0.,1.),
 .UNSPECIFIED.);
#74=B_SPLINE_SURFACE_WITH_KNOTS('',3,3,((#1737,#1738,#1739,#1740),(#1741,
#1742,#1743,#1744),(#1745,#1746,#1747,#1748),(#1749,#1750,#1751,#1752),
(#1753,#1754,#1755,#1756),(#1757,#1758,#1759,#1760),(#1761,#1762,#1763,
#1764),(#1765,#1766,#1767,#1768),(#1769,#1770,#1771,#1772),(#1773,#1774,
#1775,#1776)),.UNSPECIFIED.,.F.,.F.,.F.,(4,1,1,1,1,1,1,4),(4,4),(0.,0.142857142857143,
0.285714285714286,0.428571428571429,0.571428571428571,0.714285714285714,
0.857142857142857,1.),(0.,1.),.UNSPECIFIED.);
#75=B_SPLINE_SURFACE_WITH_KNOTS('',3,3,((#1788,#1789,#1790,#1791),(#1792,
#1793,#1794,#1795),(#1796,#1797,#1798,#1799),(#1800,#1801,#1802,#1803)),
 .UNSPECIFIED.,.F.,.F.,.F.,(4,4),(4,4),(0.,1.),(0.,1.),.UNSPECIFIED.);
#76=B_SPLINE_SURFACE_WITH_KNOTS('',3,3,((#1807,#1808,#1809,#1810),(#1811,
#1812,#1813,#1814),(#1815,#1816,#1817,#1818),(#1819,#1820,#1821,#1822),
(#1823,#1824,#1825,#1826),(#1827,#1828,#1829,#1830),(#1831,#1832,#1833,
#1834),(#1835,#1836,#1837,#1838),(#1839,#1840,#1841,#1842),(#1843,#1844,
#1845,#1846)),.UNSPECIFIED.,.F.,.F.,.F.,(4,1,1,1,1,1,1,4),(4,4),(0.,0.142857142857143,
0.285714285714286,0.428571428571429,0.571428571428571,0.714285714285714,
0.857142857142857,1.),(0.,1.),.UNSPECIFIED.);
#77=B_SPLINE_SURFACE_WITH_KNOTS('',3,3,((#1858,#1859,#1860,#1861),(#1862,
#1863,#1864,#1865),(#1866,#1867,#1868,#1869),(#1870,#1871,#1872,#1873),
(#1874,#1875,#1876,#1877),(#1878,#1879,#1880,#1881),(#1882,#1883,#1884,
#1885),(#1886,#1887,#1888,#1889),(#1890,#1891,#1892,#1893),(#1894,#1895,
#1896,#1897)),.UNSPECIFIED.,.F.,.F.,.F.,(4,1,1,1,1,1,1,4),(4,4),(0.,0.142857142857143,
0.285714285714286,0.428571428571429,0.571428571428571,0.714285714285714,
0.857142857142857,1.),(0.,1.),.UNSPECIFIED.);
#78=B_SPLINE_SURFACE_WITH_KNOTS('',3,3,((#1901,#1902,#1903,#1904),(#1905,
#1906,#1907,#1908),(#1909,#1910,#1911,#1912),(#1913,#1914,#1915,#1916)),
 .UNSPECIFIED.,.F.,.F.,.F.,(4,4),(4,4),(0.,1.),(0.,1.),.UNSPECIFIED.);
#79=B_SPLINE_SURFACE_WITH_KNOTS('',3,3,((#1920,#1921,#1922,#1923),(#1924,
#1925,#1926,#1927),(#1928,#1929,#1930,#1931),(#1932,#1933,#1934,#1935),
(#1936,#1937,#1938,#1939),(#1940,#1941,#1942,#1943),(#1944,#1945,#1946,
#1947),(#1948,#1949,#1950,#1951),(#1952,#1953,#1954,#1955),(#1956,#1957,
#1958,#1959)),.UNSPECIFIED.,.F.,.F.,.F.,(4,1,1,1,1,1,1,4),(4,4),(0.,0.142857142857143,
0.285714285714286,0.428571428571429,0.571428571428571,0.714285714285714,
0.857142857142857,1.),(0.,1.),.UNSPECIFIED.);
#80=B_SPLINE_SURFACE_WITH_KNOTS('',3,3,((#1984,#1985,#1986,#1987),(#1988,
#1989,#1990,#1991),(#1992,#1993,#1994,#1995),(#1996,#1997,#1998,#1999),
(#2000,#2001,#2002,#2003)),.UNSPECIFIED.,.F.,.F.,.F.,(4,1,4),(4,4),(-6.24349192408474E-16,
1.75887283408932,4.10403661287507),(0.,0.700000000000004),.UNSPECIFIED.);
#81=B_SPLINE_SURFACE_WITH_KNOTS('',3,3,((#2054,#2055,#2056,#2057,#2058,
#2059,#2060),(#2061,#2062,#2063,#2064,#2065,#2066,#2067),(#2068,#2069,#2070,
#2071,#2072,#2073,#2074),(#2075,#2076,#2077,#2078,#2079,#2080,#2081),(#2082,
#2083,#2084,#2085,#2086,#2087,#2088),(#2089,#2090,#2091,#2092,#2093,#2094,
#2095),(#2096,#2097,#2098,#2099,#2100,#2101,#2102),(#2103,#2104,#2105,#2106,
#2107,#2108,#2109),(#2110,#2111,#2112,#2113,#2114,#2115,#2116),(#2117,#2118,
#2119,#2120,#2121,#2122,#2123),(#2124,#2125,#2126,#2127,#2128,#2129,#2130),
(#2131,#2132,#2133,#2134,#2135,#2136,#2137)),.UNSPECIFIED.,.F.,.F.,.F.,
(4,1,1,1,2,1,1,1,4),(4,1,1,1,4),(0.0137178314538894,0.210974265163112,0.605487132581556,
0.802743566290778,1.,1.01605789633512,1.03211579267025,1.06423158534049,
1.16057896335123),(0.0489348278917681,0.320667734208415,0.456534187366738,
0.728267093683385,1.00000000000003),.UNSPECIFIED.);
#82=B_SPLINE_SURFACE_WITH_KNOTS('',3,3,((#2170,#2171,#2172,#2173,#2174,
#2175,#2176),(#2177,#2178,#2179,#2180,#2181,#2182,#2183),(#2184,#2185,#2186,
#2187,#2188,#2189,#2190),(#2191,#2192,#2193,#2194,#2195,#2196,#2197),(#2198,
#2199,#2200,#2201,#2202,#2203,#2204),(#2205,#2206,#2207,#2208,#2209,#2210,
#2211),(#2212,#2213,#2214,#2215,#2216,#2217,#2218),(#2219,#2220,#2221,#2222,
#2223,#2224,#2225),(#2226,#2227,#2228,#2229,#2230,#2231,#2232),(#2233,#2234,
#2235,#2236,#2237,#2238,#2239),(#2240,#2241,#2242,#2243,#2244,#2245,#2246),
(#2247,#2248,#2249,#2250,#2251,#2252,#2253),(#2254,#2255,#2256,#2257,#2258,
#2259,#2260),(#2261,#2262,#2263,#2264,#2265,#2266,#2267),(#2268,#2269,#2270,
#2271,#2272,#2273,#2274),(#2275,#2276,#2277,#2278,#2279,#2280,#2281),(#2282,
#2283,#2284,#2285,#2286,#2287,#2288)),.UNSPECIFIED.,.F.,.F.,.F.,(4,2,1,
1,1,1,1,1,1,1,1,1,1,4),(4,1,1,1,4),(-0.160735107576827,0.,0.0125,0.025,
0.05,0.075,0.1,0.2,0.25,0.3,0.4,0.6,0.8,1.),(0.0251159410046785,0.303654243574771,
0.442923394859817,0.721461697429909,1.),.UNSPECIFIED.);
#83=B_SPLINE_SURFACE_WITH_KNOTS('',3,3,((#2343,#2344,#2345,#2346),(#2347,
#2348,#2349,#2350),(#2351,#2352,#2353,#2354),(#2355,#2356,#2357,#2358),
(#2359,#2360,#2361,#2362)),.UNSPECIFIED.,.F.,.F.,.F.,(4,1,4),(4,4),(0.0316579105009764,
1.30632497043692,3.00588105035152),(0.,0.7),.UNSPECIFIED.);
#84=B_SPLINE_SURFACE_WITH_KNOTS('',3,3,((#2366,#2367,#2368,#2369),(#2370,
#2371,#2372,#2373),(#2374,#2375,#2376,#2377),(#2378,#2379,#2380,#2381)),
 .UNSPECIFIED.,.F.,.F.,.F.,(4,4),(4,4),(0.,1.),(0.0105319904449565,1.),
 .UNSPECIFIED.);
#85=B_SPLINE_SURFACE_WITH_KNOTS('',3,3,((#2384,#2385,#2386,#2387),(#2388,
#2389,#2390,#2391),(#2392,#2393,#2394,#2395),(#2396,#2397,#2398,#2399)),
 .UNSPECIFIED.,.F.,.F.,.F.,(4,4),(4,4),(0.,1.),(0.0216854333879639,1.),
 .UNSPECIFIED.);
#86=B_SPLINE_SURFACE_WITH_KNOTS('',3,3,((#2401,#2402,#2403,#2404),(#2405,
#2406,#2407,#2408),(#2409,#2410,#2411,#2412),(#2413,#2414,#2415,#2416),
(#2417,#2418,#2419,#2420)),.UNSPECIFIED.,.F.,.F.,.F.,(4,1,4),(4,4),(-4.10167799741008,
-1.75786199889004,8.08774744051528E-16),(0.,0.700000000000002),
 .UNSPECIFIED.);
#87=B_SPLINE_SURFACE_WITH_KNOTS('',3,3,((#2435,#2436,#2437,#2438,#2439,
#2440,#2441),(#2442,#2443,#2444,#2445,#2446,#2447,#2448),(#2449,#2450,#2451,
#2452,#2453,#2454,#2455),(#2456,#2457,#2458,#2459,#2460,#2461,#2462),(#2463,
#2464,#2465,#2466,#2467,#2468,#2469),(#2470,#2471,#2472,#2473,#2474,#2475,
#2476),(#2477,#2478,#2479,#2480,#2481,#2482,#2483),(#2484,#2485,#2486,#2487,
#2488,#2489,#2490),(#2491,#2492,#2493,#2494,#2495,#2496,#2497),(#2498,#2499,
#2500,#2501,#2502,#2503,#2504),(#2505,#2506,#2507,#2508,#2509,#2510,#2511),
(#2512,#2513,#2514,#2515,#2516,#2517,#2518)),.UNSPECIFIED.,.F.,.F.,.F.,
(4,1,1,1,2,1,1,1,4),(4,1,1,1,4),(0.,0.2,0.4,0.6,1.,1.01607351075768,1.03214702151536,
1.06429404303073,1.16073510757682),(0.0251159410046785,0.303654243574771,
0.442923394859818,0.721461697429911,1.),.UNSPECIFIED.);
#88=B_SPLINE_SURFACE_WITH_KNOTS('',3,3,((#2574,#2575,#2576,#2577,#2578,
#2579,#2580),(#2581,#2582,#2583,#2584,#2585,#2586,#2587),(#2588,#2589,#2590,
#2591,#2592,#2593,#2594),(#2595,#2596,#2597,#2598,#2599,#2600,#2601),(#2602,
#2603,#2604,#2605,#2606,#2607,#2608),(#2609,#2610,#2611,#2612,#2613,#2614,
#2615),(#2616,#2617,#2618,#2619,#2620,#2621,#2622),(#2623,#2624,#2625,#2626,
#2627,#2628,#2629),(#2630,#2631,#2632,#2633,#2634,#2635,#2636),(#2637,#2638,
#2639,#2640,#2641,#2642,#2643),(#2644,#2645,#2646,#2647,#2648,#2649,#2650),
(#2651,#2652,#2653,#2654,#2655,#2656,#2657),(#2658,#2659,#2660,#2661,#2662,
#2663,#2664),(#2665,#2666,#2667,#2668,#2669,#2670,#2671),(#2672,#2673,#2674,
#2675,#2676,#2677,#2678),(#2679,#2680,#2681,#2682,#2683,#2684,#2685)),
 .UNSPECIFIED.,.F.,.F.,.F.,(4,2,1,1,1,1,1,1,1,1,1,1,4),(4,1,1,1,4),(-0.160578963351225,
0.,0.0123285271075442,0.0246570542150884,0.0493141084301768,0.0986282168603536,
0.197256433720707,0.295884650581061,0.394512867441414,0.493141084301768,
0.542455192731945,0.591769301162122,0.986282168603536),(0.0489348278802873,
0.320667734200205,0.592400640520123,0.728267093680082,1.),.UNSPECIFIED.);
#89=B_SPLINE_SURFACE_WITH_KNOTS('',3,3,((#2723,#2724,#2725,#2726),(#2727,
#2728,#2729,#2730),(#2731,#2732,#2733,#2734),(#2735,#2736,#2737,#2738)),
 .UNSPECIFIED.,.F.,.F.,.F.,(4,4),(4,4),(0.,1.),(0.0216854333879636,1.),
 .UNSPECIFIED.);
#90=B_SPLINE_SURFACE_WITH_KNOTS('',3,3,((#2742,#2743,#2744,#2745),(#2746,
#2747,#2748,#2749),(#2750,#2751,#2752,#2753),(#2754,#2755,#2756,#2757)),
 .UNSPECIFIED.,.F.,.F.,.F.,(4,4),(4,4),(0.,1.),(0.0105319904449565,1.),
 .UNSPECIFIED.);
#91=B_SPLINE_SURFACE_WITH_KNOTS('',3,3,((#2761,#2762,#2763,#2764),(#2765,
#2766,#2767,#2768),(#2769,#2770,#2771,#2772),(#2773,#2774,#2775,#2776),
(#2777,#2778,#2779,#2780)),.UNSPECIFIED.,.F.,.F.,.F.,(4,1,4),(4,4),(-0.568502707705816,
1.77666107151621,3.53553390593274),(0.,0.700000000000003),.UNSPECIFIED.);
#92=B_SPLINE_SURFACE_WITH_KNOTS('',3,3,((#2797,#2798,#2799,#2800),(#2801,
#2802,#2803,#2804),(#2805,#2806,#2807,#2808),(#2809,#2810,#2811,#2812),
(#2813,#2814,#2815,#2816)),.UNSPECIFIED.,.F.,.F.,.F.,(4,1,4),(4,4),(-5.71299106221712E-16,
1.75786199889003,4.10167799741008),(0.,0.700000000000001),.UNSPECIFIED.);
#93=B_SPLINE_SURFACE_WITH_KNOTS('',3,3,((#2818,#2819,#2820,#2821),(#2822,
#2823,#2824,#2825),(#2826,#2827,#2828,#2829),(#2830,#2831,#2832,#2833),
(#2834,#2835,#2836,#2837)),.UNSPECIFIED.,.F.,.F.,.F.,(4,1,4),(4,4),(0.0316579105009764,
1.30632497043692,3.00588105035152),(0.,0.7),.UNSPECIFIED.);
#94=FACE_OUTER_BOUND('',#141,.T.);
#95=FACE_OUTER_BOUND('',#142,.T.);
#96=FACE_OUTER_BOUND('',#143,.T.);
#97=FACE_OUTER_BOUND('',#144,.T.);
#98=FACE_OUTER_BOUND('',#145,.T.);
#99=FACE_OUTER_BOUND('',#146,.T.);
#100=FACE_OUTER_BOUND('',#147,.T.);
#101=FACE_OUTER_BOUND('',#148,.T.);
#102=FACE_OUTER_BOUND('',#149,.T.);
#103=FACE_OUTER_BOUND('',#150,.T.);
#104=FACE_OUTER_BOUND('',#151,.T.);
#105=FACE_OUTER_BOUND('',#152,.T.);
#106=FACE_OUTER_BOUND('',#153,.T.);
#107=FACE_OUTER_BOUND('',#154,.T.);
#108=FACE_OUTER_BOUND('',#155,.T.);
#109=FACE_OUTER_BOUND('',#156,.T.);
#110=FACE_OUTER_BOUND('',#157,.T.);
#111=FACE_OUTER_BOUND('',#158,.T.);
#112=FACE_OUTER_BOUND('',#159,.T.);
#113=FACE_OUTER_BOUND('',#160,.T.);
#114=FACE_OUTER_BOUND('',#161,.T.);
#115=FACE_OUTER_BOUND('',#162,.T.);
#116=FACE_OUTER_BOUND('',#163,.T.);
#117=FACE_OUTER_BOUND('',#164,.T.);
#118=FACE_OUTER_BOUND('',#165,.T.);
#119=FACE_OUTER_BOUND('',#166,.T.);
#120=FACE_OUTER_BOUND('',#167,.T.);
#121=FACE_OUTER_BOUND('',#168,.T.);
#122=FACE_OUTER_BOUND('',#169,.T.);
#123=FACE_OUTER_BOUND('',#170,.T.);
#124=FACE_OUTER_BOUND('',#171,.T.);
#125=FACE_OUTER_BOUND('',#172,.T.);
#126=FACE_OUTER_BOUND('',#173,.T.);
#127=FACE_OUTER_BOUND('',#174,.T.);
#128=FACE_OUTER_BOUND('',#175,.T.);
#129=FACE_OUTER_BOUND('',#176,.T.);
#130=FACE_OUTER_BOUND('',#177,.T.);
#131=FACE_OUTER_BOUND('',#178,.T.);
#132=FACE_OUTER_BOUND('',#179,.T.);
#133=FACE_OUTER_BOUND('',#180,.T.);
#134=FACE_OUTER_BOUND('',#181,.T.);
#135=FACE_OUTER_BOUND('',#182,.T.);
#136=FACE_OUTER_BOUND('',#183,.T.);
#137=FACE_OUTER_BOUND('',#184,.T.);
#138=FACE_OUTER_BOUND('',#185,.T.);
#139=FACE_OUTER_BOUND('',#186,.T.);
#140=FACE_OUTER_BOUND('',#187,.T.);
#141=EDGE_LOOP('',(#509,#510,#511,#512,#513,#514,#515,#516,#517,#518,#519,
#520));
#142=EDGE_LOOP('',(#521,#522,#523,#524));
#143=EDGE_LOOP('',(#525,#526,#527));
#144=EDGE_LOOP('',(#528,#529,#530,#531));
#145=EDGE_LOOP('',(#532,#533,#534,#535));
#146=EDGE_LOOP('',(#536,#537,#538,#539,#540));
#147=EDGE_LOOP('',(#541,#542,#543,#544,#545));
#148=EDGE_LOOP('',(#546,#547,#548,#549));
#149=EDGE_LOOP('',(#550,#551,#552,#553));
#150=EDGE_LOOP('',(#554,#555,#556,#557,#558,#559,#560));
#151=EDGE_LOOP('',(#561,#562,#563,#564,#565));
#152=EDGE_LOOP('',(#566,#567,#568,#569,#570));
#153=EDGE_LOOP('',(#571,#572,#573,#574,#575));
#154=EDGE_LOOP('',(#576,#577,#578,#579));
#155=EDGE_LOOP('',(#580,#581,#582));
#156=EDGE_LOOP('',(#583,#584,#585,#586,#587,#588));
#157=EDGE_LOOP('',(#589,#590,#591));
#158=EDGE_LOOP('',(#592,#593,#594,#595));
#159=EDGE_LOOP('',(#596,#597,#598,#599));
#160=EDGE_LOOP('',(#600,#601,#602));
#161=EDGE_LOOP('',(#603,#604,#605,#606));
#162=EDGE_LOOP('',(#607,#608,#609));
#163=EDGE_LOOP('',(#610,#611,#612,#613,#614));
#164=EDGE_LOOP('',(#615,#616,#617));
#165=EDGE_LOOP('',(#618,#619,#620,#621,#622,#623));
#166=EDGE_LOOP('',(#624,#625,#626,#627));
#167=EDGE_LOOP('',(#628,#629,#630,#631,#632,#633));
#168=EDGE_LOOP('',(#634,#635,#636,#637));
#169=EDGE_LOOP('',(#638,#639,#640,#641));
#170=EDGE_LOOP('',(#642,#643,#644,#645,#646,#647,#648,#649,#650,#651));
#171=EDGE_LOOP('',(#652,#653,#654,#655,#656,#657,#658,#659,#660,#661));
#172=EDGE_LOOP('',(#662,#663,#664,#665,#666));
#173=EDGE_LOOP('',(#667,#668,#669,#670,#671));
#174=EDGE_LOOP('',(#672,#673,#674));
#175=EDGE_LOOP('',(#675,#676,#677,#678,#679,#680));
#176=EDGE_LOOP('',(#681,#682,#683,#684));
#177=EDGE_LOOP('',(#685,#686,#687,#688));
#178=EDGE_LOOP('',(#689,#690,#691,#692));
#179=EDGE_LOOP('',(#693,#694,#695,#696));
#180=EDGE_LOOP('',(#697,#698,#699));
#181=EDGE_LOOP('',(#700,#701,#702,#703,#704,#705));
#182=EDGE_LOOP('',(#706,#707,#708,#709,#710));
#183=EDGE_LOOP('',(#711,#712,#713,#714));
#184=EDGE_LOOP('',(#715,#716,#717,#718));
#185=EDGE_LOOP('',(#719,#720,#721,#722,#723));
#186=EDGE_LOOP('',(#724,#725,#726,#727));
#187=EDGE_LOOP('',(#728,#729,#730,#731,#732));
#188=CIRCLE('',#797,55.);
#189=CIRCLE('',#798,55.);
#190=CIRCLE('',#802,48.);
#191=CIRCLE('',#803,23.0058741777015);
#192=CIRCLE('',#805,48.);
#193=CIRCLE('',#806,25.0058741777015);
#194=CIRCLE('',#807,50.);
#195=CIRCLE('',#808,25.0058741777015);
#196=CIRCLE('',#810,48.);
#197=CIRCLE('',#811,48.);
#198=CIRCLE('',#812,23.0058741777015);
#199=CIRCLE('',#813,25.0058741777015);
#200=CIRCLE('',#814,50.);
#201=CIRCLE('',#815,25.0058741777015);
#202=LINE('',#953,#266);
#203=LINE('',#955,#267);
#204=LINE('',#957,#268);
#205=LINE('',#959,#269);
#206=LINE('',#961,#270);
#207=LINE('',#963,#271);
#208=LINE('',#965,#272);
#209=LINE('',#967,#273);
#210=LINE('',#969,#274);
#211=LINE('',#973,#275);
#212=LINE('',#1022,#276);
#213=LINE('',#1024,#277);
#214=LINE('',#1232,#278);
#215=LINE('',#1235,#279);
#216=LINE('',#1236,#280);
#217=LINE('',#1321,#281);
#218=LINE('',#1339,#282);
#219=LINE('',#1352,#283);
#220=LINE('',#1389,#284);
#221=LINE('',#1462,#285);
#222=LINE('',#1531,#286);
#223=LINE('',#1552,#287);
#224=LINE('',#1587,#288);
#225=LINE('',#1588,#289);
#226=LINE('',#1607,#290);
#227=LINE('',#1608,#291);
#228=LINE('',#1654,#292);
#229=LINE('',#1682,#293);
#230=LINE('',#1683,#294);
#231=LINE('',#1701,#295);
#232=LINE('',#1708,#296);
#233=LINE('',#1710,#297);
#234=LINE('',#1733,#298);
#235=LINE('',#1735,#299);
#236=LINE('',#1736,#300);
#237=LINE('',#1781,#301);
#238=LINE('',#1786,#302);
#239=LINE('',#1787,#303);
#240=LINE('',#1805,#304);
#241=LINE('',#1854,#305);
#242=LINE('',#1856,#306);
#243=LINE('',#1857,#307);
#244=LINE('',#1919,#308);
#245=LINE('',#1965,#309);
#246=LINE('',#1967,#310);
#247=LINE('',#1968,#311);
#248=LINE('',#1971,#312);
#249=LINE('',#1972,#313);
#250=LINE('',#1975,#314);
#251=LINE('',#1976,#315);
#252=LINE('',#1978,#316);
#253=LINE('',#1979,#317);
#254=LINE('',#1982,#318);
#255=LINE('',#2053,#319);
#256=LINE('',#2364,#320);
#257=LINE('',#2365,#321);
#258=LINE('',#2382,#322);
#259=LINE('',#2383,#323);
#260=LINE('',#2400,#324);
#261=LINE('',#2740,#325);
#262=LINE('',#2741,#326);
#263=LINE('',#2759,#327);
#264=LINE('',#2760,#328);
#265=LINE('',#2817,#329);
#266=VECTOR('',#829,10.);
#267=VECTOR('',#830,10.);
#268=VECTOR('',#831,10.);
#269=VECTOR('',#832,10.);
#270=VECTOR('',#833,10.);
#271=VECTOR('',#834,10.);
#272=VECTOR('',#835,10.);
#273=VECTOR('',#836,10.);
#274=VECTOR('',#837,10.);
#275=VECTOR('',#840,10.);
#276=VECTOR('',#843,10.);
#277=VECTOR('',#844,25.0522340864572);
#278=VECTOR('',#845,10.);
#279=VECTOR('',#848,10.);
#280=VECTOR('',#849,23.0215252685061);
#281=VECTOR('',#850,2.7537231257645);
#282=VECTOR('',#851,10.);
#283=VECTOR('',#852,2.11141678090949);
#284=VECTOR('',#853,10.);
#285=VECTOR('',#854,4.18354120510721);
#286=VECTOR('',#855,2.7537231257645);
#287=VECTOR('',#856,10.);
#288=VECTOR('',#857,10.);
#289=VECTOR('',#858,0.32184166005922);
#290=VECTOR('',#859,0.663018127851429);
#291=VECTOR('',#860,10.);
#292=VECTOR('',#861,10.);
#293=VECTOR('',#862,0.316579105009721);
#294=VECTOR('',#863,10.);
#295=VECTOR('',#864,10.);
#296=VECTOR('',#865,10.);
#297=VECTOR('',#868,10.);
#298=VECTOR('',#871,10.);
#299=VECTOR('',#872,10.);
#300=VECTOR('',#873,10.);
#301=VECTOR('',#876,10.);
#302=VECTOR('',#883,48.0040194436564);
#303=VECTOR('',#884,10.);
#304=VECTOR('',#885,50.0235762183136);
#305=VECTOR('',#896,10.);
#306=VECTOR('',#897,10.);
#307=VECTOR('',#898,48.0040194436564);
#308=VECTOR('',#905,50.0235762183136);
#309=VECTOR('',#912,10.);
#310=VECTOR('',#913,10.);
#311=VECTOR('',#914,10.);
#312=VECTOR('',#917,10.);
#313=VECTOR('',#918,10.);
#314=VECTOR('',#921,10.);
#315=VECTOR('',#922,10.);
#316=VECTOR('',#925,10.);
#317=VECTOR('',#926,10.);
#318=VECTOR('',#931,10.);
#319=VECTOR('',#934,10.);
#320=VECTOR('',#937,10.);
#321=VECTOR('',#938,10.);
#322=VECTOR('',#939,10.);
#323=VECTOR('',#940,10.);
#324=VECTOR('',#941,10.);
#325=VECTOR('',#944,10.);
#326=VECTOR('',#945,10.);
#327=VECTOR('',#946,10.);
#328=VECTOR('',#947,10.);
#329=VECTOR('',#948,10.);
#330=VERTEX_POINT('',#951);
#331=VERTEX_POINT('',#952);
#332=VERTEX_POINT('',#954);
#333=VERTEX_POINT('',#956);
#334=VERTEX_POINT('',#958);
#335=VERTEX_POINT('',#960);
#336=VERTEX_POINT('',#962);
#337=VERTEX_POINT('',#964);
#338=VERTEX_POINT('',#966);
#339=VERTEX_POINT('',#968);
#340=VERTEX_POINT('',#970);
#341=VERTEX_POINT('',#972);
#342=VERTEX_POINT('',#1011);
#343=VERTEX_POINT('',#1012);
#344=VERTEX_POINT('',#1021);
#345=VERTEX_POINT('',#1023);
#346=VERTEX_POINT('',#1060);
#347=VERTEX_POINT('',#1164);
#348=VERTEX_POINT('',#1179);
#349=VERTEX_POINT('',#1234);
#350=VERTEX_POINT('',#1289);
#351=VERTEX_POINT('',#1338);
#352=VERTEX_POINT('',#1340);
#353=VERTEX_POINT('',#1347);
#354=VERTEX_POINT('',#1461);
#355=VERTEX_POINT('',#1530);
#356=VERTEX_POINT('',#1532);
#357=VERTEX_POINT('',#1585);
#358=VERTEX_POINT('',#1586);
#359=VERTEX_POINT('',#1589);
#360=VERTEX_POINT('',#1606);
#361=VERTEX_POINT('',#1653);
#362=VERTEX_POINT('',#1655);
#363=VERTEX_POINT('',#1681);
#364=VERTEX_POINT('',#1700);
#365=VERTEX_POINT('',#1732);
#366=VERTEX_POINT('',#1734);
#367=VERTEX_POINT('',#1777);
#368=VERTEX_POINT('',#1778);
#369=VERTEX_POINT('',#1780);
#370=VERTEX_POINT('',#1785);
#371=VERTEX_POINT('',#1804);
#372=VERTEX_POINT('',#1847);
#373=VERTEX_POINT('',#1851);
#374=VERTEX_POINT('',#1853);
#375=VERTEX_POINT('',#1855);
#376=VERTEX_POINT('',#1898);
#377=VERTEX_POINT('',#1917);
#378=VERTEX_POINT('',#1960);
#379=VERTEX_POINT('',#1964);
#380=VERTEX_POINT('',#1966);
#381=VERTEX_POINT('',#1970);
#382=VERTEX_POINT('',#1974);
#383=VERTEX_POINT('',#2004);
#384=VERTEX_POINT('',#2005);
#385=VERTEX_POINT('',#2022);
#386=VERTEX_POINT('',#2028);
#387=VERTEX_POINT('',#2036);
#388=VERTEX_POINT('',#2146);
#389=VERTEX_POINT('',#2289);
#390=VERTEX_POINT('',#2363);
#391=VERTEX_POINT('',#2422);
#392=VERTEX_POINT('',#2519);
#393=VERTEX_POINT('',#2530);
#394=VERTEX_POINT('',#2535);
#395=VERTEX_POINT('',#2739);
#396=VERTEX_POINT('',#2758);
#397=EDGE_CURVE('',#330,#331,#202,.T.);
#398=EDGE_CURVE('',#331,#332,#203,.T.);
#399=EDGE_CURVE('',#332,#333,#204,.T.);
#400=EDGE_CURVE('',#333,#334,#205,.T.);
#401=EDGE_CURVE('',#334,#335,#206,.T.);
#402=EDGE_CURVE('',#335,#336,#207,.T.);
#403=EDGE_CURVE('',#336,#337,#208,.T.);
#404=EDGE_CURVE('',#337,#338,#209,.T.);
#405=EDGE_CURVE('',#338,#339,#210,.T.);
#406=EDGE_CURVE('',#339,#340,#188,.T.);
#407=EDGE_CURVE('',#340,#341,#211,.T.);
#408=EDGE_CURVE('',#341,#330,#189,.T.);
#409=EDGE_CURVE('',#342,#343,#28,.T.);
#410=EDGE_CURVE('',#342,#344,#212,.T.);
#411=EDGE_CURVE('',#344,#345,#213,.T.);
#412=EDGE_CURVE('',#343,#345,#29,.T.);
#413=EDGE_CURVE('',#331,#346,#30,.T.);
#414=EDGE_CURVE('',#346,#330,#31,.T.);
#415=EDGE_CURVE('',#347,#335,#32,.T.);
#416=EDGE_CURVE('',#348,#347,#33,.T.);
#417=EDGE_CURVE('',#336,#348,#214,.T.);
#418=EDGE_CURVE('',#349,#348,#215,.T.);
#419=EDGE_CURVE('',#337,#349,#216,.T.);
#420=EDGE_CURVE('',#350,#349,#34,.T.);
#421=EDGE_CURVE('',#339,#350,#217,.T.);
#422=EDGE_CURVE('',#339,#351,#218,.T.);
#423=EDGE_CURVE('',#352,#350,#35,.T.);
#424=EDGE_CURVE('',#353,#352,#36,.T.);
#425=EDGE_CURVE('',#351,#353,#219,.T.);
#426=EDGE_CURVE('',#344,#351,#220,.T.);
#427=EDGE_CURVE('',#345,#353,#37,.T.);
#428=EDGE_CURVE('',#334,#354,#221,.T.);
#429=EDGE_CURVE('',#347,#354,#38,.T.);
#430=EDGE_CURVE('',#330,#355,#222,.T.);
#431=EDGE_CURVE('',#356,#355,#39,.T.);
#432=EDGE_CURVE('',#333,#356,#223,.T.);
#433=EDGE_CURVE('',#357,#358,#224,.T.);
#434=EDGE_CURVE('',#357,#343,#225,.T.);
#435=EDGE_CURVE('',#359,#343,#40,.T.);
#436=EDGE_CURVE('',#360,#359,#226,.T.);
#437=EDGE_CURVE('',#358,#360,#227,.T.);
#438=EDGE_CURVE('',#360,#361,#228,.T.);
#439=EDGE_CURVE('',#362,#359,#41,.T.);
#440=EDGE_CURVE('',#363,#362,#229,.T.);
#441=EDGE_CURVE('',#361,#363,#230,.T.);
#442=EDGE_CURVE('',#363,#364,#231,.T.);
#443=EDGE_CURVE('',#355,#362,#42,.T.);
#444=EDGE_CURVE('',#364,#330,#232,.T.);
#445=EDGE_CURVE('',#354,#356,#233,.T.);
#446=EDGE_CURVE('',#342,#357,#43,.T.);
#447=EDGE_CURVE('',#365,#357,#234,.T.);
#448=EDGE_CURVE('',#366,#365,#235,.T.);
#449=EDGE_CURVE('',#351,#366,#236,.T.);
#450=EDGE_CURVE('',#367,#368,#190,.T.);
#451=EDGE_CURVE('',#368,#369,#237,.T.);
#452=EDGE_CURVE('',#367,#369,#191,.T.);
#453=EDGE_CURVE('',#368,#363,#192,.T.);
#454=EDGE_CURVE('',#363,#370,#238,.T.);
#455=EDGE_CURVE('',#369,#370,#239,.T.);
#456=EDGE_CURVE('',#364,#371,#240,.T.);
#457=EDGE_CURVE('',#370,#371,#193,.T.);
#458=EDGE_CURVE('',#364,#372,#194,.T.);
#459=EDGE_CURVE('',#371,#372,#195,.T.);
#460=EDGE_CURVE('',#365,#373,#196,.T.);
#461=EDGE_CURVE('',#373,#374,#241,.T.);
#462=EDGE_CURVE('',#374,#375,#242,.T.);
#463=EDGE_CURVE('',#365,#375,#243,.T.);
#464=EDGE_CURVE('',#373,#376,#197,.T.);
#465=EDGE_CURVE('',#376,#374,#198,.T.);
#466=EDGE_CURVE('',#375,#377,#199,.T.);
#467=EDGE_CURVE('',#351,#377,#244,.T.);
#468=EDGE_CURVE('',#378,#351,#200,.T.);
#469=EDGE_CURVE('',#377,#378,#201,.T.);
#470=EDGE_CURVE('',#378,#379,#245,.T.);
#471=EDGE_CURVE('',#380,#379,#246,.T.);
#472=EDGE_CURVE('',#340,#380,#247,.T.);
#473=EDGE_CURVE('',#381,#380,#248,.T.);
#474=EDGE_CURVE('',#341,#381,#249,.T.);
#475=EDGE_CURVE('',#382,#381,#250,.T.);
#476=EDGE_CURVE('',#372,#382,#251,.T.);
#477=EDGE_CURVE('',#378,#372,#252,.T.);
#478=EDGE_CURVE('',#379,#382,#253,.T.);
#479=EDGE_CURVE('',#376,#367,#254,.T.);
#480=EDGE_CURVE('',#383,#384,#44,.T.);
#481=EDGE_CURVE('',#383,#385,#45,.T.);
#482=EDGE_CURVE('',#385,#386,#46,.T.);
#483=EDGE_CURVE('',#387,#386,#47,.T.);
#484=EDGE_CURVE('',#384,#387,#255,.T.);
#485=EDGE_CURVE('',#347,#383,#48,.T.);
#486=EDGE_CURVE('',#354,#388,#49,.T.);
#487=EDGE_CURVE('',#388,#385,#50,.T.);
#488=EDGE_CURVE('',#388,#356,#51,.T.);
#489=EDGE_CURVE('',#355,#389,#52,.T.);
#490=EDGE_CURVE('',#386,#389,#53,.T.);
#491=EDGE_CURVE('',#362,#390,#256,.T.);
#492=EDGE_CURVE('',#390,#389,#257,.T.);
#493=EDGE_CURVE('',#359,#387,#258,.T.);
#494=EDGE_CURVE('',#387,#390,#259,.T.);
#495=EDGE_CURVE('',#343,#384,#260,.T.);
#496=EDGE_CURVE('',#349,#391,#54,.T.);
#497=EDGE_CURVE('',#391,#348,#55,.T.);
#498=EDGE_CURVE('',#391,#392,#56,.F.);
#499=EDGE_CURVE('',#393,#392,#57,.T.);
#500=EDGE_CURVE('',#394,#393,#58,.T.);
#501=EDGE_CURVE('',#350,#394,#59,.T.);
#502=EDGE_CURVE('',#392,#383,#60,.T.);
#503=EDGE_CURVE('',#345,#395,#261,.T.);
#504=EDGE_CURVE('',#395,#384,#262,.T.);
#505=EDGE_CURVE('',#353,#396,#263,.T.);
#506=EDGE_CURVE('',#396,#395,#264,.T.);
#507=EDGE_CURVE('',#395,#393,#61,.T.);
#508=EDGE_CURVE('',#396,#394,#265,.T.);
#509=ORIENTED_EDGE('',*,*,#397,.T.);
#510=ORIENTED_EDGE('',*,*,#398,.T.);
#511=ORIENTED_EDGE('',*,*,#399,.T.);
#512=ORIENTED_EDGE('',*,*,#400,.T.);
#513=ORIENTED_EDGE('',*,*,#401,.T.);
#514=ORIENTED_EDGE('',*,*,#402,.T.);
#515=ORIENTED_EDGE('',*,*,#403,.T.);
#516=ORIENTED_EDGE('',*,*,#404,.T.);
#517=ORIENTED_EDGE('',*,*,#405,.T.);
#518=ORIENTED_EDGE('',*,*,#406,.T.);
#519=ORIENTED_EDGE('',*,*,#407,.T.);
#520=ORIENTED_EDGE('',*,*,#408,.T.);
#521=ORIENTED_EDGE('',*,*,#409,.F.);
#522=ORIENTED_EDGE('',*,*,#410,.T.);
#523=ORIENTED_EDGE('',*,*,#411,.T.);
#524=ORIENTED_EDGE('',*,*,#412,.F.);
#525=ORIENTED_EDGE('',*,*,#413,.F.);
#526=ORIENTED_EDGE('',*,*,#397,.F.);
#527=ORIENTED_EDGE('',*,*,#414,.F.);
#528=ORIENTED_EDGE('',*,*,#415,.F.);
#529=ORIENTED_EDGE('',*,*,#416,.F.);
#530=ORIENTED_EDGE('',*,*,#417,.F.);
#531=ORIENTED_EDGE('',*,*,#402,.F.);
#532=ORIENTED_EDGE('',*,*,#403,.F.);
#533=ORIENTED_EDGE('',*,*,#417,.T.);
#534=ORIENTED_EDGE('',*,*,#418,.F.);
#535=ORIENTED_EDGE('',*,*,#419,.F.);
#536=ORIENTED_EDGE('',*,*,#404,.F.);
#537=ORIENTED_EDGE('',*,*,#419,.T.);
#538=ORIENTED_EDGE('',*,*,#420,.F.);
#539=ORIENTED_EDGE('',*,*,#421,.F.);
#540=ORIENTED_EDGE('',*,*,#405,.F.);
#541=ORIENTED_EDGE('',*,*,#422,.F.);
#542=ORIENTED_EDGE('',*,*,#421,.T.);
#543=ORIENTED_EDGE('',*,*,#423,.F.);
#544=ORIENTED_EDGE('',*,*,#424,.F.);
#545=ORIENTED_EDGE('',*,*,#425,.F.);
#546=ORIENTED_EDGE('',*,*,#426,.T.);
#547=ORIENTED_EDGE('',*,*,#425,.T.);
#548=ORIENTED_EDGE('',*,*,#427,.F.);
#549=ORIENTED_EDGE('',*,*,#411,.F.);
#550=ORIENTED_EDGE('',*,*,#415,.T.);
#551=ORIENTED_EDGE('',*,*,#401,.F.);
#552=ORIENTED_EDGE('',*,*,#428,.T.);
#553=ORIENTED_EDGE('',*,*,#429,.F.);
#554=ORIENTED_EDGE('',*,*,#413,.T.);
#555=ORIENTED_EDGE('',*,*,#414,.T.);
#556=ORIENTED_EDGE('',*,*,#430,.T.);
#557=ORIENTED_EDGE('',*,*,#431,.F.);
#558=ORIENTED_EDGE('',*,*,#432,.F.);
#559=ORIENTED_EDGE('',*,*,#399,.F.);
#560=ORIENTED_EDGE('',*,*,#398,.F.);
#561=ORIENTED_EDGE('',*,*,#433,.F.);
#562=ORIENTED_EDGE('',*,*,#434,.T.);
#563=ORIENTED_EDGE('',*,*,#435,.F.);
#564=ORIENTED_EDGE('',*,*,#436,.F.);
#565=ORIENTED_EDGE('',*,*,#437,.F.);
#566=ORIENTED_EDGE('',*,*,#438,.F.);
#567=ORIENTED_EDGE('',*,*,#436,.T.);
#568=ORIENTED_EDGE('',*,*,#439,.F.);
#569=ORIENTED_EDGE('',*,*,#440,.F.);
#570=ORIENTED_EDGE('',*,*,#441,.F.);
#571=ORIENTED_EDGE('',*,*,#442,.F.);
#572=ORIENTED_EDGE('',*,*,#440,.T.);
#573=ORIENTED_EDGE('',*,*,#443,.F.);
#574=ORIENTED_EDGE('',*,*,#430,.F.);
#575=ORIENTED_EDGE('',*,*,#444,.F.);
#576=ORIENTED_EDGE('',*,*,#400,.F.);
#577=ORIENTED_EDGE('',*,*,#432,.T.);
#578=ORIENTED_EDGE('',*,*,#445,.F.);
#579=ORIENTED_EDGE('',*,*,#428,.F.);
#580=ORIENTED_EDGE('',*,*,#409,.T.);
#581=ORIENTED_EDGE('',*,*,#434,.F.);
#582=ORIENTED_EDGE('',*,*,#446,.F.);
#583=ORIENTED_EDGE('',*,*,#446,.T.);
#584=ORIENTED_EDGE('',*,*,#447,.F.);
#585=ORIENTED_EDGE('',*,*,#448,.F.);
#586=ORIENTED_EDGE('',*,*,#449,.F.);
#587=ORIENTED_EDGE('',*,*,#426,.F.);
#588=ORIENTED_EDGE('',*,*,#410,.F.);
#589=ORIENTED_EDGE('',*,*,#450,.T.);
#590=ORIENTED_EDGE('',*,*,#451,.T.);
#591=ORIENTED_EDGE('',*,*,#452,.F.);
#592=ORIENTED_EDGE('',*,*,#453,.T.);
#593=ORIENTED_EDGE('',*,*,#454,.T.);
#594=ORIENTED_EDGE('',*,*,#455,.F.);
#595=ORIENTED_EDGE('',*,*,#451,.F.);
#596=ORIENTED_EDGE('',*,*,#442,.T.);
#597=ORIENTED_EDGE('',*,*,#456,.T.);
#598=ORIENTED_EDGE('',*,*,#457,.F.);
#599=ORIENTED_EDGE('',*,*,#454,.F.);
#600=ORIENTED_EDGE('',*,*,#458,.T.);
#601=ORIENTED_EDGE('',*,*,#459,.F.);
#602=ORIENTED_EDGE('',*,*,#456,.F.);
#603=ORIENTED_EDGE('',*,*,#460,.T.);
#604=ORIENTED_EDGE('',*,*,#461,.T.);
#605=ORIENTED_EDGE('',*,*,#462,.T.);
#606=ORIENTED_EDGE('',*,*,#463,.F.);
#607=ORIENTED_EDGE('',*,*,#464,.T.);
#608=ORIENTED_EDGE('',*,*,#465,.T.);
#609=ORIENTED_EDGE('',*,*,#461,.F.);
#610=ORIENTED_EDGE('',*,*,#448,.T.);
#611=ORIENTED_EDGE('',*,*,#463,.T.);
#612=ORIENTED_EDGE('',*,*,#466,.T.);
#613=ORIENTED_EDGE('',*,*,#467,.F.);
#614=ORIENTED_EDGE('',*,*,#449,.T.);
#615=ORIENTED_EDGE('',*,*,#468,.T.);
#616=ORIENTED_EDGE('',*,*,#467,.T.);
#617=ORIENTED_EDGE('',*,*,#469,.T.);
#618=ORIENTED_EDGE('',*,*,#470,.T.);
#619=ORIENTED_EDGE('',*,*,#471,.F.);
#620=ORIENTED_EDGE('',*,*,#472,.F.);
#621=ORIENTED_EDGE('',*,*,#406,.F.);
#622=ORIENTED_EDGE('',*,*,#422,.T.);
#623=ORIENTED_EDGE('',*,*,#468,.F.);
#624=ORIENTED_EDGE('',*,*,#407,.F.);
#625=ORIENTED_EDGE('',*,*,#472,.T.);
#626=ORIENTED_EDGE('',*,*,#473,.F.);
#627=ORIENTED_EDGE('',*,*,#474,.F.);
#628=ORIENTED_EDGE('',*,*,#474,.T.);
#629=ORIENTED_EDGE('',*,*,#475,.F.);
#630=ORIENTED_EDGE('',*,*,#476,.F.);
#631=ORIENTED_EDGE('',*,*,#458,.F.);
#632=ORIENTED_EDGE('',*,*,#444,.T.);
#633=ORIENTED_EDGE('',*,*,#408,.F.);
#634=ORIENTED_EDGE('',*,*,#477,.T.);
#635=ORIENTED_EDGE('',*,*,#476,.T.);
#636=ORIENTED_EDGE('',*,*,#478,.F.);
#637=ORIENTED_EDGE('',*,*,#470,.F.);
#638=ORIENTED_EDGE('',*,*,#478,.T.);
#639=ORIENTED_EDGE('',*,*,#475,.T.);
#640=ORIENTED_EDGE('',*,*,#473,.T.);
#641=ORIENTED_EDGE('',*,*,#471,.T.);
#642=ORIENTED_EDGE('',*,*,#477,.F.);
#643=ORIENTED_EDGE('',*,*,#469,.F.);
#644=ORIENTED_EDGE('',*,*,#466,.F.);
#645=ORIENTED_EDGE('',*,*,#462,.F.);
#646=ORIENTED_EDGE('',*,*,#465,.F.);
#647=ORIENTED_EDGE('',*,*,#479,.T.);
#648=ORIENTED_EDGE('',*,*,#452,.T.);
#649=ORIENTED_EDGE('',*,*,#455,.T.);
#650=ORIENTED_EDGE('',*,*,#457,.T.);
#651=ORIENTED_EDGE('',*,*,#459,.T.);
#652=ORIENTED_EDGE('',*,*,#479,.F.);
#653=ORIENTED_EDGE('',*,*,#464,.F.);
#654=ORIENTED_EDGE('',*,*,#460,.F.);
#655=ORIENTED_EDGE('',*,*,#447,.T.);
#656=ORIENTED_EDGE('',*,*,#433,.T.);
#657=ORIENTED_EDGE('',*,*,#437,.T.);
#658=ORIENTED_EDGE('',*,*,#438,.T.);
#659=ORIENTED_EDGE('',*,*,#441,.T.);
#660=ORIENTED_EDGE('',*,*,#453,.F.);
#661=ORIENTED_EDGE('',*,*,#450,.F.);
#662=ORIENTED_EDGE('',*,*,#480,.F.);
#663=ORIENTED_EDGE('',*,*,#481,.T.);
#664=ORIENTED_EDGE('',*,*,#482,.T.);
#665=ORIENTED_EDGE('',*,*,#483,.F.);
#666=ORIENTED_EDGE('',*,*,#484,.F.);
#667=ORIENTED_EDGE('',*,*,#485,.F.);
#668=ORIENTED_EDGE('',*,*,#429,.T.);
#669=ORIENTED_EDGE('',*,*,#486,.T.);
#670=ORIENTED_EDGE('',*,*,#487,.T.);
#671=ORIENTED_EDGE('',*,*,#481,.F.);
#672=ORIENTED_EDGE('',*,*,#488,.F.);
#673=ORIENTED_EDGE('',*,*,#486,.F.);
#674=ORIENTED_EDGE('',*,*,#445,.T.);
#675=ORIENTED_EDGE('',*,*,#488,.T.);
#676=ORIENTED_EDGE('',*,*,#431,.T.);
#677=ORIENTED_EDGE('',*,*,#489,.T.);
#678=ORIENTED_EDGE('',*,*,#490,.F.);
#679=ORIENTED_EDGE('',*,*,#482,.F.);
#680=ORIENTED_EDGE('',*,*,#487,.F.);
#681=ORIENTED_EDGE('',*,*,#443,.T.);
#682=ORIENTED_EDGE('',*,*,#491,.T.);
#683=ORIENTED_EDGE('',*,*,#492,.T.);
#684=ORIENTED_EDGE('',*,*,#489,.F.);
#685=ORIENTED_EDGE('',*,*,#439,.T.);
#686=ORIENTED_EDGE('',*,*,#493,.T.);
#687=ORIENTED_EDGE('',*,*,#494,.T.);
#688=ORIENTED_EDGE('',*,*,#491,.F.);
#689=ORIENTED_EDGE('',*,*,#435,.T.);
#690=ORIENTED_EDGE('',*,*,#495,.T.);
#691=ORIENTED_EDGE('',*,*,#484,.T.);
#692=ORIENTED_EDGE('',*,*,#493,.F.);
#693=ORIENTED_EDGE('',*,*,#494,.F.);
#694=ORIENTED_EDGE('',*,*,#483,.T.);
#695=ORIENTED_EDGE('',*,*,#490,.T.);
#696=ORIENTED_EDGE('',*,*,#492,.F.);
#697=ORIENTED_EDGE('',*,*,#496,.F.);
#698=ORIENTED_EDGE('',*,*,#418,.T.);
#699=ORIENTED_EDGE('',*,*,#497,.F.);
#700=ORIENTED_EDGE('',*,*,#496,.T.);
#701=ORIENTED_EDGE('',*,*,#498,.T.);
#702=ORIENTED_EDGE('',*,*,#499,.F.);
#703=ORIENTED_EDGE('',*,*,#500,.F.);
#704=ORIENTED_EDGE('',*,*,#501,.F.);
#705=ORIENTED_EDGE('',*,*,#420,.T.);
#706=ORIENTED_EDGE('',*,*,#485,.T.);
#707=ORIENTED_EDGE('',*,*,#502,.F.);
#708=ORIENTED_EDGE('',*,*,#498,.F.);
#709=ORIENTED_EDGE('',*,*,#497,.T.);
#710=ORIENTED_EDGE('',*,*,#416,.T.);
#711=ORIENTED_EDGE('',*,*,#412,.T.);
#712=ORIENTED_EDGE('',*,*,#503,.T.);
#713=ORIENTED_EDGE('',*,*,#504,.T.);
#714=ORIENTED_EDGE('',*,*,#495,.F.);
#715=ORIENTED_EDGE('',*,*,#427,.T.);
#716=ORIENTED_EDGE('',*,*,#505,.T.);
#717=ORIENTED_EDGE('',*,*,#506,.T.);
#718=ORIENTED_EDGE('',*,*,#503,.F.);
#719=ORIENTED_EDGE('',*,*,#480,.T.);
#720=ORIENTED_EDGE('',*,*,#504,.F.);
#721=ORIENTED_EDGE('',*,*,#507,.T.);
#722=ORIENTED_EDGE('',*,*,#499,.T.);
#723=ORIENTED_EDGE('',*,*,#502,.T.);
#724=ORIENTED_EDGE('',*,*,#506,.F.);
#725=ORIENTED_EDGE('',*,*,#508,.T.);
#726=ORIENTED_EDGE('',*,*,#500,.T.);
#727=ORIENTED_EDGE('',*,*,#507,.F.);
#728=ORIENTED_EDGE('',*,*,#424,.T.);
#729=ORIENTED_EDGE('',*,*,#423,.T.);
#730=ORIENTED_EDGE('',*,*,#501,.T.);
#731=ORIENTED_EDGE('',*,*,#508,.F.);
#732=ORIENTED_EDGE('',*,*,#505,.F.);
#733=CYLINDRICAL_SURFACE('',#796,55.);
#734=CYLINDRICAL_SURFACE('',#822,48.);
#735=ADVANCED_FACE('',(#94),#733,.T.);
#736=ADVANCED_FACE('',(#95),#62,.F.);
#737=ADVANCED_FACE('',(#96),#63,.F.);
#738=ADVANCED_FACE('',(#97),#64,.F.);
#739=ADVANCED_FACE('',(#98),#15,.F.);
#740=ADVANCED_FACE('',(#99),#65,.F.);
#741=ADVANCED_FACE('',(#100),#66,.F.);
#742=ADVANCED_FACE('',(#101),#67,.F.);
#743=ADVANCED_FACE('',(#102),#68,.F.);
#744=ADVANCED_FACE('',(#103),#69,.F.);
#745=ADVANCED_FACE('',(#104),#70,.F.);
#746=ADVANCED_FACE('',(#105),#71,.F.);
#747=ADVANCED_FACE('',(#106),#72,.F.);
#748=ADVANCED_FACE('',(#107),#16,.F.);
#749=ADVANCED_FACE('',(#108),#73,.F.);
#750=ADVANCED_FACE('',(#109),#17,.T.);
#751=ADVANCED_FACE('',(#110),#74,.T.);
#752=ADVANCED_FACE('',(#111),#18,.T.);
#753=ADVANCED_FACE('',(#112),#75,.T.);
#754=ADVANCED_FACE('',(#113),#76,.T.);
#755=ADVANCED_FACE('',(#114),#19,.F.);
#756=ADVANCED_FACE('',(#115),#77,.F.);
#757=ADVANCED_FACE('',(#116),#78,.F.);
#758=ADVANCED_FACE('',(#117),#79,.F.);
#759=ADVANCED_FACE('',(#118),#20,.T.);
#760=ADVANCED_FACE('',(#119),#21,.T.);
#761=ADVANCED_FACE('',(#120),#22,.T.);
#762=ADVANCED_FACE('',(#121),#23,.T.);
#763=ADVANCED_FACE('',(#122),#24,.T.);
#764=ADVANCED_FACE('',(#123),#25,.T.);
#765=ADVANCED_FACE('',(#124),#734,.F.);
#766=ADVANCED_FACE('',(#125),#80,.F.);
#767=ADVANCED_FACE('',(#126),#81,.T.);
#768=ADVANCED_FACE('',(#127),#26,.F.);
#769=ADVANCED_FACE('',(#128),#82,.T.);
#770=ADVANCED_FACE('',(#129),#83,.T.);
#771=ADVANCED_FACE('',(#130),#84,.F.);
#772=ADVANCED_FACE('',(#131),#85,.F.);
#773=ADVANCED_FACE('',(#132),#86,.F.);
#774=ADVANCED_FACE('',(#133),#27,.F.);
#775=ADVANCED_FACE('',(#134),#87,.T.);
#776=ADVANCED_FACE('',(#135),#88,.T.);
#777=ADVANCED_FACE('',(#136),#89,.F.);
#778=ADVANCED_FACE('',(#137),#90,.F.);
#779=ADVANCED_FACE('',(#138),#91,.F.);
#780=ADVANCED_FACE('',(#139),#92,.F.);
#781=ADVANCED_FACE('',(#140),#93,.F.);
#782=CLOSED_SHELL('',(#735,#736,#737,#738,#739,#740,#741,#742,#743,#744,
#745,#746,#747,#748,#749,#750,#751,#752,#753,#754,#755,#756,#757,#758,#759,
#760,#761,#762,#763,#764,#765,#766,#767,#768,#769,#770,#771,#772,#773,#774,
#775,#776,#777,#778,#779,#780,#781));
#783=DERIVED_UNIT_ELEMENT(#785,1.);
#784=DERIVED_UNIT_ELEMENT(#2843,-3.);
#785=(
MASS_UNIT()
NAMED_UNIT(*)
SI_UNIT(.KILO.,.GRAM.)
);
#786=DERIVED_UNIT((#783,#784));
#787=MEASURE_REPRESENTATION_ITEM('density measure',
POSITIVE_RATIO_MEASURE(7850.),#786);
#788=PROPERTY_DEFINITION_REPRESENTATION(#793,#790);
#789=PROPERTY_DEFINITION_REPRESENTATION(#794,#791);
#790=REPRESENTATION('material name',(#792),#2840);
#791=REPRESENTATION('density',(#787),#2840);
#792=DESCRIPTIVE_REPRESENTATION_ITEM('Steel','Steel');
#793=PROPERTY_DEFINITION('material property','material name',#2850);
#794=PROPERTY_DEFINITION('material property','density of part',#2850);
#795=AXIS2_PLACEMENT_3D('',#949,#825,#826);
#796=AXIS2_PLACEMENT_3D('',#950,#827,#828);
#797=AXIS2_PLACEMENT_3D('',#971,#838,#839);
#798=AXIS2_PLACEMENT_3D('',#974,#841,#842);
#799=AXIS2_PLACEMENT_3D('',#1233,#846,#847);
#800=AXIS2_PLACEMENT_3D('',#1709,#866,#867);
#801=AXIS2_PLACEMENT_3D('',#1731,#869,#870);
#802=AXIS2_PLACEMENT_3D('',#1779,#874,#875);
#803=AXIS2_PLACEMENT_3D('',#1782,#877,#878);
#804=AXIS2_PLACEMENT_3D('',#1783,#879,#880);
#805=AXIS2_PLACEMENT_3D('',#1784,#881,#882);
#806=AXIS2_PLACEMENT_3D('',#1806,#886,#887);
#807=AXIS2_PLACEMENT_3D('',#1848,#888,#889);
#808=AXIS2_PLACEMENT_3D('',#1849,#890,#891);
#809=AXIS2_PLACEMENT_3D('',#1850,#892,#893);
#810=AXIS2_PLACEMENT_3D('',#1852,#894,#895);
#811=AXIS2_PLACEMENT_3D('',#1899,#899,#900);
#812=AXIS2_PLACEMENT_3D('',#1900,#901,#902);
#813=AXIS2_PLACEMENT_3D('',#1918,#903,#904);
#814=AXIS2_PLACEMENT_3D('',#1961,#906,#907);
#815=AXIS2_PLACEMENT_3D('',#1962,#908,#909);
#816=AXIS2_PLACEMENT_3D('',#1963,#910,#911);
#817=AXIS2_PLACEMENT_3D('',#1969,#915,#916);
#818=AXIS2_PLACEMENT_3D('',#1973,#919,#920);
#819=AXIS2_PLACEMENT_3D('',#1977,#923,#924);
#820=AXIS2_PLACEMENT_3D('',#1980,#927,#928);
#821=AXIS2_PLACEMENT_3D('',#1981,#929,#930);
#822=AXIS2_PLACEMENT_3D('',#1983,#932,#933);
#823=AXIS2_PLACEMENT_3D('',#2163,#935,#936);
#824=AXIS2_PLACEMENT_3D('',#2421,#942,#943);
#825=DIRECTION('axis',(0.,0.,1.));
#826=DIRECTION('refdir',(1.,0.,0.));
#827=DIRECTION('center_axis',(1.,0.,0.));
#828=DIRECTION('ref_axis',(0.,0.342020143325669,-0.939692620785908));
#829=DIRECTION('',(-1.,-5.21634191833436E-18,-1.89859319002877E-18));
#830=DIRECTION('',(-1.,-5.21634191833436E-18,-1.89859319002877E-18));
#831=DIRECTION('',(-1.,-5.21634191833436E-18,-1.89859319002877E-18));
#832=DIRECTION('',(-1.,-5.21634191833436E-18,-1.89859319002877E-18));
#833=DIRECTION('',(-1.,-5.21634191833436E-18,-1.89859319002877E-18));
#834=DIRECTION('',(-1.,-5.21634191833436E-18,-1.89859319002877E-18));
#835=DIRECTION('',(-1.,0.,0.));
#836=DIRECTION('',(-1.,0.,0.));
#837=DIRECTION('',(-1.,0.,0.));
#838=DIRECTION('center_axis',(1.,0.,0.));
#839=DIRECTION('ref_axis',(0.,0.342020143325669,-0.939692620785908));
#840=DIRECTION('',(1.,0.,0.));
#841=DIRECTION('center_axis',(-1.,0.,0.));
#842=DIRECTION('ref_axis',(0.,0.342020143325669,-0.939692620785908));
#843=DIRECTION('',(-1.,0.,0.));
#844=DIRECTION('',(-0.997861930899982,-0.0399165997151758,0.0517516369570854));
#845=DIRECTION('',(-0.988679016398095,-0.0972337189517196,-0.114277760010045));
#846=DIRECTION('center_axis',(0.,-0.761618163422818,0.648026059001067));
#847=DIRECTION('ref_axis',(1.,0.,0.));
#848=DIRECTION('',(1.,0.,0.));
#849=DIRECTION('',(-0.98336143495871,-0.117720293725968,-0.138355414353822));
#850=DIRECTION('',(-0.0658178205500714,-0.984158752661794,-0.164619452244319));
#851=DIRECTION('',(0.,-0.342020143325669,0.939692620785908));
#852=DIRECTION('',(-2.94458630532567E-14,-0.473615635265175,0.880731644732018));
#853=DIRECTION('',(-1.,0.,0.));
#854=DIRECTION('',(-0.0263733651548506,-0.647800651113433,-0.761353243919944));
#855=DIRECTION('',(0.0658178205500714,-0.984158752661795,-0.164619452244316));
#856=DIRECTION('',(-0.00606105640818598,-0.648014155817938,-0.761604173737764));
#857=DIRECTION('',(1.,0.,0.));
#858=DIRECTION('',(1.33132764256632E-14,-0.981724097776884,-0.190309736598429));
#859=DIRECTION('',(-0.00100246624911289,-0.476547623776968,-0.87914808612312));
#860=DIRECTION('',(1.,0.,0.));
#861=DIRECTION('',(1.,0.,0.));
#862=DIRECTION('',(0.,-0.998043485336573,-0.0625236065596416));
#863=DIRECTION('',(1.,0.,0.));
#864=DIRECTION('',(0.,0.342020143325669,-0.939692620785908));
#865=DIRECTION('',(0.,0.342020143325669,-0.939692620785908));
#866=DIRECTION('center_axis',(-1.44576654760374E-15,-0.761618163422819,
0.648026059001066));
#867=DIRECTION('ref_axis',(1.,0.,2.23103149560435E-15));
#868=DIRECTION('',(1.,0.,0.));
#869=DIRECTION('center_axis',(0.,-0.939692620785908,-0.342020143325669));
#870=DIRECTION('ref_axis',(0.,-0.342020143325669,0.939692620785908));
#871=DIRECTION('',(1.,0.,0.));
#872=DIRECTION('',(0.,-0.342020143325669,0.939692620785908));
#873=DIRECTION('',(0.,-0.342020143325669,0.939692620785908));
#874=DIRECTION('center_axis',(-1.,0.,0.));
#875=DIRECTION('ref_axis',(0.,0.342020143325669,-0.939692620785908));
#876=DIRECTION('',(0.,-0.336260672067276,0.941768952780279));
#877=DIRECTION('center_axis',(0.,9.65164823600781E-17,-1.));
#878=DIRECTION('ref_axis',(-2.14309641943973E-32,-1.,-9.65164823600781E-17));
#879=DIRECTION('center_axis',(-1.,0.,0.));
#880=DIRECTION('ref_axis',(0.,0.,1.));
#881=DIRECTION('center_axis',(-1.,0.,0.));
#882=DIRECTION('ref_axis',(0.,0.342020143325669,-0.939692620785908));
#883=DIRECTION('',(0.,-0.342236242411285,0.939613939009104));
#884=DIRECTION('',(0.,-1.,-3.14059081309316E-33));
#885=DIRECTION('',(0.0497041150938275,-0.339616583457482,0.939249741646708));
#886=DIRECTION('center_axis',(-1.09777652974945E-15,-8.87969776009808E-17,
1.));
#887=DIRECTION('ref_axis',(0.,-1.,-8.87969776009808E-17));
#888=DIRECTION('center_axis',(1.,0.,0.));
#889=DIRECTION('ref_axis',(0.,0.342020143325669,-0.939692620785908));
#890=DIRECTION('center_axis',(-1.09777652974945E-15,-8.87969776009808E-17,
1.));
#891=DIRECTION('ref_axis',(0.,-1.,-8.87969776009808E-17));
#892=DIRECTION('center_axis',(-1.,0.,0.));
#893=DIRECTION('ref_axis',(0.,0.,1.));
#894=DIRECTION('center_axis',(1.,0.,0.));
#895=DIRECTION('ref_axis',(0.,0.342020143325669,-0.939692620785908));
#896=DIRECTION('',(0.,-0.336260672067276,0.941768952780279));
#897=DIRECTION('',(0.,-1.,-3.14059081309316E-33));
#898=DIRECTION('',(0.,-0.342236242411285,0.939613939009104));
#899=DIRECTION('center_axis',(1.,0.,0.));
#900=DIRECTION('ref_axis',(0.,0.342020143325669,-0.939692620785908));
#901=DIRECTION('center_axis',(0.,-9.65164823600781E-17,1.));
#902=DIRECTION('ref_axis',(2.14309641943973E-32,-1.,-9.65164823600781E-17));
#903=DIRECTION('center_axis',(-1.09777652974945E-15,8.87969776009808E-17,
-1.));
#904=DIRECTION('ref_axis',(0.,-1.,-8.87969776009808E-17));
#905=DIRECTION('',(-0.0497041150938275,-0.339616583457482,0.939249741646708));
#906=DIRECTION('center_axis',(-1.,0.,0.));
#907=DIRECTION('ref_axis',(0.,0.342020143325669,-0.939692620785908));
#908=DIRECTION('center_axis',(-1.09777652974945E-15,8.87969776009808E-17,
-1.));
#909=DIRECTION('ref_axis',(0.,-1.,-8.87969776009808E-17));
#910=DIRECTION('center_axis',(-1.,0.,0.));
#911=DIRECTION('ref_axis',(0.,-1.,8.88178419700126E-17));
#912=DIRECTION('',(0.,0.,1.));
#913=DIRECTION('',(0.,-1.,8.88178419700126E-17));
#914=DIRECTION('',(0.,0.,1.));
#915=DIRECTION('center_axis',(0.,1.,0.));
#916=DIRECTION('ref_axis',(-1.,0.,0.));
#917=DIRECTION('',(-1.,0.,0.));
#918=DIRECTION('',(0.,0.,1.));
#919=DIRECTION('center_axis',(1.,0.,0.));
#920=DIRECTION('ref_axis',(0.,1.,-8.88178419700126E-17));
#921=DIRECTION('',(0.,1.,-8.88178419700126E-17));
#922=DIRECTION('',(0.,0.,1.));
#923=DIRECTION('center_axis',(0.,-1.,0.));
#924=DIRECTION('ref_axis',(1.,0.,0.));
#925=DIRECTION('',(1.,0.,0.));
#926=DIRECTION('',(1.,0.,0.));
#927=DIRECTION('center_axis',(0.,0.,1.));
#928=DIRECTION('ref_axis',(1.,0.,0.));
#929=DIRECTION('center_axis',(0.,0.,1.));
#930=DIRECTION('ref_axis',(0.,1.,0.));
#931=DIRECTION('',(1.,0.,0.));
#932=DIRECTION('center_axis',(-1.,0.,0.));
#933=DIRECTION('ref_axis',(0.,0.342020143325669,-0.939692620785908));
#934=DIRECTION('',(0.707106781186547,0.,-0.707106781186548));
#935=DIRECTION('center_axis',(0.,0.,-1.));
#936=DIRECTION('ref_axis',(1.,0.,0.));
#937=DIRECTION('',(0.,-0.998043485336575,-0.0625236065596138));
#938=DIRECTION('',(0.706414032761748,0.0442541369203876,-0.706414032761747));
#939=DIRECTION('',(-1.09555200558149E-16,-0.748526653746835,-0.663104704123387));
#940=DIRECTION('',(0.707106781186547,0.,0.707106781186548));
#941=DIRECTION('',(-1.44458988711495E-16,-0.998129504404978,-0.0611350344423891));
#942=DIRECTION('center_axis',(0.,0.,-1.));
#943=DIRECTION('ref_axis',(1.,0.,0.));
#944=DIRECTION('',(1.09555200558149E-16,-0.748526653746836,-0.663104704123387));
#945=DIRECTION('',(0.707106781186548,0.,0.707106781186547));
#946=DIRECTION('',(0.,-0.998043485336575,-0.0625236065596138));
#947=DIRECTION('',(0.707106781186548,0.,-0.707106781186547));
#948=DIRECTION('',(-0.706414032761747,0.0442541369203876,-0.706414032761748));
#949=CARTESIAN_POINT('',(0.,0.,0.));
#950=CARTESIAN_POINT('Origin',(-50.,-71.2731960578734,-10.6462900481805));
#951=CARTESIAN_POINT('',(50.,-52.4620881749616,-62.3293841914055));
#952=CARTESIAN_POINT('',(47.2132829982596,-52.4620881749616,-62.3293841914055));
#953=CARTESIAN_POINT('',(-50.,-52.4620881749616,-62.3293841914055));
#954=CARTESIAN_POINT('',(42.3441268682893,-52.4620881749616,-62.3293841914055));
#955=CARTESIAN_POINT('',(-50.,-52.4620881749616,-62.3293841914055));
#956=CARTESIAN_POINT('',(27.3357328588986,-52.4620881749616,-62.3293841914055));
#957=CARTESIAN_POINT('',(-50.,-52.4620881749616,-62.3293841914055));
#958=CARTESIAN_POINT('',(22.3327665389288,-52.4620881749616,-62.3293841914055));
#959=CARTESIAN_POINT('',(-50.,-52.4620881749616,-62.3293841914055));
#960=CARTESIAN_POINT('',(15.9080608990854,-52.4620881749616,-62.3293841914055));
#961=CARTESIAN_POINT('',(-50.,-52.4620881749616,-62.3293841914055));
#962=CARTESIAN_POINT('',(5.33405450652741,-52.4620881749616,-62.3293841914055));
#963=CARTESIAN_POINT('',(-50.,-52.4620881749616,-62.3293841914055));
#964=CARTESIAN_POINT('',(-4.67190441109357,-52.4620881749616,-62.3293841914055));
#965=CARTESIAN_POINT('',(50.,-52.4620881749616,-62.3293841914055));
#966=CARTESIAN_POINT('',(-36.0456193530492,-52.4620881749616,-62.3293841914055));
#967=CARTESIAN_POINT('',(50.,-52.4620881749616,-62.3293841914055));
#968=CARTESIAN_POINT('',(-50.,-52.4620881749616,-62.3293841914055));
#969=CARTESIAN_POINT('',(50.,-52.4620881749616,-62.3293841914055));
#970=CARTESIAN_POINT('',(-50.,-16.2731960578734,-10.6462900481805));
#971=CARTESIAN_POINT('Origin',(-50.,-71.2731960578734,-10.6462900481805));
#972=CARTESIAN_POINT('',(50.,-16.2731960578734,-10.6462900481805));
#973=CARTESIAN_POINT('',(-50.,-16.2731960578734,-10.6462900481805));
#974=CARTESIAN_POINT('Origin',(50.,-71.2731960578734,-10.6462900481805));
#975=CARTESIAN_POINT('Ctrl Pts',(-0.0013293211294485,-54.17218889159,-57.6309210874759));
#976=CARTESIAN_POINT('Ctrl Pts',(-8.33421954741963,-54.5055222249233,-57.1987563796738));
#977=CARTESIAN_POINT('Ctrl Pts',(-16.6671097737098,-54.8388555582566,-56.7665916718718));
#978=CARTESIAN_POINT('Ctrl Pts',(-25.,-55.17218889159,-56.3344269640697));
#979=CARTESIAN_POINT('Ctrl Pts',(2.3796863608291,-54.17218889159,-57.6309210874759));
#980=CARTESIAN_POINT('Ctrl Pts',(-6.34057360255613,-54.5055222249233,-57.2031776667305));
#981=CARTESIAN_POINT('Ctrl Pts',(-15.0614196542443,-54.8388555582566,-56.7754822583994));
#982=CARTESIAN_POINT('Ctrl Pts',(-23.7816796176295,-55.17218889159,-56.3477388376539));
#983=CARTESIAN_POINT('Ctrl Pts',(7.14171772474619,-54.17218889159,-57.6309210874759));
#984=CARTESIAN_POINT('Ctrl Pts',(-2.36746825190837,-54.5055222249233,-57.2069044468451));
#985=CARTESIAN_POINT('Ctrl Pts',(-11.8767450061092,-54.8388555582566,-56.782853714115));
#986=CARTESIAN_POINT('Ctrl Pts',(-21.3859309827638,-55.17218889159,-56.3588370734842));
#987=CARTESIAN_POINT('Ctrl Pts',(14.2847647706218,-54.17218889159,-57.630921087476));
#988=CARTESIAN_POINT('Ctrl Pts',(3.57935813031609,-54.5055222249233,-57.198420276418));
#989=CARTESIAN_POINT('Ctrl Pts',(-7.12631603143272,-54.8388555582567,-56.7659528301904));
#990=CARTESIAN_POINT('Ctrl Pts',(-17.8317226717385,-55.17218889159,-56.3334520191325));
#991=CARTESIAN_POINT('Ctrl Pts',(21.4278118164975,-54.17218889159,-57.6309210874759));
#992=CARTESIAN_POINT('Ctrl Pts',(9.53428405319782,-54.5055222249233,-57.1774164318635));
#993=CARTESIAN_POINT('Ctrl Pts',(-2.36158375793025,-54.8388555582566,-56.7239438985923));
#994=CARTESIAN_POINT('Ctrl Pts',(-14.2551115212299,-55.17218889159,-56.2704392429799));
#995=CARTESIAN_POINT('Ctrl Pts',(30.9518745443316,-54.17218889159,-57.6309210874759));
#996=CARTESIAN_POINT('Ctrl Pts',(17.5306970180604,-54.5055222249233,-57.1335261077988));
#997=CARTESIAN_POINT('Ctrl Pts',(4.11164914082658,-54.8388555582567,-56.6361342542436));
#998=CARTESIAN_POINT('Ctrl Pts',(-9.30952838544468,-55.17218889159,-56.1387392745665));
#999=CARTESIAN_POINT('Ctrl Pts',(40.4759372721658,-54.17218889159,-57.6309210874759));
#1000=CARTESIAN_POINT('Ctrl Pts',(25.4663896014136,-54.5055222249233,-57.07609308565));
#1001=CARTESIAN_POINT('Ctrl Pts',(10.4565452133732,-54.8388555582566,-56.5212735920699));
#1002=CARTESIAN_POINT('Ctrl Pts',(-4.55300245737904,-55.17218889159,-55.966445590244));
#1003=CARTESIAN_POINT('Ctrl Pts',(47.6189843180415,-54.17218889159,-57.6309210874759));
#1004=CARTESIAN_POINT('Ctrl Pts',(31.3717151775013,-54.5055222249233,-57.0367755925088));
#1005=CARTESIAN_POINT('Ctrl Pts',(15.1233348416128,-54.8388555582566,-56.4426491216764));
#1006=CARTESIAN_POINT('Ctrl Pts',(-1.12393429892737,-55.17218889159,-55.8485036267092));
#1007=CARTESIAN_POINT('Ctrl Pts',(50.,-54.17218889159,-57.6309210874759));
#1008=CARTESIAN_POINT('Ctrl Pts',(33.3333333333333,-54.5055222249233,-57.0248758741361));
#1009=CARTESIAN_POINT('Ctrl Pts',(16.6666666666667,-54.8388555582566,-56.4188306607963));
#1010=CARTESIAN_POINT('Ctrl Pts',(0.,-55.17218889159,-55.8127854474564));
#1011=CARTESIAN_POINT('',(0.,-54.17218889159,-57.6309210874759));
#1012=CARTESIAN_POINT('',(4.29616239351349E-15,-55.17218889159,-55.8127854474564));
#1013=CARTESIAN_POINT('Ctrl Pts',(7.8387817070702E-16,-54.17218889159,-57.6309210874759));
#1014=CARTESIAN_POINT('Ctrl Pts',(-0.0051108491526602,-54.3169189689191,
-57.443280468258));
#1015=CARTESIAN_POINT('Ctrl Pts',(-0.00892179801098109,-54.436644399876,
-57.2968341645121));
#1016=CARTESIAN_POINT('Ctrl Pts',(-0.0142221073746638,-54.6629892021908,
-56.990852183728));
#1017=CARTESIAN_POINT('Ctrl Pts',(-0.0154730454778178,-54.7577488139058,
-56.8476719921782));
#1018=CARTESIAN_POINT('Ctrl Pts',(-0.0143151276499957,-54.9792295740116,
-56.4209237255792));
#1019=CARTESIAN_POINT('Ctrl Pts',(-0.0111867009528981,-55.0741669296404,
-56.1471131020047));
#1020=CARTESIAN_POINT('Ctrl Pts',(4.56661137179638E-15,-55.17218889159,
-55.8127854474564));
#1021=CARTESIAN_POINT('',(-0.0013293211294485,-54.17218889159,-57.6309210874759));
#1022=CARTESIAN_POINT('',(0.,-54.17218889159,-57.6309210874759));
#1023=CARTESIAN_POINT('',(-25.,-55.17218889159,-56.3344269640697));
#1024=CARTESIAN_POINT('',(-0.0013293211294485,-54.17218889159,-57.6309210874759));
#1025=CARTESIAN_POINT('Ctrl Pts',(-8.88178419700125E-15,-55.17218889159,
-55.8127854474564));
#1026=CARTESIAN_POINT('Ctrl Pts',(-1.12393429892738,-55.17218889159,-55.8485036267092));
#1027=CARTESIAN_POINT('Ctrl Pts',(-2.26695701841126,-55.17218889159,-55.8878176145542));
#1028=CARTESIAN_POINT('Ctrl Pts',(-3.42534932540599,-55.17218889159,-55.928384746811));
#1029=CARTESIAN_POINT('Ctrl Pts',(-5.74213393939544,-55.17218889159,-56.0095190113246));
#1030=CARTESIAN_POINT('Ctrl Pts',(-8.12039690342827,-55.17218889159,-56.0956658534859));
#1031=CARTESIAN_POINT('Ctrl Pts',(-10.5616789367009,-55.17218889159,-56.1682814570108));
#1032=CARTESIAN_POINT('Ctrl Pts',(-11.7823199533373,-55.17218889159,-56.2045892587732));
#1033=CARTESIAN_POINT('Ctrl Pts',(-13.0187157372836,-55.17218889159,-56.2375142508766));
#1034=CARTESIAN_POINT('Ctrl Pts',(-14.2330154876748,-55.17218889159,-56.264478876287));
#1035=CARTESIAN_POINT('Ctrl Pts',(-15.4473152380661,-55.17218889159,-56.2914435016975));
#1036=CARTESIAN_POINT('Ctrl Pts',(-16.6395189549023,-55.17218889159,-56.312447760415));
#1037=CARTESIAN_POINT('Ctrl Pts',(-17.8279888651579,-55.17218889159,-56.3271807321657));
#1038=CARTESIAN_POINT('Ctrl Pts',(-19.0164587754135,-55.17218889159,-56.3419137039164));
#1039=CARTESIAN_POINT('Ctrl Pts',(-20.2011948790887,-55.17218889159,-56.3503753887003));
#1040=CARTESIAN_POINT('Ctrl Pts',(-21.3925000896426,-55.17218889159,-56.3518316721347));
#1041=CARTESIAN_POINT('Ctrl Pts',(-22.5838053001966,-55.17218889159,-56.3532879555691));
#1042=CARTESIAN_POINT('Ctrl Pts',(-23.7816796176295,-55.17218889159,-56.3477388376539));
#1043=CARTESIAN_POINT('Ctrl Pts',(-25.,-55.17218889159,-56.3344269640697));
#1044=CARTESIAN_POINT('Ctrl Pts',(50.,-52.4620881749616,-62.3293841914055));
#1045=CARTESIAN_POINT('Ctrl Pts',(49.6422809340348,-52.4816018183893,-62.3329067920792));
#1046=CARTESIAN_POINT('Ctrl Pts',(49.2845618680695,-52.5011154618169,-62.3364293927529));
#1047=CARTESIAN_POINT('Ctrl Pts',(48.9268428021043,-52.5206291052445,-62.3399519934267));
#1048=CARTESIAN_POINT('Ctrl Pts',(49.0710943327532,-52.4620881749616,-62.3293841914055));
#1049=CARTESIAN_POINT('Ctrl Pts',(48.7162267107651,-52.4816018183893,-62.3330821938206));
#1050=CARTESIAN_POINT('Ctrl Pts',(48.3613590907991,-52.5011154618169,-62.3367803141759));
#1051=CARTESIAN_POINT('Ctrl Pts',(48.006491468811,-52.5206291052445,-62.340478316591));
#1052=CARTESIAN_POINT('Ctrl Pts',(48.1421886655064,-52.4620881749616,-62.3293841914055));
#1053=CARTESIAN_POINT('Ctrl Pts',(47.7902909737822,-52.4816018183893,-62.3332850818234));
#1054=CARTESIAN_POINT('Ctrl Pts',(47.4383932850942,-52.5011154618169,-62.3371860805106));
#1055=CARTESIAN_POINT('Ctrl Pts',(47.0864955933699,-52.5206291052445,-62.3410869709286));
#1056=CARTESIAN_POINT('Ctrl Pts',(47.2132829982596,-52.4620881749616,-62.3293841914055));
#1057=CARTESIAN_POINT('Ctrl Pts',(46.8644508106378,-52.4816018183893,-62.3335148823101));
#1058=CARTESIAN_POINT('Ctrl Pts',(46.5156186230159,-52.5011154618169,-62.3376455732148));
#1059=CARTESIAN_POINT('Ctrl Pts',(46.1667864353941,-52.5206291052445,-62.3417762641194));
#1060=CARTESIAN_POINT('',(48.9268428021044,-52.5206291052445,-62.3399519934267));
#1061=CARTESIAN_POINT('Ctrl Pts',(47.2132829982596,-52.4620881749616,-62.3293841914055));
#1062=CARTESIAN_POINT('Ctrl Pts',(47.2510117283139,-52.463597312239,-62.3297036488993));
#1063=CARTESIAN_POINT('Ctrl Pts',(47.2887469526012,-52.4650950753358,-62.3300169838426));
#1064=CARTESIAN_POINT('Ctrl Pts',(47.3264767235712,-52.4665805435059,-62.3303242071961));
#1065=CARTESIAN_POINT('Ctrl Pts',(47.4686830537033,-52.4721793841979,-62.3314821550049));
#1066=CARTESIAN_POINT('Ctrl Pts',(47.6124707851374,-52.4776681402974,-62.332566352483));
#1067=CARTESIAN_POINT('Ctrl Pts',(47.7570011209832,-52.4829771551989,-62.3335717552492));
#1068=CARTESIAN_POINT('Ctrl Pts',(47.9070006141507,-52.4884870679781,-62.3346152033564));
#1069=CARTESIAN_POINT('Ctrl Pts',(48.0578003001514,-52.4938033790461,-62.335573853599));
#1070=CARTESIAN_POINT('Ctrl Pts',(48.2085209700561,-52.4988482211872,-62.3364452733075));
#1071=CARTESIAN_POINT('Ctrl Pts',(48.3743674321693,-52.5043993458044,-62.3374041456093));
#1072=CARTESIAN_POINT('Ctrl Pts',(48.540118523925,-52.5096217800991,-62.3382574992331));
#1073=CARTESIAN_POINT('Ctrl Pts',(48.7046685062594,-52.5144117820194,-62.3390045645758));
#1074=CARTESIAN_POINT('Ctrl Pts',(48.7790038006738,-52.5165756607263,-62.3393420506175));
#1075=CARTESIAN_POINT('Ctrl Pts',(48.8530947777293,-52.5186512898522,-62.3396578670988));
#1076=CARTESIAN_POINT('Ctrl Pts',(48.9268428021089,-52.5206291052443,-62.3399519934266));
#1077=CARTESIAN_POINT('Ctrl Pts',(48.9268358894716,-52.520629105244,-62.3399669857146));
#1078=CARTESIAN_POINT('Ctrl Pts',(49.2062980527351,-52.5054638525421,-62.3369835806127));
#1079=CARTESIAN_POINT('Ctrl Pts',(49.4857673320229,-52.4902282609422,-62.3342037436397));
#1080=CARTESIAN_POINT('Ctrl Pts',(49.7651527231616,-52.4749459883871,-62.3315677210983));
#1081=CARTESIAN_POINT('Ctrl Pts',(49.8434429621721,-52.4706635426727,-62.3308290467032));
#1082=CARTESIAN_POINT('Ctrl Pts',(49.9217262998771,-52.466377431337,-62.3301016519098));
#1083=CARTESIAN_POINT('Ctrl Pts',(50.,-52.4620881749616,-62.3293841914055));
#1084=CARTESIAN_POINT('Ctrl Pts',(49.4402755706091,-52.4620881749616,-62.3293841914055));
#1085=CARTESIAN_POINT('Ctrl Pts',(32.9601837137395,-53.3654550805044,-62.4975067363799));
#1086=CARTESIAN_POINT('Ctrl Pts',(16.4800918568698,-54.2688219860472,-62.6656292813543));
#1087=CARTESIAN_POINT('Ctrl Pts',(1.28161370405167E-13,-55.17218889159,
-62.8337518263287));
#1088=CARTESIAN_POINT('Ctrl Pts',(45.2396830883156,-52.4620881749616,-62.3293841914055));
#1089=CARTESIAN_POINT('Ctrl Pts',(29.3664161453457,-53.3654550805044,-62.5364189448777));
#1090=CARTESIAN_POINT('Ctrl Pts',(13.4928020508719,-54.2688219860472,-62.7437886092997));
#1091=CARTESIAN_POINT('Ctrl Pts',(-2.380464892098,-55.17218889159,-62.9508233627719));
#1092=CARTESIAN_POINT('Ctrl Pts',(39.9889424854489,-52.4620881749619,-62.3293841914058));
#1093=CARTESIAN_POINT('Ctrl Pts',(25.0086681207632,-53.3654550805047,-62.6187401049549));
#1094=CARTESIAN_POINT('Ctrl Pts',(10.030889663256,-54.2688219860475,-62.9076183448405));
#1095=CARTESIAN_POINT('Ctrl Pts',(-4.94938470142977,-55.1721888915903,-63.1969742583896));
#1096=CARTESIAN_POINT('Ctrl Pts',(34.2131278222954,-52.4620881749619,-62.3293841914058));
#1097=CARTESIAN_POINT('Ctrl Pts',(20.2315844884386,-53.3654550805047,-62.7395236412034));
#1098=CARTESIAN_POINT('Ctrl Pts',(6.2523076565066,-54.2688219860475,-63.1493435363068));
#1099=CARTESIAN_POINT('Ctrl Pts',(-7.72923567735013,-55.1721888915903,-63.5594829861044));
#1100=CARTESIAN_POINT('Ctrl Pts',(32.375368611292,-52.462088174962,-62.3293841914059));
#1101=CARTESIAN_POINT('Ctrl Pts',(18.7086669243177,-53.3654550805048,-62.7808339299634));
#1102=CARTESIAN_POINT('Ctrl Pts',(5.04518314213802,-54.2688219860475,-63.2317585780491));
#1103=CARTESIAN_POINT('Ctrl Pts',(-8.62151854483629,-55.1721888915903,-63.6832083166066));
#1104=CARTESIAN_POINT('Ctrl Pts',(31.4564890057903,-52.462088174962,-62.3293841914059));
#1105=CARTESIAN_POINT('Ctrl Pts',(17.9467822625022,-53.3654550805047,-62.8020305536532));
#1106=CARTESIAN_POINT('Ctrl Pts',(4.43885836177378,-54.2688219860475,-63.2744057558959));
#1107=CARTESIAN_POINT('Ctrl Pts',(-9.07084838151427,-55.1721888915903,-63.7470521181433));
#1108=CARTESIAN_POINT('Ctrl Pts',(30.9314149455036,-52.462088174962,-62.3293841914059));
#1109=CARTESIAN_POINT('Ctrl Pts',(17.509807233853,-53.3654550805048,-62.8145389845262));
#1110=CARTESIAN_POINT('Ctrl Pts',(4.09245393717121,-54.2688219860475,-63.2990125271886));
#1111=CARTESIAN_POINT('Ctrl Pts',(-9.32915377447943,-55.1721888915903,-63.7841673203089));
#1112=CARTESIAN_POINT('Ctrl Pts',(28.5685816742135,-52.4620881749619,-62.3293841914058));
#1113=CARTESIAN_POINT('Ctrl Pts',(15.5517971840591,-53.3654550805047,-62.8697998325557));
#1114=CARTESIAN_POINT('Ctrl Pts',(2.52557404694356,-54.2688219860475,-63.4117756989014));
#1115=CARTESIAN_POINT('Ctrl Pts',(-10.4912104432109,-55.1721888915903,-63.9521913400512));
#1116=CARTESIAN_POINT('Ctrl Pts',(25.2868687974216,-52.4620881749617,-62.3293841914056));
#1117=CARTESIAN_POINT('Ctrl Pts',(12.7942548649977,-53.3654550805045,-62.9568125545162));
#1118=CARTESIAN_POINT('Ctrl Pts',(0.304389332505695,-54.2688219860473,-63.5838124154323));
#1119=CARTESIAN_POINT('Ctrl Pts',(-12.1882245999182,-55.1721888915901,-64.211240778543));
#1120=CARTESIAN_POINT('Ctrl Pts',(21.0862763151281,-52.4620881749617,-62.3293841914056));
#1121=CARTESIAN_POINT('Ctrl Pts',(9.23654863984365,-53.3654550805045,-63.0719063516863));
#1122=CARTESIAN_POINT('Ctrl Pts',(-2.61522851262416,-54.2688219860473,-63.8147537235854));
#1123=CARTESIAN_POINT('Ctrl Pts',(-14.4649561879086,-55.1721888915901,-64.5572758838661));
#1124=CARTESIAN_POINT('Ctrl Pts',(18.4609060136946,-52.4620881749617,-62.3293841914055));
#1125=CARTESIAN_POINT('Ctrl Pts',(7.04969455003121,-53.3654550805045,-63.1360501282433));
#1126=CARTESIAN_POINT('Ctrl Pts',(-4.36611715675554,-54.2688219860472,-63.9434354150191));
#1127=CARTESIAN_POINT('Ctrl Pts',(-15.7773286204189,-55.17218889159,-64.7501013518568));
#1128=CARTESIAN_POINT('Ctrl Pts',(16.3606097725479,-52.4620881749617,-62.3293841914055));
#1129=CARTESIAN_POINT('Ctrl Pts',(5.29787284855516,-53.3654550805044,-63.1856393466135));
#1130=CARTESIAN_POINT('Ctrl Pts',(-5.76490677665768,-54.2688219860472,-64.041884160984));
#1131=CARTESIAN_POINT('Ctrl Pts',(-16.8276437006504,-55.17218889159,-64.898139316192));
#1132=CARTESIAN_POINT('Ctrl Pts',(14.7853875916878,-52.4620881749617,-62.3293841914055));
#1133=CARTESIAN_POINT('Ctrl Pts',(3.99033262515146,-53.3654550805044,-63.2205652644575));
#1134=CARTESIAN_POINT('Ctrl Pts',(-6.80796321729388,-54.2688219860472,-64.1122539226234));
#1135=CARTESIAN_POINT('Ctrl Pts',(-17.6030181838302,-55.17218889159,-65.0034349956754));
#1136=CARTESIAN_POINT('Ctrl Pts',(13.4727024409711,-52.4620881749616,-62.3293841914055));
#1137=CARTESIAN_POINT('Ctrl Pts',(2.8989676032524,-53.3654550805044,-63.2487292145383));
#1138=CARTESIAN_POINT('Ctrl Pts',(-7.67560498170627,-54.2688219860472,-64.1681661646535));
#1139=CARTESIAN_POINT('Ctrl Pts',(-18.2493398194249,-55.17218889159,-65.0875111877863));
#1140=CARTESIAN_POINT('Ctrl Pts',(12.4225543203977,-52.4620881749617,-62.3293841914055));
#1141=CARTESIAN_POINT('Ctrl Pts',(2.02623942234268,-53.3654550805044,-63.2702935583117));
#1142=CARTESIAN_POINT('Ctrl Pts',(-8.37126945655859,-54.2688219860472,-64.2113955456037));
#1143=CARTESIAN_POINT('Ctrl Pts',(-18.7675843546136,-55.17218889159,-65.15230491251));
#1144=CARTESIAN_POINT('Ctrl Pts',(10.8473321395376,-52.4620881749616,-62.3293841914055));
#1145=CARTESIAN_POINT('Ctrl Pts',(0.717654891350885,-53.3654550805044,-63.301725474402));
#1146=CARTESIAN_POINT('Ctrl Pts',(-9.41361787396346,-54.2688219860472,-64.2742653489983));
#1147=CARTESIAN_POINT('Ctrl Pts',(-19.5432951221502,-55.17218889159,-65.2466066319948));
#1148=CARTESIAN_POINT('Ctrl Pts',(9.00957292853423,-52.4620881749616,-62.3293841914055));
#1149=CARTESIAN_POINT('Ctrl Pts',(-0.816115146206955,-53.3654550805044,
-63.3363398594192));
#1150=CARTESIAN_POINT('Ctrl Pts',(-10.6462830384838,-54.2688219860472,-64.3438034651578));
#1151=CARTESIAN_POINT('Ctrl Pts',(-20.471971113225,-55.17218889159,-65.3507591331715));
#1152=CARTESIAN_POINT('Ctrl Pts',(6.90927668738748,-52.4620881749616,-62.3293841914055));
#1153=CARTESIAN_POINT('Ctrl Pts',(-2.56846471261111,-53.3654550805044,-63.3708893848151));
#1154=CARTESIAN_POINT('Ctrl Pts',(-12.043817407329,-54.2688219860472,-64.4121497193596));
#1155=CARTESIAN_POINT('Ctrl Pts',(-21.5215588073276,-55.17218889159,-65.4536549127693));
#1156=CARTESIAN_POINT('Ctrl Pts',(5.85912856681411,-52.4620881749616,-62.3293841914055));
#1157=CARTESIAN_POINT('Ctrl Pts',(-3.4212304567006,-53.3654550805044,-63.3843277382387));
#1158=CARTESIAN_POINT('Ctrl Pts',(-12.7069145127889,-54.2688219860472,-64.4398438495178));
#1159=CARTESIAN_POINT('Ctrl Pts',(-21.9872735363036,-55.17218889159,-65.494787396351));
#1160=CARTESIAN_POINT('Ctrl Pts',(5.33405450652742,-52.4620881749616,-62.3293841914055));
#1161=CARTESIAN_POINT('Ctrl Pts',(-3.85144115534383,-53.3654550805044,-63.3911017472659));
#1162=CARTESIAN_POINT('Ctrl Pts',(-13.0369368172151,-54.2688219860472,-64.4528193031262));
#1163=CARTESIAN_POINT('Ctrl Pts',(-22.2224324790863,-55.17218889159,-65.5145368589866));
#1164=CARTESIAN_POINT('',(-4.27435864480685E-14,-55.17218889159,-62.8337518263287));
#1165=CARTESIAN_POINT('Ctrl Pts',(1.28230759344206E-13,-55.17218889159,
-62.8337518263287));
#1166=CARTESIAN_POINT('Ctrl Pts',(2.10248215334154,-54.9430046526542,-62.8933208876668));
#1167=CARTESIAN_POINT('Ctrl Pts',(3.89473683431647,-54.7254340218581,-62.9891021240464));
#1168=CARTESIAN_POINT('Ctrl Pts',(7.31973295124553,-54.2407547351405,-63.1152487703522));
#1169=CARTESIAN_POINT('Ctrl Pts',(8.88551274321253,-53.9851241418098,-63.1494105045741));
#1170=CARTESIAN_POINT('Ctrl Pts',(11.2577468621224,-53.5415693665912,-63.0520555281872));
#1171=CARTESIAN_POINT('Ctrl Pts',(12.3540041333961,-53.3318402480611,-62.9834371235854));
#1172=CARTESIAN_POINT('Ctrl Pts',(13.8667698891704,-52.9906015710128,-62.7707235066719));
#1173=CARTESIAN_POINT('Ctrl Pts',(14.2925403316486,-52.8885419011698,-62.6980955516806));
#1174=CARTESIAN_POINT('Ctrl Pts',(15.1028572702784,-52.6799137107016,-62.5301867091318));
#1175=CARTESIAN_POINT('Ctrl Pts',(15.5143089917353,-52.5681619652198,-62.4308483433987));
#1176=CARTESIAN_POINT('Ctrl Pts',(15.8948197431498,-52.4656554753298,-62.3328023262836));
#1177=CARTESIAN_POINT('Ctrl Pts',(15.9014405684934,-52.4638717951876,-62.3310942371646));
#1178=CARTESIAN_POINT('Ctrl Pts',(15.9080608990854,-52.4620881749616,-62.3293841914055));
#1179=CARTESIAN_POINT('',(-22.2224324790863,-55.17218889159,-65.5145368589866));
#1180=CARTESIAN_POINT('Ctrl Pts',(-22.2224324790863,-55.17218889159,-65.5145368589866));
#1181=CARTESIAN_POINT('Ctrl Pts',(-21.9872735363036,-55.17218889159,-65.494787396351));
#1182=CARTESIAN_POINT('Ctrl Pts',(-21.7544161718156,-55.17218889159,-65.4742211545602));
#1183=CARTESIAN_POINT('Ctrl Pts',(-21.5067890278088,-55.17218889159,-65.451076061215));
#1184=CARTESIAN_POINT('Ctrl Pts',(-21.259161883802,-55.17218889159,-65.4279309678699));
#1185=CARTESIAN_POINT('Ctrl Pts',(-20.9967649602763,-55.17218889159,-65.4022070229704));
#1186=CARTESIAN_POINT('Ctrl Pts',(-20.7333883454426,-55.17218889159,-65.3751384405444));
#1187=CARTESIAN_POINT('Ctrl Pts',(-20.2066351157751,-55.17218889159,-65.3210012756925));
#1188=CARTESIAN_POINT('Ctrl Pts',(-19.6759631208752,-55.17218889159,-65.2614855607343));
#1189=CARTESIAN_POINT('Ctrl Pts',(-19.1561163125424,-55.17218889159,-65.1992881673508));
#1190=CARTESIAN_POINT('Ctrl Pts',(-19.0261546104591,-55.17218889159,-65.1837388190049));
#1191=CARTESIAN_POINT('Ctrl Pts',(-18.8968694825364,-55.17218889159,-65.1680218657575));
#1192=CARTESIAN_POINT('Ctrl Pts',(-18.7674463516764,-55.17218889159,-65.1520641735433));
#1193=CARTESIAN_POINT('Ctrl Pts',(-18.6380232208164,-55.17218889159,-65.1361064813291));
#1194=CARTESIAN_POINT('Ctrl Pts',(-18.5084620870193,-55.17218889159,-65.1199080501481));
#1195=CARTESIAN_POINT('Ctrl Pts',(-18.3789998887815,-55.17218889159,-65.1035040165535));
#1196=CARTESIAN_POINT('Ctrl Pts',(-18.120075492306,-55.17218889159,-65.0706959493641));
#1197=CARTESIAN_POINT('Ctrl Pts',(-17.8615468380681,-55.17218889159,-65.0370654725197));
#1198=CARTESIAN_POINT('Ctrl Pts',(-17.6030534304192,-55.17218889159,-65.0027009541837));
#1199=CARTESIAN_POINT('Ctrl Pts',(-17.3445600227703,-55.17218889159,-64.9683364358476));
#1200=CARTESIAN_POINT('Ctrl Pts',(-17.0861018617103,-55.17218889159,-64.9332378760198));
#1201=CARTESIAN_POINT('Ctrl Pts',(-16.8255833961514,-55.17218889159,-64.897183850564));
#1202=CARTESIAN_POINT('Ctrl Pts',(-16.5650649305925,-55.17218889159,-64.8611298251082));
#1203=CARTESIAN_POINT('Ctrl Pts',(-16.3024861605347,-55.17218889159,-64.8241203340244));
#1204=CARTESIAN_POINT('Ctrl Pts',(-16.0399421516621,-55.17218889159,-64.7865923087692));
#1205=CARTESIAN_POINT('Ctrl Pts',(-15.5148541339169,-55.17218889159,-64.7115362582586));
#1206=CARTESIAN_POINT('Ctrl Pts',(-14.9899051609127,-55.1721888915901,-64.6344060710623));
#1207=CARTESIAN_POINT('Ctrl Pts',(-14.4428392259119,-55.1721888915901,-64.5525865892988));
#1208=CARTESIAN_POINT('Ctrl Pts',(-13.895773290911,-55.1721888915901,-64.4707671075353));
#1209=CARTESIAN_POINT('Ctrl Pts',(-13.3265903939134,-55.1721888915901,-64.3842583312045));
#1210=CARTESIAN_POINT('Ctrl Pts',(-12.7661202858662,-55.1721888915901,-64.2989538735449));
#1211=CARTESIAN_POINT('Ctrl Pts',(-11.6451800697718,-55.1721888915901,-64.1283449582256));
#1212=CARTESIAN_POINT('Ctrl Pts',(-10.5590910094791,-55.1721888915902,-63.9625533175909));
#1213=CARTESIAN_POINT('Ctrl Pts',(-9.52302528960819,-55.1721888915903,-63.8122317535861));
#1214=CARTESIAN_POINT('Ctrl Pts',(-9.45827118211625,-55.1721888915903,-63.8028366558358));
#1215=CARTESIAN_POINT('Ctrl Pts',(-9.39371247829784,-55.1721888915903,-63.7935019880723));
#1216=CARTESIAN_POINT('Ctrl Pts',(-9.32914495226798,-55.1721888915903,-63.7841952539199));
#1217=CARTESIAN_POINT('Ctrl Pts',(-9.26457742623814,-55.1721888915903,-63.7748885197675));
#1218=CARTESIAN_POINT('Ctrl Pts',(-9.20000107799684,-55.1721888915903,-63.7656097192261));
#1219=CARTESIAN_POINT('Ctrl Pts',(-9.13555352027989,-55.1721888915903,-63.7563836711729));
#1220=CARTESIAN_POINT('Ctrl Pts',(-9.00665840484598,-55.1721888915903,-63.7379315750666));
#1221=CARTESIAN_POINT('Ctrl Pts',(-8.87827845150941,-55.1721888915903,-63.7196904889133));
#1222=CARTESIAN_POINT('Ctrl Pts',(-8.75020215559522,-55.1721888915903,-63.7016380824062));
#1223=CARTESIAN_POINT('Ctrl Pts',(-8.49404956376684,-55.1721888915903,-63.665533269392));
#1224=CARTESIAN_POINT('Ctrl Pts',(-8.23911160162794,-55.1721888915903,-63.6301831749628));
#1225=CARTESIAN_POINT('Ctrl Pts',(-7.98491505184078,-55.1721888915903,-63.5956313323823));
#1226=CARTESIAN_POINT('Ctrl Pts',(-7.47652195226645,-55.1721888915903,-63.5265276472213));
#1227=CARTESIAN_POINT('Ctrl Pts',(-6.97109450209912,-55.1721888915903,-63.4606169694549));
#1228=CARTESIAN_POINT('Ctrl Pts',(-6.46399574959197,-55.1721888915902,-63.3980423914172));
#1229=CARTESIAN_POINT('Ctrl Pts',(-4.43560073956401,-55.1721888915902,-63.1477440792662));
#1230=CARTESIAN_POINT('Ctrl Pts',(-2.38046489209921,-55.17218889159,-62.950823362772));
#1231=CARTESIAN_POINT('Ctrl Pts',(-1.97995952565965E-12,-55.17218889159,
-62.8337518263288));
#1232=CARTESIAN_POINT('',(5.33405450652741,-52.4620881749616,-62.3293841914055));
#1233=CARTESIAN_POINT('Origin',(5.33405450652741,-52.4620881749616,-62.3293841914055));
#1234=CARTESIAN_POINT('',(-27.3103845340699,-55.17218889159,-65.5145368589866));
#1235=CARTESIAN_POINT('',(63.2468410774526,-55.17218889159,-65.5145368589866));
#1236=CARTESIAN_POINT('',(-4.67190441109357,-52.4620881749616,-62.3293841914055));
#1237=CARTESIAN_POINT('Ctrl Pts',(-4.67190441109357,-52.4620881749616,-62.3293841914055));
#1238=CARTESIAN_POINT('Ctrl Pts',(-12.2180644520857,-53.3654550805044,-63.3911017472659));
#1239=CARTESIAN_POINT('Ctrl Pts',(-19.7642244930778,-54.2688219860472,-64.4528193031262));
#1240=CARTESIAN_POINT('Ctrl Pts',(-27.31038453407,-55.17218889159,-65.5145368589866));
#1241=CARTESIAN_POINT('Ctrl Pts',(-5.75114478225801,-52.4620881749616,-62.3293841914055));
#1242=CARTESIAN_POINT('Ctrl Pts',(-13.064711611517,-53.3654550805044,-63.3789459061637));
#1243=CARTESIAN_POINT('Ctrl Pts',(-20.3763315792131,-54.2688219860472,-64.4288008977791));
#1244=CARTESIAN_POINT('Ctrl Pts',(-27.6898984084721,-55.17218889159,-65.4783626125373));
#1245=CARTESIAN_POINT('Ctrl Pts',(-7.90962552458689,-52.4620881749616,-62.3293841914055));
#1246=CARTESIAN_POINT('Ctrl Pts',(-14.7563692272952,-53.3654550805044,-63.3531225670316));
#1247=CARTESIAN_POINT('Ctrl Pts',(-21.6052181031983,-54.2688219860472,-64.3765737097795));
#1248=CARTESIAN_POINT('Ctrl Pts',(-28.4519618059066,-55.17218889159,-65.4003120854056));
#1249=CARTESIAN_POINT('Ctrl Pts',(-10.607726452498,-52.4620881749616,-62.3293841914055));
#1250=CARTESIAN_POINT('Ctrl Pts',(-16.920041100666,-53.3654550805044,-63.3106042000511));
#1251=CARTESIAN_POINT('Ctrl Pts',(-23.2328675502779,-54.2688219860472,-64.291725148477));
#1252=CARTESIAN_POINT('Ctrl Pts',(-29.545182198446,-55.17218889159,-65.2729451571226));
#1253=CARTESIAN_POINT('Ctrl Pts',(-12.7662071948269,-52.4620881749616,-62.3293841914055));
#1254=CARTESIAN_POINT('Ctrl Pts',(-18.6954025422006,-53.3654550805044,-63.2677393773914));
#1255=CARTESIAN_POINT('Ctrl Pts',(-24.6277793837634,-54.2688219860472,-64.205656658431));
#1256=CARTESIAN_POINT('Ctrl Pts',(-30.5569747311371,-55.17218889159,-65.144011844417));
#1257=CARTESIAN_POINT('Ctrl Pts',(-14.9246879371557,-52.4620881749616,-62.3293841914055));
#1258=CARTESIAN_POINT('Ctrl Pts',(-20.5241270592687,-53.3654550805044,-63.2151967370602));
#1259=CARTESIAN_POINT('Ctrl Pts',(-26.1207926649007,-54.2688219860472,-64.1013279823676));
#1260=CARTESIAN_POINT('Ctrl Pts',(-31.7202317870137,-55.17218889159,-64.9871405280223));
#1261=CARTESIAN_POINT('Ctrl Pts',(-18.7020292362313,-52.4620881749616,-62.3293841914055));
#1262=CARTESIAN_POINT('Ctrl Pts',(-23.7309003330019,-53.3654550805044,-63.1151991576034));
#1263=CARTESIAN_POINT('Ctrl Pts',(-28.7580449386004,-54.2688219860472,-63.9013440309806));
#1264=CARTESIAN_POINT('Ctrl Pts',(-33.786916035371,-55.17218889159,-64.6871589971785));
#1265=CARTESIAN_POINT('Ctrl Pts',(-24.0982310920535,-52.4620881749616,-62.3293841914055));
#1266=CARTESIAN_POINT('Ctrl Pts',(-28.2905603767485,-53.3654550805044,-62.9629014985514));
#1267=CARTESIAN_POINT('Ctrl Pts',(-32.4836334861188,-54.2688219860472,-63.5962711226164));
#1268=CARTESIAN_POINT('Ctrl Pts',(-36.6759627708138,-55.17218889159,-64.2297884297623));
#1269=CARTESIAN_POINT('Ctrl Pts',(-30.5736733190401,-52.4620881749616,-62.3293841914055));
#1270=CARTESIAN_POINT('Ctrl Pts',(-33.7626532065705,-53.3654550805044,-62.781658646849));
#1271=CARTESIAN_POINT('Ctrl Pts',(-36.9537799225569,-54.2688219860472,-63.2336337944976));
#1272=CARTESIAN_POINT('Ctrl Pts',(-40.1427598100873,-55.17218889159,-63.6859082499411));
#1273=CARTESIAN_POINT('Ctrl Pts',(-37.0491155460267,-52.4620881749616,-62.3293841914055));
#1274=CARTESIAN_POINT('Ctrl Pts',(-39.210012361518,-53.3654550805044,-62.6294450728597));
#1275=CARTESIAN_POINT('Ctrl Pts',(-41.3643368867276,-54.2688219860472,-62.930717639414));
#1276=CARTESIAN_POINT('Ctrl Pts',(-43.5252337022189,-55.17218889159,-63.2307785208683));
#1277=CARTESIAN_POINT('Ctrl Pts',(-43.5245577730134,-52.4620881749616,-62.3293841914055));
#1278=CARTESIAN_POINT('Ctrl Pts',(-44.5884939496547,-53.3654550805044,-62.5280199206084));
#1279=CARTESIAN_POINT('Ctrl Pts',(-45.6546389037667,-54.2688219860472,-62.7262834848469));
#1280=CARTESIAN_POINT('Ctrl Pts',(-46.718575080408,-55.17218889159,-62.9249192140499));
#1281=CARTESIAN_POINT('Ctrl Pts',(-47.8415192576711,-52.4620881749616,-62.3293841914055));
#1282=CARTESIAN_POINT('Ctrl Pts',(-48.2241098974421,-53.3654550805044,-62.4902724484538));
#1283=CARTESIAN_POINT('Ctrl Pts',(-48.5983555685404,-54.2688219860472,-62.652961815135));
#1284=CARTESIAN_POINT('Ctrl Pts',(-48.9809462083113,-55.17218889159,-62.8138500721834));
#1285=CARTESIAN_POINT('Ctrl Pts',(-50.,-52.4620881749616,-62.3293841914055));
#1286=CARTESIAN_POINT('Ctrl Pts',(-50.0604146848454,-53.3654550805044,-62.4804896556041));
#1287=CARTESIAN_POINT('Ctrl Pts',(-50.1208293696908,-54.2688219860472,-62.6315951198027));
#1288=CARTESIAN_POINT('Ctrl Pts',(-50.1812440545362,-55.17218889159,-62.7827005840013));
#1289=CARTESIAN_POINT('',(-50.1812440545364,-55.1721888915905,-62.7827005840014));
#1290=CARTESIAN_POINT('Ctrl Pts',(-50.1812440545362,-55.17218889159,-62.7827005840013));
#1291=CARTESIAN_POINT('Ctrl Pts',(-48.9809462083113,-55.17218889159,-62.8138500721834));
#1292=CARTESIAN_POINT('Ctrl Pts',(-47.8497606443596,-55.17218889159,-62.8693846431166));
#1293=CARTESIAN_POINT('Ctrl Pts',(-46.7519442993523,-55.17218889159,-62.9481284797196));
#1294=CARTESIAN_POINT('Ctrl Pts',(-45.654127954345,-55.17218889159,-63.0268723163227));
#1295=CARTESIAN_POINT('Ctrl Pts',(-44.589680828282,-55.17218889159,-63.1288254185955));
#1296=CARTESIAN_POINT('Ctrl Pts',(-43.4937116165619,-55.17218889159,-63.2556569245773));
#1297=CARTESIAN_POINT('Ctrl Pts',(-42.3977424048417,-55.17218889159,-63.3824884305592));
#1298=CARTESIAN_POINT('Ctrl Pts',(-41.2702511074645,-55.17218889159,-63.5341983402502));
#1299=CARTESIAN_POINT('Ctrl Pts',(-40.1287059522303,-55.17218889159,-63.7006999917325));
#1300=CARTESIAN_POINT('Ctrl Pts',(-38.9871607969961,-55.17218889159,-63.8672016432148));
#1301=CARTESIAN_POINT('Ctrl Pts',(-37.8315617839049,-55.17218889159,-64.0484950364885));
#1302=CARTESIAN_POINT('Ctrl Pts',(-36.6759529302708,-55.17218889159,-64.2306158466086));
#1303=CARTESIAN_POINT('Ctrl Pts',(-35.5203440766367,-55.17218889159,-64.4127366567288));
#1304=CARTESIAN_POINT('Ctrl Pts',(-34.3647253824596,-55.17218889159,-64.5956848836953));
#1305=CARTESIAN_POINT('Ctrl Pts',(-33.1922108659787,-55.17218889159,-64.7709463044341));
#1306=CARTESIAN_POINT('Ctrl Pts',(-32.6059536077383,-55.17218889159,-64.8585770148035));
#1307=CARTESIAN_POINT('Ctrl Pts',(-32.0154723939219,-55.17218889159,-64.944286023616));
#1308=CARTESIAN_POINT('Ctrl Pts',(-31.4308929706909,-55.17218889159,-65.0251461320184));
#1309=CARTESIAN_POINT('Ctrl Pts',(-31.1386032590754,-55.17218889159,-65.0655761862196));
#1310=CARTESIAN_POINT('Ctrl Pts',(-30.8477889951062,-55.17218889159,-65.1047940153183));
#1311=CARTESIAN_POINT('Ctrl Pts',(-30.5759077965353,-55.17218889159,-65.1405195939558));
#1312=CARTESIAN_POINT('Ctrl Pts',(-30.3040265979643,-55.17218889159,-65.1762451725934));
#1313=CARTESIAN_POINT('Ctrl Pts',(-30.0510784647915,-55.17218889159,-65.2084785007698));
#1314=CARTESIAN_POINT('Ctrl Pts',(-29.8095650165071,-55.17218889159,-65.2384585147729));
#1315=CARTESIAN_POINT('Ctrl Pts',(-29.3265381199381,-55.17218889159,-65.2984185427792));
#1316=CARTESIAN_POINT('Ctrl Pts',(-28.8892499629224,-55.17218889159,-65.3493653140924));
#1317=CARTESIAN_POINT('Ctrl Pts',(-28.4800900350559,-55.17218889159,-65.3943513315319));
#1318=CARTESIAN_POINT('Ctrl Pts',(-28.0709301071894,-55.17218889159,-65.4393373489715));
#1319=CARTESIAN_POINT('Ctrl Pts',(-27.6898984084721,-55.17218889159,-65.4783626125373));
#1320=CARTESIAN_POINT('Ctrl Pts',(-27.31038453407,-55.17218889159,-65.5145368589866));
#1321=CARTESIAN_POINT('',(-50.,-52.4620881749616,-62.3293841914055));
#1322=CARTESIAN_POINT('Ctrl Pts',(-50.,-52.4620881749616,-62.3293841914055));
#1323=CARTESIAN_POINT('Ctrl Pts',(-50.0604146848454,-53.3654550805044,-62.4804896556041));
#1324=CARTESIAN_POINT('Ctrl Pts',(-50.1208293696908,-54.2688219860472,-62.6315951198027));
#1325=CARTESIAN_POINT('Ctrl Pts',(-50.1812440545362,-55.17218889159,-62.7827005840013));
#1326=CARTESIAN_POINT('Ctrl Pts',(-50.,-53.0321217471711,-60.763229823429));
#1327=CARTESIAN_POINT('Ctrl Pts',(-50.0289823626446,-53.7454774619774,-60.6576914110587));
#1328=CARTESIAN_POINT('Ctrl Pts',(-50.0579651662989,-54.4588331767837,-60.5521140677215));
#1329=CARTESIAN_POINT('Ctrl Pts',(-50.0869475289435,-55.17218889159,-60.4465756553512));
#1330=CARTESIAN_POINT('Ctrl Pts',(-50.,-53.6021553193805,-59.1970754554524));
#1331=CARTESIAN_POINT('Ctrl Pts',(-50.0088328712587,-54.1254998434503,-58.8344394929464));
#1332=CARTESIAN_POINT('Ctrl Pts',(-50.0176681983188,-54.6488443675202,-58.4718425492405));
#1333=CARTESIAN_POINT('Ctrl Pts',(-50.0265010695775,-55.17218889159,-58.1092065867345));
#1334=CARTESIAN_POINT('Ctrl Pts',(-50.,-54.17218889159,-57.6309210874759));
#1335=CARTESIAN_POINT('Ctrl Pts',(-50.,-54.5055222249233,-57.0110572294209));
#1336=CARTESIAN_POINT('Ctrl Pts',(-50.,-54.8388555582566,-56.3911933713658));
#1337=CARTESIAN_POINT('Ctrl Pts',(-50.,-55.17218889159,-55.7713295133108));
#1338=CARTESIAN_POINT('',(-50.,-54.17218889159,-57.6309210874759));
#1339=CARTESIAN_POINT('',(-50.,-54.17218889159,-57.6309210874759));
#1340=CARTESIAN_POINT('',(-50.0119547513424,-55.17218889159,-56.6763697106333));
#1341=CARTESIAN_POINT('Ctrl Pts',(-50.0119547513424,-55.17218889159,-56.6763697106333));
#1342=CARTESIAN_POINT('Ctrl Pts',(-50.0250375241232,-55.17218889159,-57.54377578041));
#1343=CARTESIAN_POINT('Ctrl Pts',(-50.0427916554576,-55.17218889159,-58.4110950098438));
#1344=CARTESIAN_POINT('Ctrl Pts',(-50.0954239654611,-55.17218889159,-60.446732026738));
#1345=CARTESIAN_POINT('Ctrl Pts',(-50.134104604928,-55.17218889159,-61.614856459732));
#1346=CARTESIAN_POINT('Ctrl Pts',(-50.1812440545362,-55.17218889159,-62.7827005840013));
#1347=CARTESIAN_POINT('',(-50.,-55.17218889159,-55.7713295133108));
#1348=CARTESIAN_POINT('Ctrl Pts',(-50.,-55.17218889159,-55.7713295133108));
#1349=CARTESIAN_POINT('Ctrl Pts',(-50.0034198217058,-55.17218889159,-56.0730200823537));
#1350=CARTESIAN_POINT('Ctrl Pts',(-50.0074047781796,-55.17218889159,-56.3747001483107));
#1351=CARTESIAN_POINT('Ctrl Pts',(-50.0119547513424,-55.17218889159,-56.6763697106333));
#1352=CARTESIAN_POINT('',(-50.,-54.17218889159,-57.6309210874759));
#1353=CARTESIAN_POINT('Ctrl Pts',(-50.,-54.17218889159,-57.6309210874759));
#1354=CARTESIAN_POINT('Ctrl Pts',(-50.,-54.5055222249233,-57.0110572294209));
#1355=CARTESIAN_POINT('Ctrl Pts',(-50.,-54.8388555582566,-56.3911933713658));
#1356=CARTESIAN_POINT('Ctrl Pts',(-50.0000000000001,-55.17218889159,-55.7713295133107));
#1357=CARTESIAN_POINT('Ctrl Pts',(-45.2382218401076,-54.17218889159,-57.6309210874759));
#1358=CARTESIAN_POINT('Ctrl Pts',(-46.0024445895224,-54.5055222249233,-57.0205101090594));
#1359=CARTESIAN_POINT('Ctrl Pts',(-46.758835230807,-54.8388555582566,-56.4099281269543));
#1360=CARTESIAN_POINT('Ctrl Pts',(-47.5230579802218,-55.17218889159,-55.7995171485377));
#1361=CARTESIAN_POINT('Ctrl Pts',(-38.0955546002689,-54.17218889159,-57.6309210874759));
#1362=CARTESIAN_POINT('Ctrl Pts',(-40.1258800578748,-54.5055222249233,-57.0405358019568));
#1363=CARTESIAN_POINT('Ctrl Pts',(-42.1528577910784,-54.8388555582566,-56.4502461090396));
#1364=CARTESIAN_POINT('Ctrl Pts',(-44.1831832486842,-55.17218889159,-55.8598608235205));
#1365=CARTESIAN_POINT('Ctrl Pts',(-28.5719982804841,-54.17218889159,-57.6309210874759));
#1366=CARTESIAN_POINT('Ctrl Pts',(-32.196793546802,-54.5055222249233,-57.079609945685));
#1367=CARTESIAN_POINT('Ctrl Pts',(-35.8257581839327,-54.8388555582566,-56.5281515262622));
#1368=CARTESIAN_POINT('Ctrl Pts',(-39.4505534502506,-55.17218889159,-55.9768403844713));
#1369=CARTESIAN_POINT('Ctrl Pts',(-22.6197755806185,-54.17218889159,-57.6309210874759));
#1370=CARTESIAN_POINT('Ctrl Pts',(-27.0910274001861,-54.5055222249233,-57.1115754024822));
#1371=CARTESIAN_POINT('Ctrl Pts',(-31.5592661314155,-54.8388555582566,-56.5922886487495));
#1372=CARTESIAN_POINT('Ctrl Pts',(-36.0305179509831,-55.17218889159,-56.0729429637558));
#1373=CARTESIAN_POINT('Ctrl Pts',(-15.4771083407799,-54.17218889159,-57.6309210874759));
#1374=CARTESIAN_POINT('Ctrl Pts',(-21.1007620428987,-54.5055222249233,-57.1462887126399));
#1375=CARTESIAN_POINT('Ctrl Pts',(-26.725698358284,-54.8388555582566,-56.6615913561948));
#1376=CARTESIAN_POINT('Ctrl Pts',(-32.3493520604028,-55.17218889159,-56.1769589813588));
#1377=CARTESIAN_POINT('Ctrl Pts',(-8.33444110094122,-54.17218889159,-57.6309210874759));
#1378=CARTESIAN_POINT('Ctrl Pts',(-15.2090603457694,-54.5055222249233,-57.1763748152242));
#1379=CARTESIAN_POINT('Ctrl Pts',(-22.0808603231576,-54.8388555582567,-56.7219107800573));
#1380=CARTESIAN_POINT('Ctrl Pts',(-28.9554795679858,-55.17218889159,-56.2673645078056));
#1381=CARTESIAN_POINT('Ctrl Pts',(-2.38221840107567,-54.17218889159,-57.6309210874759));
#1382=CARTESIAN_POINT('Ctrl Pts',(-10.306641473876,-54.5055222249233,-57.1937185133456));
#1383=CARTESIAN_POINT('Ctrl Pts',(-18.2296815705085,-54.8388555582566,-56.7565816347068));
#1384=CARTESIAN_POINT('Ctrl Pts',(-26.1541046433088,-55.17218889159,-56.3193790605765));
#1385=CARTESIAN_POINT('Ctrl Pts',(-0.00132932112945738,-54.17218889159,
-57.6309210874759));
#1386=CARTESIAN_POINT('Ctrl Pts',(-8.33421954741964,-54.5055222249233,-57.1987563796738));
#1387=CARTESIAN_POINT('Ctrl Pts',(-16.6671097737098,-54.8388555582566,-56.7665916718718));
#1388=CARTESIAN_POINT('Ctrl Pts',(-25.,-55.17218889159,-56.3344269640697));
#1389=CARTESIAN_POINT('',(0.,-54.17218889159,-57.6309210874759));
#1390=CARTESIAN_POINT('Ctrl Pts',(-25.,-55.17218889159,-56.3344269640697));
#1391=CARTESIAN_POINT('Ctrl Pts',(-26.1541046433088,-55.17218889159,-56.3193790605765));
#1392=CARTESIAN_POINT('Ctrl Pts',(-27.2746546131796,-55.17218889159,-56.2985732394681));
#1393=CARTESIAN_POINT('Ctrl Pts',(-28.3995009274244,-55.17218889159,-56.2740356766102));
#1394=CARTESIAN_POINT('Ctrl Pts',(-30.0867703987915,-55.17218889159,-56.2372293323233));
#1395=CARTESIAN_POINT('Ctrl Pts',(-31.783706645,-55.17218889159,-56.1920265690999));
#1396=CARTESIAN_POINT('Ctrl Pts',(-33.5883779155197,-55.17218889159,-56.1417198716929));
#1397=CARTESIAN_POINT('Ctrl Pts',(-34.189935005693,-55.17218889159,-56.1249509725573));
#1398=CARTESIAN_POINT('Ctrl Pts',(-34.803462654123,-55.17218889159,-56.1076149696235));
#1399=CARTESIAN_POINT('Ctrl Pts',(-35.4404834530275,-55.17218889159,-56.0896507957153));
#1400=CARTESIAN_POINT('Ctrl Pts',(-36.7145250508366,-55.17218889159,-56.0537224478989));
#1401=CARTESIAN_POINT('Ctrl Pts',(-38.0825392505436,-55.17218889159,-56.0152814161851));
#1402=CARTESIAN_POINT('Ctrl Pts',(-39.3581250752013,-55.17218889159,-55.9814384552094));
#1403=CARTESIAN_POINT('Ctrl Pts',(-40.633710899859,-55.17218889159,-55.9475954942336));
#1404=CARTESIAN_POINT('Ctrl Pts',(-41.8168683494674,-55.17218889159,-55.9183506039959));
#1405=CARTESIAN_POINT('Ctrl Pts',(-42.9767371749328,-55.17218889159,-55.8921491577282));
#1406=CARTESIAN_POINT('Ctrl Pts',(-45.2964748258634,-55.17218889159,-55.8397462651929));
#1407=CARTESIAN_POINT('Ctrl Pts',(-47.5230579802218,-55.17218889159,-55.7995171485377));
#1408=CARTESIAN_POINT('Ctrl Pts',(-50.0000000000001,-55.17218889159,-55.7713295133107));
#1409=CARTESIAN_POINT('Ctrl Pts',(22.3327665389288,-52.4620881749616,-62.3293841914055));
#1410=CARTESIAN_POINT('Ctrl Pts',(22.2959885189812,-53.3654550805044,-63.3911017472659));
#1411=CARTESIAN_POINT('Ctrl Pts',(22.2592104990336,-54.2688219860472,-64.4528193031262));
#1412=CARTESIAN_POINT('Ctrl Pts',(22.2224324790861,-55.17218889159,-65.5145368589866));
#1413=CARTESIAN_POINT('Ctrl Pts',(21.2827954650209,-52.4620881749616,-62.3293841914055));
#1414=CARTESIAN_POINT('Ctrl Pts',(21.3484120547591,-53.3654550805044,-63.3701595322583));
#1415=CARTESIAN_POINT('Ctrl Pts',(21.4168697923302,-54.2688219860472,-64.4116182816382));
#1416=CARTESIAN_POINT('Ctrl Pts',(21.4824863820683,-55.17218889159,-65.452393622491));
#1417=CARTESIAN_POINT('Ctrl Pts',(19.4453460856822,-52.4620881749617,-62.3293841914055));
#1418=CARTESIAN_POINT('Ctrl Pts',(19.6960227617705,-53.3654550805044,-63.3284930201854));
#1419=CARTESIAN_POINT('Ctrl Pts',(19.9491815637378,-54.2688219860472,-64.3279237646473));
#1420=CARTESIAN_POINT('Ctrl Pts',(20.199858239826,-55.17218889159,-65.3270325934272));
#1421=CARTESIAN_POINT('Ctrl Pts',(17.3454039378665,-52.4620881749616,-62.3293841914054));
#1422=CARTESIAN_POINT('Ctrl Pts',(17.7099902168521,-53.3654550805044,-63.2576364499389));
#1423=CARTESIAN_POINT('Ctrl Pts',(18.0778899296646,-54.2688219860471,-64.1864515185329));
#1424=CARTESIAN_POINT('Ctrl Pts',(18.4424762086502,-55.1721888915899,-65.1147037770664));
#1425=CARTESIAN_POINT('Ctrl Pts',(15.7704473270048,-52.4620881749616,-62.3293841914054));
#1426=CARTESIAN_POINT('Ctrl Pts',(16.1600084154303,-53.3654550805044,-63.1911164190575));
#1427=CARTESIAN_POINT('Ctrl Pts',(16.5505318304138,-54.2688219860472,-64.0530269921445));
#1428=CARTESIAN_POINT('Ctrl Pts',(16.9400929188393,-55.1721888915899,-64.9147592197965));
#1429=CARTESIAN_POINT('Ctrl Pts',(14.45798348462,-52.4620881749616,-62.3293841914054));
#1430=CARTESIAN_POINT('Ctrl Pts',(14.8011741351194,-53.3654550805044,-63.1226847140795));
#1431=CARTESIAN_POINT('Ctrl Pts',(15.139450037237,-54.2688219860471,-63.9152796159743));
#1432=CARTESIAN_POINT('Ctrl Pts',(15.4826406877365,-55.1721888915899,-64.7085801386484));
#1433=CARTESIAN_POINT('Ctrl Pts',(12.3580413368043,-52.4620881749616,-62.3293841914055));
#1434=CARTESIAN_POINT('Ctrl Pts',(12.6168978218551,-53.3654550805044,-63.0052837622578));
#1435=CARTESIAN_POINT('Ctrl Pts',(12.8740669635043,-54.2688219860472,-63.6809641987245));
#1436=CARTESIAN_POINT('Ctrl Pts',(13.1329234485551,-55.1721888915899,-64.3568637695769));
#1437=CARTESIAN_POINT('Ctrl Pts',(10.2580991889886,-52.4620881749616,-62.3293841914055));
#1438=CARTESIAN_POINT('Ctrl Pts',(10.4467642032977,-53.3654550805044,-62.8863812024466));
#1439=CARTESIAN_POINT('Ctrl Pts',(10.630990063154,-54.2688219860472,-63.4427687159871));
#1440=CARTESIAN_POINT('Ctrl Pts',(10.819655077463,-55.17218889159,-63.9997657270282));
#1441=CARTESIAN_POINT('Ctrl Pts',(8.15815704117297,-52.4620881749616,-62.3293841914055));
#1442=CARTESIAN_POINT('Ctrl Pts',(8.27209149705815,-53.3654550805044,-62.7740121993244));
#1443=CARTESIAN_POINT('Ctrl Pts',(8.38476744594736,-54.2688219860472,-63.2184567175497));
#1444=CARTESIAN_POINT('Ctrl Pts',(8.49870190183254,-55.17218889159,-63.6630847254687));
#1445=CARTESIAN_POINT('Ctrl Pts',(6.0582148933573,-52.4620881749617,-62.3293841914055));
#1446=CARTESIAN_POINT('Ctrl Pts',(6.09276697294753,-53.3654550805044,-62.6698384205877));
#1447=CARTESIAN_POINT('Ctrl Pts',(6.12481984016194,-54.2688219860472,-63.0099888178426));
#1448=CARTESIAN_POINT('Ctrl Pts',(6.15937191975217,-55.17218889159,-63.3504430470248));
#1449=CARTESIAN_POINT('Ctrl Pts',(3.43328720858771,-52.4620881749616,-62.3293841914055));
#1450=CARTESIAN_POINT('Ctrl Pts',(3.42542777542365,-53.3654550805044,-62.5688569695551));
#1451=CARTESIAN_POINT('Ctrl Pts',(3.41656745536423,-54.2688219860472,-62.8081001097253));
#1452=CARTESIAN_POINT('Ctrl Pts',(3.40870802220017,-55.17218889159,-63.0475728878749));
#1453=CARTESIAN_POINT('Ctrl Pts',(1.33334506077205,-52.4620881749616,-62.3293841914055));
#1454=CARTESIAN_POINT('Ctrl Pts',(1.28123364040107,-53.3654550805044,-62.5167523050741));
#1455=CARTESIAN_POINT('Ctrl Pts',(1.22900682142135,-54.2688219860472,-62.7042635634788));
#1456=CARTESIAN_POINT('Ctrl Pts',(1.17689540105037,-55.17218889159,-62.8916316771474));
#1457=CARTESIAN_POINT('Ctrl Pts',(0.283373986864213,-52.4620881749616,-62.3293841914055));
#1458=CARTESIAN_POINT('Ctrl Pts',(0.188915991242793,-53.3654550805044,-62.4975067363799));
#1459=CARTESIAN_POINT('Ctrl Pts',(0.0944579956213729,-54.2688219860472,
-62.6656292813543));
#1460=CARTESIAN_POINT('Ctrl Pts',(-4.69069227904129E-14,-55.17218889159,
-62.8337518263287));
#1461=CARTESIAN_POINT('',(22.2224324790861,-55.17218889159,-65.5145368589866));
#1462=CARTESIAN_POINT('',(22.3327665389288,-52.4620881749616,-62.3293841914055));
#1463=CARTESIAN_POINT('Ctrl Pts',(-4.66293670342566E-14,-55.17218889159,
-62.8337518263287));
#1464=CARTESIAN_POINT('Ctrl Pts',(1.17689540105037,-55.17218889159,-62.8916316771474));
#1465=CARTESIAN_POINT('Ctrl Pts',(2.29280171162527,-55.17218889159,-62.9696022825112));
#1466=CARTESIAN_POINT('Ctrl Pts',(3.40088764642311,-55.17218889159,-63.069161617023));
#1467=CARTESIAN_POINT('Ctrl Pts',(4.50897358122096,-55.17218889159,-63.1687209515349));
#1468=CARTESIAN_POINT('Ctrl Pts',(5.60923914024176,-55.17218889159,-63.2898690151948));
#1469=CARTESIAN_POINT('Ctrl Pts',(6.75577098727549,-55.17218889159,-63.4344655958961));
#1470=CARTESIAN_POINT('Ctrl Pts',(7.32903691079235,-55.17218889159,-63.5067638862467));
#1471=CARTESIAN_POINT('Ctrl Pts',(7.91386940631245,-55.17218889159,-63.5849243058577));
#1472=CARTESIAN_POINT('Ctrl Pts',(8.49640480102631,-55.17218889159,-63.6660896408581));
#1473=CARTESIAN_POINT('Ctrl Pts',(9.07894019574016,-55.17218889159,-63.7472549758585));
#1474=CARTESIAN_POINT('Ctrl Pts',(9.65917848964779,-55.17218889159,-63.8314252262484));
#1475=CARTESIAN_POINT('Ctrl Pts',(10.2387763831772,-55.17218889159,-63.9172968967207));
#1476=CARTESIAN_POINT('Ctrl Pts',(11.397972170236,-55.1721888915899,-64.0890402376654));
#1477=CARTESIAN_POINT('Ctrl Pts',(12.5546063557821,-55.1721888915899,-64.2675892589398));
#1478=CARTESIAN_POINT('Ctrl Pts',(13.7233901640245,-55.1721888915899,-64.444344389055));
#1479=CARTESIAN_POINT('Ctrl Pts',(14.3077820681458,-55.1721888915899,-64.5327219541127));
#1480=CARTESIAN_POINT('Ctrl Pts',(14.8952113779411,-55.1721888915899,-64.6206510463806));
#1481=CARTESIAN_POINT('Ctrl Pts',(15.4804164790593,-55.1721888915899,-64.7058514087441));
#1482=CARTESIAN_POINT('Ctrl Pts',(16.0656215801776,-55.1721888915899,-64.7910517711077));
#1483=CARTESIAN_POINT('Ctrl Pts',(16.6486024726187,-55.1721888915899,-64.8735234035669));
#1484=CARTESIAN_POINT('Ctrl Pts',(17.1767923900571,-55.1721888915899,-64.9454460715577));
#1485=CARTESIAN_POINT('Ctrl Pts',(17.4408873487763,-55.1721888915899,-64.9814074055531));
#1486=CARTESIAN_POINT('Ctrl Pts',(17.6912845637448,-55.1721888915899,-65.0147314984315));
#1487=CARTESIAN_POINT('Ctrl Pts',(17.9340006634454,-55.1721888915899,-65.0463598436015));
#1488=CARTESIAN_POINT('Ctrl Pts',(18.6621489625472,-55.1721888915899,-65.1412448791115));
#1489=CARTESIAN_POINT('Ctrl Pts',(19.3211672242381,-55.1721888915899,-65.2208681852468));
#1490=CARTESIAN_POINT('Ctrl Pts',(19.9333338488815,-55.17218889159,-65.2893927124583));
#1491=CARTESIAN_POINT('Ctrl Pts',(20.7495560150727,-55.17218889159,-65.3807587487403));
#1492=CARTESIAN_POINT('Ctrl Pts',(21.4824863820683,-55.17218889159,-65.452393622491));
#1493=CARTESIAN_POINT('Ctrl Pts',(22.2224324790861,-55.17218889159,-65.5145368589866));
#1494=CARTESIAN_POINT('Ctrl Pts',(50.,-52.4620881749616,-62.3293841914055));
#1495=CARTESIAN_POINT('Ctrl Pts',(50.0604146848454,-53.3654550805044,-62.4804896556041));
#1496=CARTESIAN_POINT('Ctrl Pts',(50.1208293696908,-54.2688219860472,-62.6315951198027));
#1497=CARTESIAN_POINT('Ctrl Pts',(50.1812440545362,-55.17218889159,-62.7827005840013));
#1498=CARTESIAN_POINT('Ctrl Pts',(46.7622475512712,-52.4620881749616,-62.3293841914055));
#1499=CARTESIAN_POINT('Ctrl Pts',(46.7692769880424,-53.3654550805044,-62.5107520072852));
#1500=CARTESIAN_POINT('Ctrl Pts',(46.7778695922745,-54.2688219860472,-62.6894728989787));
#1501=CARTESIAN_POINT('Ctrl Pts',(46.7848990290457,-55.17218889159,-62.8708407148584));
#1502=CARTESIAN_POINT('Ctrl Pts',(42.4452442862995,-52.4620881749617,-62.3293841914055));
#1503=CARTESIAN_POINT('Ctrl Pts',(42.7111030051801,-53.3654550805044,-62.629450219326));
#1504=CARTESIAN_POINT('Ctrl Pts',(42.9772455005236,-54.2688219860472,-62.9293524205482));
#1505=CARTESIAN_POINT('Ctrl Pts',(43.2431042194042,-55.17218889159,-63.2294184484687));
#1506=CARTESIAN_POINT('Ctrl Pts',(37.0489902050849,-52.4620881749617,-62.3293841914055));
#1507=CARTESIAN_POINT('Ctrl Pts',(37.3637287534587,-53.3654550805044,-62.8922467832655));
#1508=CARTESIAN_POINT('Ctrl Pts',(37.6779172167254,-54.2688219860472,-63.4552044433846));
#1509=CARTESIAN_POINT('Ctrl Pts',(37.9926557650992,-55.17218889159,-64.0180670352446));
#1510=CARTESIAN_POINT('Ctrl Pts',(33.8112377563562,-52.4620881749617,-62.3293841914055));
#1511=CARTESIAN_POINT('Ctrl Pts',(33.9984766547207,-53.3654550805044,-63.085772574671));
#1512=CARTESIAN_POINT('Ctrl Pts',(34.1905096141652,-54.2688219860472,-63.8410874787758));
#1513=CARTESIAN_POINT('Ctrl Pts',(34.3777485125298,-55.17218889159,-64.5974758620413));
#1514=CARTESIAN_POINT('Ctrl Pts',(31.1131107157488,-52.4620881749617,-62.3293841914055));
#1515=CARTESIAN_POINT('Ctrl Pts',(31.1869301435674,-53.3654550805044,-63.2363102747008));
#1516=CARTESIAN_POINT('Ctrl Pts',(31.2642481462035,-54.2688219860472,-64.1433012829466));
#1517=CARTESIAN_POINT('Ctrl Pts',(31.3380675740221,-55.17218889159,-65.0502273662419));
#1518=CARTESIAN_POINT('Ctrl Pts',(28.954609083263,-52.4620881749617,-62.3293841914055));
#1519=CARTESIAN_POINT('Ctrl Pts',(28.9128810122494,-53.3654550805044,-63.3400785310053));
#1520=CARTESIAN_POINT('Ctrl Pts',(28.8694641179428,-54.2688219860472,-64.3506267497825));
#1521=CARTESIAN_POINT('Ctrl Pts',(28.8277360469291,-55.17218889159,-65.3613210893823));
#1522=CARTESIAN_POINT('Ctrl Pts',(27.8753582670201,-52.4620881749616,-62.3293841914055));
#1523=CARTESIAN_POINT('Ctrl Pts',(27.85039772541,-53.3654550805044,-63.3753927734366));
#1524=CARTESIAN_POINT('Ctrl Pts',(27.8335987133655,-54.2688219860472,-64.4210360741678));
#1525=CARTESIAN_POINT('Ctrl Pts',(27.8086381717555,-55.17218889159,-65.4670446561989));
#1526=CARTESIAN_POINT('Ctrl Pts',(27.3357328588986,-52.4620881749616,-62.3293841914055));
#1527=CARTESIAN_POINT('Ctrl Pts',(27.327283417289,-53.3654550805044,-63.3911017472659));
#1528=CARTESIAN_POINT('Ctrl Pts',(27.3188339756794,-54.2688219860472,-64.4528193031262));
#1529=CARTESIAN_POINT('Ctrl Pts',(27.3103845340698,-55.17218889159,-65.5145368589866));
#1530=CARTESIAN_POINT('',(50.1812440545364,-55.1721888915905,-62.7827005840014));
#1531=CARTESIAN_POINT('',(50.,-52.4620881749616,-62.3293841914055));
#1532=CARTESIAN_POINT('',(27.3103845340698,-55.17218889159,-65.5145368589866));
#1533=CARTESIAN_POINT('Ctrl Pts',(27.3103845340698,-55.17218889159,-65.5145368589866));
#1534=CARTESIAN_POINT('Ctrl Pts',(27.8086381717555,-55.17218889159,-65.4670446561989));
#1535=CARTESIAN_POINT('Ctrl Pts',(28.3181871093423,-55.17218889159,-65.4141828727906));
#1536=CARTESIAN_POINT('Ctrl Pts',(28.8867530190223,-55.17218889159,-65.3488652656939));
#1537=CARTESIAN_POINT('Ctrl Pts',(29.4553189287024,-55.17218889159,-65.2835476585972));
#1538=CARTESIAN_POINT('Ctrl Pts',(30.0829018104756,-55.17218889159,-65.2057742278121));
#1539=CARTESIAN_POINT('Ctrl Pts',(30.7039357942249,-55.17218889159,-65.123741840342));
#1540=CARTESIAN_POINT('Ctrl Pts',(31.9460037617236,-55.17218889159,-64.9596770654018));
#1541=CARTESIAN_POINT('Ctrl Pts',(33.1618761371267,-55.17218889159,-64.7785764637216));
#1542=CARTESIAN_POINT('Ctrl Pts',(34.3722968669231,-55.17218889159,-64.591458025082));
#1543=CARTESIAN_POINT('Ctrl Pts',(35.5827175967196,-55.17218889159,-64.4043395864424));
#1544=CARTESIAN_POINT('Ctrl Pts',(36.7876866809094,-55.17218889159,-64.2112033108435));
#1545=CARTESIAN_POINT('Ctrl Pts',(37.9152160684348,-55.17218889159,-64.0357703143665));
#1546=CARTESIAN_POINT('Ctrl Pts',(39.0427454559602,-55.17218889159,-63.8603373178894));
#1547=CARTESIAN_POINT('Ctrl Pts',(40.0928351468212,-55.17218889159,-63.7026076005342));
#1548=CARTESIAN_POINT('Ctrl Pts',(41.1017645905695,-55.17218889159,-63.5618992041672));
#1549=CARTESIAN_POINT('Ctrl Pts',(44.1285529218146,-55.17218889159,-63.1397740150661));
#1550=CARTESIAN_POINT('Ctrl Pts',(46.7848990290457,-55.17218889159,-62.8708407148584));
#1551=CARTESIAN_POINT('Ctrl Pts',(50.1812440545362,-55.17218889159,-62.7827005840013));
#1552=CARTESIAN_POINT('',(27.3357328588986,-52.4620881749616,-62.3293841914055));
#1553=CARTESIAN_POINT('Ctrl Pts',(0.,-54.8562291782413,-55.7515358459041));
#1554=CARTESIAN_POINT('Ctrl Pts',(1.85037170770859E-15,-54.9615490826909,
-55.7719523797549));
#1555=CARTESIAN_POINT('Ctrl Pts',(3.70074341541719E-15,-55.0668689871404,
-55.7923689136057));
#1556=CARTESIAN_POINT('Ctrl Pts',(5.55111512312578E-15,-55.17218889159,
-55.8127854474564));
#1557=CARTESIAN_POINT('Ctrl Pts',(1.19050784063313,-54.8562291782413,-55.7515358459041));
#1558=CARTESIAN_POINT('Ctrl Pts',(1.16834950443631,-54.9615490826909,-55.7838421703589));
#1559=CARTESIAN_POINT('Ctrl Pts',(1.14612557208216,-55.0668689871404,-55.8161983489777));
#1560=CARTESIAN_POINT('Ctrl Pts',(1.12396723588534,-55.17218889159,-55.8485046734325));
#1561=CARTESIAN_POINT('Ctrl Pts',(3.57152352189939,-54.8562291782413,-55.7515358459042));
#1562=CARTESIAN_POINT('Ctrl Pts',(3.5169819587917,-54.9615490826909,-55.8100829698717));
#1563=CARTESIAN_POINT('Ctrl Pts',(3.46258215226807,-55.0668689871404,-55.8686183748549));
#1564=CARTESIAN_POINT('Ctrl Pts',(3.40804058916037,-55.17218889159,-55.9271654988224));
#1565=CARTESIAN_POINT('Ctrl Pts',(7.14304704379878,-54.8562291782413,-55.7515358459042));
#1566=CARTESIAN_POINT('Ctrl Pts',(7.07318503547653,-54.9615490826909,-55.8518625564977));
#1567=CARTESIAN_POINT('Ctrl Pts',(7.00412453929467,-55.0668689871404,-55.9523029153988));
#1568=CARTESIAN_POINT('Ctrl Pts',(6.93426253097243,-55.17218889159,-56.0526296259924));
#1569=CARTESIAN_POINT('Ctrl Pts',(10.7145705656982,-54.8562291782413,-55.7515358459042));
#1570=CARTESIAN_POINT('Ctrl Pts',(10.6586959700622,-54.9615490826909,-55.8916091957221));
#1571=CARTESIAN_POINT('Ctrl Pts',(10.6029606262691,-55.0668689871404,-56.0317850144697));
#1572=CARTESIAN_POINT('Ctrl Pts',(10.5470860306331,-55.17218889159,-56.1718583642877));
#1573=CARTESIAN_POINT('Ctrl Pts',(16.6671097688638,-54.8562291782413,-55.7515358459042));
#1574=CARTESIAN_POINT('Ctrl Pts',(16.6843519747439,-54.9615490826909,-55.9462969689983));
#1575=CARTESIAN_POINT('Ctrl Pts',(16.7049722246986,-55.0668689871404,-56.1412400192724));
#1576=CARTESIAN_POINT('Ctrl Pts',(16.7222144305786,-55.17218889159,-56.3360011423665));
#1577=CARTESIAN_POINT('Ctrl Pts',(21.4291411313963,-54.8562291782413,-55.7515358459041));
#1578=CARTESIAN_POINT('Ctrl Pts',(21.3995431729525,-54.9615490826909,-55.958951186135));
#1579=CARTESIAN_POINT('Ctrl Pts',(21.3746657332948,-55.0668689871404,-56.1669469285783));
#1580=CARTESIAN_POINT('Ctrl Pts',(21.3450677748509,-55.17218889159,-56.3743622688092));
#1581=CARTESIAN_POINT('Ctrl Pts',(25.0006646532957,-54.8562291782413,-55.7515358459041));
#1582=CARTESIAN_POINT('Ctrl Pts',(25.0004431021971,-54.9615490826909,-55.9458328852927));
#1583=CARTESIAN_POINT('Ctrl Pts',(25.0002215510986,-55.0668689871404,-56.1401299246812));
#1584=CARTESIAN_POINT('Ctrl Pts',(25.,-55.17218889159,-56.3344269640697));
#1585=CARTESIAN_POINT('',(0.,-54.8562291782413,-55.7515358459041));
#1586=CARTESIAN_POINT('',(1.71742104974836,-54.8562291782413,-55.7515358459041));
#1587=CARTESIAN_POINT('',(0.,-54.8562291782413,-55.7515358459041));
#1588=CARTESIAN_POINT('',(0.,-54.8562291782413,-55.7515358459041));
#1589=CARTESIAN_POINT('',(25.,-55.17218889159,-56.3344269640697));
#1590=CARTESIAN_POINT('Ctrl Pts',(25.,-55.17218889159,-56.3344269640697));
#1591=CARTESIAN_POINT('Ctrl Pts',(21.3450677748509,-55.17218889159,-56.3743622688092));
#1592=CARTESIAN_POINT('Ctrl Pts',(17.8779277666467,-55.17218889159,-56.3455914239772));
#1593=CARTESIAN_POINT('Ctrl Pts',(14.2323349846202,-55.17218889159,-56.2645344626337));
#1594=CARTESIAN_POINT('Ctrl Pts',(13.0171373906113,-55.17218889159,-56.2375154755192));
#1595=CARTESIAN_POINT('Ctrl Pts',(11.7821117106222,-55.17218889159,-56.2046869199035));
#1596=CARTESIAN_POINT('Ctrl Pts',(10.5624616206842,-55.17218889159,-56.168401185713));
#1597=CARTESIAN_POINT('Ctrl Pts',(9.34281153074623,-55.17218889159,-56.1321154515226));
#1598=CARTESIAN_POINT('Ctrl Pts',(8.13853703085933,-55.17218889159,-56.0923725387575));
#1599=CARTESIAN_POINT('Ctrl Pts',(6.9486961239472,-55.17218889159,-56.0515903945133));
#1600=CARTESIAN_POINT('Ctrl Pts',(5.75885521703507,-55.17218889159,-56.0108082502691));
#1601=CARTESIAN_POINT('Ctrl Pts',(4.58344790309773,-55.17218889159,-55.9689868745457));
#1602=CARTESIAN_POINT('Ctrl Pts',(3.42472590781029,-55.17218889159,-55.9284109803366));
#1603=CARTESIAN_POINT('Ctrl Pts',(2.26600391252286,-55.17218889159,-55.8878350861275));
#1604=CARTESIAN_POINT('Ctrl Pts',(1.12396723588534,-55.17218889159,-55.8485046734325));
#1605=CARTESIAN_POINT('Ctrl Pts',(5.55111512312578E-15,-55.17218889159,
-55.8127854474564));
#1606=CARTESIAN_POINT('',(25.0006646532957,-54.8562291782413,-55.7515358459041));
#1607=CARTESIAN_POINT('',(25.0006646532957,-54.8562291782413,-55.7515358459041));
#1608=CARTESIAN_POINT('',(0.,-54.8562291782413,-55.7515358459041));
#1609=CARTESIAN_POINT('Ctrl Pts',(25.0006646532957,-54.8562291782413,-55.7515358459041));
#1610=CARTESIAN_POINT('Ctrl Pts',(25.0004431021972,-54.9615490826909,-55.9458328852926));
#1611=CARTESIAN_POINT('Ctrl Pts',(25.0002215510986,-55.0668689871404,-56.1401299246812));
#1612=CARTESIAN_POINT('Ctrl Pts',(25.,-55.17218889159,-56.3344269640697));
#1613=CARTESIAN_POINT('Ctrl Pts',(26.191109193615,-54.8562291782413,-55.7515358459041));
#1614=CARTESIAN_POINT('Ctrl Pts',(26.1784723481275,-54.9615490826909,-55.9408011632886));
#1615=CARTESIAN_POINT('Ctrl Pts',(26.1668183172613,-55.0668689871404,-56.1301127414568));
#1616=CARTESIAN_POINT('Ctrl Pts',(26.1541814717738,-55.17218889159,-56.3193780588413));
#1617=CARTESIAN_POINT('Ctrl Pts',(28.5719982742535,-54.8562291782413,-55.7515358459041));
#1618=CARTESIAN_POINT('Ctrl Pts',(28.5151878198838,-54.9615490826908,-55.9269083350481));
#1619=CARTESIAN_POINT('Ctrl Pts',(28.4575819256654,-55.0668689871404,-56.1022820600833));
#1620=CARTESIAN_POINT('Ctrl Pts',(28.4007714712957,-55.1721888915899,-56.2776545492273));
#1621=CARTESIAN_POINT('Ctrl Pts',(31.8457207601314,-54.8562291782413,-55.7515358459041));
#1622=CARTESIAN_POINT('Ctrl Pts',(31.7292921509561,-54.9615490826909,-55.9010514224265));
#1623=CARTESIAN_POINT('Ctrl Pts',(31.6119685185684,-55.0668689871404,-56.050610134929));
#1624=CARTESIAN_POINT('Ctrl Pts',(31.495539909393,-55.17218889159,-56.2001257114514));
#1625=CARTESIAN_POINT('Ctrl Pts',(34.2266098407699,-54.8562291782413,-55.7515358459041));
#1626=CARTESIAN_POINT('Ctrl Pts',(34.1106910684331,-54.9615490826908,-55.8789586463109));
#1627=CARTESIAN_POINT('Ctrl Pts',(33.9951270558151,-55.0668689871404,-56.0063639372117));
#1628=CARTESIAN_POINT('Ctrl Pts',(33.8792082834783,-55.1721888915899,-56.1337867376184));
#1629=CARTESIAN_POINT('Ctrl Pts',(36.6074989214084,-54.8562291782413,-55.7515358459041));
#1630=CARTESIAN_POINT('Ctrl Pts',(36.5274388896167,-54.9615490826908,-55.8555137067869));
#1631=CARTESIAN_POINT('Ctrl Pts',(36.4481105089492,-55.0668689871404,-55.9594937570845));
#1632=CARTESIAN_POINT('Ctrl Pts',(36.3680504771575,-55.17218889159,-56.0634716179673));
#1633=CARTESIAN_POINT('Ctrl Pts',(38.6907768669671,-54.8562291782413,-55.7515358459041));
#1634=CARTESIAN_POINT('Ctrl Pts',(38.7174227911817,-54.9615490826908,-55.8330191187338));
#1635=CARTESIAN_POINT('Ctrl Pts',(38.7448054994932,-55.0668689871404,-55.9144821349362));
#1636=CARTESIAN_POINT('Ctrl Pts',(38.7714514237079,-55.17218889159,-55.9959654077658));
#1637=CARTESIAN_POINT('Ctrl Pts',(42.2621104879249,-54.8562291782413,-55.7515358459041));
#1638=CARTESIAN_POINT('Ctrl Pts',(42.3229240492957,-54.9615490826908,-55.8016080610801));
#1639=CARTESIAN_POINT('Ctrl Pts',(42.3841662545815,-55.0668689871404,-55.8516573069743));
#1640=CARTESIAN_POINT('Ctrl Pts',(42.4449798159523,-55.1721888915899,-55.9017295221503));
#1641=CARTESIAN_POINT('Ctrl Pts',(45.8334441088826,-54.8562291782413,-55.7515358459041));
#1642=CARTESIAN_POINT('Ctrl Pts',(45.8334422356559,-54.9615490826908,-55.7771694224003));
#1643=CARTESIAN_POINT('Ctrl Pts',(45.8338094532496,-55.0668689871404,-55.8027873656368));
#1644=CARTESIAN_POINT('Ctrl Pts',(45.8338075800228,-55.17218889159,-55.828420942133));
#1645=CARTESIAN_POINT('Ctrl Pts',(48.8095554596808,-54.8562291782413,-55.7515358459041));
#1646=CARTESIAN_POINT('Ctrl Pts',(48.7927250036469,-54.9615490826909,-55.7628528260981));
#1647=CARTESIAN_POINT('Ctrl Pts',(48.7784042081804,-55.0668689871404,-55.7741058413377));
#1648=CARTESIAN_POINT('Ctrl Pts',(48.7615737521465,-55.17218889159,-55.7854228215316));
#1649=CARTESIAN_POINT('Ctrl Pts',(50.,-54.8562291782413,-55.7515358459041));
#1650=CARTESIAN_POINT('Ctrl Pts',(50.,-54.9615490826909,-55.7581337350397));
#1651=CARTESIAN_POINT('Ctrl Pts',(50.,-55.0668689871404,-55.7647316241752));
#1652=CARTESIAN_POINT('Ctrl Pts',(50.0000000000001,-55.17218889159,-55.7713295133107));
#1653=CARTESIAN_POINT('',(44.0661314898643,-54.8562291782413,-55.7515358459041));
#1654=CARTESIAN_POINT('',(0.,-54.8562291782413,-55.7515358459041));
#1655=CARTESIAN_POINT('',(50.,-55.17218889159,-55.7713295133108));
#1656=CARTESIAN_POINT('Ctrl Pts',(50.0000000000001,-55.17218889159,-55.7713295133107));
#1657=CARTESIAN_POINT('Ctrl Pts',(48.7615737521465,-55.17218889159,-55.7854228215316));
#1658=CARTESIAN_POINT('Ctrl Pts',(47.590467283297,-55.17218889159,-55.8026220697722));
#1659=CARTESIAN_POINT('Ctrl Pts',(46.4359597001113,-55.17218889159,-55.8227160960521));
#1660=CARTESIAN_POINT('Ctrl Pts',(44.7041983253327,-55.17218889159,-55.8528571354721));
#1661=CARTESIAN_POINT('Ctrl Pts',(43.0097844432974,-55.1721888915899,-55.8895114254807));
#1662=CARTESIAN_POINT('Ctrl Pts',(41.2086078256969,-55.17218889159,-55.9340134550887));
#1663=CARTESIAN_POINT('Ctrl Pts',(40.6082156198301,-55.1721888915899,-55.948847464958));
#1664=CARTESIAN_POINT('Ctrl Pts',(39.9959608877894,-55.1721888915899,-55.964553445894));
#1665=CARTESIAN_POINT('Ctrl Pts',(39.358895738186,-55.1721888915899,-55.9814532627276));
#1666=CARTESIAN_POINT('Ctrl Pts',(38.0847654389792,-55.17218889159,-56.0152528963948));
#1667=CARTESIAN_POINT('Ctrl Pts',(36.7113934695219,-55.17218889159,-56.0538278736528));
#1668=CARTESIAN_POINT('Ctrl Pts',(35.4411821981587,-55.1721888915899,-56.0896689169648));
#1669=CARTESIAN_POINT('Ctrl Pts',(35.1236293803179,-55.1721888915899,-56.0986291777928));
#1670=CARTESIAN_POINT('Ctrl Pts',(34.812524106108,-55.1721888915899,-56.1074185677492));
#1671=CARTESIAN_POINT('Ctrl Pts',(34.5047055137604,-55.1721888915899,-56.1160837031488));
#1672=CARTESIAN_POINT('Ctrl Pts',(33.5812497367177,-55.1721888915899,-56.1420791093475));
#1673=CARTESIAN_POINT('Ctrl Pts',(32.6873740964357,-55.17218889159,-56.1669562245349));
#1674=CARTESIAN_POINT('Ctrl Pts',(31.8148618351982,-55.17218889159,-56.1902335311352));
#1675=CARTESIAN_POINT('Ctrl Pts',(30.6515121535483,-55.17218889159,-56.2212699399357));
#1676=CARTESIAN_POINT('Ctrl Pts',(29.526141812422,-55.17218889159,-56.2494622445815));
#1677=CARTESIAN_POINT('Ctrl Pts',(28.4018091419784,-55.17218889159,-56.2739892743079));
#1678=CARTESIAN_POINT('Ctrl Pts',(27.2774764715348,-55.17218889159,-56.2985163040343));
#1679=CARTESIAN_POINT('Ctrl Pts',(26.1541814717738,-55.17218889159,-56.3193780588413));
#1680=CARTESIAN_POINT('Ctrl Pts',(25.,-55.17218889159,-56.3344269640697));
#1681=CARTESIAN_POINT('',(50.,-54.8562291782413,-55.7515358459041));
#1682=CARTESIAN_POINT('',(50.,-54.8562291782413,-55.7515358459041));
#1683=CARTESIAN_POINT('',(0.,-54.8562291782413,-55.7515358459041));
#1684=CARTESIAN_POINT('Ctrl Pts',(50.,-54.8562291782413,-55.7515358459041));
#1685=CARTESIAN_POINT('Ctrl Pts',(50.,-54.9615490826909,-55.7581337350397));
#1686=CARTESIAN_POINT('Ctrl Pts',(50.,-55.0668689871404,-55.7647316241752));
#1687=CARTESIAN_POINT('Ctrl Pts',(50.,-55.17218889159,-55.7713295133108));
#1688=CARTESIAN_POINT('Ctrl Pts',(50.,-54.0581821771481,-57.9441519610713));
#1689=CARTESIAN_POINT('Ctrl Pts',(50.0088328715917,-54.4295177486287,-57.9991571824396));
#1690=CARTESIAN_POINT('Ctrl Pts',(50.0176681979849,-54.8008533201094,-58.0542013652805));
#1691=CARTESIAN_POINT('Ctrl Pts',(50.0265010695765,-55.17218889159,-58.1092065866489));
#1692=CARTESIAN_POINT('Ctrl Pts',(50.,-53.2601351760549,-60.1367680762384));
#1693=CARTESIAN_POINT('Ctrl Pts',(50.0289823633004,-53.8974864145666,-60.2400502654216));
#1694=CARTESIAN_POINT('Ctrl Pts',(50.0579651656466,-54.5348376530782,-60.3432934662536));
#1695=CARTESIAN_POINT('Ctrl Pts',(50.086947528947,-55.17218889159,-60.4465756554369));
#1696=CARTESIAN_POINT('Ctrl Pts',(50.,-52.4620881749616,-62.3293841914055));
#1697=CARTESIAN_POINT('Ctrl Pts',(50.0604146848454,-53.3654550805044,-62.4804896556041));
#1698=CARTESIAN_POINT('Ctrl Pts',(50.1208293696908,-54.2688219860472,-62.6315951198027));
#1699=CARTESIAN_POINT('Ctrl Pts',(50.1812440545361,-55.1721888915899,-62.7827005840014));
#1700=CARTESIAN_POINT('',(50.,-54.17218889159,-57.6309210874759));
#1701=CARTESIAN_POINT('',(50.,-71.2731960578734,-10.6462900481805));
#1702=CARTESIAN_POINT('Ctrl Pts',(50.1812440545362,-55.17218889159,-62.7827005840014));
#1703=CARTESIAN_POINT('Ctrl Pts',(50.134084553642,-55.17218889159,-61.6143597043222));
#1704=CARTESIAN_POINT('Ctrl Pts',(50.0953910615676,-55.17218889159,-60.4457383034479));
#1705=CARTESIAN_POINT('Ctrl Pts',(50.0349749289058,-55.17218889159,-58.1084917594098));
#1706=CARTESIAN_POINT('Ctrl Pts',(50.0132473764359,-55.17218889159,-56.9399894257653));
#1707=CARTESIAN_POINT('Ctrl Pts',(50.,-55.17218889159,-55.7713295133108));
#1708=CARTESIAN_POINT('',(50.,-54.8562291782413,-55.7515358459041));
#1709=CARTESIAN_POINT('Origin',(27.3357328588986,-52.4620881749616,-62.3293841914055));
#1710=CARTESIAN_POINT('',(63.2468410774526,-55.17218889159,-65.5145368589866));
#1711=CARTESIAN_POINT('Ctrl Pts',(0.,-54.17218889159,-57.6309210874759));
#1712=CARTESIAN_POINT('Ctrl Pts',(-0.0237844323294256,-54.5055222249233,
-57.6923846144562));
#1713=CARTESIAN_POINT('Ctrl Pts',(-0.0475688646588513,-54.8388555582566,
-57.7538481414365));
#1714=CARTESIAN_POINT('Ctrl Pts',(-0.0713532969882769,-55.17218889159,-57.8153116684167));
#1715=CARTESIAN_POINT('Ctrl Pts',(0.,-54.4002023204738,-57.0044593402853));
#1716=CARTESIAN_POINT('Ctrl Pts',(-0.0149741175595595,-54.6575311775125,
-57.0522745871584));
#1717=CARTESIAN_POINT('Ctrl Pts',(-0.029948235119119,-54.9148600345512,
-57.1000898340315));
#1718=CARTESIAN_POINT('Ctrl Pts',(-0.0449223526786786,-55.17218889159,-57.1479050809046));
#1719=CARTESIAN_POINT('Ctrl Pts',(0.,-54.6282157493575,-56.3779975930947));
#1720=CARTESIAN_POINT('Ctrl Pts',(-0.00704570294690537,-54.8095401301017,
-56.4121305063182));
#1721=CARTESIAN_POINT('Ctrl Pts',(-0.0140914058938108,-54.9908645108458,
-56.4462634195417));
#1722=CARTESIAN_POINT('Ctrl Pts',(-0.0211371088407162,-55.17218889159,-56.4803963327652));
#1723=CARTESIAN_POINT('Ctrl Pts',(0.,-54.8562291782413,-55.7515358459041));
#1724=CARTESIAN_POINT('Ctrl Pts',(1.42825566188757E-15,-54.9615490826909,
-55.7719523797549));
#1725=CARTESIAN_POINT('Ctrl Pts',(2.85651132377514E-15,-55.0668689871404,
-55.7923689136057));
#1726=CARTESIAN_POINT('Ctrl Pts',(4.28476698566271E-15,-55.17218889159,
-55.8127854474564));
#1727=CARTESIAN_POINT('Ctrl Pts',(0.,-54.17218889159,-57.6309210874759));
#1728=CARTESIAN_POINT('Ctrl Pts',(0.,-54.4002023204738,-57.0044593402853));
#1729=CARTESIAN_POINT('Ctrl Pts',(0.,-54.6282157493575,-56.3779975930947));
#1730=CARTESIAN_POINT('Ctrl Pts',(0.,-54.8562291782413,-55.7515358459041));
#1731=CARTESIAN_POINT('Origin',(0.,-54.17218889159,-57.6309210874759));
#1732=CARTESIAN_POINT('',(-50.,-54.8562291782413,-55.7515358459041));
#1733=CARTESIAN_POINT('',(0.,-54.8562291782413,-55.7515358459041));
#1734=CARTESIAN_POINT('',(-50.,-54.6456875731008,-56.3299941518835));
#1735=CARTESIAN_POINT('',(-50.,-71.2731960578734,-10.6462900481805));
#1736=CARTESIAN_POINT('',(-50.,-71.2731960578734,-10.6462900481805));
#1737=CARTESIAN_POINT('Ctrl Pts',(50.,-23.2731960578734,-10.6462900481805));
#1738=CARTESIAN_POINT('Ctrl Pts',(50.,-23.2731960578734,-10.6462900481805));
#1739=CARTESIAN_POINT('Ctrl Pts',(50.,-23.2731960578734,-10.6462900481805));
#1740=CARTESIAN_POINT('Ctrl Pts',(50.,-23.2731960578734,-10.6462900481805));
#1741=CARTESIAN_POINT('Ctrl Pts',(50.,-23.2731960578734,-13.3636226784753));
#1742=CARTESIAN_POINT('Ctrl Pts',(51.1470362430559,-23.2720084647734,-12.4578493999657));
#1743=CARTESIAN_POINT('Ctrl Pts',(52.2946344858049,-23.2743836509734,-11.5520633266902));
#1744=CARTESIAN_POINT('Ctrl Pts',(53.4416707288609,-23.2731960578734,-10.6462900481805));
#1745=CARTESIAN_POINT('Ctrl Pts',(50.,-23.7358351718663,-18.7982306250021));
#1746=CARTESIAN_POINT('Ctrl Pts',(53.4411418169205,-24.1053097093111,-16.0809042273777));
#1747=CARTESIAN_POINT('Ctrl Pts',(56.8806459511473,-24.4747342474527,-13.363616445805));
#1748=CARTESIAN_POINT('Ctrl Pts',(60.3217877680678,-24.8442087848975,-10.6462900481805));
#1749=CARTESIAN_POINT('Ctrl Pts',(50.,-25.7973753293587,-26.7157164841814));
#1750=CARTESIAN_POINT('Ctrl Pts',(56.2005664699278,-27.6794495409566,-21.3592620762318));
#1751=CARTESIAN_POINT('Ctrl Pts',(62.404136652199,-29.5608573080995,-16.0027444561302));
#1752=CARTESIAN_POINT('Ctrl Pts',(68.6047031221268,-31.4429315196973,-10.6462900481805));
#1753=CARTESIAN_POINT('Ctrl Pts',(50.,-29.1678878594181,-34.1706148894153));
#1754=CARTESIAN_POINT('Ctrl Pts',(57.7320448877905,-33.1070514898701,-26.3291461675898));
#1755=CARTESIAN_POINT('Ctrl Pts',(65.4612171407105,-37.0459217759753,-18.4877587700061));
#1756=CARTESIAN_POINT('Ctrl Pts',(73.193262028501,-40.9850854064273,-10.6462900481805));
#1757=CARTESIAN_POINT('Ctrl Pts',(50.,-33.7494873498434,-40.9488884108421));
#1758=CARTESIAN_POINT('Ctrl Pts',(57.7319953465022,-39.6905760290595,-30.8480525326374));
#1759=CARTESIAN_POINT('Ctrl Pts',(65.4671537992245,-45.6324114603489,-20.7471259263853));
#1760=CARTESIAN_POINT('Ctrl Pts',(73.1991491457268,-51.573500139565,-10.6462900481805));
#1761=CARTESIAN_POINT('Ctrl Pts',(50.,-39.4112121928903,-46.8549061339398));
#1762=CARTESIAN_POINT('Ctrl Pts',(56.200665831377,-46.645572634172,-34.7853217983358));
#1763=CARTESIAN_POINT('Ctrl Pts',(62.398912370528,-53.8770398769508,-22.7158743837846));
#1764=CARTESIAN_POINT('Ctrl Pts',(68.599578201905,-61.1114003182325,-10.6462900481805));
#1765=CARTESIAN_POINT('Ctrl Pts',(50.,-45.9893908661149,-51.7194012986851));
#1766=CARTESIAN_POINT('Ctrl Pts',(53.4409241461599,-53.2309236884695,-38.0284011087635));
#1767=CARTESIAN_POINT('Ctrl Pts',(56.8839426100371,-60.4746262771002,-24.3372902381022));
#1768=CARTESIAN_POINT('Ctrl Pts',(60.324866756197,-67.7161590994548,-10.6462900481805));
#1769=CARTESIAN_POINT('Ctrl Pts',(50.,-50.8600249645526,-54.1742849771739));
#1770=CARTESIAN_POINT('Ctrl Pts',(51.1471618135373,-57.0028725312041,-39.6649066080361));
#1771=CARTESIAN_POINT('Ctrl Pts',(52.2945089153235,-63.142096846625,-25.1556684173184));
#1772=CARTESIAN_POINT('Ctrl Pts',(53.4416707288609,-69.2849444132765,-10.6462900481805));
#1773=CARTESIAN_POINT('Ctrl Pts',(50.,-53.3815319800323,-55.1871516981946));
#1774=CARTESIAN_POINT('Ctrl Pts',(50.,-58.6826694577804,-40.3401978148566));
#1775=CARTESIAN_POINT('Ctrl Pts',(50.,-63.9838069355285,-25.4932439315185));
#1776=CARTESIAN_POINT('Ctrl Pts',(50.,-69.2849444132765,-10.6462900481805));
#1777=CARTESIAN_POINT('',(50.,-23.2731960578734,-10.6462900481805));
#1778=CARTESIAN_POINT('',(50.,-53.3815319800323,-55.1871516981946));
#1779=CARTESIAN_POINT('Origin',(50.,-71.2731960578734,-10.6462900481805));
#1780=CARTESIAN_POINT('',(50.,-69.2849444132765,-10.6462900481805));
#1781=CARTESIAN_POINT('',(50.,-53.3815319800323,-55.1871516981946));
#1782=CARTESIAN_POINT('Origin',(50.,-46.279070235575,-10.6462900481805));
#1783=CARTESIAN_POINT('Origin',(50.,-71.2731960578734,-10.6462900481805));
#1784=CARTESIAN_POINT('Origin',(50.,-71.2731960578734,-10.6462900481805));
#1785=CARTESIAN_POINT('',(50.,-71.2849444132765,-10.6462900481805));
#1786=CARTESIAN_POINT('',(50.,-54.8562291782413,-55.7515358459042));
#1787=CARTESIAN_POINT('',(50.,-69.2849444132765,-10.6462900481805));
#1788=CARTESIAN_POINT('Ctrl Pts',(50.,-54.8562291782413,-55.7515358459042));
#1789=CARTESIAN_POINT('Ctrl Pts',(50.,-60.3324675899197,-40.7164539133296));
#1790=CARTESIAN_POINT('Ctrl Pts',(50.,-65.8087060015981,-25.6813719807551));
#1791=CARTESIAN_POINT('Ctrl Pts',(50.,-71.2849444132765,-10.6462900481805));
#1792=CARTESIAN_POINT('Ctrl Pts',(50.,-54.6282157493575,-56.3779975930947));
#1793=CARTESIAN_POINT('Ctrl Pts',(50.2767215385597,-60.1804610790772,-41.1340950781234));
#1794=CARTESIAN_POINT('Ctrl Pts',(50.5534427697232,-65.7326990835568,-25.8901925631519));
#1795=CARTESIAN_POINT('Ctrl Pts',(50.8301643082829,-71.2849444132765,-10.6462900481805));
#1796=CARTESIAN_POINT('Ctrl Pts',(50.,-54.4002023204737,-57.0044593402853));
#1797=CARTESIAN_POINT('Ctrl Pts',(50.5534425594323,-60.0146605272074,-41.551736242917));
#1798=CARTESIAN_POINT('Ctrl Pts',(51.106884696376,-65.629111414437,-26.0990131455488));
#1799=CARTESIAN_POINT('Ctrl Pts',(51.6603272558083,-71.2435696211707,-10.6462900481805));
#1800=CARTESIAN_POINT('Ctrl Pts',(50.,-54.17218889159,-57.6309210874759));
#1801=CARTESIAN_POINT('Ctrl Pts',(50.82879252992,-59.8351342407862,-41.9693774077108));
#1802=CARTESIAN_POINT('Ctrl Pts',(51.6575850598399,-65.4980795899824,-26.3078337279457));
#1803=CARTESIAN_POINT('Ctrl Pts',(52.4863775897599,-71.1610249391786,-10.6462900481805));
#1804=CARTESIAN_POINT('',(52.4863775897599,-71.1610249391786,-10.6462900481805));
#1805=CARTESIAN_POINT('',(50.,-54.17218889159,-57.6309210874759));
#1806=CARTESIAN_POINT('Origin',(50.,-46.279070235575,-10.6462900481805));
#1807=CARTESIAN_POINT('Ctrl Pts',(50.,-54.17218889159,-57.6309210874759));
#1808=CARTESIAN_POINT('Ctrl Pts',(50.82879252992,-59.8351342407862,-41.9693774077108));
#1809=CARTESIAN_POINT('Ctrl Pts',(51.6575850598399,-65.4980795899824,-26.3078337279457));
#1810=CARTESIAN_POINT('Ctrl Pts',(52.4863775897599,-71.1610249391786,-10.6462900481805));
#1811=CARTESIAN_POINT('Ctrl Pts',(50.,-51.4387338600219,-56.63602481928));
#1812=CARTESIAN_POINT('Ctrl Pts',(52.0301742748895,-57.8939723932356,-41.306060183302));
#1813=CARTESIAN_POINT('Ctrl Pts',(54.0605278435342,-64.3456172857713,-25.9762546841585));
#1814=CARTESIAN_POINT('Ctrl Pts',(56.0907021184237,-70.8008558189851,-10.6462900481805));
#1815=CARTESIAN_POINT('Ctrl Pts',(50.,-46.1459851503747,-54.1679275362741));
#1816=CARTESIAN_POINT('Ctrl Pts',(54.3796296102884,-53.5937642980879,-39.6607041538368));
#1817=CARTESIAN_POINT('Ctrl Pts',(58.7577078065617,-61.0415921934404,-25.1535134306178));
#1818=CARTESIAN_POINT('Ctrl Pts',(63.1373374168501,-68.4893713411536,-10.6462900481805));
#1819=CARTESIAN_POINT('Ctrl Pts',(50.,-38.9700810335878,-49.1436266927858));
#1820=CARTESIAN_POINT('Ctrl Pts',(57.0897074475129,-46.2784542409653,-36.3112104296571));
#1821=CARTESIAN_POINT('Ctrl Pts',(64.1823120209828,-53.5874828397235,-23.4787063113092));
#1822=CARTESIAN_POINT('Ctrl Pts',(71.2720194684956,-60.8958560471011,-10.6462900481805));
#1823=CARTESIAN_POINT('Ctrl Pts',(50.,-32.7760957247954,-42.9492021194795));
#1824=CARTESIAN_POINT('Ctrl Pts',(58.4818739009434,-38.7109961297475,-32.1815366281765));
#1825=CARTESIAN_POINT('Ctrl Pts',(66.9609989983263,-44.6460782647377,-21.4139555394835));
#1826=CARTESIAN_POINT('Ctrl Pts',(75.4428728992696,-50.5809786696898,-10.6462900481805));
#1827=CARTESIAN_POINT('Ctrl Pts',(50.,-27.7513493729239,-35.7736530785479));
#1828=CARTESIAN_POINT('Ctrl Pts',(58.2972176416336,-31.6570872955265,-27.3978926361155));
#1829=CARTESIAN_POINT('Ctrl Pts',(66.5974350008837,-35.5622108957393,-19.0220504906129));
#1830=CARTESIAN_POINT('Ctrl Pts',(74.8946526425174,-39.4679488183419,-10.6462900481805));
#1831=CARTESIAN_POINT('Ctrl Pts',(50.,-24.0495181715354,-27.8343087132697));
#1832=CARTESIAN_POINT('Ctrl Pts',(56.570233740197,-25.9066259364171,-22.1049511255837));
#1833=CARTESIAN_POINT('Ctrl Pts',(63.1382057703135,-27.7662645993443,-16.3756476358664));
#1834=CARTESIAN_POINT('Ctrl Pts',(69.7084395105105,-29.6233723642261,-10.6462900481805));
#1835=CARTESIAN_POINT('Ctrl Pts',(50.,-21.7820343842107,-19.3729426688385));
#1836=CARTESIAN_POINT('Ctrl Pts',(53.621584611042,-22.1454399624452,-16.4640746425439));
#1837=CARTESIAN_POINT('Ctrl Pts',(57.2451356316245,-22.5069351479354,-13.5551580744752));
#1838=CARTESIAN_POINT('Ctrl Pts',(60.8667202426665,-22.8703407261699,-10.6462900481805));
#1839=CARTESIAN_POINT('Ctrl Pts',(50.,-21.2731960578734,-13.5551721348378));
#1840=CARTESIAN_POINT('Ctrl Pts',(51.2073681984861,-21.2721180026573,-12.5855460536477));
#1841=CARTESIAN_POINT('Ctrl Pts',(52.4149069295334,-21.2742741130896,-11.6159161293706));
#1842=CARTESIAN_POINT('Ctrl Pts',(53.6222751280195,-21.2731960578734,-10.6462900481805));
#1843=CARTESIAN_POINT('Ctrl Pts',(50.,-21.2731960578734,-10.6462900481805));
#1844=CARTESIAN_POINT('Ctrl Pts',(50.,-21.2731960578734,-10.6462900481805));
#1845=CARTESIAN_POINT('Ctrl Pts',(50.,-21.2731960578734,-10.6462900481805));
#1846=CARTESIAN_POINT('Ctrl Pts',(50.,-21.2731960578734,-10.6462900481805));
#1847=CARTESIAN_POINT('',(50.,-21.2731960578734,-10.6462900481805));
#1848=CARTESIAN_POINT('Origin',(50.,-71.2731960578734,-10.6462900481805));
#1849=CARTESIAN_POINT('Origin',(50.,-46.279070235575,-10.6462900481805));
#1850=CARTESIAN_POINT('Origin',(-50.,-71.2731960578734,-10.6462900481805));
#1851=CARTESIAN_POINT('',(-50.,-53.3815319800323,-55.1871516981946));
#1852=CARTESIAN_POINT('Origin',(-50.,-71.2731960578734,-10.6462900481805));
#1853=CARTESIAN_POINT('',(-50.,-69.2849444132765,-10.6462900481805));
#1854=CARTESIAN_POINT('',(-50.,-53.3815319800323,-55.1871516981946));
#1855=CARTESIAN_POINT('',(-50.,-71.2849444132765,-10.6462900481805));
#1856=CARTESIAN_POINT('',(-50.,-69.2849444132765,-10.6462900481805));
#1857=CARTESIAN_POINT('',(-50.,-54.8562291782413,-55.7515358459042));
#1858=CARTESIAN_POINT('Ctrl Pts',(-50.,-23.2731960578734,-10.6462900481805));
#1859=CARTESIAN_POINT('Ctrl Pts',(-50.,-23.2731960578734,-10.6462900481805));
#1860=CARTESIAN_POINT('Ctrl Pts',(-50.,-23.2731960578734,-10.6462900481805));
#1861=CARTESIAN_POINT('Ctrl Pts',(-50.,-23.2731960578734,-10.6462900481805));
#1862=CARTESIAN_POINT('Ctrl Pts',(-50.,-23.2731960578734,-13.3636226784753));
#1863=CARTESIAN_POINT('Ctrl Pts',(-51.1470362430559,-23.2720084647734,-12.4578493999657));
#1864=CARTESIAN_POINT('Ctrl Pts',(-52.2946344858049,-23.2743836509734,-11.5520633266902));
#1865=CARTESIAN_POINT('Ctrl Pts',(-53.4416707288609,-23.2731960578734,-10.6462900481805));
#1866=CARTESIAN_POINT('Ctrl Pts',(-50.,-23.7358351718663,-18.7982306250021));
#1867=CARTESIAN_POINT('Ctrl Pts',(-53.4411418169205,-24.1053097093111,-16.0809042273777));
#1868=CARTESIAN_POINT('Ctrl Pts',(-56.8806459511473,-24.4747342474527,-13.363616445805));
#1869=CARTESIAN_POINT('Ctrl Pts',(-60.3217877680678,-24.8442087848975,-10.6462900481805));
#1870=CARTESIAN_POINT('Ctrl Pts',(-50.,-25.7973753293587,-26.7157164841814));
#1871=CARTESIAN_POINT('Ctrl Pts',(-56.2005664699278,-27.6794495409566,-21.3592620762318));
#1872=CARTESIAN_POINT('Ctrl Pts',(-62.404136652199,-29.5608573080995,-16.0027444561302));
#1873=CARTESIAN_POINT('Ctrl Pts',(-68.6047031221268,-31.4429315196973,-10.6462900481805));
#1874=CARTESIAN_POINT('Ctrl Pts',(-50.,-29.1678878594181,-34.1706148894153));
#1875=CARTESIAN_POINT('Ctrl Pts',(-57.7320448877905,-33.1070514898701,-26.3291461675898));
#1876=CARTESIAN_POINT('Ctrl Pts',(-65.4612171407105,-37.0459217759753,-18.4877587700061));
#1877=CARTESIAN_POINT('Ctrl Pts',(-73.193262028501,-40.9850854064273,-10.6462900481805));
#1878=CARTESIAN_POINT('Ctrl Pts',(-50.,-33.7494873498434,-40.9488884108421));
#1879=CARTESIAN_POINT('Ctrl Pts',(-57.7319953465022,-39.6905760290595,-30.8480525326374));
#1880=CARTESIAN_POINT('Ctrl Pts',(-65.4671537992245,-45.6324114603489,-20.7471259263853));
#1881=CARTESIAN_POINT('Ctrl Pts',(-73.1991491457268,-51.573500139565,-10.6462900481805));
#1882=CARTESIAN_POINT('Ctrl Pts',(-50.,-39.4112121928903,-46.8549061339398));
#1883=CARTESIAN_POINT('Ctrl Pts',(-56.200665831377,-46.645572634172,-34.7853217983358));
#1884=CARTESIAN_POINT('Ctrl Pts',(-62.398912370528,-53.8770398769508,-22.7158743837846));
#1885=CARTESIAN_POINT('Ctrl Pts',(-68.599578201905,-61.1114003182325,-10.6462900481805));
#1886=CARTESIAN_POINT('Ctrl Pts',(-50.,-45.9893908661149,-51.7194012986851));
#1887=CARTESIAN_POINT('Ctrl Pts',(-53.4409241461599,-53.2309236884695,-38.0284011087635));
#1888=CARTESIAN_POINT('Ctrl Pts',(-56.8839426100371,-60.4746262771002,-24.3372902381022));
#1889=CARTESIAN_POINT('Ctrl Pts',(-60.324866756197,-67.7161590994548,-10.6462900481805));
#1890=CARTESIAN_POINT('Ctrl Pts',(-50.,-50.8600249645526,-54.1742849771739));
#1891=CARTESIAN_POINT('Ctrl Pts',(-51.1471618135373,-57.0028725312041,-39.6649066080361));
#1892=CARTESIAN_POINT('Ctrl Pts',(-52.2945089153235,-63.142096846625,-25.1556684173184));
#1893=CARTESIAN_POINT('Ctrl Pts',(-53.4416707288609,-69.2849444132765,-10.6462900481805));
#1894=CARTESIAN_POINT('Ctrl Pts',(-50.,-53.3815319800323,-55.1871516981946));
#1895=CARTESIAN_POINT('Ctrl Pts',(-50.,-58.6826694577804,-40.3401978148566));
#1896=CARTESIAN_POINT('Ctrl Pts',(-50.,-63.9838069355285,-25.4932439315185));
#1897=CARTESIAN_POINT('Ctrl Pts',(-50.,-69.2849444132765,-10.6462900481805));
#1898=CARTESIAN_POINT('',(-50.,-23.2731960578734,-10.6462900481805));
#1899=CARTESIAN_POINT('Origin',(-50.,-71.2731960578734,-10.6462900481805));
#1900=CARTESIAN_POINT('Origin',(-50.,-46.279070235575,-10.6462900481805));
#1901=CARTESIAN_POINT('Ctrl Pts',(-50.,-54.8562291782413,-55.7515358459042));
#1902=CARTESIAN_POINT('Ctrl Pts',(-50.,-60.3324675899197,-40.7164539133296));
#1903=CARTESIAN_POINT('Ctrl Pts',(-50.,-65.8087060015981,-25.6813719807551));
#1904=CARTESIAN_POINT('Ctrl Pts',(-50.,-71.2849444132765,-10.6462900481805));
#1905=CARTESIAN_POINT('Ctrl Pts',(-50.,-54.6282157493575,-56.3779975930947));
#1906=CARTESIAN_POINT('Ctrl Pts',(-50.2767215385597,-60.1804610790772,-41.1340950781234));
#1907=CARTESIAN_POINT('Ctrl Pts',(-50.5534427697232,-65.7326990835568,-25.8901925631519));
#1908=CARTESIAN_POINT('Ctrl Pts',(-50.8301643082829,-71.2849444132765,-10.6462900481805));
#1909=CARTESIAN_POINT('Ctrl Pts',(-50.,-54.4002023204737,-57.0044593402853));
#1910=CARTESIAN_POINT('Ctrl Pts',(-50.5534425594323,-60.0146605272074,-41.551736242917));
#1911=CARTESIAN_POINT('Ctrl Pts',(-51.106884696376,-65.629111414437,-26.0990131455488));
#1912=CARTESIAN_POINT('Ctrl Pts',(-51.6603272558083,-71.2435696211707,-10.6462900481805));
#1913=CARTESIAN_POINT('Ctrl Pts',(-50.,-54.17218889159,-57.6309210874759));
#1914=CARTESIAN_POINT('Ctrl Pts',(-50.82879252992,-59.8351342407862,-41.9693774077108));
#1915=CARTESIAN_POINT('Ctrl Pts',(-51.6575850598399,-65.4980795899824,-26.3078337279457));
#1916=CARTESIAN_POINT('Ctrl Pts',(-52.4863775897599,-71.1610249391786,-10.6462900481805));
#1917=CARTESIAN_POINT('',(-52.4863775897599,-71.1610249391786,-10.6462900481805));
#1918=CARTESIAN_POINT('Origin',(-50.,-46.279070235575,-10.6462900481805));
#1919=CARTESIAN_POINT('',(-50.,-54.17218889159,-57.6309210874759));
#1920=CARTESIAN_POINT('Ctrl Pts',(-50.,-54.17218889159,-57.6309210874759));
#1921=CARTESIAN_POINT('Ctrl Pts',(-50.82879252992,-59.8351342407862,-41.9693774077108));
#1922=CARTESIAN_POINT('Ctrl Pts',(-51.6575850598399,-65.4980795899824,-26.3078337279457));
#1923=CARTESIAN_POINT('Ctrl Pts',(-52.4863775897599,-71.1610249391786,-10.6462900481805));
#1924=CARTESIAN_POINT('Ctrl Pts',(-50.,-51.4387338600219,-56.63602481928));
#1925=CARTESIAN_POINT('Ctrl Pts',(-52.0301742748895,-57.8939723932356,-41.306060183302));
#1926=CARTESIAN_POINT('Ctrl Pts',(-54.0605278435342,-64.3456172857713,-25.9762546841585));
#1927=CARTESIAN_POINT('Ctrl Pts',(-56.0907021184237,-70.8008558189851,-10.6462900481805));
#1928=CARTESIAN_POINT('Ctrl Pts',(-50.,-46.1459851503747,-54.1679275362741));
#1929=CARTESIAN_POINT('Ctrl Pts',(-54.3796296102884,-53.5937642980879,-39.6607041538368));
#1930=CARTESIAN_POINT('Ctrl Pts',(-58.7577078065617,-61.0415921934404,-25.1535134306178));
#1931=CARTESIAN_POINT('Ctrl Pts',(-63.1373374168501,-68.4893713411536,-10.6462900481805));
#1932=CARTESIAN_POINT('Ctrl Pts',(-50.,-38.9700810335878,-49.1436266927858));
#1933=CARTESIAN_POINT('Ctrl Pts',(-57.0897074475129,-46.2784542409653,-36.3112104296571));
#1934=CARTESIAN_POINT('Ctrl Pts',(-64.1823120209828,-53.5874828397235,-23.4787063113092));
#1935=CARTESIAN_POINT('Ctrl Pts',(-71.2720194684956,-60.8958560471011,-10.6462900481805));
#1936=CARTESIAN_POINT('Ctrl Pts',(-50.,-32.7760957247954,-42.9492021194795));
#1937=CARTESIAN_POINT('Ctrl Pts',(-58.4818739009434,-38.7109961297475,-32.1815366281765));
#1938=CARTESIAN_POINT('Ctrl Pts',(-66.9609989983263,-44.6460782647377,-21.4139555394835));
#1939=CARTESIAN_POINT('Ctrl Pts',(-75.4428728992696,-50.5809786696898,-10.6462900481805));
#1940=CARTESIAN_POINT('Ctrl Pts',(-50.,-27.7513493729239,-35.7736530785479));
#1941=CARTESIAN_POINT('Ctrl Pts',(-58.2972176416336,-31.6570872955265,-27.3978926361155));
#1942=CARTESIAN_POINT('Ctrl Pts',(-66.5974350008837,-35.5622108957393,-19.0220504906129));
#1943=CARTESIAN_POINT('Ctrl Pts',(-74.8946526425174,-39.4679488183419,-10.6462900481805));
#1944=CARTESIAN_POINT('Ctrl Pts',(-50.,-24.0495181715354,-27.8343087132697));
#1945=CARTESIAN_POINT('Ctrl Pts',(-56.570233740197,-25.9066259364171,-22.1049511255837));
#1946=CARTESIAN_POINT('Ctrl Pts',(-63.1382057703135,-27.7662645993443,-16.3756476358664));
#1947=CARTESIAN_POINT('Ctrl Pts',(-69.7084395105105,-29.6233723642261,-10.6462900481805));
#1948=CARTESIAN_POINT('Ctrl Pts',(-50.,-21.7820343842107,-19.3729426688385));
#1949=CARTESIAN_POINT('Ctrl Pts',(-53.621584611042,-22.1454399624452,-16.4640746425439));
#1950=CARTESIAN_POINT('Ctrl Pts',(-57.2451356316245,-22.5069351479354,-13.5551580744752));
#1951=CARTESIAN_POINT('Ctrl Pts',(-60.8667202426665,-22.8703407261699,-10.6462900481805));
#1952=CARTESIAN_POINT('Ctrl Pts',(-50.,-21.2731960578734,-13.5551721348378));
#1953=CARTESIAN_POINT('Ctrl Pts',(-51.2073681984861,-21.2721180026573,-12.5855460536477));
#1954=CARTESIAN_POINT('Ctrl Pts',(-52.4149069295334,-21.2742741130896,-11.6159161293706));
#1955=CARTESIAN_POINT('Ctrl Pts',(-53.6222751280195,-21.2731960578734,-10.6462900481805));
#1956=CARTESIAN_POINT('Ctrl Pts',(-50.,-21.2731960578734,-10.6462900481805));
#1957=CARTESIAN_POINT('Ctrl Pts',(-50.,-21.2731960578734,-10.6462900481805));
#1958=CARTESIAN_POINT('Ctrl Pts',(-50.,-21.2731960578734,-10.6462900481805));
#1959=CARTESIAN_POINT('Ctrl Pts',(-50.,-21.2731960578734,-10.6462900481805));
#1960=CARTESIAN_POINT('',(-50.,-21.2731960578734,-10.6462900481805));
#1961=CARTESIAN_POINT('Origin',(-50.,-71.2731960578734,-10.6462900481805));
#1962=CARTESIAN_POINT('Origin',(-50.,-46.279070235575,-10.6462900481805));
#1963=CARTESIAN_POINT('Origin',(-50.,-16.2731960578734,-10.6462900481805));
#1964=CARTESIAN_POINT('',(-50.,-21.2731960578734,9.35370995181946));
#1965=CARTESIAN_POINT('',(-50.,-21.2731960578734,-10.6462900481805));
#1966=CARTESIAN_POINT('',(-50.,-16.2731960578734,9.35370995181946));
#1967=CARTESIAN_POINT('',(-50.,-21.2731960578734,9.35370995181946));
#1968=CARTESIAN_POINT('',(-50.,-16.2731960578734,-10.6462900481805));
#1969=CARTESIAN_POINT('Origin',(50.,-16.2731960578734,-10.6462900481805));
#1970=CARTESIAN_POINT('',(50.,-16.2731960578734,9.35370995181946));
#1971=CARTESIAN_POINT('',(-50.,-16.2731960578734,9.35370995181946));
#1972=CARTESIAN_POINT('',(50.,-16.2731960578734,-10.6462900481805));
#1973=CARTESIAN_POINT('Origin',(50.,-21.2731960578734,-10.6462900481805));
#1974=CARTESIAN_POINT('',(50.,-21.2731960578734,9.35370995181946));
#1975=CARTESIAN_POINT('',(50.,-21.2731960578734,9.35370995181946));
#1976=CARTESIAN_POINT('',(50.,-21.2731960578734,-10.6462900481805));
#1977=CARTESIAN_POINT('Origin',(-50.,-21.2731960578734,-10.6462900481805));
#1978=CARTESIAN_POINT('',(0.,-21.2731960578734,-10.6462900481805));
#1979=CARTESIAN_POINT('',(-50.,-21.2731960578734,9.35370995181946));
#1980=CARTESIAN_POINT('Origin',(0.,-21.2731960578734,9.35370995181946));
#1981=CARTESIAN_POINT('Origin',(0.,-23.2731960578734,-10.6462900481805));
#1982=CARTESIAN_POINT('',(0.,-23.2731960578734,-10.6462900481805));
#1983=CARTESIAN_POINT('Origin',(0.,-71.2731960578734,-10.6462900481805));
#1984=CARTESIAN_POINT('Ctrl Pts',(-4.41481547780376E-15,-84.8562291782413,
-57.6309210874759));
#1985=CARTESIAN_POINT('Ctrl Pts',(-1.64837057586049,-84.7552671372593,-59.2792916633364));
#1986=CARTESIAN_POINT('Ctrl Pts',(-3.29674115172098,-84.6543050962773,-60.9276622391969));
#1987=CARTESIAN_POINT('Ctrl Pts',(-4.94511172758147,-84.5533430552953,-62.5760328150574));
#1988=CARTESIAN_POINT('Ctrl Pts',(4.14570302743118,-84.8562291782413,-61.7766241149071));
#1989=CARTESIAN_POINT('Ctrl Pts',(2.50354235693307,-84.5325966490426,-63.4187847854052));
#1990=CARTESIAN_POINT('Ctrl Pts',(0.863192159909775,-84.2095364814169,-65.0591349824285));
#1991=CARTESIAN_POINT('Ctrl Pts',(-0.778968510588335,-83.8859039522182,
-66.7012956529266));
#1992=CARTESIAN_POINT('Ctrl Pts',(13.8190100914373,-84.8562291782413,-71.4499311789133));
#1993=CARTESIAN_POINT('Ctrl Pts',(12.2493147099527,-84.0229963370357,-73.0196265603979));
#1994=CARTESIAN_POINT('Ctrl Pts',(10.6796758669974,-83.18768144495,-74.5892654033532));
#1995=CARTESIAN_POINT('Ctrl Pts',(9.10998048551273,-82.3544486037445,-76.1589607848378));
#1996=CARTESIAN_POINT('Ctrl Pts',(23.4923171554434,-84.8562291782413,-81.1232382429194));
#1997=CARTESIAN_POINT('Ctrl Pts',(22.071787693193,-83.6526060057964,-82.5437677051697));
#1998=CARTESIAN_POINT('Ctrl Pts',(20.6493966290383,-82.4530626855772,-83.9661587693245));
#1999=CARTESIAN_POINT('Ctrl Pts',(19.2288671667879,-81.2494395131324,-85.3866882315748));
#2000=CARTESIAN_POINT('Ctrl Pts',(29.0199211920183,-84.8562291782413,-86.6508422794943));
#2001=CARTESIAN_POINT('Ctrl Pts',(27.681847741749,-83.4911052542647,-87.9889157297636));
#2002=CARTESIAN_POINT('Ctrl Pts',(26.3437742914796,-82.1259813302882,-89.326989180033));
#2003=CARTESIAN_POINT('Ctrl Pts',(25.0057008412103,-80.7608574063116,-90.6650626303023));
#2004=CARTESIAN_POINT('',(-1.9151347174784E-14,-83.7749319222684,-67.4115955268206));
#2005=CARTESIAN_POINT('',(4.44089209850063E-15,-84.8562291782413,-57.6309210874759));
#2006=CARTESIAN_POINT('Ctrl Pts',(0.000914341526634388,-83.7752572089247,
-67.410681185294));
#2007=CARTESIAN_POINT('Ctrl Pts',(0.000851524183231817,-83.9383855676237,
-66.5550203022102));
#2008=CARTESIAN_POINT('Ctrl Pts',(0.000704244286083265,-84.0839804791342,
-65.6967373485392));
#2009=CARTESIAN_POINT('Ctrl Pts',(0.000553579457156506,-84.211741527726,
-64.8357574102273));
#2010=CARTESIAN_POINT('Ctrl Pts',(0.000428616584379057,-84.31770778259,
-64.1216522852184));
#2011=CARTESIAN_POINT('Ctrl Pts',(0.000302118323994473,-84.4114062191959,
-63.4056910560783));
#2012=CARTESIAN_POINT('Ctrl Pts',(0.000200689286490974,-84.4926685808845,
-62.6878506349311));
#2013=CARTESIAN_POINT('Ctrl Pts',(0.000105051189921187,-84.5692913881787,
-62.0109942513043));
#2014=CARTESIAN_POINT('Ctrl Pts',(3.4400673121008E-5,-84.6347633424688,
-61.3333058644616));
#2015=CARTESIAN_POINT('Ctrl Pts',(1.09224388311624E-6,-84.6890257022698,
-60.6547731203264));
#2016=CARTESIAN_POINT('Ctrl Pts',(-2.83238534864143E-5,-84.7369471112324,
-60.05553185538));
#2017=CARTESIAN_POINT('Ctrl Pts',(-2.840752923169E-5,-84.7761259766041,
-59.4556318336898));
#2018=CARTESIAN_POINT('Ctrl Pts',(-1.8155459040381E-5,-84.8065125424664,
-58.8550920522287));
#2019=CARTESIAN_POINT('Ctrl Pts',(-1.11942829964366E-5,-84.827145081104,
-58.4473243465718));
#2020=CARTESIAN_POINT('Ctrl Pts',(-6.15649436962986E-15,-84.8437238125368,
-58.0392622158266));
#2021=CARTESIAN_POINT('Ctrl Pts',(-4.41481547780376E-15,-84.8562291782413,
-57.6309210874759));
#2022=CARTESIAN_POINT('',(25.0000081327607,-80.7613389164389,-90.6598611222765));
#2023=CARTESIAN_POINT('Ctrl Pts',(0.000914341526680879,-83.7752572089247,
-67.410681185294));
#2024=CARTESIAN_POINT('Ctrl Pts',(2.56046450598,-83.3818629338902,-69.8823122625881));
#2025=CARTESIAN_POINT('Ctrl Pts',(10.8133169828882,-82.1685102446401,-77.7122176950854));
#2026=CARTESIAN_POINT('Ctrl Pts',(19.2250684966892,-81.2498543538266,-85.38322409069));
#2027=CARTESIAN_POINT('Ctrl Pts',(25.0000081310033,-80.7613389196761,-90.6598611240339));
#2028=CARTESIAN_POINT('',(25.0166779298951,-80.7720564076641,-90.6540855416175));
#2029=CARTESIAN_POINT('Ctrl Pts',(25.0000081214087,-80.7613389037253,-90.6598611274272));
#2030=CARTESIAN_POINT('Ctrl Pts',(25.0027854882216,-80.7631321810409,-90.6589075039248));
#2031=CARTESIAN_POINT('Ctrl Pts',(25.005564362568,-80.7649185350587,-90.6579448855588));
#2032=CARTESIAN_POINT('Ctrl Pts',(25.0083431843182,-80.766703080892,-90.6569800346963));
#2033=CARTESIAN_POINT('Ctrl Pts',(25.0111220060683,-80.7684876267253,-90.6560151838337));
#2034=CARTESIAN_POINT('Ctrl Pts',(25.0139007752221,-80.7702703643744,-90.6550481004747));
#2035=CARTESIAN_POINT('Ctrl Pts',(25.0166779306522,-80.7720564080914,-90.6540855422514));
#2036=CARTESIAN_POINT('',(25.,-84.8562291782413,-82.630921087476));
#2037=CARTESIAN_POINT('Ctrl Pts',(25.,-84.8562291782413,-82.630921087476));
#2038=CARTESIAN_POINT('Ctrl Pts',(25.0000269251645,-84.5380347050301,-83.3491313076512));
#2039=CARTESIAN_POINT('Ctrl Pts',(25.0003497592157,-84.2092984193848,-84.0626197827807));
#2040=CARTESIAN_POINT('Ctrl Pts',(25.0010468755567,-83.8704750060036,-84.7712844361291));
#2041=CARTESIAN_POINT('Ctrl Pts',(25.0016797186486,-83.5628906848189,-85.4146111005195));
#2042=CARTESIAN_POINT('Ctrl Pts',(25.002621451974,-83.2469914824675,-86.0539619952745));
#2043=CARTESIAN_POINT('Ctrl Pts',(25.0039044763173,-82.9231229527454,-86.6892869866287));
#2044=CARTESIAN_POINT('Ctrl Pts',(25.0050318372095,-82.6385479043353,-87.2475309145767));
#2045=CARTESIAN_POINT('Ctrl Pts',(25.0064230716248,-82.3478252536528,-87.8026543626174));
#2046=CARTESIAN_POINT('Ctrl Pts',(25.0080913282971,-82.0512310592607,-88.354627225145));
#2047=CARTESIAN_POINT('Ctrl Pts',(25.009604824968,-81.7821511668751,-88.8553949450027));
#2048=CARTESIAN_POINT('Ctrl Pts',(25.0113463264404,-81.5082381195138,-89.3535695140261));
#2049=CARTESIAN_POINT('Ctrl Pts',(25.0133040340968,-81.2297280538466,-89.8491500688551));
#2050=CARTESIAN_POINT('Ctrl Pts',(25.0143669702717,-81.0785111840057,-90.1182252280445));
#2051=CARTESIAN_POINT('Ctrl Pts',(25.0154932565849,-80.9259397139177,-90.3865360734694));
#2052=CARTESIAN_POINT('Ctrl Pts',(25.0166779298951,-80.7720564076641,-90.6540855416175));
#2053=CARTESIAN_POINT('',(0.,-84.8562291782413,-57.6309210874759));
#2054=CARTESIAN_POINT('Ctrl Pts',(-1.83989212754199E-10,-55.1721888915987,
-62.8337518263202));
#2055=CARTESIAN_POINT('Ctrl Pts',(-0.644475901291879,-57.9536917157594,
-63.003882503849));
#2056=CARTESIAN_POINT('Ctrl Pts',(-1.57195901480469,-62.1357319160511,-63.1220861317703));
#2057=CARTESIAN_POINT('Ctrl Pts',(-2.84820579369212,-69.1198827494252,-63.1194829154193));
#2058=CARTESIAN_POINT('Ctrl Pts',(-3.83982196747278,-76.1112439168576,-63.0127631108008));
#2059=CARTESIAN_POINT('Ctrl Pts',(-4.37564329548239,-81.7032336995208,-62.9393556382716));
#2060=CARTESIAN_POINT('Ctrl Pts',(-4.60032138729513,-84.4981519519611,-62.9171340474655));
#2061=CARTESIAN_POINT('Ctrl Pts',(1.61129144961915,-54.813547918631,-62.8869723058131));
#2062=CARTESIAN_POINT('Ctrl Pts',(0.903858491434734,-57.5985850851345,-63.2023108553717));
#2063=CARTESIAN_POINT('Ctrl Pts',(-0.0451063578217709,-61.793264749393,
-63.5209685678473));
#2064=CARTESIAN_POINT('Ctrl Pts',(-1.27359637435386,-68.8030128049823,-63.8877024937739));
#2065=CARTESIAN_POINT('Ctrl Pts',(-2.20045749114279,-75.8201256517861,-64.181564298259));
#2066=CARTESIAN_POINT('Ctrl Pts',(-2.72201379929606,-81.4301763648379,-64.4241520730046));
#2067=CARTESIAN_POINT('Ctrl Pts',(-2.94694048036682,-84.2337223090441,-64.5513603690242));
#2068=CARTESIAN_POINT('Ctrl Pts',(6.49059104920966,-53.5562330478511,-62.9761334952967));
#2069=CARTESIAN_POINT('Ctrl Pts',(5.66577900687771,-56.4423283538916,-63.813772427956));
#2070=CARTESIAN_POINT('Ctrl Pts',(4.69046127818052,-60.7831507588304,-64.8140870423232));
#2071=CARTESIAN_POINT('Ctrl Pts',(3.5637611031936,-67.9432341486181,-66.3015248485034));
#2072=CARTESIAN_POINT('Ctrl Pts',(2.76263225796239,-75.0318514925539,-67.7082925582266));
#2073=CARTESIAN_POINT('Ctrl Pts',(2.27189328888823,-80.6446361731387,-68.842721463529));
#2074=CARTESIAN_POINT('Ctrl Pts',(2.04495263998193,-83.444731138452,-69.4222889341367));
#2075=CARTESIAN_POINT('Ctrl Pts',(13.1761931925635,-52.1278258916824,-62.6545302910035));
#2076=CARTESIAN_POINT('Ctrl Pts',(12.497594681111,-55.1062558881676,-64.4380273647017));
#2077=CARTESIAN_POINT('Ctrl Pts',(11.5664404219585,-59.6038108570095,-66.6681575145421));
#2078=CARTESIAN_POINT('Ctrl Pts',(10.3845764006647,-66.9661635048226,-69.7433254138577));
#2079=CARTESIAN_POINT('Ctrl Pts',(9.51718226342599,-74.1465509516994,-72.4437375249728));
#2080=CARTESIAN_POINT('Ctrl Pts',(9.03067817667015,-79.7139871352267,-74.6226709741844));
#2081=CARTESIAN_POINT('Ctrl Pts',(8.81808765836674,-82.4765719963466,-75.7995828297002));
#2082=CARTESIAN_POINT('Ctrl Pts',(19.9322423029459,-51.495747026001,-62.4002146699022));
#2083=CARTESIAN_POINT('Ctrl Pts',(19.5515374188898,-54.3753837945434,-64.7587287590406));
#2084=CARTESIAN_POINT('Ctrl Pts',(18.827086266736,-58.7080885881915,-67.9739359824219));
#2085=CARTESIAN_POINT('Ctrl Pts',(17.5610107975568,-65.9629258480657,-72.6856318170193));
#2086=CARTESIAN_POINT('Ctrl Pts',(16.440977195238,-73.1961096506013,-76.9272956331893));
#2087=CARTESIAN_POINT('Ctrl Pts',(15.8728049383185,-78.8632468336485,-80.3108009957862));
#2088=CARTESIAN_POINT('Ctrl Pts',(15.6567837470938,-81.661356950663,-82.1113156549214));
#2089=CARTESIAN_POINT('Ctrl Pts',(23.3289835567801,-51.3667006642302,-62.3273743672635));
#2090=CARTESIAN_POINT('Ctrl Pts',(23.1312859838948,-54.1697236648001,-64.781917296675));
#2091=CARTESIAN_POINT('Ctrl Pts',(22.5506404091781,-58.3677927850699,-68.3251691869441));
#2092=CARTESIAN_POINT('Ctrl Pts',(21.2638073078785,-65.4719071311082,-73.8482594925411));
#2093=CARTESIAN_POINT('Ctrl Pts',(19.9719280673565,-72.6993822672579,-79.0236139098554));
#2094=CARTESIAN_POINT('Ctrl Pts',(19.3218816405419,-78.4634439941918,-83.1258588835403));
#2095=CARTESIAN_POINT('Ctrl Pts',(19.0883037625614,-81.3053669500028,-85.2550100964278));
#2096=CARTESIAN_POINT('Ctrl Pts',(25.1716789152101,-51.3562869913044,-62.3048141111773));
#2097=CARTESIAN_POINT('Ctrl Pts',(25.0813562847616,-54.0996083565505,-64.7379547522247));
#2098=CARTESIAN_POINT('Ctrl Pts',(24.5757677756408,-58.2135091892966,-68.4022133108923));
#2099=CARTESIAN_POINT('Ctrl Pts',(23.2834468226705,-65.2194226975932,-74.3605814907397));
#2100=CARTESIAN_POINT('Ctrl Pts',(21.8992316546187,-72.4312956413262,-80.1040942428035));
#2101=CARTESIAN_POINT('Ctrl Pts',(21.1933468428173,-78.2546272283705,-84.6412417633167));
#2102=CARTESIAN_POINT('Ctrl Pts',(20.9450559771939,-81.1267622559861,-86.9534967158678));
#2103=CARTESIAN_POINT('Ctrl Pts',(25.436624262361,-51.3545502374289,-62.301474175067));
#2104=CARTESIAN_POINT('Ctrl Pts',(25.3418026451923,-54.088851157927,-64.7315507577476));
#2105=CARTESIAN_POINT('Ctrl Pts',(24.8353782295549,-58.192858462866,-68.411167915687));
#2106=CARTESIAN_POINT('Ctrl Pts',(23.5538138314979,-65.1887783097321,-74.4299310117922));
#2107=CARTESIAN_POINT('Ctrl Pts',(22.182113053339,-72.3955684776803,-80.2620067778952));
#2108=CARTESIAN_POINT('Ctrl Pts',(21.475048569121,-78.2232118050997,-84.8696329043372));
#2109=CARTESIAN_POINT('Ctrl Pts',(21.2246161462085,-81.1000336428321,-87.2091997580239));
#2110=CARTESIAN_POINT('Ctrl Pts',(25.9734634794081,-51.3512156801506,-62.2947690053072));
#2111=CARTESIAN_POINT('Ctrl Pts',(25.8811558846863,-54.0676508738083,-64.7186541557084));
#2112=CARTESIAN_POINT('Ctrl Pts',(25.3797929838941,-58.1510354869231,-68.4307528496586));
#2113=CARTESIAN_POINT('Ctrl Pts',(24.1131782329754,-65.1252259820019,-74.5732634151958));
#2114=CARTESIAN_POINT('Ctrl Pts',(22.7518619644024,-72.3234034696993,-80.5805069976059));
#2115=CARTESIAN_POINT('Ctrl Pts',(22.038571124058,-78.1614391385503,-85.3261881927669));
#2116=CARTESIAN_POINT('Ctrl Pts',(21.7837942321421,-81.0472441078284,-87.7205480944318));
#2117=CARTESIAN_POINT('Ctrl Pts',(27.176868103233,-51.3437481198815,-62.2797223153115));
#2118=CARTESIAN_POINT('Ctrl Pts',(27.0827577674712,-54.0204625134935,-64.6898091973327));
#2119=CARTESIAN_POINT('Ctrl Pts',(26.5884214918112,-58.0604534154546,-68.474478435453));
#2120=CARTESIAN_POINT('Ctrl Pts',(25.3592364486108,-64.9900593454429,-74.8939159975893));
#2121=CARTESIAN_POINT('Ctrl Pts',(24.0309216736162,-72.1679940676816,-81.2955789689128));
#2122=CARTESIAN_POINT('Ctrl Pts',(23.3066535530152,-78.0255201849664,-86.3533476716495));
#2123=CARTESIAN_POINT('Ctrl Pts',(23.0421140969002,-80.9306929231734,-88.8709126799422));
#2124=CARTESIAN_POINT('Ctrl Pts',(28.2485517900352,-51.3375874640605,-62.2663796335448));
#2125=CARTESIAN_POINT('Ctrl Pts',(28.1563229027701,-53.9800114530928,-64.6643648600817));
#2126=CARTESIAN_POINT('Ctrl Pts',(27.6699118299913,-57.985690425562,-68.5153689219024));
#2127=CARTESIAN_POINT('Ctrl Pts',(26.4711884651148,-64.8808341464258,-75.1828314649872));
#2128=CARTESIAN_POINT('Ctrl Pts',(25.1680768757915,-72.0416718300227,-81.9327800729893));
#2129=CARTESIAN_POINT('Ctrl Pts',(24.4342549482802,-77.9120568830036,-87.2658878959234));
#2130=CARTESIAN_POINT('Ctrl Pts',(24.1609122504216,-80.8323190579733,-89.8931673711043));
#2131=CARTESIAN_POINT('Ctrl Pts',(29.0517063583259,-51.3329979923036,-62.2564087107489));
#2132=CARTESIAN_POINT('Ctrl Pts',(28.9597198616356,-53.9504489400452,-64.6454396112854));
#2133=CARTESIAN_POINT('Ctrl Pts',(28.4787634286589,-57.9329166940066,-68.5469236775664));
#2134=CARTESIAN_POINT('Ctrl Pts',(27.3027527246323,-64.8051783966881,-75.4010251921993));
#2135=CARTESIAN_POINT('Ctrl Pts',(26.0197219994894,-71.9534386146973,-82.4114002380625));
#2136=CARTESIAN_POINT('Ctrl Pts',(25.2797794399573,-77.8309058941065,-87.9504922069825));
#2137=CARTESIAN_POINT('Ctrl Pts',(25.0000081327607,-80.7613389164399,-90.6598611222775));
#2138=CARTESIAN_POINT('Ctrl Pts',(7.37178246664394E-14,-55.17218889159,
-62.8337518263287));
#2139=CARTESIAN_POINT('Ctrl Pts',(1.50075388890015E-13,-57.5301128141772,
-63.0048429822838));
#2140=CARTESIAN_POINT('Ctrl Pts',(-9.41096868437476E-15,-59.7936391139715,
-63.2392425148636));
#2141=CARTESIAN_POINT('Ctrl Pts',(-1.68274695243452E-14,-64.5283442666967,
-63.8453433879985));
#2142=CARTESIAN_POINT('Ctrl Pts',(-2.01322215472693E-14,-66.9941380245862,
-64.2217303168165));
#2143=CARTESIAN_POINT('Ctrl Pts',(-3.11779512021367E-14,-74.0199138424528,
-65.3955210353858));
#2144=CARTESIAN_POINT('Ctrl Pts',(-1.02645043587614E-14,-79.0844229163723,
-66.3744820744418));
#2145=CARTESIAN_POINT('Ctrl Pts',(-1.06969618177061E-14,-83.7749319222684,
-67.4115955268207));
#2146=CARTESIAN_POINT('',(25.0566393220018,-54.9706855876582,-65.5145368590287));
#2147=CARTESIAN_POINT('Ctrl Pts',(22.2224324790861,-55.17218889159,-65.5145368589866));
#2148=CARTESIAN_POINT('Ctrl Pts',(22.7943730694817,-55.1145922887669,-65.5145368589866));
#2149=CARTESIAN_POINT('Ctrl Pts',(23.3662967465703,-55.0676419810085,-65.5145368589751));
#2150=CARTESIAN_POINT('Ctrl Pts',(24.3090824717581,-55.0067848857732,-65.5145368589751));
#2151=CARTESIAN_POINT('Ctrl Pts',(24.6828349036698,-54.9882089872918,-65.5145368589866));
#2152=CARTESIAN_POINT('Ctrl Pts',(25.0566393219974,-54.9706855875639,-65.5145368589866));
#2153=CARTESIAN_POINT('Ctrl Pts',(25.0566393220018,-54.9706855876582,-65.5145368590708));
#2154=CARTESIAN_POINT('Ctrl Pts',(25.0536551210642,-56.8194065320996,-67.1622162971545));
#2155=CARTESIAN_POINT('Ctrl Pts',(25.0500019322471,-58.738224223024,-68.8898861793015));
#2156=CARTESIAN_POINT('Ctrl Pts',(25.0382112101868,-64.2535660102883,-73.972174501843));
#2157=CARTESIAN_POINT('Ctrl Pts',(25.0296269606451,-67.4721573940539,-77.1060288700146));
#2158=CARTESIAN_POINT('Ctrl Pts',(25.0148272930886,-73.5146617319884,-83.2096767555351));
#2159=CARTESIAN_POINT('Ctrl Pts',(25.0091759512328,-75.9739276335941,-85.7521393845512));
#2160=CARTESIAN_POINT('Ctrl Pts',(25.0025810665803,-79.317498294314,-89.1860519157165));
#2161=CARTESIAN_POINT('Ctrl Pts',(25.0011650768163,-80.0972097496954,-89.9835839840264));
#2162=CARTESIAN_POINT('Ctrl Pts',(25.0000081327607,-80.7613389164399,-90.6598611222775));
#2163=CARTESIAN_POINT('Origin',(-58.4953500391256,-54.17218889159,-65.5145368589866));
#2164=CARTESIAN_POINT('Ctrl Pts',(25.0566393220086,-54.9706855875642,-65.5145368589866));
#2165=CARTESIAN_POINT('Ctrl Pts',(25.3486749331185,-54.9915068295126,-65.5145368589866));
#2166=CARTESIAN_POINT('Ctrl Pts',(25.6034502139178,-55.0101921766711,-65.5145368592728));
#2167=CARTESIAN_POINT('Ctrl Pts',(26.2996433087943,-55.0666389665974,-65.5145368592728));
#2168=CARTESIAN_POINT('Ctrl Pts',(26.8050510897986,-55.1153711287586,-65.5145368589866));
#2169=CARTESIAN_POINT('Ctrl Pts',(27.3103845340698,-55.1721888915899,-65.5145368589866));
#2170=CARTESIAN_POINT('Ctrl Pts',(21.0520355849093,-50.5431522064664,-61.6382935433758));
#2171=CARTESIAN_POINT('Ctrl Pts',(21.1007176683202,-53.2292030133475,-64.0517555469128));
#2172=CARTESIAN_POINT('Ctrl Pts',(21.5458328415505,-57.3219000879578,-68.0144403461637));
#2173=CARTESIAN_POINT('Ctrl Pts',(22.6969994052217,-64.381064095083,-75.0159956952566));
#2174=CARTESIAN_POINT('Ctrl Pts',(23.9794379872003,-71.723405356749,-82.2022422146508));
#2175=CARTESIAN_POINT('Ctrl Pts',(24.7215822922106,-77.7609852393692,-87.8885051465832));
#2176=CARTESIAN_POINT('Ctrl Pts',(25.0008822043289,-80.770754932454,-90.6685586706463));
#2177=CARTESIAN_POINT('Ctrl Pts',(22.3913413084519,-50.5735605440797,-61.6475107734462));
#2178=CARTESIAN_POINT('Ctrl Pts',(22.4388614087161,-53.3021683946283,-64.0879172095088));
#2179=CARTESIAN_POINT('Ctrl Pts',(22.89049607201,-57.431736917749,-67.9760301264954));
#2180=CARTESIAN_POINT('Ctrl Pts',(24.0787133760125,-64.5222541020685,-74.6693490180485));
#2181=CARTESIAN_POINT('Ctrl Pts',(25.3968106275327,-71.8773314897068,-81.4139478855717));
#2182=CARTESIAN_POINT('Ctrl Pts',(26.1300994665043,-77.8965978522841,-86.7475450149555));
#2183=CARTESIAN_POINT('Ctrl Pts',(26.3988683528382,-80.8859116476322,-89.3876263595418));
#2184=CARTESIAN_POINT('Ctrl Pts',(23.7306961168874,-50.6040657165396,-61.6567571448494));
#2185=CARTESIAN_POINT('Ctrl Pts',(23.7779851308191,-53.3766912772278,-64.1241130912929));
#2186=CARTESIAN_POINT('Ctrl Pts',(24.2353845974117,-57.5495202624629,-67.9402716228055));
#2187=CARTESIAN_POINT('Ctrl Pts',(25.4626831093166,-64.6793157443352,-74.3281978065147));
#2188=CARTESIAN_POINT('Ctrl Pts',(26.8168706972145,-72.0485821049144,-80.6287740290716));
#2189=CARTESIAN_POINT('Ctrl Pts',(27.5394246998113,-78.0433508445341,-85.6074463519615));
#2190=CARTESIAN_POINT('Ctrl Pts',(27.7970592976894,-81.008833190765,-88.1068988447793));
#2191=CARTESIAN_POINT('Ctrl Pts',(25.1746851074421,-50.6371212241346,-61.6667682884673));
#2192=CARTESIAN_POINT('Ctrl Pts',(25.2227316981016,-53.4580899398225,-64.1635670856628));
#2193=CARTESIAN_POINT('Ctrl Pts',(25.6879020698206,-57.6862453871281,-67.9039344091298));
#2194=CARTESIAN_POINT('Ctrl Pts',(26.9578716379615,-64.8705032003378,-73.9640051859628));
#2195=CARTESIAN_POINT('Ctrl Pts',(28.3490025904059,-72.256131407985,-79.7830393078456));
#2196=CARTESIAN_POINT('Ctrl Pts',(29.0573135318295,-78.2141960673008,-84.3775932934019));
#2197=CARTESIAN_POINT('Ctrl Pts',(29.303406509186,-81.1504320112388,-86.7259942633288));
#2198=CARTESIAN_POINT('Ctrl Pts',(25.3882465960581,-50.6423774575749,-61.6684475730068));
#2199=CARTESIAN_POINT('Ctrl Pts',(25.4545022293438,-53.4701258341416,-64.1689406455197));
#2200=CARTESIAN_POINT('Ctrl Pts',(25.9322240320949,-57.7079761844048,-67.8958692333944));
#2201=CARTESIAN_POINT('Ctrl Pts',(27.2004830677763,-64.9036727066063,-73.9043925000469));
#2202=CARTESIAN_POINT('Ctrl Pts',(28.5759399438838,-72.2895305228117,-79.6567107754135));
#2203=CARTESIAN_POINT('Ctrl Pts',(29.2763534969594,-78.2386929677443,-84.200286835241));
#2204=CARTESIAN_POINT('Ctrl Pts',(29.5207841519561,-81.1709682878961,-86.5267052394323));
#2205=CARTESIAN_POINT('Ctrl Pts',(25.8122157098137,-50.6546477149093,-61.6729048924116));
#2206=CARTESIAN_POINT('Ctrl Pts',(25.9040446419841,-53.4953913494777,-64.1784112576111));
#2207=CARTESIAN_POINT('Ctrl Pts',(26.4003773150706,-57.7512647693341,-67.877752634322));
#2208=CARTESIAN_POINT('Ctrl Pts',(27.6696101606733,-64.9672209851978,-73.7853378351452));
#2209=CARTESIAN_POINT('Ctrl Pts',(29.0258542525428,-72.3543763479012,-79.404716798267));
#2210=CARTESIAN_POINT('Ctrl Pts',(29.7142165392368,-78.2880158445276,-83.8453558651021));
#2211=CARTESIAN_POINT('Ctrl Pts',(29.955509393627,-81.2124515968624,-86.1280971477698));
#2212=CARTESIAN_POINT('Ctrl Pts',(26.3431185831978,-50.6732883933899,-61.6804506361514));
#2213=CARTESIAN_POINT('Ctrl Pts',(26.4705210775667,-53.5292389824691,-64.1879080319101));
#2214=CARTESIAN_POINT('Ctrl Pts',(26.9928242687306,-57.8074119447896,-67.8488431971938));
#2215=CARTESIAN_POINT('Ctrl Pts',(28.2612202467216,-65.0485917939842,-73.628817918302));
#2216=CARTESIAN_POINT('Ctrl Pts',(29.5886428174229,-72.4362441795553,-79.0859201156059));
#2217=CARTESIAN_POINT('Ctrl Pts',(30.2612060933285,-78.3500422675871,-83.401392629528));
#2218=CARTESIAN_POINT('Ctrl Pts',(30.498852706833,-81.2650790356571,-85.6297737943091));
#2219=CARTESIAN_POINT('Ctrl Pts',(26.9790455414145,-50.7008248501362,-61.6925924212417));
#2220=CARTESIAN_POINT('Ctrl Pts',(27.1455221440928,-53.5735262165423,-64.1957937041776));
#2221=CARTESIAN_POINT('Ctrl Pts',(27.6973234209178,-57.8771446523016,-67.8055383743352));
#2222=CARTESIAN_POINT('Ctrl Pts',(28.9653889186476,-65.1463712957101,-73.4322219478235));
#2223=CARTESIAN_POINT('Ctrl Pts',(30.2615302819906,-72.5339065911473,-78.6994267815264));
#2224=CARTESIAN_POINT('Ctrl Pts',(30.9169982880807,-78.4251384924358,-82.868019113703));
#2225=CARTESIAN_POINT('Ctrl Pts',(31.1507434818441,-81.329482268629,-85.0316645693202));
#2226=CARTESIAN_POINT('Ctrl Pts',(28.2505651003685,-50.7661601604401,-61.7228326906716));
#2227=CARTESIAN_POINT('Ctrl Pts',(28.4948407848889,-53.6695917860063,-64.2049162101182));
#2228=CARTESIAN_POINT('Ctrl Pts',(29.1062355638621,-58.0220233640578,-67.7016639567138));
#2229=CARTESIAN_POINT('Ctrl Pts',(30.3720103767256,-65.3440290017922,-73.019927001886));
#2230=CARTESIAN_POINT('Ctrl Pts',(31.6045994330431,-72.729192379373,-77.9174324113643));
#2231=CARTESIAN_POINT('Ctrl Pts',(32.2273993025146,-78.5765746828904,-81.8001248075291));
#2232=CARTESIAN_POINT('Ctrl Pts',(32.4542381685818,-81.4608077390946,-83.8351592560579));
#2233=CARTESIAN_POINT('Ctrl Pts',(29.7316362628474,-50.8718594889415,-61.7750581462064));
#2234=CARTESIAN_POINT('Ctrl Pts',(30.0606159826268,-53.8040719029263,-64.1970331011151));
#2235=CARTESIAN_POINT('Ctrl Pts',(30.7388069715058,-58.2066163756694,-67.532701642269));
#2236=CARTESIAN_POINT('Ctrl Pts',(31.9994471973787,-65.5784911249991,-72.487055661288));
#2237=CARTESIAN_POINT('Ctrl Pts',(33.1618407789385,-72.955136320543,-76.9809784888553));
#2238=CARTESIAN_POINT('Ctrl Pts',(33.7529014408269,-78.7576638298613,-80.5503784950659));
#2239=CARTESIAN_POINT('Ctrl Pts',(33.9740240105001,-81.6214395068178,-82.4382784313095));
#2240=CARTESIAN_POINT('Ctrl Pts',(31.4213769829054,-51.0341672590827,-61.8549525851728));
#2241=CARTESIAN_POINT('Ctrl Pts',(31.8395152903298,-53.9910539093614,-64.1684371202321));
#2242=CARTESIAN_POINT('Ctrl Pts',(32.5868490583176,-58.4389080496872,-67.2853649106756));
#2243=CARTESIAN_POINT('Ctrl Pts',(33.8378309712242,-65.8487252310431,-71.8196813306912));
#2244=CARTESIAN_POINT('Ctrl Pts',(34.9286589735818,-73.2094885232116,-75.8828698983208));
#2245=CARTESIAN_POINT('Ctrl Pts',(35.4912008165979,-78.9692826201167,-79.1172886539383));
#2246=CARTESIAN_POINT('Ctrl Pts',(35.7088326389849,-81.8153939335625,-80.8397537264609));
#2247=CARTESIAN_POINT('Ctrl Pts',(33.1091881385954,-51.22519504774,-61.9473510371486));
#2248=CARTESIAN_POINT('Ctrl Pts',(33.6113570946853,-54.2013916543473,-64.1278767088117));
#2249=CARTESIAN_POINT('Ctrl Pts',(34.4219933876039,-58.6854245648603,-67.0053997827477));
#2250=CARTESIAN_POINT('Ctrl Pts',(35.6615003354463,-66.1199095696308,-71.117731818779));
#2251=CARTESIAN_POINT('Ctrl Pts',(36.6871942404353,-73.4610605533127,-74.7681499091998));
#2252=CARTESIAN_POINT('Ctrl Pts',(37.2261633774608,-79.184512648878,-77.6806701917221));
#2253=CARTESIAN_POINT('Ctrl Pts',(37.4419635862104,-82.0162858302053,-79.2395513403531));
#2254=CARTESIAN_POINT('Ctrl Pts',(36.0577437714457,-51.636519837333,-62.1366423938632));
#2255=CARTESIAN_POINT('Ctrl Pts',(36.6924583154964,-54.6319317887189,-64.0281298615544));
#2256=CARTESIAN_POINT('Ctrl Pts',(37.5981605784347,-59.153824805224,-66.4390977231801));
#2257=CARTESIAN_POINT('Ctrl Pts',(38.8141706820208,-66.5963674321098,-69.809710937823));
#2258=CARTESIAN_POINT('Ctrl Pts',(39.7438538937659,-73.8945033291645,-72.7786577371556));
#2259=CARTESIAN_POINT('Ctrl Pts',(40.2534673216438,-79.5712383317093,-75.1565829525977));
#2260=CARTESIAN_POINT('Ctrl Pts',(40.4697658201177,-82.385941963371,-76.434020240927));
#2261=CARTESIAN_POINT('Ctrl Pts',(40.2534866213094,-52.464412346176,-62.4643376813539));
#2262=CARTESIAN_POINT('Ctrl Pts',(41.0300677481095,-55.4393918624413,-63.8151562216035));
#2263=CARTESIAN_POINT('Ctrl Pts',(42.0162623818558,-59.9240706315101,-65.4658543261932));
#2264=CARTESIAN_POINT('Ctrl Pts',(43.2029308211185,-67.2793439565724,-67.7812386711628));
#2265=CARTESIAN_POINT('Ctrl Pts',(44.0555681949858,-74.4992034868811,-69.8547430074447));
#2266=CARTESIAN_POINT('Ctrl Pts',(44.5522183515925,-80.1526468494015,-71.5225854134616));
#2267=CARTESIAN_POINT('Ctrl Pts',(44.7757902297627,-82.9650205868536,-72.4067113172387));
#2268=CARTESIAN_POINT('Ctrl Pts',(45.2467102111434,-53.8193877301969,-62.7698372968528));
#2269=CARTESIAN_POINT('Ctrl Pts',(46.0621931616268,-56.6759373393875,-63.4387847575792));
#2270=CARTESIAN_POINT('Ctrl Pts',(47.0739754746073,-60.9842682469742,-64.2051023699372));
#2271=CARTESIAN_POINT('Ctrl Pts',(48.283060671761,-68.1375056416162,-65.2941131764321));
#2272=CARTESIAN_POINT('Ctrl Pts',(49.1540852240234,-75.2525832378087,-66.3002146848795));
#2273=CARTESIAN_POINT('Ctrl Pts',(49.6660537355318,-80.9070818617759,-67.1124159787998));
#2274=CARTESIAN_POINT('Ctrl Pts',(49.8962973321884,-83.730306230963,-67.5272184196644));
#2275=CARTESIAN_POINT('Ctrl Pts',(48.5411705586702,-54.7638533861179,-62.7996822373762));
#2276=CARTESIAN_POINT('Ctrl Pts',(49.2642893778605,-57.5536090714122,-63.1065422491037));
#2277=CARTESIAN_POINT('Ctrl Pts',(50.2502896956139,-61.7563843108021,-63.4049748387638));
#2278=CARTESIAN_POINT('Ctrl Pts',(51.5352054005565,-68.7853053777755,-63.7157192777724));
#2279=CARTESIAN_POINT('Ctrl Pts',(52.5031385804136,-75.8263268043918,-63.9432449904626));
#2280=CARTESIAN_POINT('Ctrl Pts',(53.0399807168768,-81.4580132454098,-64.1328896919096));
#2281=CARTESIAN_POINT('Ctrl Pts',(53.269650804268,-84.2725066490672,-64.2339052250772));
#2282=CARTESIAN_POINT('Ctrl Pts',(50.1812440545362,-55.17218889159,-62.7827005840013));
#2283=CARTESIAN_POINT('Ctrl Pts',(50.8286876392228,-57.9586203904234,-62.9404577486493));
#2284=CARTESIAN_POINT('Ctrl Pts',(51.7837093285162,-62.1470939508689,-63.0362020168525));
#2285=CARTESIAN_POINT('Ctrl Pts',(53.119499548545,-69.1422397995658,-62.966606476764));
#2286=CARTESIAN_POINT('Ctrl Pts',(54.1615320157365,-76.1451401548406,-62.7732283336242));
#2287=CARTESIAN_POINT('Ctrl Pts',(54.7150885253464,-81.7467267748247,-62.6302370566951));
#2288=CARTESIAN_POINT('Ctrl Pts',(54.9448982293322,-84.5464502197986,-62.5758193168082));
#2289=CARTESIAN_POINT('',(54.9448982293322,-84.5464502197986,-62.5758193168082));
#2290=CARTESIAN_POINT('Ctrl Pts',(50.1812440545363,-55.1721888915906,-62.7827005840014));
#2291=CARTESIAN_POINT('Ctrl Pts',(50.8286876392229,-57.9586203904238,-62.9404577486493));
#2292=CARTESIAN_POINT('Ctrl Pts',(51.4653687654184,-60.7509360973873,-63.0042872607848));
#2293=CARTESIAN_POINT('Ctrl Pts',(52.0338065328246,-63.5470802260275,-63.0070049541396));
#2294=CARTESIAN_POINT('Ctrl Pts',(52.3180254165277,-64.9451522903477,-63.0083638008171));
#2295=CARTESIAN_POINT('Ctrl Pts',(52.5851834605334,-66.344181460087,-62.9944446927994));
#2296=CARTESIAN_POINT('Ctrl Pts',(52.8327576543501,-67.7437275969316,-62.9722734112449));
#2297=CARTESIAN_POINT('Ctrl Pts',(53.3279060419833,-70.5428198706207,-62.927930848136));
#2298=CARTESIAN_POINT('Ctrl Pts',(53.7447190288599,-73.3439800127307,-62.8505795908801));
#2299=CARTESIAN_POINT('Ctrl Pts',(54.0915146497006,-76.1449567387817,-62.7761561430199));
#2300=CARTESIAN_POINT('Ctrl Pts',(54.4383102705414,-78.9459334648326,-62.7017326951597));
#2301=CARTESIAN_POINT('Ctrl Pts',(54.7150885253464,-81.7467267748247,-62.6302370566951));
#2302=CARTESIAN_POINT('Ctrl Pts',(54.9448982293322,-84.5464502197986,-62.5758193168082));
#2303=CARTESIAN_POINT('Ctrl Pts',(25.016677930602,-80.7720564081139,-90.6540855423245));
#2304=CARTESIAN_POINT('Ctrl Pts',(26.4094003662815,-80.8868376871517,-89.3779791365884));
#2305=CARTESIAN_POINT('Ctrl Pts',(27.8023232889614,-81.0093280135716,-88.102073217853));
#2306=CARTESIAN_POINT('Ctrl Pts',(29.1947141060866,-81.1402147678596,-86.8256351935627));
#2307=CARTESIAN_POINT('Ctrl Pts',(29.303406509186,-81.1504320112387,-86.7259942633287));
#2308=CARTESIAN_POINT('Ctrl Pts',(29.4120953305711,-81.1607001495673,-86.6263497513805));
#2309=CARTESIAN_POINT('Ctrl Pts',(29.5207803964725,-81.1710196323525,-86.5267014839485));
#2310=CARTESIAN_POINT('Ctrl Pts',(29.6294654623739,-81.1813391151376,-86.4270532165166));
#2311=CARTESIAN_POINT('Ctrl Pts',(29.7381467727916,-81.1917099423792,-86.3274011936009));
#2312=CARTESIAN_POINT('Ctrl Pts',(29.8468238672838,-81.2021323231265,-86.2277449547598));
#2313=CARTESIAN_POINT('Ctrl Pts',(30.0641780562682,-81.2229770846212,-86.0284324770776));
#2314=CARTESIAN_POINT('Ctrl Pts',(30.2815153815506,-81.2440280601391,-85.8291031356933));
#2315=CARTESIAN_POINT('Ctrl Pts',(30.4988325066937,-81.26528742006,-85.6297535941697));
#2316=CARTESIAN_POINT('Ctrl Pts',(30.7161496318367,-81.286546779981,-85.4304040526461));
#2317=CARTESIAN_POINT('Ctrl Pts',(30.9334465568404,-81.308014524305,-85.2310343109831));
#2318=CARTESIAN_POINT('Ctrl Pts',(31.1507195765704,-81.3296921856724,-85.0316406640464));
#2319=CARTESIAN_POINT('Ctrl Pts',(31.3679925963004,-81.3513698470399,-84.8322470171098));
#2320=CARTESIAN_POINT('Ctrl Pts',(31.5852417107567,-81.3732574254508,-84.6328294648994));
#2321=CARTESIAN_POINT('Ctrl Pts',(31.802463454948,-81.3953569672574,-84.433384542424));
#2322=CARTESIAN_POINT('Ctrl Pts',(32.671350431713,-81.4837551344836,-83.6356048525224));
#2323=CARTESIAN_POINT('Ctrl Pts',(33.5397994842377,-81.5755447160397,-82.8373872383804));
#2324=CARTESIAN_POINT('Ctrl Pts',(34.4075520445742,-81.6707927188066,-82.0384731320502));
#2325=CARTESIAN_POINT('Ctrl Pts',(34.8414283247425,-81.7184167201901,-81.6390160788852));
#2326=CARTESIAN_POINT('Ctrl Pts',(35.2751304818637,-81.7669053268763,-81.239384902673));
#2327=CARTESIAN_POINT('Ctrl Pts',(35.7086229288275,-81.8162611172997,-80.8395440163035));
#2328=CARTESIAN_POINT('Ctrl Pts',(36.1421153757913,-81.8656169077232,-80.4397031299339));
#2329=CARTESIAN_POINT('Ctrl Pts',(36.5753981125977,-81.9158398818839,-80.039652533407));
#2330=CARTESIAN_POINT('Ctrl Pts',(37.0084343292261,-81.9669245376655,-79.6393554167021));
#2331=CARTESIAN_POINT('Ctrl Pts',(37.8745067624829,-82.0690938492289,-78.8387611832922));
#2332=CARTESIAN_POINT('Ctrl Pts',(38.7395931150278,-82.1747098872763,-78.0371808691705));
#2333=CARTESIAN_POINT('Ctrl Pts',(39.6033856440341,-82.2837258208733,-77.2343067315101));
#2334=CARTESIAN_POINT('Ctrl Pts',(41.3309707020467,-82.5017576880675,-75.6285584561893));
#2335=CARTESIAN_POINT('Ctrl Pts',(43.0533804659047,-82.7333891374605,-74.017634886714));
#2336=CARTESIAN_POINT('Ctrl Pts',(44.768003198238,-82.9767524695086,-72.3989242857139));
#2337=CARTESIAN_POINT('Ctrl Pts',(46.4826259305713,-83.2201158015567,-70.7802136847139));
#2338=CARTESIAN_POINT('Ctrl Pts',(48.1894616313799,-83.4752110162598,-69.1537160521891));
#2339=CARTESIAN_POINT('Ctrl Pts',(49.886217849804,-83.7383087281374,-67.51713893728));
#2340=CARTESIAN_POINT('Ctrl Pts',(51.5829740682282,-84.001406440015,-65.8805618223708));
#2341=CARTESIAN_POINT('Ctrl Pts',(53.269650804268,-84.2725066490671,-64.2339052250772));
#2342=CARTESIAN_POINT('Ctrl Pts',(54.9448982293322,-84.5464502197985,-62.5758193168082));
#2343=CARTESIAN_POINT('Ctrl Pts',(50.,-55.17218889159,-55.7713295133108));
#2344=CARTESIAN_POINT('Ctrl Pts',(50.0264997051375,-55.0263098850645,-58.0999474565396));
#2345=CARTESIAN_POINT('Ctrl Pts',(50.052999410275,-54.8804308785391,-60.4285653997684));
#2346=CARTESIAN_POINT('Ctrl Pts',(50.0794991154125,-54.7345518720136,-62.7571833429972));
#2347=CARTESIAN_POINT('Ctrl Pts',(50.,-59.4127660753973,-56.0369854524772));
#2348=CARTESIAN_POINT('Ctrl Pts',(50.3579631712362,-59.2668976013208,-58.3654352697351));
#2349=CARTESIAN_POINT('Ctrl Pts',(50.7080307898975,-59.1216980669458,-60.6832070255717));
#2350=CARTESIAN_POINT('Ctrl Pts',(51.0659939611338,-58.9758295928693,-63.0116568428295));
#2351=CARTESIAN_POINT('Ctrl Pts',(50.,-69.3074461709477,-56.6568493105323));
#2352=CARTESIAN_POINT('Ctrl Pts',(51.0990960280264,-69.1737731424281,-58.7906272964849));
#2353=CARTESIAN_POINT('Ctrl Pts',(52.2032431777345,-69.0401945836463,-60.9228972935081));
#2354=CARTESIAN_POINT('Ctrl Pts',(53.3023392057609,-68.9065215551267,-63.0566752794607));
#2355=CARTESIAN_POINT('Ctrl Pts',(50.,-79.2021262664982,-57.2767131685873));
#2356=CARTESIAN_POINT('Ctrl Pts',(51.4942931467669,-79.08945374821,-59.0752670115545));
#2357=CARTESIAN_POINT('Ctrl Pts',(52.9841099167429,-78.9759099317191,-60.8877290972301));
#2358=CARTESIAN_POINT('Ctrl Pts',(54.4784030635098,-78.8632374134309,-62.6862829401973));
#2359=CARTESIAN_POINT('Ctrl Pts',(50.,-84.8562291782413,-57.6309210874759));
#2360=CARTESIAN_POINT('Ctrl Pts',(51.6482994097774,-84.752969525427,-59.2792204972533));
#2361=CARTESIAN_POINT('Ctrl Pts',(53.2965988195548,-84.6497098726128,-60.9275199070307));
#2362=CARTESIAN_POINT('Ctrl Pts',(54.9448982293322,-84.5464502197986,-62.5758193168082));
#2363=CARTESIAN_POINT('',(50.,-84.8562291782413,-57.6309210874759));
#2364=CARTESIAN_POINT('',(50.,-54.8562291782413,-55.7515358459042));
#2365=CARTESIAN_POINT('',(50.,-84.8562291782413,-57.6309210874759));
#2366=CARTESIAN_POINT('Ctrl Pts',(25.,-54.8337709011458,-56.0346292744347));
#2367=CARTESIAN_POINT('Ctrl Pts',(25.,-64.841256993511,-64.9000598787818));
#2368=CARTESIAN_POINT('Ctrl Pts',(25.,-74.8487430858761,-73.7654904831289));
#2369=CARTESIAN_POINT('Ctrl Pts',(25.,-84.8562291782413,-82.630921087476));
#2370=CARTESIAN_POINT('Ctrl Pts',(33.3333262622728,-54.9470937579082,-56.032206853569));
#2371=CARTESIAN_POINT('Ctrl Pts',(33.3331095370632,-64.9328194043712,-64.7648801581584));
#2372=CARTESIAN_POINT('Ctrl Pts',(33.3333333333333,-74.8863450848144,-68.1806793985596));
#2373=CARTESIAN_POINT('Ctrl Pts',(33.3333333333333,-84.8562291782413,-74.2975877541426));
#2374=CARTESIAN_POINT('Ctrl Pts',(41.6666666666667,-55.0593828947753,-55.8590961003521));
#2375=CARTESIAN_POINT('Ctrl Pts',(41.6666666666667,-64.9916649892639,-59.2274822071711));
#2376=CARTESIAN_POINT('Ctrl Pts',(41.6666666666667,-74.9239470837526,-62.5958683139902));
#2377=CARTESIAN_POINT('Ctrl Pts',(41.6666666666667,-84.8562291782413,-65.9642544208093));
#2378=CARTESIAN_POINT('Ctrl Pts',(50.,-55.17218889159,-55.7713295133108));
#2379=CARTESIAN_POINT('Ctrl Pts',(50.,-65.0668689871404,-56.3911933713658));
#2380=CARTESIAN_POINT('Ctrl Pts',(50.,-74.9615490826909,-57.0110572294209));
#2381=CARTESIAN_POINT('Ctrl Pts',(50.,-84.8562291782413,-57.6309210874759));
#2382=CARTESIAN_POINT('',(25.,-54.5142090349156,-55.7515358459041));
#2383=CARTESIAN_POINT('',(50.,-84.8562291782413,-57.6309210874759));
#2384=CARTESIAN_POINT('Ctrl Pts',(4.36191254425184E-15,-54.8375856032997,
-55.7922911293706));
#2385=CARTESIAN_POINT('Ctrl Pts',(2.91299598030533E-15,-64.8438001282802,
-56.4051677820724));
#2386=CARTESIAN_POINT('Ctrl Pts',(1.44819647623849E-15,-74.8500146532608,
-57.0180444347742));
#2387=CARTESIAN_POINT('Ctrl Pts',(0.,-84.8562291782413,-57.6309210874759));
#2388=CARTESIAN_POINT('Ctrl Pts',(8.33333333333334,-54.9491200327298,-55.9730030742703));
#2389=CARTESIAN_POINT('Ctrl Pts',(8.33333333333334,-64.9181564145669,-59.3034201897833));
#2390=CARTESIAN_POINT('Ctrl Pts',(8.33333333333334,-74.8871927964041,-62.6338373052963));
#2391=CARTESIAN_POINT('Ctrl Pts',(8.33333333333333,-84.8562291782413,-65.9642544208093));
#2392=CARTESIAN_POINT('Ctrl Pts',(16.6666666666667,-55.0606544621599,-56.3266743116242));
#2393=CARTESIAN_POINT('Ctrl Pts',(16.6666666666667,-64.9925127008537,-64.86028201762));
#2394=CARTESIAN_POINT('Ctrl Pts',(16.6666666666667,-74.9243709395475,-68.2496301758184));
#2395=CARTESIAN_POINT('Ctrl Pts',(16.6666666666667,-84.8562291782413,-74.2975877541426));
#2396=CARTESIAN_POINT('Ctrl Pts',(25.,-55.17218889159,-56.3344269640697));
#2397=CARTESIAN_POINT('Ctrl Pts',(25.,-65.0668689871404,-65.0999250052051));
#2398=CARTESIAN_POINT('Ctrl Pts',(25.,-74.9615490826908,-73.8654230463406));
#2399=CARTESIAN_POINT('Ctrl Pts',(25.,-84.8562291782413,-82.630921087476));
#2400=CARTESIAN_POINT('',(4.44089209850063E-15,-54.17218889159,-55.7515358459041));
#2401=CARTESIAN_POINT('Ctrl Pts',(20.9967567378767,-84.8562291782413,-86.6341643495992));
#2402=CARTESIAN_POINT('Ctrl Pts',(22.3367304685495,-83.4948382547155,-87.974138080272));
#2403=CARTESIAN_POINT('Ctrl Pts',(23.6767041992223,-82.1334473311898,-89.3141118109448));
#2404=CARTESIAN_POINT('Ctrl Pts',(25.0166779298951,-80.7720564076641,-90.6540855416175));
#2405=CARTESIAN_POINT('Ctrl Pts',(26.5211840259002,-84.8562291782413,-81.1097370615757));
#2406=CARTESIAN_POINT('Ctrl Pts',(27.940894005062,-83.6520205450562,-82.5294470407376));
#2407=CARTESIAN_POINT('Ctrl Pts',(29.3627877912094,-82.4514550446564,-83.9513408268849));
#2408=CARTESIAN_POINT('Ctrl Pts',(30.7824977703713,-81.2472464114714,-85.3710508060468));
#2409=CARTESIAN_POINT('Ctrl Pts',(36.1889317799413,-84.8562291782413,-71.4419893075346));
#2410=CARTESIAN_POINT('Ctrl Pts',(37.7556922068189,-84.0132023618966,-73.0087497344122));
#2411=CARTESIAN_POINT('Ctrl Pts',(39.3222503315997,-83.1680562705394,-74.5753078591931));
#2412=CARTESIAN_POINT('Ctrl Pts',(40.8890107584773,-82.3250294541948,-76.1420682860707));
#2413=CARTESIAN_POINT('Ctrl Pts',(45.8566795339824,-84.8562291782413,-61.7742415534935));
#2414=CARTESIAN_POINT('Ctrl Pts',(47.4984701361461,-84.5255884330593,-63.4160321556572));
#2415=CARTESIAN_POINT('Ctrl Pts',(49.1384554620213,-84.1960693630933,-65.0560174815324));
#2416=CARTESIAN_POINT('Ctrl Pts',(50.780246064185,-83.8654286179113,-66.6978080836961));
#2417=CARTESIAN_POINT('Ctrl Pts',(50.,-84.8562291782413,-57.6309210874759));
#2418=CARTESIAN_POINT('Ctrl Pts',(51.6482994097774,-84.752969525427,-59.2792204972533));
#2419=CARTESIAN_POINT('Ctrl Pts',(53.2965988195548,-84.6497098726128,-60.9275199070307));
#2420=CARTESIAN_POINT('Ctrl Pts',(54.9448982293323,-84.5464502197986,-62.5758193168082));
#2421=CARTESIAN_POINT('Origin',(-58.4953500391256,-54.17218889159,-65.5145368589866));
#2422=CARTESIAN_POINT('',(-25.0566393220017,-54.9706855876583,-65.5145368590288));
#2423=CARTESIAN_POINT('Ctrl Pts',(-27.3103845340699,-55.17218889159,-65.5145368589866));
#2424=CARTESIAN_POINT('Ctrl Pts',(-26.8045194129786,-55.1153113490472,-65.5145368589866));
#2425=CARTESIAN_POINT('Ctrl Pts',(-26.2985789969339,-55.066536340499,-65.5145368589854));
#2426=CARTESIAN_POINT('Ctrl Pts',(-25.6022980231296,-55.0101050102952,-65.5145368589854));
#2427=CARTESIAN_POINT('Ctrl Pts',(-25.3480815652658,-54.9914645242075,-65.5145368589866));
#2428=CARTESIAN_POINT('Ctrl Pts',(-25.0566393220085,-54.9706855875641,-65.5145368589866));
#2429=CARTESIAN_POINT('Ctrl Pts',(-25.0566393219973,-54.9706855875639,-65.5145368589866));
#2430=CARTESIAN_POINT('Ctrl Pts',(-24.6821041291826,-54.9882432449219,-65.5145368589866));
#2431=CARTESIAN_POINT('Ctrl Pts',(-24.3076214365116,-55.0068623388128,-65.5145368589866));
#2432=CARTESIAN_POINT('Ctrl Pts',(-23.3648317507217,-55.0677622887747,-65.5145368589866));
#2433=CARTESIAN_POINT('Ctrl Pts',(-22.7936412834719,-55.1146659824142,-65.5145368589866));
#2434=CARTESIAN_POINT('Ctrl Pts',(-22.2224324790863,-55.17218889159,-65.5145368589866));
#2435=CARTESIAN_POINT('Ctrl Pts',(-50.1812440545362,-55.17218889159,-62.7827005840013));
#2436=CARTESIAN_POINT('Ctrl Pts',(-50.8286876392228,-57.9586203904234,-62.9404577486493));
#2437=CARTESIAN_POINT('Ctrl Pts',(-51.7837093285161,-62.1470939508689,-63.0362020168525));
#2438=CARTESIAN_POINT('Ctrl Pts',(-53.119499548545,-69.1422397995658,-62.966606476764));
#2439=CARTESIAN_POINT('Ctrl Pts',(-54.1615320157364,-76.1451401548406,-62.7732283336242));
#2440=CARTESIAN_POINT('Ctrl Pts',(-54.7150885253464,-81.7467267748247,-62.6302370566951));
#2441=CARTESIAN_POINT('Ctrl Pts',(-54.9448982293322,-84.5464502197986,-62.5758193168082));
#2442=CARTESIAN_POINT('Ctrl Pts',(-48.5411705586702,-54.7638533861179,-62.7996822373762));
#2443=CARTESIAN_POINT('Ctrl Pts',(-49.2642893778605,-57.5536090714122,-63.1065422491037));
#2444=CARTESIAN_POINT('Ctrl Pts',(-50.2502896956139,-61.7563843108021,-63.4049748387638));
#2445=CARTESIAN_POINT('Ctrl Pts',(-51.5352054005565,-68.7853053777755,-63.7157192777724));
#2446=CARTESIAN_POINT('Ctrl Pts',(-52.5031385804136,-75.8263268043919,-63.9432449904626));
#2447=CARTESIAN_POINT('Ctrl Pts',(-53.0399807168768,-81.4580132454098,-64.1328896919096));
#2448=CARTESIAN_POINT('Ctrl Pts',(-53.269650804268,-84.2725066490672,-64.2339052250772));
#2449=CARTESIAN_POINT('Ctrl Pts',(-45.246819260849,-53.8192761110252,-62.769712532531));
#2450=CARTESIAN_POINT('Ctrl Pts',(-46.0626737310788,-56.6758358670342,-63.4383054570379));
#2451=CARTESIAN_POINT('Ctrl Pts',(-47.0748865266455,-60.9842553892847,-64.2049861194756));
#2452=CARTESIAN_POINT('Ctrl Pts',(-48.2839882127117,-68.137904563531,-65.2939160758394));
#2453=CARTESIAN_POINT('Ctrl Pts',(-49.154280665675,-75.2528653209233,-66.3001430517014));
#2454=CARTESIAN_POINT('Ctrl Pts',(-49.6661194869774,-80.907237519858,-67.1123099313288));
#2455=CARTESIAN_POINT('Ctrl Pts',(-49.8962873564929,-83.7302728464073,-67.5272084439688));
#2456=CARTESIAN_POINT('Ctrl Pts',(-40.2539488571215,-52.4625390691701,-62.4644122159617));
#2457=CARTESIAN_POINT('Ctrl Pts',(-41.0319240624563,-55.4390892116662,-63.8159442624899));
#2458=CARTESIAN_POINT('Ctrl Pts',(-42.0179302279214,-59.9245321911503,-65.4659228219602));
#2459=CARTESIAN_POINT('Ctrl Pts',(-43.2032194163199,-67.2788885213164,-67.7804842491542));
#2460=CARTESIAN_POINT('Ctrl Pts',(-44.0555408783055,-74.4984391791188,-69.8543721952205));
#2461=CARTESIAN_POINT('Ctrl Pts',(-44.5521524182411,-80.1525827769441,-71.5224589027351));
#2462=CARTESIAN_POINT('Ctrl Pts',(-44.7758490925058,-82.9651209878243,-72.4067701799818));
#2463=CARTESIAN_POINT('Ctrl Pts',(-33.5405026809413,-51.1423145228229,-61.9397777689765));
#2464=CARTESIAN_POINT('Ctrl Pts',(-34.0899781036346,-54.1475149940252,-64.1542051805717));
#2465=CARTESIAN_POINT('Ctrl Pts',(-34.9507044059,-58.6912869235728,-67.0223592731079));
#2466=CARTESIAN_POINT('Ctrl Pts',(-36.1853872096938,-66.1886686015345,-71.026695927098));
#2467=CARTESIAN_POINT('Ctrl Pts',(-37.1579871984465,-73.5335819003005,-74.5330726591831));
#2468=CARTESIAN_POINT('Ctrl Pts',(-37.6744371948619,-79.2232626368042,-77.3361739367199));
#2469=CARTESIAN_POINT('Ctrl Pts',(-37.886049354267,-82.0382968375744,-78.8503037750763));
#2470=CARTESIAN_POINT('Ctrl Pts',(-28.4686755926766,-50.712786027023,-61.6881993309616));
#2471=CARTESIAN_POINT('Ctrl Pts',(-28.7410293366987,-53.6397700537576,-64.2509927155183));
#2472=CARTESIAN_POINT('Ctrl Pts',(-29.3658349088554,-58.0136927669012,-67.7975076868399));
#2473=CARTESIAN_POINT('Ctrl Pts',(-30.6355454247694,-65.3665559540231,-73.0733918901143));
#2474=CARTESIAN_POINT('Ctrl Pts',(-31.849976710484,-72.7637615664319,-77.8437403429998));
#2475=CARTESIAN_POINT('Ctrl Pts',(-32.4529066535718,-78.5939636511896,-81.6287614818572));
#2476=CARTESIAN_POINT('Ctrl Pts',(-32.6728052567348,-81.4670272312188,-83.637059677544));
#2477=CARTESIAN_POINT('Ctrl Pts',(-24.9350200431678,-50.6318309966859,-61.6650976227724));
#2478=CARTESIAN_POINT('Ctrl Pts',(-24.9770778425496,-53.4444095384858,-64.1572109140653));
#2479=CARTESIAN_POINT('Ctrl Pts',(-25.4385248697657,-57.6630771171905,-67.9104891402638));
#2480=CARTESIAN_POINT('Ctrl Pts',(-26.7035329707703,-64.8374213845563,-74.0258553320623));
#2481=CARTESIAN_POINT('Ctrl Pts',(-28.0946702266525,-72.2210966910827,-79.9236727437169));
#2482=CARTESIAN_POINT('Ctrl Pts',(-28.8066539865451,-78.1857691954807,-84.5801116559022));
#2483=CARTESIAN_POINT('Ctrl Pts',(-29.0549429845953,-81.1270654613491,-86.9537559180326));
#2484=CARTESIAN_POINT('Ctrl Pts',(-24.6686338635373,-50.6257260961175,-61.6632205814399));
#2485=CARTESIAN_POINT('Ctrl Pts',(-24.7160720096113,-53.4293382342135,-64.1498663703495));
#2486=CARTESIAN_POINT('Ctrl Pts',(-25.1795041423325,-57.6384241577245,-67.9166609432951));
#2487=CARTESIAN_POINT('Ctrl Pts',(-26.4342793098846,-64.8040174114412,-74.0916469946058));
#2488=CARTESIAN_POINT('Ctrl Pts',(-27.8121807585239,-72.1840515798759,-80.0794598353667));
#2489=CARTESIAN_POINT('Ctrl Pts',(-28.5249963644347,-78.1542669847787,-84.8083956235448));
#2490=CARTESIAN_POINT('Ctrl Pts',(-28.7754003154201,-81.1009561170763,-87.2099969407801));
#2491=CARTESIAN_POINT('Ctrl Pts',(-24.1321683014097,-50.613443305107,-61.6595218919952));
#2492=CARTESIAN_POINT('Ctrl Pts',(-24.17745451483,-53.3992913155403,-64.1352557489629));
#2493=CARTESIAN_POINT('Ctrl Pts',(-24.6367235651632,-57.5885716476666,-67.9306324938709));
#2494=CARTESIAN_POINT('Ctrl Pts',(-25.8766502577972,-64.7348288925839,-74.2279217325724));
#2495=CARTESIAN_POINT('Ctrl Pts',(-27.2430377327391,-72.1091234906796,-80.3938530012028));
#2496=CARTESIAN_POINT('Ctrl Pts',(-27.9615860465678,-78.0923259584603,-85.2647546396284));
#2497=CARTESIAN_POINT('Ctrl Pts',(-28.2162802415786,-81.049414706617,-87.7224442507841));
#2498=CARTESIAN_POINT('Ctrl Pts',(-22.9275040157571,-50.585914860274,-61.6511705339275));
#2499=CARTESIAN_POINT('Ctrl Pts',(-22.976307361181,-53.3320253780936,-64.1023990872055));
#2500=CARTESIAN_POINT('Ctrl Pts',(-23.4314193218546,-57.4795730998683,-67.9617515846038));
#2501=CARTESIAN_POINT('Ctrl Pts',(-24.6347861598866,-64.5868747382002,-74.5328244943256));
#2502=CARTESIAN_POINT('Ctrl Pts',(-25.9655655933607,-71.9476282155264,-81.0997899683289));
#2503=CARTESIAN_POINT('Ctrl Pts',(-26.6938241556124,-77.9560542447653,-86.2915537958213));
#2504=CARTESIAN_POINT('Ctrl Pts',(-26.9581508454164,-80.9356857005488,-88.8753414682742));
#2505=CARTESIAN_POINT('Ctrl Pts',(-21.8556190190349,-50.5613972090344,-61.6438238814181));
#2506=CARTESIAN_POINT('Ctrl Pts',(-21.9036039125578,-53.272982242116,-64.0734525444704));
#2507=CARTESIAN_POINT('Ctrl Pts',(-22.3526307798263,-57.3878021858325,-67.9913942143627));
#2508=CARTESIAN_POINT('Ctrl Pts',(-23.5260277876962,-64.4657780992744,-74.8080076889317));
#2509=CARTESIAN_POINT('Ctrl Pts',(-24.8298615713998,-71.8157610365237,-81.7292656172033));
#2510=CARTESIAN_POINT('Ctrl Pts',(-25.5666925967869,-77.8423528071182,-87.2039290676065));
#2511=CARTESIAN_POINT('Ctrl Pts',(-25.8396738934346,-80.839848961561,-89.8999992839835));
#2512=CARTESIAN_POINT('Ctrl Pts',(-21.0520355849094,-50.5431522064665,-61.6382935433759));
#2513=CARTESIAN_POINT('Ctrl Pts',(-21.1007176683203,-53.2292030133475,-64.0517555469128));
#2514=CARTESIAN_POINT('Ctrl Pts',(-21.5458328415506,-57.3219000879578,-68.0144403461637));
#2515=CARTESIAN_POINT('Ctrl Pts',(-22.6969994052218,-64.381064095083,-75.0159956952566));
#2516=CARTESIAN_POINT('Ctrl Pts',(-23.9794379872004,-71.723405356749,-82.2022422146507));
#2517=CARTESIAN_POINT('Ctrl Pts',(-24.7215822922107,-77.7609852393692,-87.8885051465831));
#2518=CARTESIAN_POINT('Ctrl Pts',(-25.000882204329,-80.770754932454,-90.6685586706462));
#2519=CARTESIAN_POINT('',(-25.0000081327607,-80.7613389164389,-90.6598611222764));
#2520=CARTESIAN_POINT('Ctrl Pts',(-25.0000081327607,-80.7613389164389,-90.6598611222764));
#2521=CARTESIAN_POINT('Ctrl Pts',(-25.0011650768163,-80.0972097496881,-89.9835839840189));
#2522=CARTESIAN_POINT('Ctrl Pts',(-25.0025810665804,-79.3174982942949,-89.186051915697));
#2523=CARTESIAN_POINT('Ctrl Pts',(-25.0091759512329,-75.9739276335584,-85.7521393845143));
#2524=CARTESIAN_POINT('Ctrl Pts',(-25.0148272930887,-73.5146617319562,-83.2096767555021));
#2525=CARTESIAN_POINT('Ctrl Pts',(-25.0296269606451,-67.4721573940329,-77.106028869994));
#2526=CARTESIAN_POINT('Ctrl Pts',(-25.0382112101868,-64.2535660102711,-73.9721745018267));
#2527=CARTESIAN_POINT('Ctrl Pts',(-25.0500019449792,-58.7382182673167,-68.8898806912244));
#2528=CARTESIAN_POINT('Ctrl Pts',(-25.0536551215423,-56.8194062358553,-67.1622160331256));
#2529=CARTESIAN_POINT('Ctrl Pts',(-25.0566393220018,-54.9706855876583,-65.514536859071));
#2530=CARTESIAN_POINT('',(-25.016677929895,-80.7720564076641,-90.6540855416175));
#2531=CARTESIAN_POINT('Ctrl Pts',(-25.0166779296953,-80.7720564067232,-90.654085541418));
#2532=CARTESIAN_POINT('Ctrl Pts',(-25.0111231514489,-80.7684858499064,-90.6560126806094));
#2533=CARTESIAN_POINT('Ctrl Pts',(-25.0055670176675,-80.7649118003913,-90.6579358349843));
#2534=CARTESIAN_POINT('Ctrl Pts',(-25.0000081212793,-80.7613389043139,-90.6598611281548));
#2535=CARTESIAN_POINT('',(-54.9448982293322,-84.5464502197986,-62.5758193168082));
#2536=CARTESIAN_POINT('Ctrl Pts',(-54.9448982293322,-84.5464502197986,-62.5758193168082));
#2537=CARTESIAN_POINT('Ctrl Pts',(-53.269650804268,-84.2725066490672,-64.2339052250772));
#2538=CARTESIAN_POINT('Ctrl Pts',(-51.5829690803804,-84.0013897477372,-65.880556834523));
#2539=CARTESIAN_POINT('Ctrl Pts',(-49.8862218411055,-83.7383059873084,-67.5171429285814));
#2540=CARTESIAN_POINT('Ctrl Pts',(-48.1894746018305,-83.4752222268795,-69.1537290226398));
#2541=CARTESIAN_POINT('Ctrl Pts',(-46.4826618471682,-83.2201716073519,-70.7802496013108));
#2542=CARTESIAN_POINT('Ctrl Pts',(-44.7680305025571,-82.9767932788068,-72.3989515900331));
#2543=CARTESIAN_POINT('Ctrl Pts',(-43.0533991579461,-82.7334149502617,-74.0176535787554));
#2544=CARTESIAN_POINT('Ctrl Pts',(-41.3309492233864,-82.5017089126992,-75.628536977529));
#2545=CARTESIAN_POINT('Ctrl Pts',(-39.603399922843,-82.2837638202847,-77.2343210103189));
#2546=CARTESIAN_POINT('Ctrl Pts',(-36.1483013217563,-81.8478736354557,-80.4458890758988));
#2547=CARTESIAN_POINT('Ctrl Pts',(-32.6728052567348,-81.4670272312186,-83.6370596775439));
#2548=CARTESIAN_POINT('Ctrl Pts',(-29.1947061433822,-81.1401986674386,-86.825627230858));
#2549=CARTESIAN_POINT('Ctrl Pts',(-29.0549429845953,-81.127065461349,-86.9537559180324));
#2550=CARTESIAN_POINT('Ctrl Pts',(-28.9151716500077,-81.1140107892126,-87.0818764294062));
#2551=CARTESIAN_POINT('Ctrl Pts',(-28.7753959734837,-81.101040776837,-87.2099925988436));
#2552=CARTESIAN_POINT('Ctrl Pts',(-28.6356202969597,-81.0880707644613,-87.338108768281));
#2553=CARTESIAN_POINT('Ctrl Pts',(-28.4958402784993,-81.0751854118465,-87.466220595782));
#2554=CARTESIAN_POINT('Ctrl Pts',(-28.3560562144827,-81.06238299136,-87.5943283777267));
#2555=CARTESIAN_POINT('Ctrl Pts',(-28.0764880864494,-81.0367781503871,-87.8505439416162));
#2556=CARTESIAN_POINT('Ctrl Pts',(-27.7969037761912,-81.0115050379275,-88.1067433232807));
#2557=CARTESIAN_POINT('Ctrl Pts',(-27.5173107339986,-80.986560407396,-88.3629339730109));
#2558=CARTESIAN_POINT('Ctrl Pts',(-26.6837967677629,-80.9121962609656,-89.1266814643452));
#2559=CARTESIAN_POINT('Ctrl Pts',(-25.8502051976352,-80.8407514535042,-89.8903513517877));
#2560=CARTESIAN_POINT('Ctrl Pts',(-25.0166779296954,-80.772056406723,-90.6540855414178));
#2561=CARTESIAN_POINT('Ctrl Pts',(-50.1812440545363,-55.1721888915905,-62.7827005840014));
#2562=CARTESIAN_POINT('Ctrl Pts',(-50.8286876392229,-57.9586203904238,-62.9404577486493));
#2563=CARTESIAN_POINT('Ctrl Pts',(-51.4653687654184,-60.7509360973872,-63.0042872607848));
#2564=CARTESIAN_POINT('Ctrl Pts',(-52.0338065328246,-63.5470802260274,-63.0070049541396));
#2565=CARTESIAN_POINT('Ctrl Pts',(-52.3180254165277,-64.9451522903476,-63.0083638008171));
#2566=CARTESIAN_POINT('Ctrl Pts',(-52.5851834605334,-66.344181460087,-62.9944446927994));
#2567=CARTESIAN_POINT('Ctrl Pts',(-52.8327576543501,-67.7437275969316,-62.9722734112449));
#2568=CARTESIAN_POINT('Ctrl Pts',(-53.3279060419833,-70.5428198706208,-62.927930848136));
#2569=CARTESIAN_POINT('Ctrl Pts',(-53.7447190288599,-73.3439800127307,-62.8505795908801));
#2570=CARTESIAN_POINT('Ctrl Pts',(-54.0915146497006,-76.1449567387817,-62.7761561430199));
#2571=CARTESIAN_POINT('Ctrl Pts',(-54.4383102705414,-78.9459334648326,-62.7017326951597));
#2572=CARTESIAN_POINT('Ctrl Pts',(-54.7150885253464,-81.7467267748246,-62.6302370566951));
#2573=CARTESIAN_POINT('Ctrl Pts',(-54.9448982293322,-84.5464502197985,-62.5758193168082));
#2574=CARTESIAN_POINT('Ctrl Pts',(-29.0517063583375,-51.3329979919718,-62.2564087104461));
#2575=CARTESIAN_POINT('Ctrl Pts',(-28.9597198616657,-53.9504489397415,-64.6454396109935));
#2576=CARTESIAN_POINT('Ctrl Pts',(-28.315765282426,-59.2560896336696,-69.8508286902673));
#2577=CARTESIAN_POINT('Ctrl Pts',(-27.0237776374057,-66.2199856110406,-76.8113462646756));
#2578=CARTESIAN_POINT('Ctrl Pts',(-25.8379177035589,-73.4260557336514,-83.7935120695366));
#2579=CARTESIAN_POINT('Ctrl Pts',(-25.2797794399608,-77.8309058940702,-87.9504922069488));
#2580=CARTESIAN_POINT('Ctrl Pts',(-25.0000081327607,-80.7613389164389,-90.6598611222765));
#2581=CARTESIAN_POINT('Ctrl Pts',(-27.7131154111864,-51.3406471115613,-62.2730269151041));
#2582=CARTESIAN_POINT('Ctrl Pts',(-27.620938722439,-54.0000187459813,-64.676652770658));
#2583=CARTESIAN_POINT('Ctrl Pts',(-26.9641266942043,-59.356253550762,-69.7709472095002));
#2584=CARTESIAN_POINT('Ctrl Pts',(-25.6281980627129,-66.3513588538217,-76.3613974236106));
#2585=CARTESIAN_POINT('Ctrl Pts',(-24.4215819334223,-73.570713361499,-82.9093954576449));
#2586=CARTESIAN_POINT('Ctrl Pts',(-23.8701283207965,-77.96569739875,-86.8099692798487));
#2587=CARTESIAN_POINT('Ctrl Pts',(-23.601514995529,-80.8796391523279,-89.3820382036544));
#2588=CARTESIAN_POINT('Ctrl Pts',(-26.3745197115193,-51.3487789585618,-62.2896449903641));
#2589=CARTESIAN_POINT('Ctrl Pts',(-26.2815793547482,-54.0521826707861,-64.7080357430933));
#2590=CARTESIAN_POINT('Ctrl Pts',(-25.6121720336307,-59.4675423226928,-69.695029279755));
#2591=CARTESIAN_POINT('Ctrl Pts',(-24.2299620030758,-66.4999580903813,-75.9165749678282));
#2592=CARTESIAN_POINT('Ctrl Pts',(-23.0033345726143,-73.7312261997995,-82.0272110841487));
#2593=CARTESIAN_POINT('Ctrl Pts',(-22.4599571637064,-78.1113626522939,-85.6701570794143));
#2594=CARTESIAN_POINT('Ctrl Pts',(-22.2030115610722,-81.0057436990118,-88.1042255822581));
#2595=CARTESIAN_POINT('Ctrl Pts',(-24.9321580293607,-51.3580099005102,-62.3076829874084));
#2596=CARTESIAN_POINT('Ctrl Pts',(-24.8373340841057,-54.110223248872,-64.7421864274303));
#2597=CARTESIAN_POINT('Ctrl Pts',(-24.1521381804063,-59.601830132258,-69.6162320500685));
#2598=CARTESIAN_POINT('Ctrl Pts',(-22.7207667017858,-66.6837592258181,-75.439889313109));
#2599=CARTESIAN_POINT('Ctrl Pts',(-21.4757497945632,-73.9238329672939,-81.0766577929206));
#2600=CARTESIAN_POINT('Ctrl Pts',(-20.94254643144,-78.2813850086325,-84.4416616614697));
#2601=CARTESIAN_POINT('Ctrl Pts',(-20.6979777592926,-81.1505438158425,-86.7274678763916));
#2602=CARTESIAN_POINT('Ctrl Pts',(-24.7168885901793,-51.3597004169704,-62.3104178251398));
#2603=CARTESIAN_POINT('Ctrl Pts',(-24.6059026745418,-54.1184674681348,-64.7469974566705));
#2604=CARTESIAN_POINT('Ctrl Pts',(-23.9060464299951,-59.6240322764279,-69.6008056388333));
#2605=CARTESIAN_POINT('Ctrl Pts',(-22.4846126109866,-66.7154761609501,-75.365030824961));
#2606=CARTESIAN_POINT('Ctrl Pts',(-21.2536463062128,-73.9534026031897,-80.9384530447615));
#2607=CARTESIAN_POINT('Ctrl Pts',(-20.7262988430615,-78.3057466709301,-84.2663486202454));
#2608=CARTESIAN_POINT('Ctrl Pts',(-20.4833658573951,-81.171290688094,-86.5311288747043));
#2609=CARTESIAN_POINT('Ctrl Pts',(-24.291995918721,-51.3647156694542,-62.3163574975643));
#2610=CARTESIAN_POINT('Ctrl Pts',(-24.15798522598,-54.1362660513532,-64.7548328608506));
#2611=CARTESIAN_POINT('Ctrl Pts',(-23.4357703073779,-59.6675682253144,-69.5680210055186));
#2612=CARTESIAN_POINT('Ctrl Pts',(-22.024829808739,-66.7761112822089,-75.2158449793183));
#2613=CARTESIAN_POINT('Ctrl Pts',(-20.8123486677398,-74.0114312867645,-80.6622099703693));
#2614=CARTESIAN_POINT('Ctrl Pts',(-20.2939640344687,-78.3546386530607,-83.9155601584391));
#2615=CARTESIAN_POINT('Ctrl Pts',(-20.0541830486506,-81.2131798380284,-86.1384098762792));
#2616=CARTESIAN_POINT('Ctrl Pts',(-23.5462401955233,-51.3776928754046,-62.3280220805617));
#2617=CARTESIAN_POINT('Ctrl Pts',(-23.3681754978542,-54.1703816957861,-64.7645250510212));
#2618=CARTESIAN_POINT('Ctrl Pts',(-22.6033580454733,-59.7465208366987,-69.5000491106534));
#2619=CARTESIAN_POINT('Ctrl Pts',(-21.2159394282114,-66.8843819363908,-74.9454745152604));
#2620=CARTESIAN_POINT('Ctrl Pts',(-20.0400026610614,-74.1137277529463,-80.1750909457135));
#2621=CARTESIAN_POINT('Ctrl Pts',(-19.5379152301678,-78.4407296416795,-83.301149738158));
#2622=CARTESIAN_POINT('Ctrl Pts',(-19.3032304765817,-81.2875277833111,-85.4510342858012));
#2623=CARTESIAN_POINT('Ctrl Pts',(-22.0588220410508,-51.4202899634127,-62.3563315282216));
#2624=CARTESIAN_POINT('Ctrl Pts',(-21.7990103457536,-54.2510321526389,-64.7682608010211));
#2625=CARTESIAN_POINT('Ctrl Pts',(-20.95260696715,-59.9115399413176,-69.3274207513084));
#2626=CARTESIAN_POINT('Ctrl Pts',(-19.6098955671578,-67.1017728622741,-74.3768499588878));
#2627=CARTESIAN_POINT('Ctrl Pts',(-18.5009332317164,-74.3182158714413,-79.1896393373714));
#2628=CARTESIAN_POINT('Ctrl Pts',(-18.0279883918946,-78.6149749975706,-82.0701891112166));
#2629=CARTESIAN_POINT('Ctrl Pts',(-17.8018659886604,-81.4404160326331,-84.0757424486288));
#2630=CARTESIAN_POINT('Ctrl Pts',(-19.9376951906314,-51.5282357974697,-62.4102349261133));
#2631=CARTESIAN_POINT('Ctrl Pts',(-19.5672889414243,-54.4033143378269,-64.7329347019285));
#2632=CARTESIAN_POINT('Ctrl Pts',(-18.6087558135593,-60.1692170358122,-68.9814656441405));
#2633=CARTESIAN_POINT('Ctrl Pts',(-17.3349213778812,-67.4160039386269,-73.4865055929088));
#2634=CARTESIAN_POINT('Ctrl Pts',(-16.3151381071988,-74.6105554193216,-77.74988490668));
#2635=CARTESIAN_POINT('Ctrl Pts',(-15.8768625358713,-78.8695325304993,-80.3055699305888));
#2636=CARTESIAN_POINT('Ctrl Pts',(-15.6590396907564,-81.6709542347461,-82.1090597106846));
#2637=CARTESIAN_POINT('Ctrl Pts',(-17.4006002530285,-51.7352209092532,-62.4950261130888));
#2638=CARTESIAN_POINT('Ctrl Pts',(-16.9116948407819,-54.6492013832065,-64.638581582669));
#2639=CARTESIAN_POINT('Ctrl Pts',(-15.8409263278289,-60.5095356086948,-68.4338085942521));
#2640=CARTESIAN_POINT('Ctrl Pts',(-14.6466553435198,-67.7910127132715,-72.3166144994115));
#2641=CARTESIAN_POINT('Ctrl Pts',(-13.7136983176461,-74.9580577347395,-75.9794573816389));
#2642=CARTESIAN_POINT('Ctrl Pts',(-13.3066857396871,-79.1843527476614,-78.1769710194349));
#2643=CARTESIAN_POINT('Ctrl Pts',(-13.0923122591202,-81.9671366426369,-79.744376299303));
#2644=CARTESIAN_POINT('Ctrl Pts',(-14.8708628600307,-52.0253403110301,-62.5948026635847));
#2645=CARTESIAN_POINT('Ctrl Pts',(-14.2785066237004,-54.963093093199,-64.4997942934886));
#2646=CARTESIAN_POINT('Ctrl Pts',(-13.1200206851015,-60.8772652721065,-67.7799777172068));
#2647=CARTESIAN_POINT('Ctrl Pts',(-11.9978890110774,-68.1616189115112,-71.067441373715));
#2648=CARTESIAN_POINT('Ctrl Pts',(-11.1323225678707,-75.3025591452789,-74.1733204464601));
#2649=CARTESIAN_POINT('Ctrl Pts',(-10.7468040704626,-79.5083440706616,-76.037564167765));
#2650=CARTESIAN_POINT('Ctrl Pts',(-10.5319317709374,-82.2826058042975,-77.3733459444681));
#2651=CARTESIAN_POINT('Ctrl Pts',(-12.7704782056273,-52.3393375636039,-62.6844681191231));
#2652=CARTESIAN_POINT('Ctrl Pts',(-12.1079247021502,-55.2819981909864,-64.3525824537372));
#2653=CARTESIAN_POINT('Ctrl Pts',(-10.8985122585289,-61.2030733164666,-67.169344746307));
#2654=CARTESIAN_POINT('Ctrl Pts',(-9.82404196643485,-68.4671973122679,-69.9792736436169));
#2655=CARTESIAN_POINT('Ctrl Pts',(-8.99725020531464,-75.5883014024804,-72.6449654167718));
#2656=CARTESIAN_POINT('Ctrl Pts',(-8.62229564267644,-79.7865079157839,-74.2453749104531));
#2657=CARTESIAN_POINT('Ctrl Pts',(-8.40499829923525,-82.5608974926668,-75.3907703803221));
#2658=CARTESIAN_POINT('Ctrl Pts',(-11.0963401661824,-52.6348273778354,-62.7521687040429));
#2659=CARTESIAN_POINT('Ctrl Pts',(-10.3892740508355,-55.5704792277309,-64.2172207904412));
#2660=CARTESIAN_POINT('Ctrl Pts',(-9.15114444524095,-61.473791748618,-66.655743805537));
#2661=CARTESIAN_POINT('Ctrl Pts',(-8.10425430092685,-68.7115927093188,-69.0913494241988));
#2662=CARTESIAN_POINT('Ctrl Pts',(-7.29805801732519,-75.817675129822,-71.4124492164404));
#2663=CARTESIAN_POINT('Ctrl Pts',(-6.92833962350122,-80.0145093853969,-72.8056985239181));
#2664=CARTESIAN_POINT('Ctrl Pts',(-6.70840257113174,-82.7921618034082,-73.7997588797471));
#2665=CARTESIAN_POINT('Ctrl Pts',(-6.92172902964309,-53.4364657426099,-62.9150874011365));
#2666=CARTESIAN_POINT('Ctrl Pts',(-6.12477603455907,-56.3397544682376,-63.8539138892401));
#2667=CARTESIAN_POINT('Ctrl Pts',(-4.83443838500243,-62.1670635252036,-65.3391331698201));
#2668=CARTESIAN_POINT('Ctrl Pts',(-3.83761914242179,-69.3255566428761,-66.849710619213));
#2669=CARTESIAN_POINT('Ctrl Pts',(-3.06546895732801,-76.3948603011548,-68.3164718946905));
#2670=CARTESIAN_POINT('Ctrl Pts',(-2.70240423092821,-80.5939261708102,-69.1963936411766));
#2671=CARTESIAN_POINT('Ctrl Pts',(-2.47565346151359,-83.3836009911168,-69.8134899176691));
#2672=CARTESIAN_POINT('Ctrl Pts',(-3.22258289828275,-54.4549069456407,-62.9401927852311));
#2673=CARTESIAN_POINT('Ctrl Pts',(-2.4505105806689,-57.2433453471143,-63.4013710801388));
#2674=CARTESIAN_POINT('Ctrl Pts',(-1.16112529635706,-62.8536740257736,-64.0896580953221));
#2675=CARTESIAN_POINT('Ctrl Pts',(-0.119451633706197,-69.8955391824821,
-64.7915261819656));
#2676=CARTESIAN_POINT('Ctrl Pts',(0.689546746553695,-76.9357151397051,-65.4920867528839));
#2677=CARTESIAN_POINT('Ctrl Pts',(1.06579767196242,-81.1573275822149,-65.9080069943404));
#2678=CARTESIAN_POINT('Ctrl Pts',(1.29355957470221,-83.9692926663243,-66.1855866893582));
#2679=CARTESIAN_POINT('Ctrl Pts',(1.50954651556567E-9,-55.1721888915594,
-62.8337518262522));
#2680=CARTESIAN_POINT('Ctrl Pts',(0.644475902572864,-57.9536917157501,-63.0038825036626));
#2681=CARTESIAN_POINT('Ctrl Pts',(1.88214236276801,-63.5298754796255,-63.1596918305757));
#2682=CARTESIAN_POINT('Ctrl Pts',(3.06437216691098,-70.518348897541,-63.0956714822144));
#2683=CARTESIAN_POINT('Ctrl Pts',(3.9722648862875,-77.5091710264877,-62.9953717200271));
#2684=CARTESIAN_POINT('Ctrl Pts',(4.37564329692408,-81.7032336997246,-62.9393556369756));
#2685=CARTESIAN_POINT('Ctrl Pts',(4.60032138873906,-84.4981519521911,-62.9171340460382));
#2686=CARTESIAN_POINT('Ctrl Pts',(-25.0000081327607,-80.7613389164388,-90.6598611222764));
#2687=CARTESIAN_POINT('Ctrl Pts',(-23.601514995529,-80.8796391523278,-89.3820382036544));
#2688=CARTESIAN_POINT('Ctrl Pts',(-22.2030115610722,-81.0057436990118,-88.104225582258));
#2689=CARTESIAN_POINT('Ctrl Pts',(-20.8052886107415,-81.1402193807311,-86.8256324767351));
#2690=CARTESIAN_POINT('Ctrl Pts',(-20.6979777592926,-81.1505438158425,-86.7274678763916));
#2691=CARTESIAN_POINT('Ctrl Pts',(-20.5906718083439,-81.1609172519682,-86.6292983755479));
#2692=CARTESIAN_POINT('Ctrl Pts',(-20.4833709817765,-81.1713401137729,-86.5311237503229));
#2693=CARTESIAN_POINT('Ctrl Pts',(-20.376070155209,-81.1817629755776,-86.432949125098));
#2694=CARTESIAN_POINT('Ctrl Pts',(-20.2687744530229,-81.1922352630612,-86.3347693754917));
#2695=CARTESIAN_POINT('Ctrl Pts',(-20.1614843386098,-81.202757166397,-86.2365840381124));
#2696=CARTESIAN_POINT('Ctrl Pts',(-19.9469041097836,-81.2238009730687,-86.0402133633537));
#2697=CARTESIAN_POINT('Ctrl Pts',(-19.7323462320497,-81.2450432431495,-85.8438203375029));
#2698=CARTESIAN_POINT('Ctrl Pts',(-19.5178140998498,-81.2664851493616,-85.6474015661179));
#2699=CARTESIAN_POINT('Ctrl Pts',(-19.0887498354501,-81.3093689617857,-85.254564023348));
#2700=CARTESIAN_POINT('Ctrl Pts',(-18.6597885531869,-81.3530513187348,-84.8616234984416));
#2701=CARTESIAN_POINT('Ctrl Pts',(-18.2309592784844,-81.3975421035084,-84.4685509659744));
#2702=CARTESIAN_POINT('Ctrl Pts',(-17.3733007290796,-81.4865236730557,-83.6824059010399));
#2703=CARTESIAN_POINT('Ctrl Pts',(-16.516170209918,-81.5787389539009,-82.8957328058622));
#2704=CARTESIAN_POINT('Ctrl Pts',(-15.6598170450645,-81.674210328972,-82.1082823563765));
#2705=CARTESIAN_POINT('Ctrl Pts',(-14.803463880211,-81.7696817040431,-81.3208319068907));
#2706=CARTESIAN_POINT('Ctrl Pts',(-13.9478880696656,-81.86840917334,-80.5326041030969));
#2707=CARTESIAN_POINT('Ctrl Pts',(-13.0933700830291,-81.9703511015985,-79.7433184753941));
#2708=CARTESIAN_POINT('Ctrl Pts',(-12.2388520963926,-82.0722930298571,-78.9540328476914));
#2709=CARTESIAN_POINT('Ctrl Pts',(-11.385391933665,-82.1774494170773,-78.1636893960797));
#2710=CARTESIAN_POINT('Ctrl Pts',(-10.5332751579608,-82.2856859483612,-77.3720025574447));
#2711=CARTESIAN_POINT('Ctrl Pts',(-9.68115838225655,-82.3939224796452,-76.5803157188097));
#2712=CARTESIAN_POINT('Ctrl Pts',(-8.83038499357569,-82.5052391549929,-75.7872854931513));
#2713=CARTESIAN_POINT('Ctrl Pts',(-7.98126195464756,-82.6194328170227,-74.9926049177402));
#2714=CARTESIAN_POINT('Ctrl Pts',(-7.5567004351835,-82.6765296480375,-74.5952646300346));
#2715=CARTESIAN_POINT('Ctrl Pts',(-7.13255150315762,-82.7343457257228,-74.1975117548909));
#2716=CARTESIAN_POINT('Ctrl Pts',(-6.70883958166377,-82.792825723951,-73.7993218692151));
#2717=CARTESIAN_POINT('Ctrl Pts',(-6.28512766016992,-82.851305722179,-73.4011319835393));
#2718=CARTESIAN_POINT('Ctrl Pts',(-5.86185274920811,-82.9104496409499,-73.0025050873315));
#2719=CARTESIAN_POINT('Ctrl Pts',(-5.43907488963445,-82.970252774613,-72.6033811397356));
#2720=CARTESIAN_POINT('Ctrl Pts',(-3.61627302146012,-83.2280932960482,-70.8825628403935));
#2721=CARTESIAN_POINT('Ctrl Pts',(-1.80271080816442,-83.4981879188502,-69.1525048861728));
#2722=CARTESIAN_POINT('Ctrl Pts',(-0.000241388125838959,-83.7752230138087,
-67.4113541386949));
#2723=CARTESIAN_POINT('Ctrl Pts',(-25.,-55.17218889159,-56.3344269640697));
#2724=CARTESIAN_POINT('Ctrl Pts',(-25.,-65.0668689871404,-65.0999250052051));
#2725=CARTESIAN_POINT('Ctrl Pts',(-25.,-74.9615490826908,-73.8654230463405));
#2726=CARTESIAN_POINT('Ctrl Pts',(-25.,-84.8562291782413,-82.6309210874759));
#2727=CARTESIAN_POINT('Ctrl Pts',(-16.6666666666667,-55.0606544621599,-56.3266743116242));
#2728=CARTESIAN_POINT('Ctrl Pts',(-16.6666666666667,-64.9925127008537,-64.86028201762));
#2729=CARTESIAN_POINT('Ctrl Pts',(-16.6666666666667,-74.9243709395475,-68.2496301758184));
#2730=CARTESIAN_POINT('Ctrl Pts',(-16.6666666666667,-84.8562291782413,-74.2975877541426));
#2731=CARTESIAN_POINT('Ctrl Pts',(-8.33333333333333,-54.9491200327298,-55.9730030742703));
#2732=CARTESIAN_POINT('Ctrl Pts',(-8.33333333333333,-64.918156414567,-59.3034201897833));
#2733=CARTESIAN_POINT('Ctrl Pts',(-8.33333333333333,-74.8871927964041,-62.6338373052962));
#2734=CARTESIAN_POINT('Ctrl Pts',(-8.33333333333333,-84.8562291782413,-65.9642544208092));
#2735=CARTESIAN_POINT('Ctrl Pts',(-8.39536274126403E-17,-54.8375856032997,
-55.7922911293706));
#2736=CARTESIAN_POINT('Ctrl Pts',(-1.1634651971444E-15,-64.8438001282803,
-56.4051677820724));
#2737=CARTESIAN_POINT('Ctrl Pts',(5.88908857473911E-15,-74.8500146532607,
-57.0180444347741));
#2738=CARTESIAN_POINT('Ctrl Pts',(4.44089209850063E-15,-84.8562291782413,
-57.6309210874759));
#2739=CARTESIAN_POINT('',(-25.,-84.8562291782413,-82.6309210874759));
#2740=CARTESIAN_POINT('',(-25.,-54.5142090349156,-55.7515358459041));
#2741=CARTESIAN_POINT('',(-25.,-84.8562291782413,-82.6309210874759));
#2742=CARTESIAN_POINT('Ctrl Pts',(-50.,-55.17218889159,-55.7713295133108));
#2743=CARTESIAN_POINT('Ctrl Pts',(-50.,-65.0668689871404,-56.3911933713658));
#2744=CARTESIAN_POINT('Ctrl Pts',(-50.,-74.9615490826909,-57.0110572294209));
#2745=CARTESIAN_POINT('Ctrl Pts',(-50.,-84.8562291782413,-57.6309210874759));
#2746=CARTESIAN_POINT('Ctrl Pts',(-41.6666666666667,-55.0593828947752,-55.8590961003521));
#2747=CARTESIAN_POINT('Ctrl Pts',(-41.6666666666667,-64.9916649892639,-59.2274822071711));
#2748=CARTESIAN_POINT('Ctrl Pts',(-41.6666666666667,-74.9239470837526,-62.5958683139902));
#2749=CARTESIAN_POINT('Ctrl Pts',(-41.6666666666667,-84.8562291782413,-65.9642544208093));
#2750=CARTESIAN_POINT('Ctrl Pts',(-33.3333262622728,-54.9470937579082,-56.032206853569));
#2751=CARTESIAN_POINT('Ctrl Pts',(-33.3331095370632,-64.9328194043712,-64.7648801581584));
#2752=CARTESIAN_POINT('Ctrl Pts',(-33.3333333333333,-74.8863450848144,-68.1806793985595));
#2753=CARTESIAN_POINT('Ctrl Pts',(-33.3333333333333,-84.8562291782413,-74.2975877541426));
#2754=CARTESIAN_POINT('Ctrl Pts',(-25.,-54.8337709011458,-56.0346292744347));
#2755=CARTESIAN_POINT('Ctrl Pts',(-25.,-64.841256993511,-64.9000598787817));
#2756=CARTESIAN_POINT('Ctrl Pts',(-25.,-74.8487430858761,-73.7654904831288));
#2757=CARTESIAN_POINT('Ctrl Pts',(-25.,-84.8562291782413,-82.6309210874759));
#2758=CARTESIAN_POINT('',(-50.,-84.8562291782413,-57.6309210874759));
#2759=CARTESIAN_POINT('',(-50.,-54.8562291782413,-55.7515358459042));
#2760=CARTESIAN_POINT('',(-50.,-84.8562291782413,-57.6309210874759));
#2761=CARTESIAN_POINT('Ctrl Pts',(-29.019921197417,-84.8562291782413,-86.6508422848928));
#2762=CARTESIAN_POINT('Ctrl Pts',(-27.6818477472288,-83.4911052541057,-87.988915735081));
#2763=CARTESIAN_POINT('Ctrl Pts',(-26.3437742970406,-82.1259813299701,-89.3269891852693));
#2764=CARTESIAN_POINT('Ctrl Pts',(-25.0057008468524,-80.7608574058345,-90.6650626354575));
#2765=CARTESIAN_POINT('Ctrl Pts',(-23.4923171598137,-84.8562291782413,-81.1232382472896));
#2766=CARTESIAN_POINT('Ctrl Pts',(-22.0717876976297,-83.6526060056383,-82.5437677094737));
#2767=CARTESIAN_POINT('Ctrl Pts',(-20.6493966335393,-82.4530626852626,-83.966158773564));
#2768=CARTESIAN_POINT('Ctrl Pts',(-19.2288671713553,-81.2494395126596,-85.3866882357481));
#2769=CARTESIAN_POINT('Ctrl Pts',(-13.8190100940081,-84.8562291782413,-71.449931181484));
#2770=CARTESIAN_POINT('Ctrl Pts',(-12.2493147125497,-84.0229963369029,-73.0196265629424));
#2771=CARTESIAN_POINT('Ctrl Pts',(-10.6796758696208,-83.1876814446831,-74.5892654058712));
#2772=CARTESIAN_POINT('Ctrl Pts',(-9.10998048816244,-82.3544486033447,-76.1589607873296));
#2773=CARTESIAN_POINT('Ctrl Pts',(-4.14570302820242,-84.8562291782413,-61.7766241156783));
#2774=CARTESIAN_POINT('Ctrl Pts',(-2.50354235770512,-84.5325966490009,-63.4187847861756));
#2775=CARTESIAN_POINT('Ctrl Pts',(-0.863192160684014,-84.2095364813344,
-65.0591349831967));
#2776=CARTESIAN_POINT('Ctrl Pts',(0.778968509813281,-83.8859039520941,-66.701295653694));
#2777=CARTESIAN_POINT('Ctrl Pts',(8.88178419700125E-15,-84.8562291782413,
-57.6309210874759));
#2778=CARTESIAN_POINT('Ctrl Pts',(1.64837057586049,-84.7552671372593,-59.2792916633364));
#2779=CARTESIAN_POINT('Ctrl Pts',(3.29674115172097,-84.6543050962773,-60.9276622391969));
#2780=CARTESIAN_POINT('Ctrl Pts',(4.94511172758145,-84.5533430552953,-62.5760328150574));
#2781=CARTESIAN_POINT('Ctrl Pts',(-25.,-84.8562291782413,-82.6309210874759));
#2782=CARTESIAN_POINT('Ctrl Pts',(-25.0000268380118,-84.5390646527758,-83.3468065689788));
#2783=CARTESIAN_POINT('Ctrl Pts',(-25.000347448159,-84.2114264907043,-84.0580005146192));
#2784=CARTESIAN_POINT('Ctrl Pts',(-25.0010398167713,-83.8737653901288,-84.7644013547412));
#2785=CARTESIAN_POINT('Ctrl Pts',(-25.0016992561519,-83.5521635394919,-85.4372055868174));
#2786=CARTESIAN_POINT('Ctrl Pts',(-25.0026967087148,-83.2214670313986,-86.1056610185026));
#2787=CARTESIAN_POINT('Ctrl Pts',(-25.0040687673968,-82.8820720001072,-86.7697106809235));
#2788=CARTESIAN_POINT('Ctrl Pts',(-25.0052174061623,-82.5979425420759,-87.3256294578472));
#2789=CARTESIAN_POINT('Ctrl Pts',(-25.0066289962201,-82.3077221505908,-87.878448795767));
#2790=CARTESIAN_POINT('Ctrl Pts',(-25.0083154608571,-82.0116855362519,-88.4281399570516));
#2791=CARTESIAN_POINT('Ctrl Pts',(-25.0098483289166,-81.7426107744172,-88.9277674056212));
#2792=CARTESIAN_POINT('Ctrl Pts',(-25.0116082817417,-81.4687305265996,-89.4248105347497));
#2793=CARTESIAN_POINT('Ctrl Pts',(-25.0135825806772,-81.1902814913283,-89.9192694571863));
#2794=CARTESIAN_POINT('Ctrl Pts',(-25.0145631241826,-81.051988658265,-90.1648444693264));
#2795=CARTESIAN_POINT('Ctrl Pts',(-25.0155961882084,-80.9125693961948,-90.409782398772));
#2796=CARTESIAN_POINT('Ctrl Pts',(-25.016677929895,-80.7720564076641,-90.6540855416174));
#2797=CARTESIAN_POINT('Ctrl Pts',(-50.,-84.8562291782413,-57.6309210874759));
#2798=CARTESIAN_POINT('Ctrl Pts',(-51.6482994097774,-84.752969525427,-59.2792204972533));
#2799=CARTESIAN_POINT('Ctrl Pts',(-53.2965988195548,-84.6497098726128,-60.9275199070308));
#2800=CARTESIAN_POINT('Ctrl Pts',(-54.9448982293322,-84.5464502197986,-62.5758193168082));
#2801=CARTESIAN_POINT('Ctrl Pts',(-45.8566795339824,-84.8562291782413,-61.7742415534935));
#2802=CARTESIAN_POINT('Ctrl Pts',(-47.4984701361461,-84.5255884330593,-63.4160321556572));
#2803=CARTESIAN_POINT('Ctrl Pts',(-49.1384554620213,-84.1960693630933,-65.0560174815324));
#2804=CARTESIAN_POINT('Ctrl Pts',(-50.780246064185,-83.8654286179113,-66.6978080836961));
#2805=CARTESIAN_POINT('Ctrl Pts',(-36.1889317799413,-84.8562291782412,-71.4419893075346));
#2806=CARTESIAN_POINT('Ctrl Pts',(-37.7556922068189,-84.0132023618966,-73.0087497344122));
#2807=CARTESIAN_POINT('Ctrl Pts',(-39.3222503315997,-83.1680562705394,-74.575307859193));
#2808=CARTESIAN_POINT('Ctrl Pts',(-40.8890107584773,-82.3250294541948,-76.1420682860706));
#2809=CARTESIAN_POINT('Ctrl Pts',(-26.5211840259002,-84.8562291782413,-81.1097370615757));
#2810=CARTESIAN_POINT('Ctrl Pts',(-27.940894005062,-83.6520205450562,-82.5294470407375));
#2811=CARTESIAN_POINT('Ctrl Pts',(-29.3627877912094,-82.4514550446564,-83.9513408268849));
#2812=CARTESIAN_POINT('Ctrl Pts',(-30.7824977703712,-81.2472464114714,-85.3710508060467));
#2813=CARTESIAN_POINT('Ctrl Pts',(-20.9967567378767,-84.8562291782413,-86.6341643495991));
#2814=CARTESIAN_POINT('Ctrl Pts',(-22.3367304685495,-83.4948382547155,-87.9741380802719));
#2815=CARTESIAN_POINT('Ctrl Pts',(-23.6767041992223,-82.1334473311898,-89.3141118109447));
#2816=CARTESIAN_POINT('Ctrl Pts',(-25.016677929895,-80.7720564076641,-90.6540855416175));
#2817=CARTESIAN_POINT('',(-50.,-84.8562291782413,-57.6309210874759));
#2818=CARTESIAN_POINT('Ctrl Pts',(-50.,-55.17218889159,-55.7713295133108));
#2819=CARTESIAN_POINT('Ctrl Pts',(-50.0264997051375,-55.0263098850645,-58.0999474565396));
#2820=CARTESIAN_POINT('Ctrl Pts',(-50.052999410275,-54.8804308785391,-60.4285653997684));
#2821=CARTESIAN_POINT('Ctrl Pts',(-50.0794991154125,-54.7345518720136,-62.7571833429972));
#2822=CARTESIAN_POINT('Ctrl Pts',(-50.,-59.4127660753973,-56.0369854524772));
#2823=CARTESIAN_POINT('Ctrl Pts',(-50.3579631712362,-59.2668976013208,-58.3654352697351));
#2824=CARTESIAN_POINT('Ctrl Pts',(-50.7080307898975,-59.1216980669458,-60.6832070255717));
#2825=CARTESIAN_POINT('Ctrl Pts',(-51.0659939611338,-58.9758295928693,-63.0116568428295));
#2826=CARTESIAN_POINT('Ctrl Pts',(-50.,-69.3074461709477,-56.6568493105323));
#2827=CARTESIAN_POINT('Ctrl Pts',(-51.0990960280264,-69.1737731424281,-58.7906272964849));
#2828=CARTESIAN_POINT('Ctrl Pts',(-52.2032431777345,-69.0401945836463,-60.9228972935081));
#2829=CARTESIAN_POINT('Ctrl Pts',(-53.3023392057609,-68.9065215551267,-63.0566752794607));
#2830=CARTESIAN_POINT('Ctrl Pts',(-50.,-79.2021262664982,-57.2767131685873));
#2831=CARTESIAN_POINT('Ctrl Pts',(-51.4942931467669,-79.08945374821,-59.0752670115545));
#2832=CARTESIAN_POINT('Ctrl Pts',(-52.9841099167429,-78.9759099317191,-60.8877290972301));
#2833=CARTESIAN_POINT('Ctrl Pts',(-54.4784030635098,-78.8632374134309,-62.6862829401973));
#2834=CARTESIAN_POINT('Ctrl Pts',(-50.,-84.8562291782413,-57.6309210874759));
#2835=CARTESIAN_POINT('Ctrl Pts',(-51.6482994097774,-84.752969525427,-59.2792204972533));
#2836=CARTESIAN_POINT('Ctrl Pts',(-53.2965988195548,-84.6497098726128,-60.9275199070307));
#2837=CARTESIAN_POINT('Ctrl Pts',(-54.9448982293322,-84.5464502197986,-62.5758193168082));
#2838=UNCERTAINTY_MEASURE_WITH_UNIT(LENGTH_MEASURE(0.01),#2842,
'DISTANCE_ACCURACY_VALUE',
'Maximum model space distance between geometric entities at asserted c
onnectivities');
#2839=UNCERTAINTY_MEASURE_WITH_UNIT(LENGTH_MEASURE(0.01),#2842,
'DISTANCE_ACCURACY_VALUE',
'Maximum model space distance between geometric entities at asserted c
onnectivities');
#2840=(
GEOMETRIC_REPRESENTATION_CONTEXT(3)
GLOBAL_UNCERTAINTY_ASSIGNED_CONTEXT((#2838))
GLOBAL_UNIT_ASSIGNED_CONTEXT((#2842,#2844,#2845))
REPRESENTATION_CONTEXT('','3D')
);
#2841=(
GEOMETRIC_REPRESENTATION_CONTEXT(3)
GLOBAL_UNCERTAINTY_ASSIGNED_CONTEXT((#2839))
GLOBAL_UNIT_ASSIGNED_CONTEXT((#2842,#2844,#2845))
REPRESENTATION_CONTEXT('','3D')
);
#2842=(
LENGTH_UNIT()
NAMED_UNIT(*)
SI_UNIT(.MILLI.,.METRE.)
);
#2843=(
LENGTH_UNIT()
NAMED_UNIT(*)
SI_UNIT($,.METRE.)
);
#2844=(
NAMED_UNIT(*)
PLANE_ANGLE_UNIT()
SI_UNIT($,.RADIAN.)
);
#2845=(
NAMED_UNIT(*)
SI_UNIT($,.STERADIAN.)
SOLID_ANGLE_UNIT()
);
#2846=SHAPE_DEFINITION_REPRESENTATION(#2847,#2848);
#2847=PRODUCT_DEFINITION_SHAPE('',$,#2850);
#2848=SHAPE_REPRESENTATION('',(#795),#2840);
#2849=PRODUCT_DEFINITION_CONTEXT('part definition',#2854,'design');
#2850=PRODUCT_DEFINITION('Middle','Middle v1',#2851,#2849);
#2851=PRODUCT_DEFINITION_FORMATION('',$,#2856);
#2852=PRODUCT_RELATED_PRODUCT_CATEGORY('Middle v1','Middle v1',(#2856));
#2853=APPLICATION_PROTOCOL_DEFINITION('international standard',
'automotive_design',2009,#2854);
#2854=APPLICATION_CONTEXT(
'Core Data for Automotive Mechanical Design Process');
#2855=PRODUCT_CONTEXT('part definition',#2854,'mechanical');
#2856=PRODUCT('Middle','Middle v1',$,(#2855));
#2857=PRESENTATION_STYLE_ASSIGNMENT((#2858));
#2858=SURFACE_STYLE_USAGE(.BOTH.,#2859);
#2859=SURFACE_SIDE_STYLE('',(#2860));
#2860=SURFACE_STYLE_FILL_AREA(#2861);
#2861=FILL_AREA_STYLE('Steel - Satin',(#2862));
#2862=FILL_AREA_STYLE_COLOUR('Steel - Satin',#2863);
#2863=COLOUR_RGB('Steel - Satin',0.627450980392157,0.627450980392157,0.627450980392157);
ENDSEC;
END-ISO-10303-21;
