  0
SECTION
  2
HEADER
  9
$ACADVER
  1
AC1027
  9
$ACADMAINTVER
 70
   125
  9
$DWGCODEPAGE
  3
ANSI_1252
  9
$LASTSAVEDBY
  1
kaley
  9
$REQUIREDVERSIONS
160
                 0
  9
$INSBASE
 10
0.0
 20
0.0
 30
0.0
  9
$EXTMIN
 10
0.0
 20
0.0
 30
0.0
  9
$EXTMAX
 10
420.0
 20
297.0
 30
0.0
  9
$LIMMIN
 10
0.0
 20
0.0
  9
$LIMMAX
 10
420.0
 20
297.0
  9
$ORTHOMODE
 70
     0
  9
$REGENMODE
 70
     1
  9
$FILLMODE
 70
     1
  9
$QTEXTMODE
 70
     0
  9
$MIRRTEXT
 70
     0
  9
$LTSCALE
 40
0.75
  9
$ATTMODE
 70
     1
  9
$TEXTSIZE
 40
3.5
  9
$TRACEWID
 40
1.0
  9
$TEXTSTYLE
  7
Standard
  9
$CLAYER
  8
0
  9
$CELTYPE
  6
ByLayer
  9
$CECOLOR
 62
   256
  9
$CELTSCALE
 40
1.0
  9
$DISPSILH
 70
     0
  9
$DIMSCALE
 40
1.0
  9
$DIMASZ
 40
3.5
  9
$DIMEXO
 40
2.1
  9
$DIMDLI
 40
10.5
  9
$DIMRND
 40
0.0
  9
$DIMDLE
 40
0.0
  9
$DIMEXE
 40
2.1
  9
$DIMTP
 40
0.1
  9
$DIMTM
 40
0.1
  9
$DIMTXT
 40
3.5
  9
$DIMCEN
 40
0.0
  9
$DIMTSZ
 40
0.0
  9
$DIMTOL
 70
     0
  9
$DIMLIM
 70
     0
  9
$DIMTIH
 70
     0
  9
$DIMTOH
 70
     0
  9
$DIMSE1
 70
     0
  9
$DIMSE2
 70
     0
  9
$DIMTAD
 70
     1
  9
$DIMZIN
 70
     8
  9
$DIMBLK
  1

  9
$DIMASO
 70
     1
  9
$DIMSHO
 70
     1
  9
$DIMPOST
  1

  9
$DIMAPOST
  1

  9
$DIMALT
 70
     0
  9
$DIMALTD
 70
     2
  9
$DIMALTF
 40
0.03937
  9
$DIMLFAC
 40
1.0
  9
$DIMTOFL
 70
     1
  9
$DIMTVP
 40
0.0
  9
$DIMTIX
 70
     0
  9
$DIMSOXD
 70
     0
  9
$DIMSAH
 70
     0
  9
$DIMBLK1
  1

  9
$DIMBLK2
  1

  9
$DIMSTYLE
  2
Dim-ISO-25
  9
$DIMCLRD
 70
     0
  9
$DIMCLRE
 70
     0
  9
$DIMCLRT
 70
     0
  9
$DIMTFAC
 40
0.714286
  9
$DIMGAP
 40
1.4
  9
$DIMJUST
 70
     0
  9
$DIMSD1
 70
     0
  9
$DIMSD2
 70
     0
  9
$DIMTOLJ
 70
     0
  9
$DIMTZIN
 70
     8
  9
$DIMALTZ
 70
    12
  9
$DIMALTTZ
 70
    12
  9
$DIMUPT
 70
     0
  9
$DIMDEC
 70
     2
  9
$DIMTDEC
 70
     2
  9
$DIMALTU
 70
     2
  9
$DIMALTTD
 70
     2
  9
$DIMTXSTY
  7
Standard
  9
$DIMAUNIT
 70
     0
  9
$DIMADEC
 70
     2
  9
$DIMALTRND
 40
0.0
  9
$DIMAZIN
 70
     2
  9
$DIMDSEP
 70
    46
  9
$DIMATFIT
 70
     3
  9
$DIMFRAC
 70
     0
  9
$DIMLDRBLK
  1

  9
$DIMLUNIT
 70
     2
  9
$DIMLWD
 70
    -2
  9
$DIMLWE
 70
    -2
  9
$DIMTMOVE
 70
     0
  9
$DIMFXL
 40
1.0
  9
$DIMFXLON
 70
     0
  9
$DIMJOGANG
 40
0.785398
  9
$DIMTFILL
 70
     0
  9
$DIMTFILLCLR
 70
     0
  9
$DIMARCSYM
 70
     0
  9
$DIMLTYPE
  6

  9
$DIMLTEX1
  6

  9
$DIMLTEX2
  6

  9
$DIMTXTDIRECTION
 70
     0
  9
$LUNITS
 70
     2
  9
$LUPREC
 70
     4
  9
$SKETCHINC
 40
1.0
  9
$FILLETRAD
 40
0.0
  9
$AUNITS
 70
     0
  9
$AUPREC
 70
     0
  9
$MENU
  1
.
  9
$ELEVATION
 40
0.0
  9
$PELEVATION
 40
0.0
  9
$THICKNESS
 40
0.0
  9
$LIMCHECK
 70
     0
  9
$CHAMFERA
 40
0.0
  9
$CHAMFERB
 40
0.0
  9
$CHAMFERC
 40
0.0
  9
$CHAMFERD
 40
0.0
  9
$SKPOLY
 70
     0
  9
$TDCREATE
 40
2461094.545613426
  9
$TDUCREATE
 40
2461094.316446760
  9
$TDUPDATE
 40
2461094.545613426
  9
$TDUUPDATE
 40
2461094.316446760
  9
$TDINDWG
 40
0.0000000000
  9
$TDUSRTIMER
 40
0.0000000000
  9
$USRTIMER
 70
     1
  9
$ANGBASE
 50
0.0
  9
$ANGDIR
 70
     0
  9
$PDMODE
 70
     0
  9
$PDSIZE
 40
0.0
  9
$PLINEWID
 40
0.0
  9
$SPLFRAME
 70
     0
  9
$SPLINETYPE
 70
     6
  9
$SPLINESEGS
 70
     8
  9
$HANDSEED
  5
499
  9
$SURFTAB1
 70
     6
  9
$SURFTAB2
 70
     6
  9
$SURFTYPE
 70
     6
  9
$SURFU
 70
     6
  9
$SURFV
 70
     6
  9
$UCSBASE
  2

  9
$UCSNAME
  2

  9
$UCSORG
 10
0.0
 20
0.0
 30
0.0
  9
$UCSXDIR
 10
1.0
 20
0.0
 30
0.0
  9
$UCSYDIR
 10
0.0
 20
1.0
 30
0.0
  9
$UCSORTHOREF
  2

  9
$UCSORTHOVIEW
 70
     0
  9
$UCSORGTOP
 10
0.0
 20
0.0
 30
0.0
  9
$UCSORGBOTTOM
 10
0.0
 20
0.0
 30
0.0
  9
$UCSORGLEFT
 10
0.0
 20
0.0
 30
0.0
  9
$UCSORGRIGHT
 10
0.0
 20
0.0
 30
0.0
  9
$UCSORGFRONT
 10
0.0
 20
0.0
 30
0.0
  9
$UCSORGBACK
 10
0.0
 20
0.0
 30
0.0
  9
$PUCSBASE
  2

  9
$PUCSNAME
  2

  9
$PUCSORG
 10
0.0
 20
0.0
 30
0.0
  9
$PUCSXDIR
 10
1.0
 20
0.0
 30
0.0
  9
$PUCSYDIR
 10
0.0
 20
1.0
 30
0.0
  9
$PUCSORTHOREF
  2

  9
$PUCSORTHOVIEW
 70
     0
  9
$PUCSORGTOP
 10
0.0
 20
0.0
 30
0.0
  9
$PUCSORGBOTTOM
 10
0.0
 20
0.0
 30
0.0
  9
$PUCSORGLEFT
 10
0.0
 20
0.0
 30
0.0
  9
$PUCSORGRIGHT
 10
0.0
 20
0.0
 30
0.0
  9
$PUCSORGFRONT
 10
0.0
 20
0.0
 30
0.0
  9
$PUCSORGBACK
 10
0.0
 20
0.0
 30
0.0
  9
$USERI1
 70
     0
  9
$USERI2
 70
     0
  9
$USERI3
 70
     0
  9
$USERI4
 70
     0
  9
$USERI5
 70
     0
  9
$USERR1
 40
0.0
  9
$USERR2
 40
0.0
  9
$USERR3
 40
0.0
  9
$USERR4
 40
0.0
  9
$USERR5
 40
0.0
  9
$WORLDVIEW
 70
     1
  9
$SHADEDGE
 70
     3
  9
$SHADEDIF
 70
    70
  9
$TILEMODE
 70
     1
  9
$MAXACTVP
 70
    64
  9
$PINSBASE
 10
0.0
 20
0.0
 30
0.0
  9
$PLIMCHECK
 70
     0
  9
$PEXTMIN
 10
1.000000E+20
 20
1.000000E+20
 30
1.000000E+20
  9
$PEXTMAX
 10
-1.000000E+20
 20
-1.000000E+20
 30
-1.000000E+20
  9
$PLIMMIN
 10
0.0
 20
0.0
  9
$PLIMMAX
 10
12.0
 20
9.0
  9
$UNITMODE
 70
     0
  9
$VISRETAIN
 70
     1
  9
$PLINEGEN
 70
     0
  9
$PSLTSCALE
 70
     1
  9
$TREEDEPTH
 70
  3020
  9
$CMLSTYLE
  2
Standard
  9
$CMLJUST
 70
     0
  9
$CMLSCALE
 40
20.0
  9
$PROXYGRAPHICS
 70
     1
  9
$MEASUREMENT
 70
     1
  9
$CELWEIGHT
370
    -1
  9
$ENDCAPS
280
     0
  9
$JOINSTYLE
280
     0
  9
$LWDISPLAY
290
     0
  9
$INSUNITS
 70
     4
  9
$HYPERLINKBASE
  1

  9
$STYLESHEET
  1

  9
$XEDIT
290
     1
  9
$CEPSNTYPE
380
     0
  9
$PSTYLEMODE
290
     1
  9
$FINGERPRINTGUID
  2
{D1E9F092-670F-9D40-8B8B-DCE343DA9BDE}
  9
$VERSIONGUID
  2
{763D5031-CB89-A146-B488-223697E19A12}
  9
$EXTNAMES
290
     1
  9
$PSVPSCALE
 40
0.0
  9
$OLESTARTUP
290
     0
  9
$SORTENTS
280
   127
  9
$INDEXCTL
280
     0
  9
$HIDETEXT
280
     1
  9
$XCLIPFRAME
280
     0
  9
$HALOGAP
280
     0
  9
$OBSCOLOR
 70
   257
  9
$OBSLTYPE
280
     0
  9
$INTERSECTIONDISPLAY
280
     0
  9
$INTERSECTIONCOLOR
 70
   257
  9
$DIMASSOC
280
     2
  9
$PROJECTNAME
  1

  9
$CAMERADISPLAY
290
     0
  9
$LENSLENGTH
 40
50.0
  9
$CAMERAHEIGHT
 40
0.0
  9
$STEPSPERSEC
 40
2.0
  9
$STEPSIZE
 40
6.0
  9
$3DDWFPREC
 40
2.0
  9
$PSOLWIDTH
 40
5.0
  9
$PSOLHEIGHT
 40
80.0
  9
$LOFTANG1
 40
1.570796
  9
$LOFTANG2
 40
1.570796
  9
$LOFTMAG1
 40
0.0
  9
$LOFTMAG2
 40
0.0
  9
$LOFTPARAM
 70
     7
  9
$LOFTNORMALS
280
     1
  9
$LATITUDE
 40
37.795
  9
$LONGITUDE
 40
-122.394
  9
$NORTHDIRECTION
 40
0.0
  9
$TIMEZONE
 70
 -8000
  9
$LIGHTGLYPHDISPLAY
280
     1
  9
$TILEMODELIGHTSYNCH
280
     1
  9
$CMATERIAL
347
11
  9
$SOLIDHIST
280
     0
  9
$SHOWHIST
280
     1
  9
$DWFFRAME
280
     2
  9
$DGNFRAME
280
     0
  9
$REALWORLDSCALE
290
     1
  9
$INTERFERECOLOR
 62
     1
  9
$INTERFEREOBJVS
345
33
  9
$INTERFEREVPVS
346
30
  9
$CSHADOW
280
     0
  9
$SHADOWPLANELOCATION
 40
0.0
  0
ENDSEC
  0
SECTION
  2
CLASSES
  0
CLASS
  1
ACDBDICTIONARYWDFLT
  2
AcDbDictionaryWithDefault
  3
ObjectDBX Classes
 90
        0
 91
        1
280
     0
281
     0
  0
CLASS
  1
MATERIAL
  2
AcDbMaterial
  3
ObjectDBX Classes
 90
     1153
 91
        3
280
     0
281
     0
  0
CLASS
  1
VISUALSTYLE
  2
AcDbVisualStyle
  3
ObjectDBX Classes
 90
     4095
 91
       24
280
     0
281
     0
  0
CLASS
  1
SCALE
  2
AcDbScale
  3
ObjectDBX Classes
 90
     1153
 91
       18
280
     0
281
     0
  0
CLASS
  1
TABLESTYLE
  2
AcDbTableStyle
  3
ObjectDBX Classes
 90
     4095
 91
        1
280
     0
281
     0
  0
CLASS
  1
MLEADERSTYLE
  2
AcDbMLeaderStyle
  3
ACDB_MLEADERSTYLE_CLASS
 90
     4095
 91
        1
280
     0
281
     0
  0
CLASS
  1
ACDBSECTIONVIEWSTYLE
  2
AcDbSectionViewStyle
  3
ObjectDBX Classes
 90
     1025
 91
        1
280
     0
281
     0
  0
CLASS
  1
ACDBDETAILVIEWSTYLE
  2
AcDbDetailViewStyle
  3
ObjectDBX Classes
 90
     1025
 91
        1
280
     0
281
     0
  0
CLASS
  1
ACMESCOPE
  2
AcMeScope
  3
AcMeServices
 90
     1024
 91
        1
280
     0
281
     0
  0
CLASS
  1
ACMECOMMANDHISTORY
  2
AcMeCommandHistory
  3
AcMeServices
 90
     1024
 91
        1
280
     0
281
     0
  0
CLASS
  1
ACIMSYSVARMAN
  2
AcImSysVarManager
  3
AcMeServices
 90
     1024
 91
        1
280
     0
281
     0
  0
CLASS
  1
ACIMINTSYSVAR
  2
AcImIntSysVar
  3
AcMeServices
 90
     1024
 91
        1
280
     0
281
     0
  0
CLASS
  1
ACMESTATEMGR
  2
AcMeStateMgr
  3
AcMeServices
 90
     1024
 91
        1
280
     0
281
     0
  0
CLASS
  1
ACGREFMASTER
  2
AcGrefMaster
  3
AcAttribServices
 90
     1024
 91
        1
280
     0
281
     0
  0
CLASS
  1
SORTENTSTABLE
  2
AcDbSortentsTable
  3
ObjectDBX Classes
 90
        0
 91
        1
280
     0
281
     0
  0
CLASS
  1
DICTIONARYVAR
  2
AcDbDictionaryVar
  3
ObjectDBX Classes
 90
        0
 91
        6
280
     0
281
     0
  0
CLASS
  1
CELLSTYLEMAP
  2
AcDbCellStyleMap
  3
ObjectDBX Classes
 90
     1152
 91
        1
280
     0
281
     0
  0
ENDSEC
  0
SECTION
  2
TABLES
  0
TABLE
  2
VPORT
  5
8
330
0
100
AcDbSymbolTable
 70
     1
1001
ACAD
1000
DbSaveVer
1071
      428
  0
VPORT
  5
57
330
8
100
AcDbSymbolTableRecord
100
AcDbViewportTableRecord
  2
*Active
 70
     0
 10
0.0
 20
0.0
 11
1.0
 21
1.0
 12
210.0
 22
148.5
 13
0.0
 23
0.0
 14
0.5
 24
0.5
 15
0.0
 25
0.0
 16
0.0
 26
0.0
 36
1.0
 17
0.0
 27
0.0
 37
0.0
 40
297.0
 41
1.692491
 42
50.0
 43
0.0
 44
0.0
 50
0.0
 51
0.0
 71
     0
 72
 20000
 73
     1
 74
     0
 75
     0
 76
     0
 77
     0
 78
     0
281
     0
 65
     1
110
0.0
120
0.0
130
0.0
111
1.0
121
0.0
131
0.0
112
0.0
122
1.0
132
0.0
 79
     0
146
0.0
348
2F
 60
     3
 61
     5
292
     1
282
     1
141
0.0
142
0.0
 63
   250
421
  3355443
  0
ENDTAB
  0
TABLE
  2
LTYPE
  5
5
330
0
100
AcDbSymbolTable
 70
    15
  0
LTYPE
  5
5B
330
5
100
AcDbSymbolTableRecord
100
AcDbLinetypeTableRecord
  2
ByBlock
 70
     0
  3

 72
    65
 73
     0
 40
0.0
  0
LTYPE
  5
5C
330
5
100
AcDbSymbolTableRecord
100
AcDbLinetypeTableRecord
  2
ByLayer
 70
     0
  3

 72
    65
 73
     0
 40
0.0
  0
LTYPE
  5
5D
330
5
100
AcDbSymbolTableRecord
100
AcDbLinetypeTableRecord
  2
Continuous
 70
     0
  3
Solid line
 72
    65
 73
     0
 40
0.0
  0
LTYPE
  5
81
330
5
100
AcDbSymbolTableRecord
100
AcDbLinetypeTableRecord
  2
HIDDEN
 70
     0
  3
Hidden __ __ __ __ __ __ __ __ __ __ __ __ __ _
 72
    65
 73
     2
 40
9.525
 49
6.35
 74
     0
 49
-3.175
 74
     0
  0
LTYPE
  5
82
330
5
100
AcDbSymbolTableRecord
100
AcDbLinetypeTableRecord
  2
PHANTOM2
 70
     0
  3
Phantom (.5x) ___ _ _ ___ _ _ ___ _ _ ___ _ _
 72
    65
 73
     6
 40
31.75
 49
15.875
 74
     0
 49
-3.175
 74
     0
 49
3.175
 74
     0
 49
-3.175
 74
     0
 49
3.175
 74
     0
 49
-3.175
 74
     0
  0
LTYPE
  5
83
330
5
100
AcDbSymbolTableRecord
100
AcDbLinetypeTableRecord
  2
CENTER
 70
     0
  3
Center ____ _ ____ _ ____ _ ____ _ ____ _ ____
 72
    65
 73
     4
 40
50.8
 49
31.75
 74
     0
 49
-6.35
 74
     0
 49
6.35
 74
     0
 49
-6.35
 74
     0
  0
LTYPE
  5
9B
330
5
100
AcDbSymbolTableRecord
100
AcDbLinetypeTableRecord
  2
CENTER2
 70
     0
  3
Center (.5x) ___ _ ___ _ ___ _ ___ _ ___ _ ___
 72
    65
 73
     4
 40
28.575
 49
19.05
 74
     0
 49
-3.175
 74
     0
 49
3.175
 74
     0
 49
-3.175
 74
     0
  0
LTYPE
  5
9C
330
5
100
AcDbSymbolTableRecord
100
AcDbLinetypeTableRecord
  2
AM_ISO02W050
 70
     0
  3
__ __ __ __ __ __ __ __ __ __ __ __ __ __ __
 72
    65
 73
     2
 40
7.5
 49
6.0
 74
     0
 49
-1.5
 74
     0
  0
LTYPE
  5
9D
330
5
100
AcDbSymbolTableRecord
100
AcDbLinetypeTableRecord
  2
AM_ISO08W050
 70
     0
  3
____ . ____ . ____ . ____ . ____ . ____ . ____
 72
    65
 73
     4
 40
18.0
 49
12.0
 74
     0
 49
-1.5
 74
     0
 49
3.0
 74
     0
 49
-1.5
 74
     0
  0
LTYPE
  5
9E
330
5
100
AcDbSymbolTableRecord
100
AcDbLinetypeTableRecord
  2
AM_ISO09W050
 70
     0
  3
_____ . . _____ . . _____ . . ____ .. ____
 72
    65
 73
     6
 40
22.5
 49
12.0
 74
     0
 49
-1.5
 74
     0
 49
3.0
 74
     0
 49
-1.5
 74
     0
 49
3.0
 74
     0
 49
-1.5
 74
     0
  0
LTYPE
  5
9F
330
5
100
AcDbSymbolTableRecord
100
AcDbLinetypeTableRecord
  2
Amconstr
 70
     0
  3
_______________________
 72
    65
 73
     2
 40
9999.0
 49
9999.0
 74
     0
 49
0.0
 74
     0
  0
LTYPE
  5
A0
330
5
100
AcDbSymbolTableRecord
100
AcDbLinetypeTableRecord
  2
AM_ISO08W050x2
 70
     0
  3
__ . __ . __ . __ . __ . __
 72
    65
 73
     4
 40
9.0
 49
6.0
 74
     0
 49
-0.75
 74
     0
 49
1.5
 74
     0
 49
-0.75
 74
     0
  0
LTYPE
  5
A1
330
5
100
AcDbSymbolTableRecord
100
AcDbLinetypeTableRecord
  2
AM_ISO02W050x2
 70
     0
  3
 _ _ _ _ _ _ _ _ _ _ _ _
 72
    65
 73
     2
 40
3.75
 49
3.0
 74
     0
 49
-0.75
 74
     0
  0
LTYPE
  5
A2
330
5
100
AcDbSymbolTableRecord
100
AcDbLinetypeTableRecord
  2
Amzigzag
 70
     0
  3
/\/-/\/-/\/-/\/-/\/-/\/
 72
    65
 73
     2
 40
11.0001
 49
0.0001
 74
     4
 75
   136
340
98
 46
0.04
 50
0.0
 44
0.0
 45
0.0
 49
-11.0
 74
     0
  0
LTYPE
  5
A3
330
5
100
AcDbSymbolTableRecord
100
AcDbLinetypeTableRecord
  2
ACISOWELD
 70
     0
  3
_ _ _ _ _
 72
    65
 73
     2
 40
2.0
 49
2.0
 74
     0
 49
-1.0
 74
     0
  0
LTYPE
  5
A4
330
5
100
AcDbSymbolTableRecord
100
AcDbLinetypeTableRecord
  2
ACISOTGL
 70
     0
  3
_ _ _ _ _
 72
    65
 73
     2
 40
3.0
 49
2.0
 74
     0
 49
-1.0
 74
     0
  0
LTYPE
  5
A5
330
5
100
AcDbSymbolTableRecord
100
AcDbLinetypeTableRecord
  2
ACISOTGB
 70
     0
  3
__ . . __ . .
 72
    65
 73
     6
 40
9.0
 49
4.0
 74
     0
 49
-1.0
 74
     0
 49
1.0
 74
     0
 49
-1.0
 74
     0
 49
1.0
 74
     0
 49
-1.0
 74
     0
  0
ENDTAB
  0
TABLE
  2
LAYER
  5
2
330
0
100
AcDbSymbolTable
 70
     9
  0
LAYER
  5
54
330
2
100
AcDbSymbolTableRecord
100
AcDbLayerTableRecord
  2
0
 70
     0
 62
     7
  6
Continuous
370
    -3
390
F
347
21
348
0
1001
AcAecLayerStandard
1000

1000

  0
LAYER
  5
79
330
2
100
AcDbSymbolTableRecord
100
AcDbLayerTableRecord
  2
Defpoints
 70
     0
 62
     7
  6
Continuous
290
     0
370
    -3
390
F
347
21
348
0
1001
AcAecLayerStandard
1000

1000

  0
LAYER
  5
B2
330
2
100
AcDbSymbolTableRecord
100
AcDbLayerTableRecord
  2
Visible
 70
     0
 62
     7
  6
Continuous
370
    35
390
F
347
21
348
0
  0
LAYER
  5
DE
330
2
100
AcDbSymbolTableRecord
100
AcDbLayerTableRecord
  2
BORDER
 70
     0
 62
     7
  6
Continuous
370
    18
390
F
347
21
348
0
1001
AcAecLayerStandard
1000

1000

1001
AcCmTransparency
1071
        0
  0
LAYER
  5
124
330
2
100
AcDbSymbolTableRecord
100
AcDbLayerTableRecord
  2
FD_Dimensions
 70
     0
 62
     7
  6
Continuous
370
    18
390
F
347
21
348
0
  0
LAYER
  5
194
330
2
100
AcDbSymbolTableRecord
100
AcDbLayerTableRecord
  2
Smart Centers
 70
     0
 62
     7
  6
CENTER2
370
    18
390
F
347
21
348
0
  0
ENDTAB
  0
TABLE
  2
STYLE
  5
3
330
0
100
AcDbSymbolTable
 70
     5
  0
STYLE
  5
55
330
3
100
AcDbSymbolTableRecord
100
AcDbTextStyleTableRecord
  2
Standard
 70
     0
 40
0.0
 41
1.0
 50
0.0
 71
     0
 42
3.5
  3
arial.ttf
  4

1001
ACAD
1000
Arial
1071
       34
  0
STYLE
  5
5A
330
3
100
AcDbSymbolTableRecord
100
AcDbTextStyleTableRecord
  2
Annotative
 70
     0
 40
0.0
 41
1.0
 50
0.0
 71
     0
 42
0.2
  3
txt
  4

1001
AcadAnnotative
1000
AnnotativeData
1002
{
1070
     1
1070
     1
1002
}
  0
STYLE
  5
97
330
3
100
AcDbSymbolTableRecord
100
AcDbTextStyleTableRecord
  2
FusionTitle
 70
     0
 40
0.0
 41
1.0
 50
0.0
 71
     0
 42
2.5
  3
arial.ttf
  4

1001
ACAD
1000
Arial
1071
       34
  0
STYLE
  5
98
330
3
100
AcDbSymbolTableRecord
100
AcDbTextStyleTableRecord
  2

 70
     1
 40
0.0
 41
1.0
 50
0.0
 71
     0
 42
10.0
  3
genltshp.shx
  4

  0
STYLE
  5
99
330
3
100
AcDbSymbolTableRecord
100
AcDbTextStyleTableRecord
  2
ACISOGDT
 70
     0
 40
0.0
 41
1.0
 50
0.0
 71
     0
 42
10.0
  3
amgdt.shx
  4

  0
ENDTAB
  0
TABLE
  2
VIEW
  5
6
330
0
100
AcDbSymbolTable
 70
     0
  0
ENDTAB
  0
TABLE
  2
UCS
  5
7
330
0
100
AcDbSymbolTable
 70
     0
  0
ENDTAB
  0
TABLE
  2
APPID
  5
9
330
0
100
AcDbSymbolTable
 70
    24
  0
APPID
  5
56
330
9
100
AcDbSymbolTableRecord
100
AcDbRegAppTableRecord
  2
ACAD
 70
     0
  0
APPID
  5
5E
330
9
100
AcDbSymbolTableRecord
100
AcDbRegAppTableRecord
  2
AcadAnnotative
 70
     0
  0
APPID
  5
78
330
9
100
AcDbSymbolTableRecord
100
AcDbRegAppTableRecord
  2
ACAD_PSEXT
 70
     0
  0
APPID
  5
7A
330
9
100
AcDbSymbolTableRecord
100
AcDbRegAppTableRecord
  2
MCAD_NO_VIS
 70
     0
  0
APPID
  5
7B
330
9
100
AcDbSymbolTableRecord
100
AcDbRegAppTableRecord
  2
ACAD_TEMP_GRAPHIC
 70
     0
  0
APPID
  5
84
330
9
100
AcDbSymbolTableRecord
100
AcDbRegAppTableRecord
  2
ACAD_DSTYLE_DIMJAG
 70
     0
  0
APPID
  5
85
330
9
100
AcDbSymbolTableRecord
100
AcDbRegAppTableRecord
  2
ACAD_DSTYLE_DIMTALN
 70
     0
  0
APPID
  5
86
330
9
100
AcDbSymbolTableRecord
100
AcDbRegAppTableRecord
  2
ACAD_NAV_VCDISPLAY
 70
     0
  0
APPID
  5
87
330
9
100
AcDbSymbolTableRecord
100
AcDbRegAppTableRecord
  2
AcAecLayerStandard
 70
     0
  0
APPID
  5
88
330
9
100
AcDbSymbolTableRecord
100
AcDbRegAppTableRecord
  2
AcCmTransparency
 70
     0
  0
APPID
  5
89
330
9
100
AcDbSymbolTableRecord
100
AcDbRegAppTableRecord
  2
AcDbDynamicBlockGUID
 70
     0
  0
APPID
  5
8A
330
9
100
AcDbSymbolTableRecord
100
AcDbRegAppTableRecord
  2
ACAD_DSTYLE_DIMBREAK
 70
     0
  0
APPID
  5
8B
330
9
100
AcDbSymbolTableRecord
100
AcDbRegAppTableRecord
  2
ACAD_DSTYLE_DIMRADIAL_EXTENSION
 70
     0
  0
APPID
  5
8C
330
9
100
AcDbSymbolTableRecord
100
AcDbRegAppTableRecord
  2
ACAD_TC
 70
     0
  0
APPID
  5
8D
330
9
100
AcDbSymbolTableRecord
100
AcDbRegAppTableRecord
  2
FUSIONCURRENTTITLEBLOCK
 70
     0
  0
APPID
  5
8E
330
9
100
AcDbSymbolTableRecord
100
AcDbRegAppTableRecord
  2
AcSynergy
 70
     0
  0
APPID
  5
8F
330
9
100
AcDbSymbolTableRecord
100
AcDbRegAppTableRecord
  2
GENIUS_GENSCREG_15
 70
     0
  0
APPID
  5
90
330
9
100
AcDbSymbolTableRecord
100
AcDbRegAppTableRecord
  2
GENIUS_GENOBJ-N-SDF_13
 70
     0
  0
APPID
  5
91
330
9
100
AcDbSymbolTableRecord
100
AcDbRegAppTableRecord
  2
GENIUS_GENODEF_13
 70
     0
  0
APPID
  5
92
330
9
100
AcDbSymbolTableRecord
100
AcDbRegAppTableRecord
  2
ACAD_DIMASSOC_CALC_DIMLFAC
 70
     0
  0
APPID
  5
93
330
9
100
AcDbSymbolTableRecord
100
AcDbRegAppTableRecord
  2
ACAD_DIMASSOC_DIMLFAC
 70
     0
  0
APPID
  5
94
330
9
100
AcDbSymbolTableRecord
100
AcDbRegAppTableRecord
  2
ACAD_DIMASSOC_OVERRIDDEN_DIMLFAC
 70
     0
  0
APPID
  5
95
330
9
100
AcDbSymbolTableRecord
100
AcDbRegAppTableRecord
  2
ACAD_DSTYLE_DIMJAG_POSITION
 70
     0
  0
APPID
  5
96
330
9
100
AcDbSymbolTableRecord
100
AcDbRegAppTableRecord
  2
ACATTRIBSERVICES
 70
     0
  0
ENDTAB
  0
TABLE
  2
DIMSTYLE
  5
A
330
0
100
AcDbSymbolTable
 70
     4
100
AcDbDimStyleTable
 71
     1
340
A9
  0
DIMSTYLE
105
58
330
A
100
AcDbSymbolTableRecord
100
AcDbDimStyleTableRecord
  2
Standard
 70
     0
 41
3.5
 42
2.1
 43
10.5
 44
2.1
 78
     8
 79
     2
140
3.5
143
0.03937
146
0.714286
147
1.4
179
     2
271
     2
272
     2
284
     8
340
55
  0
DIMSTYLE
105
59
330
A
100
AcDbSymbolTableRecord
100
AcDbDimStyleTableRecord
  2
Annotative
 70
     0
 40
0.0
 41
3.5
 42
2.1
 43
10.5
 44
2.1
 73
     0
 74
     0
 77
     1
 78
     8
 79
     2
140
3.5
141
2.5
143
0.03937
146
0.714286
147
1.4
171
     3
172
     1
179
     2
271
     2
272
     2
274
     3
278
    44
283
     0
284
     8
340
55
1001
AcadAnnotative
1000
AnnotativeData
1002
{
1070
     1
1070
     1
1002
}
  0
DIMSTYLE
105
A8
330
A
100
AcDbSymbolTableRecord
100
AcDbDimStyleTableRecord
  2
ISO-25
 70
     0
  4
in
 41
3.5
 42
2.1
 43
10.5
 44
2.1
 47
0.1
 48
0.1
 73
     0
 74
     0
 77
     1
 78
     8
 79
     2
140
3.5
141
0.0
143
0.03937
146
0.714286
147
1.4
171
     4
172
     1
176
   256
177
   256
178
   256
179
     2
271
     2
272
     2
274
     4
283
     0
284
     8
285
     8
340
55
1001
ACAD_DSTYLE_DIMJAG
1070
   388
1040
1.5
1001
ACAD_DSTYLE_DIMTALN
1070
   392
1070
     1
1001
ACAD_DSTYLE_DIMBREAK
1070
   391
1040
3.5
  0
DIMSTYLE
105
A9
102
{ACAD_REACTORS
330
123
330
131
330
13E
330
14B
330
15A
330
16A
330
179
330
186
330
1AD
330
1BA
330
1C4
102
}
330
A
100
AcDbSymbolTableRecord
100
AcDbDimStyleTableRecord
  2
Dim-ISO-25
 70
     0
 41
3.5
 42
2.1
 43
10.5
 44
2.1
 47
0.1
 48
0.1
 73
     0
 74
     0
 77
     1
 78
     8
 79
     2
140
3.5
141
0.0
143
0.03937
146
0.714286
147
1.4
172
     1
179
     2
271
     2
272
     2
283
     0
284
     8
285
    12
286
    12
340
55
1001
ACAD_DSTYLE_DIMJAG
1070
   388
1040
1.5
1001
ACAD_DSTYLE_DIMTALN
1070
   392
1070
     1
1001
ACAD_DSTYLE_DIMBREAK
1070
   391
1040
3.5
  0
ENDTAB
  0
TABLE
  2
BLOCK_RECORD
  5
1
330
0
100
AcDbSymbolTable
 70
    30
  0
BLOCK_RECORD
  5
70
102
{ACAD_XDICTIONARY
360
AB
102
}
330
1
100
AcDbSymbolTableRecord
100
AcDbBlockTableRecord
  2
*Model_Space
340
73
 70
     0
280
     1
281
     0
  0
BLOCK_RECORD
  5
6C
330
1
100
AcDbSymbolTableRecord
100
AcDbBlockTableRecord
  2
*Paper_Space
340
6F
 70
     0
280
     1
281
     0
  0
BLOCK_RECORD
  5
74
330
1
100
AcDbSymbolTableRecord
100
AcDbBlockTableRecord
  2
*Paper_Space0
340
77
 70
     0
280
     1
281
     0
  0
BLOCK_RECORD
  5
DF
102
{ACAD_XDICTIONARY
360
E0
102
}
330
1
100
AcDbSymbolTableRecord
100
AcDbBlockTableRecord
  2
ISO_A3_SHEET
340
0
310
2800000020000000200000000100080000000000000400000000000000000000000000000000000000000000000080000080000000808000800000008000800080800000C0C0C000C0DCC000F0CAA6000020400000206000002080000020A0000020C0000020E00000400000004020000040400000406000004080000040A0
310
000040C0000040E00000600000006020000060400000606000006080000060A0000060C0000060E00000800000008020000080400000806000008080000080A0000080C0000080E00000A0000000A0200000A0400000A0600000A0800000A0A00000A0C00000A0E00000C0000000C0200000C0400000C0600000C0800000C0
310
A00000C0C00000C0E00000E0000000E0200000E0400000E0600000E0800000E0A00000E0C00000E0E00040000000400020004000400040006000400080004000A0004000C0004000E00040200000402020004020400040206000402080004020A0004020C0004020E000404000004040200040404000404060004040800040
310
40A0004040C0004040E00040600000406020004060400040606000406080004060A0004060C0004060E00040800000408020004080400040806000408080004080A0004080C0004080E00040A0000040A0200040A0400040A0600040A0800040A0A00040A0C00040A0E00040C0000040C0200040C0400040C0600040C08000
310
40C0A00040C0C00040C0E00040E0000040E0200040E0400040E0600040E0800040E0A00040E0C00040E0E00080000000800020008000400080006000800080008000A0008000C0008000E00080200000802020008020400080206000802080008020A0008020C0008020E00080400000804020008040400080406000804080
310
008040A0008040C0008040E00080600000806020008060400080606000806080008060A0008060C0008060E00080800000808020008080400080806000808080008080A0008080C0008080E00080A0000080A0200080A0400080A0600080A0800080A0A00080A0C00080A0E00080C0000080C0200080C0400080C0600080C0
310
800080C0A00080C0C00080C0E00080E0000080E0200080E0400080E0600080E0800080E0A00080E0C00080E0E000C0000000C0002000C0004000C0006000C0008000C000A000C000C000C000E000C0200000C0202000C0204000C0206000C0208000C020A000C020C000C020E000C0400000C0402000C0404000C0406000C0
310
408000C040A000C040C000C040E000C0600000C0602000C0604000C0606000C0608000C060A000C060C000C060E000C0800000C0802000C0804000C0806000C0808000C080A000C080C000C080E000C0A00000C0A02000C0A04000C0A06000C0A08000C0A0A000C0A0C000C0A0E000C0C00000C0C02000C0C04000C0C06000
310
C0C08000C0C0A000F0FBFF00A4A0A000808080000000FF0000FF000000FFFF00FF000000FF00FF00FFFF0000FFFFFF0049494949494949494949494949494949494949494949494949494949494949494949494949494949494949494949494949494949494949494949494949494949494949494949494949494949494949
310
494949494949494949494949494949494949494949494949494949494949494949494949494949494949494949494949494949494949494949494949494949494949494949494949494949494949494949494949494949494949494949494949494949494949494949494949494949494949FFFFFFFFFFFFFFFFFFFFFFFFFF
310
FFFFFFFFFFFFFFFFFFFFFFFFFFFFFFFFFF4949FF49FF494949494949494949494949FF494949494949494949494949FFFF49494949FF49494949494949494949494949494949494949494949494949FF49494949FFFF49494949494949494949494949494949494949494949494949FF4949494949FF494949494949494949
310
49494949494949494949494949494949FF4949494949FF49494949494949494949494949494949494949494949494949FF49494949FFFF49494949494949494949494949494949494949494949494949FF4949494949FF49494949494949494949494949494949494949494949494949FF4949494949FF4949494949494949
310
4949494949494949494949494949494949FF4949494949FF49494949494949494949494949494949494949494949494949FF49494949FFFF49494949494949494949494949494949494949494949494949FF4949494949FF49494949494949494949494949494949494949494949494949FF4949494949FF49494949494949
310
494949494949494949494949494949494949FF49494949FFFF49494949494949494949494949494949494949494949494949FF4949494949FF49494949494949494949494949494949494949494949494949FF4949494949FF49494949494949494949494949494949494949494949494949FF49494949FFFF494949494949
310
49494949494949494949494949494949494949FF4949494949FF49494949494949494949494949494949494949494949494949FF494949FF49FF494949494949494949494949FF494949494949494949494949FFFF4949FFFFFFFFFFFFFFFFFFFFFFFFFFFFFFFFFFFFFFFFFFFFFFFFFFFFFFFFFFFF49494949494949494949
310
49494949494949494949494949494949494949494949494949494949494949494949494949494949494949494949494949494949494949494949494949494949494949494949494949494949494949494949494949494949494949494949494949494949494949494949494949494949494949494949494949494949494949
310
4949494949494949494949494949494949494949494949494949494949494949494949494949494949494949494949494949494949494949
102
{BLKREFS
331
DD
102
}
 70
     4
280
     1
281
     0
1001
AcDbDynamicBlockGUID
1000
{B4874B5E-8040-BF49-A9B6-B81412F7B0AC}
  0
BLOCK_RECORD
  5
125
330
1
100
AcDbSymbolTableRecord
100
AcDbBlockTableRecord
  2
*D5
340
0
 70
     0
280
     1
281
     0
  0
BLOCK_RECORD
  5
132
330
1
100
AcDbSymbolTableRecord
100
AcDbBlockTableRecord
  2
*D6
340
0
 70
     0
280
     1
281
     0
  0
BLOCK_RECORD
  5
13F
330
1
100
AcDbSymbolTableRecord
100
AcDbBlockTableRecord
  2
*D7
340
0
 70
     0
280
     1
281
     0
  0
BLOCK_RECORD
  5
14C
330
1
100
AcDbSymbolTableRecord
100
AcDbBlockTableRecord
  2
*D8
340
0
 70
     0
280
     1
281
     0
  0
BLOCK_RECORD
  5
15B
330
1
100
AcDbSymbolTableRecord
100
AcDbBlockTableRecord
  2
*D9
340
0
 70
     0
280
     1
281
     0
  0
BLOCK_RECORD
  5
16B
330
1
100
AcDbSymbolTableRecord
100
AcDbBlockTableRecord
  2
*D10
340
0
 70
     0
280
     1
281
     0
  0
BLOCK_RECORD
  5
17A
330
1
100
AcDbSymbolTableRecord
100
AcDbBlockTableRecord
  2
*D11
340
0
 70
     0
280
     1
281
     0
  0
BLOCK_RECORD
  5
187
330
1
100
AcDbSymbolTableRecord
100
AcDbBlockTableRecord
  2
*D12
340
0
 70
     0
280
     1
281
     0
  0
BLOCK_RECORD
  5
195
330
1
100
AcDbSymbolTableRecord
100
AcDbBlockTableRecord
  2
*U13
340
0
102
{BLKREFS
331
193
102
}
 70
     0
280
     1
281
     0
  0
BLOCK_RECORD
  5
19A
330
1
100
AcDbSymbolTableRecord
100
AcDbBlockTableRecord
  2
*U14
340
0
102
{BLKREFS
331
199
102
}
 70
     0
280
     1
281
     0
  0
BLOCK_RECORD
  5
1A4
330
1
100
AcDbSymbolTableRecord
100
AcDbBlockTableRecord
  2
*U15
340
0
102
{BLKREFS
331
1A3
102
}
 70
     0
280
     1
281
     0
  0
BLOCK_RECORD
  5
1AE
330
1
100
AcDbSymbolTableRecord
100
AcDbBlockTableRecord
  2
*D16
340
0
 70
     0
280
     1
281
     0
  0
BLOCK_RECORD
  5
1BB
330
1
100
AcDbSymbolTableRecord
100
AcDbBlockTableRecord
  2
*D17
340
0
 70
     0
280
     1
281
     0
  0
BLOCK_RECORD
  5
1C5
330
1
100
AcDbSymbolTableRecord
100
AcDbBlockTableRecord
  2
*D18
340
0
 70
     0
280
     1
281
     0
  0
BLOCK_RECORD
  5
1D4
330
1
100
AcDbSymbolTableRecord
100
AcDbBlockTableRecord
  2
*D19
340
0
 70
     0
280
     1
281
     0
  0
BLOCK_RECORD
  5
1E0
330
1
100
AcDbSymbolTableRecord
100
AcDbBlockTableRecord
  2
*D20
340
0
 70
     0
280
     1
281
     0
  0
BLOCK_RECORD
  5
1EC
330
1
100
AcDbSymbolTableRecord
100
AcDbBlockTableRecord
  2
*D21
340
0
 70
     0
280
     1
281
     0
  0
BLOCK_RECORD
  5
1F8
330
1
100
AcDbSymbolTableRecord
100
AcDbBlockTableRecord
  2
*D22
340
0
 70
     0
280
     1
281
     0
  0
BLOCK_RECORD
  5
206
330
1
100
AcDbSymbolTableRecord
100
AcDbBlockTableRecord
  2
*D23
340
0
 70
     0
280
     1
281
     0
  0
BLOCK_RECORD
  5
215
330
1
100
AcDbSymbolTableRecord
100
AcDbBlockTableRecord
  2
*D24
340
0
 70
     0
280
     1
281
     0
  0
BLOCK_RECORD
  5
223
330
1
100
AcDbSymbolTableRecord
100
AcDbBlockTableRecord
  2
*D25
340
0
 70
     0
280
     1
281
     0
  0
BLOCK_RECORD
  5
22F
330
1
100
AcDbSymbolTableRecord
100
AcDbBlockTableRecord
  2
*D26
340
0
 70
     0
280
     1
281
     0
  0
BLOCK_RECORD
  5
23B
330
1
100
AcDbSymbolTableRecord
100
AcDbBlockTableRecord
  2
*D27
340
0
 70
     0
280
     1
281
     0
  0
BLOCK_RECORD
  5
247
330
1
100
AcDbSymbolTableRecord
100
AcDbBlockTableRecord
  2
*D28
340
0
 70
     0
280
     1
281
     0
  0
BLOCK_RECORD
  5
250
330
1
100
AcDbSymbolTableRecord
100
AcDbBlockTableRecord
  2
*D29
340
0
 70
     0
280
     1
281
     0
  0
ENDTAB
  0
ENDSEC
  0
SECTION
  2
BLOCKS
  0
BLOCK
  5
71
330
70
100
AcDbEntity
  8
0
100
AcDbBlockBegin
  2
*Model_Space
 70
     0
 10
0.0
 20
0.0
 30
0.0
  3
*Model_Space
  1

  0
ENDBLK
  5
72
330
70
100
AcDbEntity
  8
0
100
AcDbBlockEnd
  0
BLOCK
  5
6D
330
6C
100
AcDbEntity
 67
     1
  8
0
100
AcDbBlockBegin
  2
*Paper_Space
 70
     0
 10
0.0
 20
0.0
 30
0.0
  3
*Paper_Space
  1

  0
ENDBLK
  5
6E
330
6C
100
AcDbEntity
 67
     1
  8
0
100
AcDbBlockEnd
  0
BLOCK
  5
75
330
74
100
AcDbEntity
 67
     1
  8
0
100
AcDbBlockBegin
  2
*Paper_Space0
 70
     0
 10
0.0
 20
0.0
 30
0.0
  3
*Paper_Space0
  1

  0
ENDBLK
  5
76
330
74
100
AcDbEntity
 67
     1
  8
0
100
AcDbBlockEnd
  0
BLOCK
  5
E1
330
DF
100
AcDbEntity
  8
0
100
AcDbBlockBegin
  2
ISO_A3_SHEET
 70
     0
 10
0.0
 20
0.0
 30
0.0
  3
ISO_A3_SHEET
  1

  0
LINE
  5
E2
330
DF
100
AcDbEntity
  8
Defpoints
100
AcDbLine
 10
0.0
 20
0.0
 30
0.0
 11
15.0
 21
0.0
 31
0.0
  0
LINE
  5
E3
330
DF
100
AcDbEntity
  8
Defpoints
100
AcDbLine
 10
405.0
 20
0.0
 30
0.0
 11
420.0
 21
0.0
 31
0.0
  0
LINE
  5
E4
330
DF
100
AcDbEntity
  8
BORDER
100
AcDbLine
 10
20.0
 20
10.0
 30
0.0
 11
410.0
 21
10.0
 31
0.0
  0
LINE
  5
E5
330
DF
100
AcDbEntity
  8
Defpoints
100
AcDbLine
 10
420.0
 20
0.0
 30
0.0
 11
420.0
 21
15.0
 31
0.0
  0
LINE
  5
E6
330
DF
100
AcDbEntity
  8
Defpoints
100
AcDbLine
 10
420.0
 20
282.0
 30
0.0
 11
420.0
 21
297.0
 31
0.0
  0
LINE
  5
E7
330
DF
100
AcDbEntity
  8
Defpoints
100
AcDbLine
 10
420.0
 20
297.0
 30
0.0
 11
405.0
 21
297.0
 31
0.0
  0
LINE
  5
E8
330
DF
100
AcDbEntity
  8
Defpoints
100
AcDbLine
 10
15.0
 20
297.0
 30
0.0
 11
0.0
 21
297.0
 31
0.0
  0
LINE
  5
E9
330
DF
100
AcDbEntity
  8
BORDER
100
AcDbLine
 10
410.0
 20
287.0
 30
0.0
 11
20.0
 21
287.0
 31
0.0
  0
LINE
  5
EA
330
DF
100
AcDbEntity
  8
Defpoints
100
AcDbLine
 10
0.0
 20
297.0
 30
0.0
 11
0.0
 21
282.0
 31
0.0
  0
LINE
  5
EB
330
DF
100
AcDbEntity
  8
Defpoints
100
AcDbLine
 10
0.0
 20
15.0
 30
0.0
 11
0.0
 21
0.0
 31
0.0
  0
LINE
  5
EC
330
DF
100
AcDbEntity
  8
BORDER
100
AcDbLine
 10
20.0
 20
287.0
 30
0.0
 11
20.0
 21
10.0
 31
0.0
  0
LINE
  5
ED
330
DF
100
AcDbEntity
  8
BORDER
100
AcDbLine
 10
410.0
 20
287.0
 30
0.0
 11
410.0
 21
10.0
 31
0.0
  0
LINE
  5
EE
330
DF
100
AcDbEntity
  8
BORDER
100
AcDbLine
 10
215.0
 20
5.0
 30
0.0
 11
215.0
 21
15.0
 31
0.0
  0
LINE
  5
EF
330
DF
100
AcDbEntity
  8
BORDER
100
AcDbLine
 10
215.0
 20
292.0
 30
0.0
 11
215.0
 21
282.0
 31
0.0
  0
LINE
  5
F0
330
DF
100
AcDbEntity
  8
BORDER
100
AcDbLine
 10
265.0
 20
292.0
 30
0.0
 11
265.0
 21
287.0
 31
0.0
  0
LINE
  5
F1
330
DF
100
AcDbEntity
  8
BORDER
100
AcDbLine
 10
315.0
 20
292.0
 30
0.0
 11
315.0
 21
287.0
 31
0.0
  0
LINE
  5
F2
330
DF
100
AcDbEntity
  8
BORDER
100
AcDbLine
 10
365.0
 20
292.0
 30
0.0
 11
365.0
 21
287.0
 31
0.0
  0
LINE
  5
F3
330
DF
100
AcDbEntity
  8
BORDER
100
AcDbLine
 10
165.0
 20
292.0
 30
0.0
 11
165.0
 21
287.0
 31
0.0
  0
LINE
  5
F4
330
DF
100
AcDbEntity
  8
BORDER
100
AcDbLine
 10
115.0
 20
292.0
 30
0.0
 11
115.0
 21
287.0
 31
0.0
  0
LINE
  5
F5
330
DF
100
AcDbEntity
  8
BORDER
100
AcDbLine
 10
65.0
 20
292.0
 30
0.0
 11
65.0
 21
287.0
 31
0.0
  0
LINE
  5
F6
330
DF
100
AcDbEntity
  8
BORDER
100
AcDbLine
 10
15.0
 20
148.5
 30
0.0
 11
25.0
 21
148.5
 31
0.0
  0
LINE
  5
F7
330
DF
100
AcDbEntity
  8
BORDER
100
AcDbLine
 10
15.0
 20
100.66667
 30
0.0
 11
20.0
 21
100.66667
 31
0.0
  0
LINE
  5
F8
330
DF
100
AcDbEntity
  8
BORDER
100
AcDbLine
 10
15.0
 20
52.83334
 30
0.0
 11
20.0
 21
52.83334
 31
0.0
  0
LINE
  5
F9
330
DF
100
AcDbEntity
  8
BORDER
100
AcDbLine
 10
15.0
 20
196.33333
 30
0.0
 11
20.0
 21
196.33333
 31
0.0
  0
LINE
  5
FA
330
DF
100
AcDbEntity
  8
BORDER
100
AcDbLine
 10
15.0
 20
244.16666
 30
0.0
 11
20.0
 21
244.16666
 31
0.0
  0
LINE
  5
FB
330
DF
100
AcDbEntity
  8
BORDER
100
AcDbLine
 10
415.0
 20
148.5
 30
0.0
 11
405.0
 21
148.5
 31
0.0
  0
LINE
  5
FC
330
DF
100
AcDbEntity
  8
BORDER
100
AcDbLine
 10
265.0
 20
5.0
 30
0.0
 11
265.0
 21
10.0
 31
0.0
  0
LINE
  5
FD
330
DF
100
AcDbEntity
  8
BORDER
100
AcDbLine
 10
315.0
 20
5.0
 30
0.0
 11
315.0
 21
10.0
 31
0.0
  0
LINE
  5
FE
330
DF
100
AcDbEntity
  8
BORDER
100
AcDbLine
 10
365.0
 20
5.0
 30
0.0
 11
365.0
 21
10.0
 31
0.0
  0
LINE
  5
FF
330
DF
100
AcDbEntity
  8
BORDER
100
AcDbLine
 10
165.0
 20
5.0
 30
0.0
 11
165.0
 21
10.0
 31
0.0
  0
LINE
  5
100
330
DF
100
AcDbEntity
  8
BORDER
100
AcDbLine
 10
115.0
 20
5.0
 30
0.0
 11
115.0
 21
10.0
 31
0.0
  0
LINE
  5
101
330
DF
100
AcDbEntity
  8
BORDER
100
AcDbLine
 10
65.0
 20
5.0
 30
0.0
 11
65.0
 21
10.0
 31
0.0
  0
LINE
  5
102
330
DF
100
AcDbEntity
  8
BORDER
100
AcDbLine
 10
415.0
 20
100.66667
 30
0.0
 11
410.0
 21
100.66667
 31
0.0
  0
LINE
  5
103
330
DF
100
AcDbEntity
  8
BORDER
100
AcDbLine
 10
415.0
 20
52.83334
 30
0.0
 11
410.0
 21
52.83334
 31
0.0
  0
LINE
  5
104
330
DF
100
AcDbEntity
  8
BORDER
100
AcDbLine
 10
415.0
 20
196.33333
 30
0.0
 11
410.0
 21
196.33333
 31
0.0
  0
LINE
  5
105
330
DF
100
AcDbEntity
  8
BORDER
100
AcDbLine
 10
415.0
 20
244.16666
 30
0.0
 11
410.0
 21
244.16666
 31
0.0
  0
TEXT
  5
106
330
DF
100
AcDbEntity
  8
BORDER
100
AcDbText
 10
39.02882
 20
288.244884
 30
0.0
 40
2.5
  1
1
  7
FusionTitle
 72
     4
 11
40.0
 21
289.5
 31
0.0
100
AcDbText
  0
TEXT
  5
107
330
DF
100
AcDbEntity
  8
BORDER
100
AcDbText
 10
16.335266
 20
266.83333
 30
0.0
 40
2.5
  1
A
  7
FusionTitle
 72
     4
 11
17.5
 21
268.08333
 31
0.0
100
AcDbText
  0
TEXT
  5
108
330
DF
100
AcDbEntity
  8
BORDER
100
AcDbText
 10
89.02882
 20
288.244884
 30
0.0
 40
2.5
  1
2
  7
FusionTitle
 72
     4
 11
90.0
 21
289.5
 31
0.0
100
AcDbText
  0
TEXT
  5
109
330
DF
100
AcDbEntity
  8
BORDER
100
AcDbText
 10
139.02882
 20
288.267053
 30
0.0
 40
2.5
  1
3
  7
FusionTitle
 72
     4
 11
140.0
 21
289.5
 31
0.0
100
AcDbText
  0
TEXT
  5
10A
330
DF
100
AcDbEntity
  8
BORDER
100
AcDbText
 10
189.02882
 20
288.25
 30
0.0
 40
2.5
  1
4
  7
FusionTitle
 72
     4
 11
190.0
 21
289.5
 31
0.0
100
AcDbText
  0
TEXT
  5
10B
330
DF
100
AcDbEntity
  8
BORDER
100
AcDbText
 10
239.02882
 20
288.28837
 30
0.0
 40
2.5
  1
5
  7
FusionTitle
 72
     4
 11
240.0
 21
289.5
 31
0.0
100
AcDbText
  0
TEXT
  5
10C
330
DF
100
AcDbEntity
  8
BORDER
100
AcDbText
 10
289.02882
 20
288.266201
 30
0.0
 40
2.5
  1
6
  7
FusionTitle
 72
     4
 11
290.0
 21
289.5
 31
0.0
100
AcDbText
  0
TEXT
  5
10D
330
DF
100
AcDbEntity
  8
BORDER
100
AcDbText
 10
339.02882
 20
288.266201
 30
0.0
 40
2.5
  1
7
  7
FusionTitle
 72
     4
 11
340.0
 21
289.5
 31
0.0
100
AcDbText
  0
TEXT
  5
10E
330
DF
100
AcDbEntity
  8
BORDER
100
AcDbText
 10
389.02882
 20
288.266201
 30
0.0
 40
2.5
  1
8
  7
FusionTitle
 72
     4
 11
390.0
 21
289.5
 31
0.0
100
AcDbText
  0
TEXT
  5
10F
330
DF
100
AcDbEntity
  8
BORDER
100
AcDbText
 10
39.02882
 20
6.244884
 30
0.0
 40
2.5
  1
1
  7
FusionTitle
 72
     4
 11
40.0
 21
7.5
 31
0.0
100
AcDbText
  0
TEXT
  5
110
330
DF
100
AcDbEntity
  8
BORDER
100
AcDbText
 10
89.02882
 20
6.244884
 30
0.0
 40
2.5
  1
2
  7
FusionTitle
 72
     4
 11
90.0
 21
7.5
 31
0.0
100
AcDbText
  0
TEXT
  5
111
330
DF
100
AcDbEntity
  8
BORDER
100
AcDbText
 10
139.02882
 20
6.267053
 30
0.0
 40
2.5
  1
3
  7
FusionTitle
 72
     4
 11
140.0
 21
7.5
 31
0.0
100
AcDbText
  0
TEXT
  5
112
330
DF
100
AcDbEntity
  8
BORDER
100
AcDbText
 10
189.02882
 20
6.25
 30
0.0
 40
2.5
  1
4
  7
FusionTitle
 72
     4
 11
190.0
 21
7.5
 31
0.0
100
AcDbText
  0
TEXT
  5
113
330
DF
100
AcDbEntity
  8
BORDER
100
AcDbText
 10
239.02882
 20
6.28837
 30
0.0
 40
2.5
  1
5
  7
FusionTitle
 72
     4
 11
240.0
 21
7.5
 31
0.0
100
AcDbText
  0
TEXT
  5
114
330
DF
100
AcDbEntity
  8
BORDER
100
AcDbText
 10
289.02882
 20
6.266201
 30
0.0
 40
2.5
  1
6
  7
FusionTitle
 72
     4
 11
290.0
 21
7.5
 31
0.0
100
AcDbText
  0
TEXT
  5
115
330
DF
100
AcDbEntity
  8
BORDER
100
AcDbText
 10
339.02882
 20
6.266201
 30
0.0
 40
2.5
  1
7
  7
FusionTitle
 72
     4
 11
340.0
 21
7.5
 31
0.0
100
AcDbText
  0
TEXT
  5
116
330
DF
100
AcDbEntity
  8
BORDER
100
AcDbText
 10
389.02882
 20
6.266201
 30
0.0
 40
2.5
  1
8
  7
FusionTitle
 72
     4
 11
390.0
 21
7.5
 31
0.0
100
AcDbText
  0
TEXT
  5
117
330
DF
100
AcDbEntity
  8
BORDER
100
AcDbText
 10
16.335266
 20
219.0
 30
0.0
 40
2.5
  1
B
  7
FusionTitle
 72
     4
 11
17.5
 21
220.25
 31
0.0
100
AcDbText
  0
TEXT
  5
118
330
DF
100
AcDbEntity
  8
BORDER
100
AcDbText
 10
16.238915
 20
171.16667
 30
0.0
 40
2.5
  1
C
  7
FusionTitle
 72
     4
 11
17.5
 21
172.41667
 31
0.0
100
AcDbText
  0
TEXT
  5
119
330
DF
100
AcDbEntity
  8
BORDER
100
AcDbText
 10
16.238915
 20
123.33334
 30
0.0
 40
2.5
  1
D
  7
FusionTitle
 72
     4
 11
17.5
 21
124.58334
 31
0.0
100
AcDbText
  0
TEXT
  5
11A
330
DF
100
AcDbEntity
  8
BORDER
100
AcDbText
 10
16.335266
 20
75.50001
 30
0.0
 40
2.5
  1
E
  7
FusionTitle
 72
     4
 11
17.5
 21
76.75001
 31
0.0
100
AcDbText
  0
TEXT
  5
11B
330
DF
100
AcDbEntity
  8
BORDER
100
AcDbText
 10
16.433322
 20
27.66668
 30
0.0
 40
2.5
  1
F
  7
FusionTitle
 72
     4
 11
17.5
 21
28.91668
 31
0.0
100
AcDbText
  0
TEXT
  5
11C
330
DF
100
AcDbEntity
  8
BORDER
100
AcDbText
 10
411.335266
 20
266.83333
 30
0.0
 40
2.5
  1
A
  7
FusionTitle
 72
     4
 11
412.5
 21
268.08333
 31
0.0
100
AcDbText
  0
TEXT
  5
11D
330
DF
100
AcDbEntity
  8
BORDER
100
AcDbText
 10
411.335266
 20
219.0
 30
0.0
 40
2.5
  1
B
  7
FusionTitle
 72
     4
 11
412.5
 21
220.25
 31
0.0
100
AcDbText
  0
TEXT
  5
11E
330
DF
100
AcDbEntity
  8
BORDER
100
AcDbText
 10
411.238915
 20
171.16667
 30
0.0
 40
2.5
  1
C
  7
FusionTitle
 72
     4
 11
412.5
 21
172.41667
 31
0.0
100
AcDbText
  0
TEXT
  5
11F
330
DF
100
AcDbEntity
  8
BORDER
100
AcDbText
 10
411.238915
 20
123.33334
 30
0.0
 40
2.5
  1
D
  7
FusionTitle
 72
     4
 11
412.5
 21
124.58334
 31
0.0
100
AcDbText
  0
TEXT
  5
120
330
DF
100
AcDbEntity
  8
BORDER
100
AcDbText
 10
411.335266
 20
75.50001
 30
0.0
 40
2.5
  1
E
  7
FusionTitle
 72
     4
 11
412.5
 21
76.75001
 31
0.0
100
AcDbText
  0
TEXT
  5
121
330
DF
100
AcDbEntity
  8
BORDER
100
AcDbText
 10
411.433322
 20
27.66668
 30
0.0
 40
2.5
  1
F
  7
FusionTitle
 72
     4
 11
412.5
 21
28.91668
 31
0.0
100
AcDbText
  0
ENDBLK
  5
122
330
DF
100
AcDbEntity
  8
0
100
AcDbBlockEnd
  0
BLOCK
  5
126
330
125
100
AcDbEntity
  8
0
100
AcDbBlockBegin
  2
*D5
 70
     1
 10
0.0
 20
0.0
 30
0.0
  3
*D5
  1

  0
LINE
  5
127
330
125
100
AcDbEntity
  8
FD_Dimensions
 62
     0
440
 16777216
370
    -2
100
AcDbLine
 10
211.716486
 20
250.523044
 30
0.0
 11
211.716486
 21
261.023099
 31
0.0
  0
LINE
  5
128
330
125
100
AcDbEntity
  8
FD_Dimensions
 62
     0
440
 16777216
370
    -2
100
AcDbLine
 10
309.897093
 20
250.523099
 30
0.0
 11
309.897093
 21
261.023099
 31
0.0
  0
LINE
  5
129
330
125
100
AcDbEntity
  8
FD_Dimensions
 62
     0
440
 16777216
370
    -2
100
AcDbLine
 10
215.216486
 20
258.923099
 30
0.0
 11
306.397093
 21
258.923099
 31
0.0
  0
SOLID
  5
12A
330
125
100
AcDbEntity
  8
FD_Dimensions
 62
     0
440
 16777216
100
AcDbTrace
 10
215.216486
 20
259.506433
 30
0.0
 11
215.216486
 21
258.339766
 31
0.0
 12
211.716486
 22
258.923099
 32
0.0
 13
211.716486
 23
258.923099
 33
0.0
  0
SOLID
  5
12B
330
125
100
AcDbEntity
  8
FD_Dimensions
 62
     0
440
 16777216
100
AcDbTrace
 10
306.397093
 20
259.506433
 30
0.0
 11
306.397093
 21
258.339766
 31
0.0
 12
309.897093
 22
258.923099
 32
0.0
 13
309.897093
 23
258.923099
 33
0.0
  0
MTEXT
  5
12C
330
125
100
AcDbEntity
  8
FD_Dimensions
 62
     0
440
 16777216
100
AcDbMText
 10
260.806789
 20
262.110105
 30
0.0
 40
3.5
 41
0.0
 46
0.0
 71
     5
 72
     1
  1
295{\H2.5;±0.5}
 73
     1
 44
1.0
  0
POINT
  5
12D
330
125
100
AcDbEntity
  8
Defpoints
 62
     0
440
 16777216
100
AcDbPoint
 10
211.716486
 20
248.423044
 30
0.0
  0
POINT
  5
12E
330
125
100
AcDbEntity
  8
Defpoints
 62
     0
440
 16777216
100
AcDbPoint
 10
309.897093
 20
248.423099
 30
0.0
  0
POINT
  5
12F
330
125
100
AcDbEntity
  8
Defpoints
 62
     0
440
 16777216
100
AcDbPoint
 10
309.897093
 20
258.923099
 30
0.0
  0
ENDBLK
  5
130
330
125
100
AcDbEntity
  8
0
100
AcDbBlockEnd
  0
BLOCK
  5
133
330
132
100
AcDbEntity
  8
0
100
AcDbBlockBegin
  2
*D6
 70
     1
 10
0.0
 20
0.0
 30
0.0
  3
*D6
  1

  0
LINE
  5
134
330
132
100
AcDbEntity
  8
FD_Dimensions
 62
     0
440
 16777216
370
    -2
100
AcDbLine
 10
70.970394
 20
250.523099
 30
0.0
 11
70.97043
 21
261.023099
 31
0.0
  0
LINE
  5
135
330
132
100
AcDbEntity
  8
FD_Dimensions
 62
     0
440
 16777216
370
    -2
100
AcDbLine
 10
176.767195
 20
250.52274
 30
0.0
 11
176.767231
 21
261.02274
 31
0.0
  0
LINE
  5
136
330
132
100
AcDbEntity
  8
FD_Dimensions
 62
     0
440
 16777216
370
    -2
100
AcDbLine
 10
74.470423
 20
258.923087
 30
0.0
 11
173.267224
 21
258.922752
 31
0.0
  0
SOLID
  5
137
330
132
100
AcDbEntity
  8
FD_Dimensions
 62
     0
440
 16777216
100
AcDbTrace
 10
74.470425
 20
259.506421
 30
0.0
 11
74.470421
 21
258.339754
 31
0.0
 12
70.970423
 22
258.923099
 32
0.0
 13
70.970423
 23
258.923099
 33
0.0
  0
SOLID
  5
138
330
132
100
AcDbEntity
  8
FD_Dimensions
 62
     0
440
 16777216
100
AcDbTrace
 10
173.267226
 20
259.506085
 30
0.0
 11
173.267222
 21
258.339418
 31
0.0
 12
176.767224
 22
258.92274
 32
0.0
 13
176.767224
 23
258.92274
 33
0.0
  0
MTEXT
  5
139
330
132
100
AcDbEntity
  8
FD_Dimensions
 62
     0
440
 16777216
100
AcDbMText
 10
123.868834
 20
262.111119
 30
0.0
 40
3.5
 41
0.0
 46
0.0
 71
     5
 72
     1
  1
317{\H2.5;±0.5}
 11
1.0
 21
-0.000003
 31
0.0
 73
     1
 44
1.0
  0
POINT
  5
13A
330
132
100
AcDbEntity
  8
Defpoints
 62
     0
440
 16777216
100
AcDbPoint
 10
70.970387
 20
248.423099
 30
0.0
  0
POINT
  5
13B
330
132
100
AcDbEntity
  8
Defpoints
 62
     0
440
 16777216
100
AcDbPoint
 10
176.767188
 20
248.42274
 30
0.0
  0
POINT
  5
13C
330
132
100
AcDbEntity
  8
Defpoints
 62
     0
440
 16777216
100
AcDbPoint
 10
176.767224
 20
258.92274
 30
0.0
  0
ENDBLK
  5
13D
330
132
100
AcDbEntity
  8
0
100
AcDbBlockEnd
  0
BLOCK
  5
140
330
13F
100
AcDbEntity
  8
0
100
AcDbBlockBegin
  2
*D7
 70
     1
 10
0.0
 20
0.0
 30
0.0
  3
*D7
  1

  0
LINE
  5
141
330
13F
100
AcDbEntity
  8
FD_Dimensions
 62
     0
440
 16777216
370
    -2
100
AcDbLine
 10
150.771787
 20
210.707669
 30
0.0
 11
55.632079
 21
210.707669
 31
0.0
  0
LINE
  5
142
330
13F
100
AcDbEntity
  8
FD_Dimensions
 62
     0
440
 16777216
370
    -2
100
AcDbLine
 10
68.870386
 20
248.423099
 30
0.0
 11
55.632079
 21
248.423099
 31
0.0
  0
LINE
  5
143
330
13F
100
AcDbEntity
  8
FD_Dimensions
 62
     0
440
 16777216
370
    -2
100
AcDbLine
 10
57.732079
 20
214.207669
 30
0.0
 11
57.732079
 21
244.923099
 31
0.0
  0
SOLID
  5
144
330
13F
100
AcDbEntity
  8
FD_Dimensions
 62
     0
440
 16777216
100
AcDbTrace
 10
57.148745
 20
214.207669
 30
0.0
 11
58.315412
 21
214.207669
 31
0.0
 12
57.732079
 22
210.707669
 32
0.0
 13
57.732079
 23
210.707669
 33
0.0
  0
SOLID
  5
145
330
13F
100
AcDbEntity
  8
FD_Dimensions
 62
     0
440
 16777216
100
AcDbTrace
 10
57.148745
 20
244.923099
 30
0.0
 11
58.315412
 21
244.923099
 31
0.0
 12
57.732079
 22
248.423099
 32
0.0
 13
57.732079
 23
248.423099
 33
0.0
  0
MTEXT
  5
146
330
13F
100
AcDbEntity
  8
FD_Dimensions
 62
     0
440
 16777216
100
AcDbMText
 10
54.54388
 20
229.565384
 30
0.0
 40
3.5
 41
0.0
 46
0.0
 71
     5
 72
     1
  1
113{\H2.5;±0.35}
 11
0.0
 21
1.0
 31
0.0
 73
     1
 44
1.0
  0
POINT
  5
147
330
13F
100
AcDbEntity
  8
Defpoints
 62
     0
440
 16777216
100
AcDbPoint
 10
152.871787
 20
210.707669
 30
0.0
  0
POINT
  5
148
330
13F
100
AcDbEntity
  8
Defpoints
 62
     0
440
 16777216
100
AcDbPoint
 10
70.970386
 20
248.423099
 30
0.0
  0
POINT
  5
149
330
13F
100
AcDbEntity
  8
Defpoints
 62
     0
440
 16777216
100
AcDbPoint
 10
57.732079
 20
248.423099
 30
0.0
  0
ENDBLK
  5
14A
330
13F
100
AcDbEntity
  8
0
100
AcDbBlockEnd
  0
BLOCK
  5
14D
330
14C
100
AcDbEntity
  8
0
100
AcDbBlockBegin
  2
*D8
 70
     1
 10
0.0
 20
0.0
 30
0.0
  3
*D8
  1

  0
LINE
  5
14E
330
14C
100
AcDbEntity
  8
FD_Dimensions
 62
     0
440
 16777216
370
    -2
100
AcDbLine
 10
150.771787
 20
204.041003
 30
0.0
 11
44.675292
 21
204.041003
 31
0.0
  0
LINE
  5
14F
330
14C
100
AcDbEntity
  8
FD_Dimensions
 62
     0
440
 16777216
370
    -2
100
AcDbLine
 10
150.771787
 20
210.707669
 30
0.0
 11
44.675292
 21
210.707669
 31
0.0
  0
LINE
  5
150
330
14C
100
AcDbEntity
  8
FD_Dimensions
 62
     0
440
 16777216
370
    -2
100
AcDbLine
 10
46.775292
 20
200.541003
 30
0.0
 11
46.775292
 21
197.041003
 31
0.0
  0
LINE
  5
151
330
14C
100
AcDbEntity
  8
FD_Dimensions
 62
     0
440
 16777216
370
    -2
100
AcDbLine
 10
46.775292
 20
214.207669
 30
0.0
 11
46.775292
 21
225.569061
 31
0.0
  0
LINE
  5
152
330
14C
100
AcDbEntity
  8
FD_Dimensions
 62
     0
440
 16777216
370
    -2
100
AcDbLine
 10
46.775292
 20
204.041003
 30
0.0
 11
46.775292
 21
210.707669
 31
0.0
  0
SOLID
  5
153
330
14C
100
AcDbEntity
  8
FD_Dimensions
 62
     0
440
 16777216
100
AcDbTrace
 10
46.191958
 20
200.541003
 30
0.0
 11
47.358625
 21
200.541003
 31
0.0
 12
46.775292
 22
204.041003
 32
0.0
 13
46.775292
 23
204.041003
 33
0.0
  0
SOLID
  5
154
330
14C
100
AcDbEntity
  8
FD_Dimensions
 62
     0
440
 16777216
100
AcDbTrace
 10
46.191958
 20
214.207669
 30
0.0
 11
47.358625
 21
214.207669
 31
0.0
 12
46.775292
 22
210.707669
 32
0.0
 13
46.775292
 23
210.707669
 33
0.0
  0
MTEXT
  5
155
330
14C
100
AcDbEntity
  8
FD_Dimensions
 62
     0
440
 16777216
100
AcDbMText
 10
43.588286
 20
221.638365
 30
0.0
 40
3.5
 41
0.0
 46
0.0
 71
     5
 72
     1
  1
20
 11
0.0
 21
1.0
 31
0.0
 73
     1
 44
1.0
  0
POINT
  5
156
330
14C
100
AcDbEntity
  8
Defpoints
 62
     0
440
 16777216
100
AcDbPoint
 10
152.871787
 20
204.041003
 30
0.0
  0
POINT
  5
157
330
14C
100
AcDbEntity
  8
Defpoints
 62
     0
440
 16777216
100
AcDbPoint
 10
152.871787
 20
210.707669
 30
0.0
  0
POINT
  5
158
330
14C
100
AcDbEntity
  8
Defpoints
 62
     0
440
 16777216
100
AcDbPoint
 10
46.775292
 20
210.707669
 30
0.0
  0
ENDBLK
  5
159
330
14C
100
AcDbEntity
  8
0
100
AcDbBlockEnd
  0
BLOCK
  5
15C
330
15B
100
AcDbEntity
  8
0
100
AcDbBlockBegin
  2
*D9
 70
     1
 10
0.0
 20
0.0
 30
0.0
  3
*D9
  1

  0
LINE
  5
15D
330
15B
100
AcDbEntity
  8
FD_Dimensions
 62
     0
440
 16777216
370
    -2
100
AcDbLine
 10
107.511333
 20
231.697343
 30
0.0
 11
98.411989
 21
235.907889
 31
0.0
  0
ARC
  5
15E
330
15B
100
AcDbEntity
  8
FD_Dimensions
 62
     0
440
 16777216
370
    -2
100
AcDbCircle
 10
71.365563
 20
248.423099
 30
0.0
 40
31.90167127899482
100
AcDbArc
 50
328.879373
 51
335.168572
  0
LINE
  5
15F
330
15B
100
AcDbEntity
  8
FD_Dimensions
 62
     0
440
 16777216
370
    -2
100
AcDbLine
 10
98.675981
 20
231.93499
 30
0.0
 11
90.884823
 21
219.029947
 31
0.0
  0
ARC
  5
160
330
15B
100
AcDbEntity
  8
FD_Dimensions
 62
     0
440
 16777216
370
    -2
100
AcDbCircle
 10
71.365563
 20
248.423099
 30
0.0
 40
31.90167127899482
100
AcDbArc
 50
341.45777
 51
353.710802
  0
SOLID
  5
161
330
15B
100
AcDbEntity
  8
FD_Dimensions
 62
     0
440
 16777216
100
AcDbTrace
 10
102.153247
 20
238.062694
 30
0.0
 11
101.06916
 21
238.493816
 31
0.0
 12
100.317838
 22
235.025994
 32
0.0
 13
100.317838
 23
235.025994
 33
0.0
  0
SOLID
  5
162
330
15B
100
AcDbEntity
  8
FD_Dimensions
 62
     0
440
 16777216
100
AcDbTrace
 10
102.492784
 20
244.960369
 30
0.0
 11
103.657693
 21
244.89637
 31
0.0
 12
103.267235
 22
248.423099
 32
0.0
 13
103.267235
 23
248.423099
 33
0.0
  0
MTEXT
  5
163
330
15B
100
AcDbEntity
  8
FD_Dimensions
 62
     0
440
 16777216
100
AcDbMText
 10
92.052067
 20
227.129646
 30
0.0
 40
3.5
 41
0.0
 46
0.0
 71
     5
 72
     1
  1
25\U+00B0{\H2.5;±1\U+00B0}
 11
0.516842
 21
0.856081
 31
0.0
 73
     1
 44
1.0
  0
POINT
  5
164
330
15B
100
AcDbEntity
  8
Defpoints
 62
     0
440
 16777216
100
AcDbPoint
 10
102.934925
 20
243.830489
 30
0.0
  0
POINT
  5
165
330
15B
100
AcDbEntity
  8
Defpoints
 62
     0
440
 16777216
100
AcDbPoint
 10
70.970386
 20
248.423099
 30
0.0
  0
POINT
  5
166
330
15B
100
AcDbEntity
  8
Defpoints
 62
     0
440
 16777216
100
AcDbPoint
 10
152.871787
 20
210.707669
 30
0.0
  0
POINT
  5
167
330
15B
100
AcDbEntity
  8
Defpoints
 62
     0
440
 16777216
100
AcDbPoint
 10
109.417182
 20
230.815448
 30
0.0
  0
POINT
  5
168
330
15B
100
AcDbEntity
  8
Defpoints
 62
     0
440
 16777216
100
AcDbPoint
 10
176.76696
 20
248.423099
 30
0.0
  0
ENDBLK
  5
169
330
15B
100
AcDbEntity
  8
0
100
AcDbBlockEnd
  0
BLOCK
  5
16C
330
16B
100
AcDbEntity
  8
0
100
AcDbBlockBegin
  2
*D10
 70
     1
 10
0.0
 20
0.0
 30
0.0
  3
*D10
  1

  0
ARC
  5
16D
330
16B
100
AcDbEntity
  8
FD_Dimensions
 62
     0
440
 16777216
370
    -2
100
AcDbCircle
 10
176.813925
 20
248.423099
 30
0.0
 40
16.12575296901176
100
AcDbArc
 50
155.079496
 51
167.539748
  0
ARC
  5
16E
330
16B
100
AcDbEntity
  8
FD_Dimensions
 62
     0
440
 16777216
370
    -2
100
AcDbCircle
 10
176.813925
 20
248.423099
 30
0.0
 40
16.12575296901176
100
AcDbArc
 50
271.541761
 51
284.002013
  0
ARC
  5
16F
330
16B
100
AcDbEntity
  8
FD_Dimensions
 62
     0
440
 16777216
370
    -2
100
AcDbCircle
 10
176.813925
 20
248.423099
 30
0.0
 40
16.12575296901176
100
AcDbArc
 50
180.0
 51
259.081509
  0
SOLID
  5
170
330
16B
100
AcDbEntity
  8
FD_Dimensions
 62
     0
440
 16777216
100
AcDbTrace
 10
161.647888
 20
251.839124
 30
0.0
 11
160.488111
 21
251.965733
 31
0.0
 12
160.688172
 22
248.423099
 32
0.0
 13
160.688172
 23
248.423099
 33
0.0
  0
SOLID
  5
171
330
16B
100
AcDbEntity
  8
FD_Dimensions
 62
     0
440
 16777216
100
AcDbTrace
 10
177.200118
 20
231.721803
 30
0.0
 11
177.295477
 21
232.884566
 31
0.0
 12
173.759508
 22
232.589261
 32
0.0
 13
173.759508
 23
232.589261
 33
0.0
  0
MTEXT
  5
172
330
16B
100
AcDbEntity
  8
FD_Dimensions
 62
     0
440
 16777216
100
AcDbMText
 10
166.835926
 20
240.185944
 30
0.0
 40
3.5
 41
0.0
 46
0.0
 71
     5
 72
     1
  1
79\U+00B0{\H2.5;±1\U+00B0}
 11
0.636627
 21
-0.771172
 31
0.0
 73
     1
 44
1.0
  0
POINT
  5
173
330
16B
100
AcDbEntity
  8
Defpoints
 62
     0
440
 16777216
100
AcDbPoint
 10
162.364959
 20
241.262981
 30
0.0
  0
POINT
  5
174
330
16B
100
AcDbEntity
  8
Defpoints
 62
     0
440
 16777216
100
AcDbPoint
 10
70.970386
 20
248.423099
 30
0.0
  0
POINT
  5
175
330
16B
100
AcDbEntity
  8
Defpoints
 62
     0
440
 16777216
100
AcDbPoint
 10
176.813925
 20
248.423099
 30
0.0
  0
POINT
  5
176
330
16B
100
AcDbEntity
  8
Defpoints
 62
     0
440
 16777216
100
AcDbPoint
 10
173.417342
 20
230.8155
 30
0.0
  0
POINT
  5
177
330
16B
100
AcDbEntity
  8
Defpoints
 62
     0
440
 16777216
100
AcDbPoint
 10
176.76696
 20
248.423099
 30
0.0
  0
ENDBLK
  5
178
330
16B
100
AcDbEntity
  8
0
100
AcDbBlockEnd
  0
BLOCK
  5
17B
330
17A
100
AcDbEntity
  8
0
100
AcDbBlockBegin
  2
*D11
 70
     1
 10
0.0
 20
0.0
 30
0.0
  3
*D11
  1

  0
LINE
  5
17C
330
17A
100
AcDbEntity
  8
FD_Dimensions
 62
     0
440
 16777216
370
    -2
100
AcDbLine
 10
152.871787
 20
201.941003
 30
0.0
 11
152.871787
 21
191.441003
 31
0.0
  0
LINE
  5
17D
330
17A
100
AcDbEntity
  8
FD_Dimensions
 62
     0
440
 16777216
370
    -2
100
AcDbLine
 10
169.538454
 20
201.941003
 30
0.0
 11
169.538454
 21
191.441003
 31
0.0
  0
LINE
  5
17E
330
17A
100
AcDbEntity
  8
FD_Dimensions
 62
     0
440
 16777216
370
    -2
100
AcDbLine
 10
156.371787
 20
193.541003
 30
0.0
 11
166.038454
 21
193.541003
 31
0.0
  0
SOLID
  5
17F
330
17A
100
AcDbEntity
  8
FD_Dimensions
 62
     0
440
 16777216
100
AcDbTrace
 10
156.371787
 20
194.124336
 30
0.0
 11
156.371787
 21
192.957669
 31
0.0
 12
152.871787
 22
193.541003
 32
0.0
 13
152.871787
 23
193.541003
 33
0.0
  0
SOLID
  5
180
330
17A
100
AcDbEntity
  8
FD_Dimensions
 62
     0
440
 16777216
100
AcDbTrace
 10
166.038454
 20
194.124336
 30
0.0
 11
166.038454
 21
192.957669
 31
0.0
 12
169.538454
 22
193.541003
 32
0.0
 13
169.538454
 23
193.541003
 33
0.0
  0
MTEXT
  5
181
330
17A
100
AcDbEntity
  8
FD_Dimensions
 62
     0
440
 16777216
100
AcDbMText
 10
161.205121
 20
196.728008
 30
0.0
 40
3.5
 41
0.0
 46
0.0
 71
     5
 72
     1
  1
50
 73
     1
 44
1.0
  0
POINT
  5
182
330
17A
100
AcDbEntity
  8
Defpoints
 62
     0
440
 16777216
100
AcDbPoint
 10
152.871787
 20
204.041003
 30
0.0
  0
POINT
  5
183
330
17A
100
AcDbEntity
  8
Defpoints
 62
     0
440
 16777216
100
AcDbPoint
 10
169.538454
 20
204.041003
 30
0.0
  0
POINT
  5
184
330
17A
100
AcDbEntity
  8
Defpoints
 62
     0
440
 16777216
100
AcDbPoint
 10
169.538454
 20
193.541003
 30
0.0
  0
ENDBLK
  5
185
330
17A
100
AcDbEntity
  8
0
100
AcDbBlockEnd
  0
BLOCK
  5
188
330
187
100
AcDbEntity
  8
0
100
AcDbBlockBegin
  2
*D12
 70
     1
 10
0.0
 20
0.0
 30
0.0
  3
*D12
  1

  0
LINE
  5
189
330
187
100
AcDbEntity
  8
FD_Dimensions
 62
     0
440
 16777216
370
    -2
100
AcDbLine
 10
235.787544
 20
201.941003
 30
0.0
 11
235.787544
 21
191.441003
 31
0.0
  0
LINE
  5
18A
330
187
100
AcDbEntity
  8
FD_Dimensions
 62
     0
440
 16777216
370
    -2
100
AcDbLine
 10
285.787544
 20
201.941003
 30
0.0
 11
285.787544
 21
191.441003
 31
0.0
  0
LINE
  5
18B
330
187
100
AcDbEntity
  8
FD_Dimensions
 62
     0
440
 16777216
370
    -2
100
AcDbLine
 10
239.287544
 20
193.541003
 30
0.0
 11
282.287544
 21
193.541003
 31
0.0
  0
SOLID
  5
18C
330
187
100
AcDbEntity
  8
FD_Dimensions
 62
     0
440
 16777216
100
AcDbTrace
 10
239.287544
 20
194.124336
 30
0.0
 11
239.287544
 21
192.957669
 31
0.0
 12
235.787544
 22
193.541003
 32
0.0
 13
235.787544
 23
193.541003
 33
0.0
  0
SOLID
  5
18D
330
187
100
AcDbEntity
  8
FD_Dimensions
 62
     0
440
 16777216
100
AcDbTrace
 10
282.287544
 20
194.124336
 30
0.0
 11
282.287544
 21
192.957669
 31
0.0
 12
285.787544
 22
193.541003
 32
0.0
 13
285.787544
 23
193.541003
 33
0.0
  0
MTEXT
  5
18E
330
187
100
AcDbEntity
  8
FD_Dimensions
 62
     0
440
 16777216
100
AcDbMText
 10
260.787544
 20
196.728008
 30
0.0
 40
3.5
 41
0.0
 46
0.0
 71
     5
 72
     1
  1
150{\H2.5;±0.4}
 73
     1
 44
1.0
  0
POINT
  5
18F
330
187
100
AcDbEntity
  8
Defpoints
 62
     0
440
 16777216
100
AcDbPoint
 10
235.787544
 20
204.041003
 30
0.0
  0
POINT
  5
190
330
187
100
AcDbEntity
  8
Defpoints
 62
     0
440
 16777216
100
AcDbPoint
 10
285.787544
 20
204.041003
 30
0.0
  0
POINT
  5
191
330
187
100
AcDbEntity
  8
Defpoints
 62
     0
440
 16777216
100
AcDbPoint
 10
285.787544
 20
193.541003
 30
0.0
  0
ENDBLK
  5
192
330
187
100
AcDbEntity
  8
0
100
AcDbBlockEnd
  0
BLOCK
  5
196
330
195
100
AcDbEntity
  8
0
100
AcDbBlockBegin
  2
*U13
 70
     1
 10
0.0
 20
0.0
 30
0.0
  3
*U13
  1

  0
LINE
  5
197
330
195
100
AcDbEntity
  8
Smart Centers
 62
     0
440
 16777216
 48
0.75
100
AcDbLine
 10
0.0
 20
6.833333
 30
0.0
 11
0.0
 21
-6.833333
 31
0.0
  0
ENDBLK
  5
198
330
195
100
AcDbEntity
  8
0
100
AcDbBlockEnd
  0
BLOCK
  5
19B
330
19A
100
AcDbEntity
  8
0
100
AcDbBlockBegin
  2
*U14
 70
     1
 10
0.0
 20
0.0
 30
0.0
  3
*U14
  1

  0
LINE
  5
19C
330
19A
100
AcDbEntity
  8
Smart Centers
  6
Continuous
 62
     0
440
 16777216
 48
0.75
100
AcDbLine
 10
-0.892969
 20
0.0
 30
0.0
 11
0.892969
 21
0.0
 31
0.0
  0
LINE
  5
19D
330
19A
100
AcDbEntity
  8
Smart Centers
  6
Continuous
 62
     0
440
 16777216
 48
0.75
100
AcDbLine
 10
0.0
 20
-0.892969
 30
0.0
 11
0.0
 21
0.892969
 31
0.0
  0
LINE
  5
19E
330
19A
100
AcDbEntity
  8
Smart Centers
 62
     0
440
 16777216
 48
0.75
 60
     1
100
AcDbLine
 10
-11.166667
 20
0.0
 30
0.0
 11
-2.678906
 21
0.0
 31
0.0
  0
LINE
  5
19F
330
19A
100
AcDbEntity
  8
Smart Centers
 62
     0
440
 16777216
 48
0.75
 60
     1
100
AcDbLine
 10
2.678906
 20
0.0
 30
0.0
 11
11.166667
 21
0.0
 31
0.0
  0
LINE
  5
1A0
330
19A
100
AcDbEntity
  8
Smart Centers
 62
     0
440
 16777216
 48
0.75
 60
     1
100
AcDbLine
 10
0.0
 20
-11.166667
 30
0.0
 11
0.0
 21
-2.678906
 31
0.0
  0
LINE
  5
1A1
330
19A
100
AcDbEntity
  8
Smart Centers
 62
     0
440
 16777216
 48
0.75
 60
     1
100
AcDbLine
 10
0.0
 20
2.678906
 30
0.0
 11
0.0
 21
11.166667
 31
0.0
  0
ENDBLK
  5
1A2
330
19A
100
AcDbEntity
  8
0
100
AcDbBlockEnd
  0
BLOCK
  5
1A5
330
1A4
100
AcDbEntity
  8
0
100
AcDbBlockBegin
  2
*U15
 70
     1
 10
0.0
 20
0.0
 30
0.0
  3
*U15
  1

  0
LINE
  5
1A6
330
1A4
100
AcDbEntity
  8
Smart Centers
  6
Continuous
 62
     0
440
 16777216
 48
0.75
100
AcDbLine
 10
-0.892969
 20
0.0
 30
0.0
 11
0.892969
 21
0.0
 31
0.0
  0
LINE
  5
1A7
330
1A4
100
AcDbEntity
  8
Smart Centers
  6
Continuous
 62
     0
440
 16777216
 48
0.75
100
AcDbLine
 10
0.0
 20
-0.892969
 30
0.0
 11
0.0
 21
0.892969
 31
0.0
  0
LINE
  5
1A8
330
1A4
100
AcDbEntity
  8
Smart Centers
 62
     0
440
 16777216
 48
0.75
 60
     1
100
AcDbLine
 10
-11.166667
 20
0.0
 30
0.0
 11
-2.678906
 21
0.0
 31
0.0
  0
LINE
  5
1A9
330
1A4
100
AcDbEntity
  8
Smart Centers
 62
     0
440
 16777216
 48
0.75
 60
     1
100
AcDbLine
 10
2.678906
 20
0.0
 30
0.0
 11
11.166667
 21
0.0
 31
0.0
  0
LINE
  5
1AA
330
1A4
100
AcDbEntity
  8
Smart Centers
 62
     0
440
 16777216
 48
0.75
 60
     1
100
AcDbLine
 10
0.0
 20
-11.166667
 30
0.0
 11
0.0
 21
-2.678906
 31
0.0
  0
LINE
  5
1AB
330
1A4
100
AcDbEntity
  8
Smart Centers
 62
     0
440
 16777216
 48
0.75
 60
     1
100
AcDbLine
 10
0.0
 20
2.678906
 30
0.0
 11
0.0
 21
11.166667
 31
0.0
  0
ENDBLK
  5
1AC
330
1A4
100
AcDbEntity
  8
0
100
AcDbBlockEnd
  0
BLOCK
  5
1AF
330
1AE
100
AcDbEntity
  8
0
100
AcDbBlockBegin
  2
*D16
 70
     1
 10
0.0
 20
0.0
 30
0.0
  3
*D16
  1

  0
LINE
  5
1B0
330
1AE
100
AcDbEntity
  8
FD_Dimensions
 62
     0
440
 16777216
370
    -2
100
AcDbLine
 10
244.120877
 20
144.690132
 30
0.0
 11
244.120877
 21
176.190132
 31
0.0
  0
LINE
  5
1B1
330
1AE
100
AcDbEntity
  8
FD_Dimensions
 62
     0
440
 16777216
370
    -2
100
AcDbLine
 10
277.45421
 20
144.690132
 30
0.0
 11
277.45421
 21
176.190132
 31
0.0
  0
LINE
  5
1B2
330
1AE
100
AcDbEntity
  8
FD_Dimensions
 62
     0
440
 16777216
370
    -2
100
AcDbLine
 10
247.620877
 20
174.090132
 30
0.0
 11
273.95421
 21
174.090132
 31
0.0
  0
SOLID
  5
1B3
330
1AE
100
AcDbEntity
  8
FD_Dimensions
 62
     0
440
 16777216
100
AcDbTrace
 10
247.620877
 20
174.673465
 30
0.0
 11
247.620877
 21
173.506798
 31
0.0
 12
244.120877
 22
174.090132
 32
0.0
 13
244.120877
 23
174.090132
 33
0.0
  0
SOLID
  5
1B4
330
1AE
100
AcDbEntity
  8
FD_Dimensions
 62
     0
440
 16777216
100
AcDbTrace
 10
273.95421
 20
174.673465
 30
0.0
 11
273.95421
 21
173.506798
 31
0.0
 12
277.45421
 22
174.090132
 32
0.0
 13
277.45421
 23
174.090132
 33
0.0
  0
MTEXT
  5
1B5
330
1AE
100
AcDbEntity
  8
FD_Dimensions
 62
     0
440
 16777216
100
AcDbMText
 10
260.787544
 20
177.277137
 30
0.0
 40
3.5
 41
0.0
 46
0.0
 71
     5
 72
     1
  1
100
 73
     1
 44
1.0
  0
POINT
  5
1B6
330
1AE
100
AcDbEntity
  8
Defpoints
 62
     0
440
 16777216
100
AcDbPoint
 10
244.120877
 20
142.590132
 30
0.0
  0
POINT
  5
1B7
330
1AE
100
AcDbEntity
  8
Defpoints
 62
     0
440
 16777216
100
AcDbPoint
 10
277.45421
 20
142.590132
 30
0.0
  0
POINT
  5
1B8
330
1AE
100
AcDbEntity
  8
Defpoints
 62
     0
440
 16777216
100
AcDbPoint
 10
277.45421
 20
174.090132
 30
0.0
  0
ENDBLK
  5
1B9
330
1AE
100
AcDbEntity
  8
0
100
AcDbBlockEnd
  0
BLOCK
  5
1BC
330
1BB
100
AcDbEntity
  8
0
100
AcDbBlockBegin
  2
*D17
 70
     1
 10
0.0
 20
0.0
 30
0.0
  3
*D17
  1

  0
LINE
  5
1BD
330
1BB
100
AcDbEntity
  8
FD_Dimensions
 62
     0
440
 16777216
370
    -2
100
AcDbLine
 10
303.192348
 20
144.765451
 30
0.0
 11
288.581207
 21
143.530556
 31
0.0
  0
MTEXT
  5
1BE
330
1BB
100
AcDbEntity
  8
FD_Dimensions
 62
     0
440
 16777216
100
AcDbMText
 10
297.362059
 20
147.472256
 30
0.0
 40
3.5
 41
0.0
 46
0.0
 71
     5
 72
     1
  1
R23
 11
0.996447
 21
0.084217
 31
0.0
 73
     1
 44
1.0
  0
LINE
  5
1BF
330
1BB
100
AcDbEntity
  8
FD_Dimensions
 62
     0
440
 16777216
370
    -2
100
AcDbLine
 10
277.45421
 20
142.590132
 30
0.0
 11
285.093641
 21
143.235796
 31
0.0
  0
SOLID
  5
1C0
330
1BB
100
AcDbEntity
  8
FD_Dimensions
 62
     0
440
 16777216
100
AcDbTrace
 10
288.53208
 20
144.111817
 30
0.0
 11
288.630333
 21
142.949295
 31
0.0
 12
285.093641
 22
143.235796
 32
0.0
 13
285.093641
 23
143.235796
 33
0.0
  0
POINT
  5
1C1
330
1BB
100
AcDbEntity
  8
Defpoints
 62
     0
440
 16777216
100
AcDbPoint
 10
285.093641
 20
143.235796
 30
0.0
  0
POINT
  5
1C2
330
1BB
100
AcDbEntity
  8
Defpoints
 62
     0
440
 16777216
100
AcDbPoint
 10
277.45421
 20
142.590132
 30
0.0
  0
ENDBLK
  5
1C3
330
1BB
100
AcDbEntity
  8
0
100
AcDbBlockEnd
  0
BLOCK
  5
1C6
330
1C5
100
AcDbEntity
  8
0
100
AcDbBlockBegin
  2
*D18
 70
     1
 10
0.0
 20
0.0
 30
0.0
  3
*D18
  1

  0
ARC
  5
1C7
330
1C5
100
AcDbEntity
  8
FD_Dimensions
 62
     0
440
 16777216
370
    -2
100
AcDbCircle
 10
211.71645
 20
248.423099
 30
0.0
 40
19.03858297153407
100
AcDbArc
 50
291.999227
 51
302.547213
  0
LINE
  5
1C8
330
1C5
100
AcDbEntity
  8
FD_Dimensions
 62
     0
440
 16777216
370
    -2
100
AcDbLine
 10
218.848191
 20
230.770736
 30
0.0
 11
201.145713
 21
223.618749
 31
0.0
  0
ARC
  5
1C9
330
1C5
100
AcDbEntity
  8
FD_Dimensions
 62
     0
440
 16777216
370
    -2
100
AcDbCircle
 10
211.71645
 20
248.423099
 30
0.0
 40
19.03858297153407
100
AcDbArc
 50
313.095198
 51
349.452015
  0
SOLID
  5
1CA
330
1C5
100
AcDbEntity
  8
FD_Dimensions
 62
     0
440
 16777216
100
AcDbTrace
 10
225.081549
 20
234.059963
 30
0.0
 11
224.36615
 21
234.981545
 31
0.0
 12
221.959101
 22
232.374556
 32
0.0
 13
221.959101
 23
232.374556
 33
0.0
  0
SOLID
  5
1CB
330
1C5
100
AcDbEntity
  8
FD_Dimensions
 62
     0
440
 16777216
100
AcDbTrace
 10
229.852454
 20
244.991536
 30
0.0
 11
231.014182
 21
244.884297
 31
0.0
 12
230.755033
 22
248.423099
 32
0.0
 13
230.755033
 23
248.423099
 33
0.0
  0
MTEXT
  5
1CC
330
1C5
100
AcDbEntity
  8
FD_Dimensions
 62
     0
440
 16777216
100
AcDbMText
 10
208.805802
 20
230.143058
 30
0.0
 40
3.5
 41
0.0
 46
0.0
 71
     5
 72
     1
  1
57.5\U+00B0{\H2.5;±1\U+00B0}
 11
0.927189
 21
0.374594
 31
0.0
 73
     1
 44
1.0
  0
POINT
  5
1CD
330
1C5
100
AcDbEntity
  8
Defpoints
 62
     0
440
 16777216
100
AcDbPoint
 10
229.701394
 20
242.177345
 30
0.0
  0
POINT
  5
1CE
330
1C5
100
AcDbEntity
  8
Defpoints
 62
     0
440
 16777216
100
AcDbPoint
 10
260.787544
 20
248.423099
 30
0.0
  0
POINT
  5
1CF
330
1C5
100
AcDbEntity
  8
Defpoints
 62
     0
440
 16777216
100
AcDbPoint
 10
235.787544
 20
210.707669
 30
0.0
  0
POINT
  5
1D0
330
1C5
100
AcDbEntity
  8
Defpoints
 62
     0
440
 16777216
100
AcDbPoint
 10
211.716486
 20
248.423044
 30
0.0
  0
POINT
  5
1D1
330
1C5
100
AcDbEntity
  8
Defpoints
 62
     0
440
 16777216
100
AcDbPoint
 10
211.677723
 20
248.423099
 30
0.0
  0
ENDBLK
  5
1D2
330
1C5
100
AcDbEntity
  8
0
100
AcDbBlockEnd
  0
BLOCK
  5
1D5
330
1D4
100
AcDbEntity
  8
0
100
AcDbBlockBegin
  2
*D19
 70
     1
 10
0.0
 20
0.0
 30
0.0
  3
*D19
  1

  0
LINE
  5
422
330
1D4
100
AcDbEntity
  8
FD_Dimensions
 62
     0
440
 16777216
370
    -2
100
AcDbLine
 10
211.716486
 20
250.523044
 30
0.0
 11
211.716486
 21
261.023099
 31
0.0
  0
LINE
  5
423
330
1D4
100
AcDbEntity
  8
FD_Dimensions
 62
     0
440
 16777216
370
    -2
100
AcDbLine
 10
309.897093
 20
250.523099
 30
0.0
 11
309.897093
 21
261.023099
 31
0.0
  0
LINE
  5
424
330
1D4
100
AcDbEntity
  8
FD_Dimensions
 62
     0
440
 16777216
370
    -2
100
AcDbLine
 10
215.216486
 20
258.923099
 30
0.0
 11
306.397093
 21
258.923099
 31
0.0
  0
SOLID
  5
425
330
1D4
100
AcDbEntity
  8
FD_Dimensions
 62
     0
440
 16777216
100
AcDbTrace
 10
215.216486
 20
259.506433
 30
0.0
 11
215.216486
 21
258.339766
 31
0.0
 12
211.716486
 22
258.923099
 32
0.0
 13
211.716486
 23
258.923099
 33
0.0
  0
SOLID
  5
426
330
1D4
100
AcDbEntity
  8
FD_Dimensions
 62
     0
440
 16777216
100
AcDbTrace
 10
306.397093
 20
259.506433
 30
0.0
 11
306.397093
 21
258.339766
 31
0.0
 12
309.897093
 22
258.923099
 32
0.0
 13
309.897093
 23
258.923099
 33
0.0
  0
MTEXT
  5
427
330
1D4
100
AcDbEntity
  8
FD_Dimensions
 62
     0
440
 16777216
100
AcDbMText
 10
260.806789
 20
262.110105
 30
0.0
 40
3.5
 41
0.0
 46
0.0
 71
     5
 72
     1
  1
295{\H2.5;±0.5}
 73
     1
 44
1.0
  0
POINT
  5
428
330
1D4
100
AcDbEntity
  8
Defpoints
 62
     0
440
 16777216
100
AcDbPoint
 10
211.716486
 20
248.423044
 30
0.0
  0
POINT
  5
429
330
1D4
100
AcDbEntity
  8
Defpoints
 62
     0
440
 16777216
100
AcDbPoint
 10
309.897093
 20
248.423099
 30
0.0
  0
POINT
  5
42A
330
1D4
100
AcDbEntity
  8
Defpoints
 62
     0
440
 16777216
100
AcDbPoint
 10
309.897093
 20
258.923099
 30
0.0
  0
ENDBLK
  5
1D6
330
1D4
100
AcDbEntity
  8
0
100
AcDbBlockEnd
  0
BLOCK
  5
1E1
330
1E0
100
AcDbEntity
  8
0
100
AcDbBlockBegin
  2
*D20
 70
     1
 10
0.0
 20
0.0
 30
0.0
  3
*D20
  1

  0
LINE
  5
42B
330
1E0
100
AcDbEntity
  8
FD_Dimensions
 62
     0
440
 16777216
370
    -2
100
AcDbLine
 10
70.970394
 20
250.523099
 30
0.0
 11
70.97043
 21
261.023099
 31
0.0
  0
LINE
  5
42C
330
1E0
100
AcDbEntity
  8
FD_Dimensions
 62
     0
440
 16777216
370
    -2
100
AcDbLine
 10
176.767195
 20
250.52274
 30
0.0
 11
176.767231
 21
261.02274
 31
0.0
  0
LINE
  5
42D
330
1E0
100
AcDbEntity
  8
FD_Dimensions
 62
     0
440
 16777216
370
    -2
100
AcDbLine
 10
74.470423
 20
258.923087
 30
0.0
 11
173.267224
 21
258.922752
 31
0.0
  0
SOLID
  5
42E
330
1E0
100
AcDbEntity
  8
FD_Dimensions
 62
     0
440
 16777216
100
AcDbTrace
 10
74.470425
 20
259.506421
 30
0.0
 11
74.470421
 21
258.339754
 31
0.0
 12
70.970423
 22
258.923099
 32
0.0
 13
70.970423
 23
258.923099
 33
0.0
  0
SOLID
  5
42F
330
1E0
100
AcDbEntity
  8
FD_Dimensions
 62
     0
440
 16777216
100
AcDbTrace
 10
173.267226
 20
259.506085
 30
0.0
 11
173.267222
 21
258.339418
 31
0.0
 12
176.767224
 22
258.92274
 32
0.0
 13
176.767224
 23
258.92274
 33
0.0
  0
MTEXT
  5
430
330
1E0
100
AcDbEntity
  8
FD_Dimensions
 62
     0
440
 16777216
100
AcDbMText
 10
123.868834
 20
262.111119
 30
0.0
 40
3.5
 41
0.0
 46
0.0
 71
     5
 72
     1
  1
317{\H2.5;±0.5}
 11
1.0
 21
-0.000003
 31
0.0
 73
     1
 44
1.0
  0
POINT
  5
431
330
1E0
100
AcDbEntity
  8
Defpoints
 62
     0
440
 16777216
100
AcDbPoint
 10
70.970387
 20
248.423099
 30
0.0
  0
POINT
  5
432
330
1E0
100
AcDbEntity
  8
Defpoints
 62
     0
440
 16777216
100
AcDbPoint
 10
176.767188
 20
248.42274
 30
0.0
  0
POINT
  5
433
330
1E0
100
AcDbEntity
  8
Defpoints
 62
     0
440
 16777216
100
AcDbPoint
 10
176.767224
 20
258.92274
 30
0.0
  0
ENDBLK
  5
1E2
330
1E0
100
AcDbEntity
  8
0
100
AcDbBlockEnd
  0
BLOCK
  5
1ED
330
1EC
100
AcDbEntity
  8
0
100
AcDbBlockBegin
  2
*D21
 70
     1
 10
0.0
 20
0.0
 30
0.0
  3
*D21
  1

  0
LINE
  5
434
330
1EC
100
AcDbEntity
  8
FD_Dimensions
 62
     0
440
 16777216
370
    -2
100
AcDbLine
 10
150.771787
 20
210.707669
 30
0.0
 11
55.632079
 21
210.707669
 31
0.0
  0
LINE
  5
435
330
1EC
100
AcDbEntity
  8
FD_Dimensions
 62
     0
440
 16777216
370
    -2
100
AcDbLine
 10
68.870386
 20
248.423099
 30
0.0
 11
55.632079
 21
248.423099
 31
0.0
  0
LINE
  5
436
330
1EC
100
AcDbEntity
  8
FD_Dimensions
 62
     0
440
 16777216
370
    -2
100
AcDbLine
 10
57.732079
 20
214.207669
 30
0.0
 11
57.732079
 21
244.923099
 31
0.0
  0
SOLID
  5
437
330
1EC
100
AcDbEntity
  8
FD_Dimensions
 62
     0
440
 16777216
100
AcDbTrace
 10
57.148745
 20
214.207669
 30
0.0
 11
58.315412
 21
214.207669
 31
0.0
 12
57.732079
 22
210.707669
 32
0.0
 13
57.732079
 23
210.707669
 33
0.0
  0
SOLID
  5
438
330
1EC
100
AcDbEntity
  8
FD_Dimensions
 62
     0
440
 16777216
100
AcDbTrace
 10
57.148745
 20
244.923099
 30
0.0
 11
58.315412
 21
244.923099
 31
0.0
 12
57.732079
 22
248.423099
 32
0.0
 13
57.732079
 23
248.423099
 33
0.0
  0
MTEXT
  5
439
330
1EC
100
AcDbEntity
  8
FD_Dimensions
 62
     0
440
 16777216
100
AcDbMText
 10
54.54388
 20
229.565384
 30
0.0
 40
3.5
 41
0.0
 46
0.0
 71
     5
 72
     1
  1
113{\H2.5;±0.35}
 11
0.0
 21
1.0
 31
0.0
 73
     1
 44
1.0
  0
POINT
  5
43A
330
1EC
100
AcDbEntity
  8
Defpoints
 62
     0
440
 16777216
100
AcDbPoint
 10
152.871787
 20
210.707669
 30
0.0
  0
POINT
  5
43B
330
1EC
100
AcDbEntity
  8
Defpoints
 62
     0
440
 16777216
100
AcDbPoint
 10
70.970386
 20
248.423099
 30
0.0
  0
POINT
  5
43C
330
1EC
100
AcDbEntity
  8
Defpoints
 62
     0
440
 16777216
100
AcDbPoint
 10
57.732079
 20
248.423099
 30
0.0
  0
ENDBLK
  5
1EE
330
1EC
100
AcDbEntity
  8
0
100
AcDbBlockEnd
  0
BLOCK
  5
1F9
330
1F8
100
AcDbEntity
  8
0
100
AcDbBlockBegin
  2
*D22
 70
     1
 10
0.0
 20
0.0
 30
0.0
  3
*D22
  1

  0
LINE
  5
43D
330
1F8
100
AcDbEntity
  8
FD_Dimensions
 62
     0
440
 16777216
370
    -2
100
AcDbLine
 10
150.771787
 20
204.041003
 30
0.0
 11
44.675292
 21
204.041003
 31
0.0
  0
LINE
  5
43E
330
1F8
100
AcDbEntity
  8
FD_Dimensions
 62
     0
440
 16777216
370
    -2
100
AcDbLine
 10
150.771787
 20
210.707669
 30
0.0
 11
44.675292
 21
210.707669
 31
0.0
  0
LINE
  5
43F
330
1F8
100
AcDbEntity
  8
FD_Dimensions
 62
     0
440
 16777216
370
    -2
100
AcDbLine
 10
46.775292
 20
200.541003
 30
0.0
 11
46.775292
 21
197.041003
 31
0.0
  0
LINE
  5
440
330
1F8
100
AcDbEntity
  8
FD_Dimensions
 62
     0
440
 16777216
370
    -2
100
AcDbLine
 10
46.775292
 20
214.207669
 30
0.0
 11
46.775292
 21
225.569061
 31
0.0
  0
LINE
  5
441
330
1F8
100
AcDbEntity
  8
FD_Dimensions
 62
     0
440
 16777216
370
    -2
100
AcDbLine
 10
46.775292
 20
204.041003
 30
0.0
 11
46.775292
 21
210.707669
 31
0.0
  0
SOLID
  5
442
330
1F8
100
AcDbEntity
  8
FD_Dimensions
 62
     0
440
 16777216
100
AcDbTrace
 10
46.191958
 20
200.541003
 30
0.0
 11
47.358625
 21
200.541003
 31
0.0
 12
46.775292
 22
204.041003
 32
0.0
 13
46.775292
 23
204.041003
 33
0.0
  0
SOLID
  5
443
330
1F8
100
AcDbEntity
  8
FD_Dimensions
 62
     0
440
 16777216
100
AcDbTrace
 10
46.191958
 20
214.207669
 30
0.0
 11
47.358625
 21
214.207669
 31
0.0
 12
46.775292
 22
210.707669
 32
0.0
 13
46.775292
 23
210.707669
 33
0.0
  0
MTEXT
  5
444
330
1F8
100
AcDbEntity
  8
FD_Dimensions
 62
     0
440
 16777216
100
AcDbMText
 10
43.588286
 20
221.638365
 30
0.0
 40
3.5
 41
0.0
 46
0.0
 71
     5
 72
     1
  1
20
 11
0.0
 21
1.0
 31
0.0
 73
     1
 44
1.0
  0
POINT
  5
445
330
1F8
100
AcDbEntity
  8
Defpoints
 62
     0
440
 16777216
100
AcDbPoint
 10
152.871787
 20
204.041003
 30
0.0
  0
POINT
  5
446
330
1F8
100
AcDbEntity
  8
Defpoints
 62
     0
440
 16777216
100
AcDbPoint
 10
152.871787
 20
210.707669
 30
0.0
  0
POINT
  5
447
330
1F8
100
AcDbEntity
  8
Defpoints
 62
     0
440
 16777216
100
AcDbPoint
 10
46.775292
 20
210.707669
 30
0.0
  0
ENDBLK
  5
1FA
330
1F8
100
AcDbEntity
  8
0
100
AcDbBlockEnd
  0
BLOCK
  5
207
330
206
100
AcDbEntity
  8
0
100
AcDbBlockBegin
  2
*D23
 70
     1
 10
0.0
 20
0.0
 30
0.0
  3
*D23
  1

  0
LINE
  5
448
330
206
100
AcDbEntity
  8
FD_Dimensions
 62
     0
440
 16777216
370
    -2
100
AcDbLine
 10
107.511333
 20
231.697343
 30
0.0
 11
98.411989
 21
235.907889
 31
0.0
  0
ARC
  5
449
330
206
100
AcDbEntity
  8
FD_Dimensions
 62
     0
440
 16777216
370
    -2
100
AcDbCircle
 10
71.365563
 20
248.423099
 30
0.0
 40
31.90167127899482
100
AcDbArc
 50
328.879373
 51
335.168572
  0
LINE
  5
44A
330
206
100
AcDbEntity
  8
FD_Dimensions
 62
     0
440
 16777216
370
    -2
100
AcDbLine
 10
98.675981
 20
231.93499
 30
0.0
 11
90.884823
 21
219.029947
 31
0.0
  0
ARC
  5
44B
330
206
100
AcDbEntity
  8
FD_Dimensions
 62
     0
440
 16777216
370
    -2
100
AcDbCircle
 10
71.365563
 20
248.423099
 30
0.0
 40
31.90167127899482
100
AcDbArc
 50
341.45777
 51
353.710802
  0
SOLID
  5
44C
330
206
100
AcDbEntity
  8
FD_Dimensions
 62
     0
440
 16777216
100
AcDbTrace
 10
102.153247
 20
238.062694
 30
0.0
 11
101.06916
 21
238.493816
 31
0.0
 12
100.317838
 22
235.025994
 32
0.0
 13
100.317838
 23
235.025994
 33
0.0
  0
SOLID
  5
44D
330
206
100
AcDbEntity
  8
FD_Dimensions
 62
     0
440
 16777216
100
AcDbTrace
 10
102.492784
 20
244.960369
 30
0.0
 11
103.657693
 21
244.89637
 31
0.0
 12
103.267235
 22
248.423099
 32
0.0
 13
103.267235
 23
248.423099
 33
0.0
  0
MTEXT
  5
44E
330
206
100
AcDbEntity
  8
FD_Dimensions
 62
     0
440
 16777216
100
AcDbMText
 10
92.052067
 20
227.129646
 30
0.0
 40
3.5
 41
0.0
 46
0.0
 71
     5
 72
     1
  1
25\U+00B0{\H2.5;±1\U+00B0}
 11
0.516842
 21
0.856081
 31
0.0
 73
     1
 44
1.0
  0
POINT
  5
44F
330
206
100
AcDbEntity
  8
Defpoints
 62
     0
440
 16777216
100
AcDbPoint
 10
102.934925
 20
243.830489
 30
0.0
  0
POINT
  5
450
330
206
100
AcDbEntity
  8
Defpoints
 62
     0
440
 16777216
100
AcDbPoint
 10
70.970386
 20
248.423099
 30
0.0
  0
POINT
  5
451
330
206
100
AcDbEntity
  8
Defpoints
 62
     0
440
 16777216
100
AcDbPoint
 10
152.871787
 20
210.707669
 30
0.0
  0
POINT
  5
452
330
206
100
AcDbEntity
  8
Defpoints
 62
     0
440
 16777216
100
AcDbPoint
 10
109.417182
 20
230.815448
 30
0.0
  0
POINT
  5
453
330
206
100
AcDbEntity
  8
Defpoints
 62
     0
440
 16777216
100
AcDbPoint
 10
176.76696
 20
248.423099
 30
0.0
  0
ENDBLK
  5
208
330
206
100
AcDbEntity
  8
0
100
AcDbBlockEnd
  0
BLOCK
  5
216
330
215
100
AcDbEntity
  8
0
100
AcDbBlockBegin
  2
*D24
 70
     1
 10
0.0
 20
0.0
 30
0.0
  3
*D24
  1

  0
ARC
  5
454
330
215
100
AcDbEntity
  8
FD_Dimensions
 62
     0
440
 16777216
370
    -2
100
AcDbCircle
 10
176.813925
 20
248.423099
 30
0.0
 40
16.12575296901176
100
AcDbArc
 50
155.079496
 51
167.539748
  0
ARC
  5
455
330
215
100
AcDbEntity
  8
FD_Dimensions
 62
     0
440
 16777216
370
    -2
100
AcDbCircle
 10
176.813925
 20
248.423099
 30
0.0
 40
16.12575296901176
100
AcDbArc
 50
271.541761
 51
284.002013
  0
ARC
  5
456
330
215
100
AcDbEntity
  8
FD_Dimensions
 62
     0
440
 16777216
370
    -2
100
AcDbCircle
 10
176.813925
 20
248.423099
 30
0.0
 40
16.12575296901176
100
AcDbArc
 50
180.0
 51
259.081509
  0
SOLID
  5
457
330
215
100
AcDbEntity
  8
FD_Dimensions
 62
     0
440
 16777216
100
AcDbTrace
 10
161.647888
 20
251.839124
 30
0.0
 11
160.488111
 21
251.965733
 31
0.0
 12
160.688172
 22
248.423099
 32
0.0
 13
160.688172
 23
248.423099
 33
0.0
  0
SOLID
  5
458
330
215
100
AcDbEntity
  8
FD_Dimensions
 62
     0
440
 16777216
100
AcDbTrace
 10
177.200118
 20
231.721803
 30
0.0
 11
177.295477
 21
232.884566
 31
0.0
 12
173.759508
 22
232.589261
 32
0.0
 13
173.759508
 23
232.589261
 33
0.0
  0
MTEXT
  5
459
330
215
100
AcDbEntity
  8
FD_Dimensions
 62
     0
440
 16777216
100
AcDbMText
 10
166.835926
 20
240.185944
 30
0.0
 40
3.5
 41
0.0
 46
0.0
 71
     5
 72
     1
  1
79\U+00B0{\H2.5;±1\U+00B0}
 11
0.636627
 21
-0.771172
 31
0.0
 73
     1
 44
1.0
  0
POINT
  5
45A
330
215
100
AcDbEntity
  8
Defpoints
 62
     0
440
 16777216
100
AcDbPoint
 10
162.364959
 20
241.262981
 30
0.0
  0
POINT
  5
45B
330
215
100
AcDbEntity
  8
Defpoints
 62
     0
440
 16777216
100
AcDbPoint
 10
70.970386
 20
248.423099
 30
0.0
  0
POINT
  5
45C
330
215
100
AcDbEntity
  8
Defpoints
 62
     0
440
 16777216
100
AcDbPoint
 10
176.813925
 20
248.423099
 30
0.0
  0
POINT
  5
45D
330
215
100
AcDbEntity
  8
Defpoints
 62
     0
440
 16777216
100
AcDbPoint
 10
173.417342
 20
230.8155
 30
0.0
  0
POINT
  5
45E
330
215
100
AcDbEntity
  8
Defpoints
 62
     0
440
 16777216
100
AcDbPoint
 10
176.76696
 20
248.423099
 30
0.0
  0
ENDBLK
  5
217
330
215
100
AcDbEntity
  8
0
100
AcDbBlockEnd
  0
BLOCK
  5
224
330
223
100
AcDbEntity
  8
0
100
AcDbBlockBegin
  2
*D25
 70
     1
 10
0.0
 20
0.0
 30
0.0
  3
*D25
  1

  0
LINE
  5
45F
330
223
100
AcDbEntity
  8
FD_Dimensions
 62
     0
440
 16777216
370
    -2
100
AcDbLine
 10
152.871787
 20
201.941003
 30
0.0
 11
152.871787
 21
191.441003
 31
0.0
  0
LINE
  5
460
330
223
100
AcDbEntity
  8
FD_Dimensions
 62
     0
440
 16777216
370
    -2
100
AcDbLine
 10
169.538454
 20
201.941003
 30
0.0
 11
169.538454
 21
191.441003
 31
0.0
  0
LINE
  5
461
330
223
100
AcDbEntity
  8
FD_Dimensions
 62
     0
440
 16777216
370
    -2
100
AcDbLine
 10
156.371787
 20
193.541003
 30
0.0
 11
166.038454
 21
193.541003
 31
0.0
  0
SOLID
  5
462
330
223
100
AcDbEntity
  8
FD_Dimensions
 62
     0
440
 16777216
100
AcDbTrace
 10
156.371787
 20
194.124336
 30
0.0
 11
156.371787
 21
192.957669
 31
0.0
 12
152.871787
 22
193.541003
 32
0.0
 13
152.871787
 23
193.541003
 33
0.0
  0
SOLID
  5
463
330
223
100
AcDbEntity
  8
FD_Dimensions
 62
     0
440
 16777216
100
AcDbTrace
 10
166.038454
 20
194.124336
 30
0.0
 11
166.038454
 21
192.957669
 31
0.0
 12
169.538454
 22
193.541003
 32
0.0
 13
169.538454
 23
193.541003
 33
0.0
  0
MTEXT
  5
464
330
223
100
AcDbEntity
  8
FD_Dimensions
 62
     0
440
 16777216
100
AcDbMText
 10
161.205121
 20
196.728008
 30
0.0
 40
3.5
 41
0.0
 46
0.0
 71
     5
 72
     1
  1
50
 73
     1
 44
1.0
  0
POINT
  5
465
330
223
100
AcDbEntity
  8
Defpoints
 62
     0
440
 16777216
100
AcDbPoint
 10
152.871787
 20
204.041003
 30
0.0
  0
POINT
  5
466
330
223
100
AcDbEntity
  8
Defpoints
 62
     0
440
 16777216
100
AcDbPoint
 10
169.538454
 20
204.041003
 30
0.0
  0
POINT
  5
467
330
223
100
AcDbEntity
  8
Defpoints
 62
     0
440
 16777216
100
AcDbPoint
 10
169.538454
 20
193.541003
 30
0.0
  0
ENDBLK
  5
225
330
223
100
AcDbEntity
  8
0
100
AcDbBlockEnd
  0
BLOCK
  5
230
330
22F
100
AcDbEntity
  8
0
100
AcDbBlockBegin
  2
*D26
 70
     1
 10
0.0
 20
0.0
 30
0.0
  3
*D26
  1

  0
LINE
  5
468
330
22F
100
AcDbEntity
  8
FD_Dimensions
 62
     0
440
 16777216
370
    -2
100
AcDbLine
 10
235.787544
 20
201.941003
 30
0.0
 11
235.787544
 21
191.441003
 31
0.0
  0
LINE
  5
469
330
22F
100
AcDbEntity
  8
FD_Dimensions
 62
     0
440
 16777216
370
    -2
100
AcDbLine
 10
285.787544
 20
201.941003
 30
0.0
 11
285.787544
 21
191.441003
 31
0.0
  0
LINE
  5
46A
330
22F
100
AcDbEntity
  8
FD_Dimensions
 62
     0
440
 16777216
370
    -2
100
AcDbLine
 10
239.287544
 20
193.541003
 30
0.0
 11
282.287544
 21
193.541003
 31
0.0
  0
SOLID
  5
46B
330
22F
100
AcDbEntity
  8
FD_Dimensions
 62
     0
440
 16777216
100
AcDbTrace
 10
239.287544
 20
194.124336
 30
0.0
 11
239.287544
 21
192.957669
 31
0.0
 12
235.787544
 22
193.541003
 32
0.0
 13
235.787544
 23
193.541003
 33
0.0
  0
SOLID
  5
46C
330
22F
100
AcDbEntity
  8
FD_Dimensions
 62
     0
440
 16777216
100
AcDbTrace
 10
282.287544
 20
194.124336
 30
0.0
 11
282.287544
 21
192.957669
 31
0.0
 12
285.787544
 22
193.541003
 32
0.0
 13
285.787544
 23
193.541003
 33
0.0
  0
MTEXT
  5
46D
330
22F
100
AcDbEntity
  8
FD_Dimensions
 62
     0
440
 16777216
100
AcDbMText
 10
260.787544
 20
196.728008
 30
0.0
 40
3.5
 41
0.0
 46
0.0
 71
     5
 72
     1
  1
150{\H2.5;±0.4}
 73
     1
 44
1.0
  0
POINT
  5
46E
330
22F
100
AcDbEntity
  8
Defpoints
 62
     0
440
 16777216
100
AcDbPoint
 10
235.787544
 20
204.041003
 30
0.0
  0
POINT
  5
46F
330
22F
100
AcDbEntity
  8
Defpoints
 62
     0
440
 16777216
100
AcDbPoint
 10
285.787544
 20
204.041003
 30
0.0
  0
POINT
  5
470
330
22F
100
AcDbEntity
  8
Defpoints
 62
     0
440
 16777216
100
AcDbPoint
 10
285.787544
 20
193.541003
 30
0.0
  0
ENDBLK
  5
231
330
22F
100
AcDbEntity
  8
0
100
AcDbBlockEnd
  0
BLOCK
  5
23C
330
23B
100
AcDbEntity
  8
0
100
AcDbBlockBegin
  2
*D27
 70
     1
 10
0.0
 20
0.0
 30
0.0
  3
*D27
  1

  0
LINE
  5
471
330
23B
100
AcDbEntity
  8
FD_Dimensions
 62
     0
440
 16777216
370
    -2
100
AcDbLine
 10
244.120877
 20
144.690132
 30
0.0
 11
244.120877
 21
176.190132
 31
0.0
  0
LINE
  5
472
330
23B
100
AcDbEntity
  8
FD_Dimensions
 62
     0
440
 16777216
370
    -2
100
AcDbLine
 10
277.45421
 20
144.690132
 30
0.0
 11
277.45421
 21
176.190132
 31
0.0
  0
LINE
  5
473
330
23B
100
AcDbEntity
  8
FD_Dimensions
 62
     0
440
 16777216
370
    -2
100
AcDbLine
 10
247.620877
 20
174.090132
 30
0.0
 11
273.95421
 21
174.090132
 31
0.0
  0
SOLID
  5
474
330
23B
100
AcDbEntity
  8
FD_Dimensions
 62
     0
440
 16777216
100
AcDbTrace
 10
247.620877
 20
174.673465
 30
0.0
 11
247.620877
 21
173.506798
 31
0.0
 12
244.120877
 22
174.090132
 32
0.0
 13
244.120877
 23
174.090132
 33
0.0
  0
SOLID
  5
475
330
23B
100
AcDbEntity
  8
FD_Dimensions
 62
     0
440
 16777216
100
AcDbTrace
 10
273.95421
 20
174.673465
 30
0.0
 11
273.95421
 21
173.506798
 31
0.0
 12
277.45421
 22
174.090132
 32
0.0
 13
277.45421
 23
174.090132
 33
0.0
  0
MTEXT
  5
476
330
23B
100
AcDbEntity
  8
FD_Dimensions
 62
     0
440
 16777216
100
AcDbMText
 10
260.787544
 20
177.277137
 30
0.0
 40
3.5
 41
0.0
 46
0.0
 71
     5
 72
     1
  1
100
 73
     1
 44
1.0
  0
POINT
  5
477
330
23B
100
AcDbEntity
  8
Defpoints
 62
     0
440
 16777216
100
AcDbPoint
 10
244.120877
 20
142.590132
 30
0.0
  0
POINT
  5
478
330
23B
100
AcDbEntity
  8
Defpoints
 62
     0
440
 16777216
100
AcDbPoint
 10
277.45421
 20
142.590132
 30
0.0
  0
POINT
  5
479
330
23B
100
AcDbEntity
  8
Defpoints
 62
     0
440
 16777216
100
AcDbPoint
 10
277.45421
 20
174.090132
 30
0.0
  0
ENDBLK
  5
23D
330
23B
100
AcDbEntity
  8
0
100
AcDbBlockEnd
  0
BLOCK
  5
248
330
247
100
AcDbEntity
  8
0
100
AcDbBlockBegin
  2
*D28
 70
     1
 10
0.0
 20
0.0
 30
0.0
  3
*D28
  1

  0
LINE
  5
47A
330
247
100
AcDbEntity
  8
FD_Dimensions
 62
     0
440
 16777216
370
    -2
100
AcDbLine
 10
303.192348
 20
144.765451
 30
0.0
 11
288.581207
 21
143.530556
 31
0.0
  0
MTEXT
  5
47B
330
247
100
AcDbEntity
  8
FD_Dimensions
 62
     0
440
 16777216
100
AcDbMText
 10
297.362059
 20
147.472256
 30
0.0
 40
3.5
 41
0.0
 46
0.0
 71
     5
 72
     1
  1
R23
 11
0.996447
 21
0.084217
 31
0.0
 73
     1
 44
1.0
  0
LINE
  5
47C
330
247
100
AcDbEntity
  8
FD_Dimensions
 62
     0
440
 16777216
370
    -2
100
AcDbLine
 10
277.45421
 20
142.590132
 30
0.0
 11
285.093641
 21
143.235796
 31
0.0
  0
SOLID
  5
47D
330
247
100
AcDbEntity
  8
FD_Dimensions
 62
     0
440
 16777216
100
AcDbTrace
 10
288.53208
 20
144.111817
 30
0.0
 11
288.630333
 21
142.949295
 31
0.0
 12
285.093641
 22
143.235796
 32
0.0
 13
285.093641
 23
143.235796
 33
0.0
  0
POINT
  5
47E
330
247
100
AcDbEntity
  8
Defpoints
 62
     0
440
 16777216
100
AcDbPoint
 10
285.093641
 20
143.235796
 30
0.0
  0
POINT
  5
47F
330
247
100
AcDbEntity
  8
Defpoints
 62
     0
440
 16777216
100
AcDbPoint
 10
277.45421
 20
142.590132
 30
0.0
  0
ENDBLK
  5
249
330
247
100
AcDbEntity
  8
0
100
AcDbBlockEnd
  0
BLOCK
  5
251
330
250
100
AcDbEntity
  8
0
100
AcDbBlockBegin
  2
*D29
 70
     1
 10
0.0
 20
0.0
 30
0.0
  3
*D29
  1

  0
ARC
  5
480
330
250
100
AcDbEntity
  8
FD_Dimensions
 62
     0
440
 16777216
370
    -2
100
AcDbCircle
 10
211.71645
 20
248.423099
 30
0.0
 40
19.03858297153407
100
AcDbArc
 50
291.999227
 51
302.547213
  0
LINE
  5
481
330
250
100
AcDbEntity
  8
FD_Dimensions
 62
     0
440
 16777216
370
    -2
100
AcDbLine
 10
218.848191
 20
230.770736
 30
0.0
 11
201.145713
 21
223.618749
 31
0.0
  0
ARC
  5
482
330
250
100
AcDbEntity
  8
FD_Dimensions
 62
     0
440
 16777216
370
    -2
100
AcDbCircle
 10
211.71645
 20
248.423099
 30
0.0
 40
19.03858297153407
100
AcDbArc
 50
313.095198
 51
349.452015
  0
SOLID
  5
483
330
250
100
AcDbEntity
  8
FD_Dimensions
 62
     0
440
 16777216
100
AcDbTrace
 10
225.081549
 20
234.059963
 30
0.0
 11
224.36615
 21
234.981545
 31
0.0
 12
221.959101
 22
232.374556
 32
0.0
 13
221.959101
 23
232.374556
 33
0.0
  0
SOLID
  5
484
330
250
100
AcDbEntity
  8
FD_Dimensions
 62
     0
440
 16777216
100
AcDbTrace
 10
229.852454
 20
244.991536
 30
0.0
 11
231.014182
 21
244.884297
 31
0.0
 12
230.755033
 22
248.423099
 32
0.0
 13
230.755033
 23
248.423099
 33
0.0
  0
MTEXT
  5
485
330
250
100
AcDbEntity
  8
FD_Dimensions
 62
     0
440
 16777216
100
AcDbMText
 10
208.805802
 20
230.143058
 30
0.0
 40
3.5
 41
0.0
 46
0.0
 71
     5
 72
     1
  1
57.5\U+00B0{\H2.5;±1\U+00B0}
 11
0.927189
 21
0.374594
 31
0.0
 73
     1
 44
1.0
  0
POINT
  5
486
330
250
100
AcDbEntity
  8
Defpoints
 62
     0
440
 16777216
100
AcDbPoint
 10
229.701394
 20
242.177345
 30
0.0
  0
POINT
  5
487
330
250
100
AcDbEntity
  8
Defpoints
 62
     0
440
 16777216
100
AcDbPoint
 10
260.787544
 20
248.423099
 30
0.0
  0
POINT
  5
488
330
250
100
AcDbEntity
  8
Defpoints
 62
     0
440
 16777216
100
AcDbPoint
 10
235.787544
 20
210.707669
 30
0.0
  0
POINT
  5
489
330
250
100
AcDbEntity
  8
Defpoints
 62
     0
440
 16777216
100
AcDbPoint
 10
211.716486
 20
248.423044
 30
0.0
  0
POINT
  5
48A
330
250
100
AcDbEntity
  8
Defpoints
 62
     0
440
 16777216
100
AcDbPoint
 10
211.677723
 20
248.423099
 30
0.0
  0
ENDBLK
  5
252
330
250
100
AcDbEntity
  8
0
100
AcDbBlockEnd
  0
ENDSEC
  0
SECTION
  2
ENTITIES
  0
INSERT
  5
DD
330
70
100
AcDbEntity
  8
BORDER
100
AcDbBlockReference
  2
ISO_A3_SHEET
 10
0.0
 20
0.0
 30
0.0
  0
DIMENSION
  5
123
330
70
100
AcDbEntity
  8
FD_Dimensions
100
AcDbDimension
280
     0
  2
*D19
 10
309.897093
 20
258.923099
 30
0.0
 11
260.806789
 21
262.110105
 31
0.0
 70
    33
 71
     5
 42
294.54182
 73
     0
 74
     0
 75
     0
  3
Dim-ISO-25
100
AcDbAlignedDimension
 13
211.716486
 23
248.423044
 33
0.0
 14
309.897093
 24
248.423099
 34
0.0
1001
ACAD_DIMASSOC_CALC_DIMLFAC
1040
-3.0
1001
ACAD_DIMASSOC_DIMLFAC
1040
-3.0
1001
ACAD_DIMASSOC_OVERRIDDEN_DIMLFAC
1040
0.0
1001
ACAD_TC
1000
DSTYLE_TC
1002
{
1070
   176
1004
18000000020000008C8C8CC2000000000000000000000000
1070
   177
1004
18000000020000008C8C8CC2000000000000000000000000
1002
}
1001
ACAD_DSTYLE_DIMJAG_POSITION
1070
   387
1070
     0
1070
   389
1010
0.0
1020
0.0
1030
0.0
1001
ACAD
1000
DSTYLE
1002
{
1070
    47
1040
0.5
1070
   147
1040
1.4
1070
    48
1040
0.5
1070
    72
1070
     0
1070
    71
1070
     1
1070
   271
1070
     0
1070
   144
1040
3.0
1070
   176
1070
     0
1070
   177
1070
     0
1002
}
  0
DIMENSION
  5
131
330
70
100
AcDbEntity
  8
FD_Dimensions
100
AcDbDimension
280
     0
  2
*D20
 10
176.767224
 20
258.92274
 30
0.0
 11
123.868834
 21
262.111119
 31
0.0
 70
    33
 71
     5
 42
317.390403
 73
     0
 74
     0
 75
     0
  3
Dim-ISO-25
100
AcDbAlignedDimension
 13
70.970387
 23
248.423099
 33
0.0
 14
176.767188
 24
248.42274
 34
0.0
1001
ACAD_DIMASSOC_CALC_DIMLFAC
1040
-3.0
1001
ACAD_DIMASSOC_DIMLFAC
1040
-3.0
1001
ACAD_DIMASSOC_OVERRIDDEN_DIMLFAC
1040
0.0
1001
ACAD_TC
1000
DSTYLE_TC
1002
{
1070
   176
1004
18000000020000008C8C8CC2000000000000000000000000
1070
   177
1004
18000000020000008C8C8CC2000000000000000000000000
1002
}
1001
ACAD_DSTYLE_DIMJAG_POSITION
1070
   387
1070
     0
1070
   389
1010
0.0
1020
0.0
1030
0.0
1001
ACAD
1000
DSTYLE
1002
{
1070
    47
1040
0.5
1070
   147
1040
1.4
1070
    48
1040
0.5
1070
    72
1070
     0
1070
    71
1070
     1
1070
   271
1070
     0
1070
   144
1040
3.0
1070
   176
1070
     0
1070
   177
1070
     0
1002
}
  0
DIMENSION
  5
13E
330
70
100
AcDbEntity
  8
FD_Dimensions
100
AcDbDimension
280
     0
  2
*D21
 10
57.732079
 20
248.423099
 30
0.0
 11
54.54388
 21
229.565384
 31
0.0
 70
    32
 71
     5
 42
113.14629
 73
     0
 74
     0
 75
     0
  3
Dim-ISO-25
100
AcDbAlignedDimension
 13
152.871787
 23
210.707669
 33
0.0
 14
70.970386
 24
248.423099
 34
0.0
 50
90.0
100
AcDbRotatedDimension
1001
ACAD_DIMASSOC_CALC_DIMLFAC
1040
-3.0
1001
ACAD_DIMASSOC_DIMLFAC
1040
-3.0
1001
ACAD_DIMASSOC_OVERRIDDEN_DIMLFAC
1040
0.0
1001
ACAD_TC
1000
DSTYLE_TC
1002
{
1070
   176
1004
18000000020000008C8C8CC2000000000000000000000000
1070
   177
1004
18000000020000008C8C8CC2000000000000000000000000
1002
}
1001
ACAD_DSTYLE_DIMJAG_POSITION
1070
   387
1070
     0
1070
   389
1010
0.0
1020
0.0
1030
0.0
1001
ACAD
1000
DSTYLE
1002
{
1070
    47
1040
0.35
1070
   147
1040
1.4
1070
    48
1040
0.35
1070
    72
1070
     0
1070
    71
1070
     1
1070
   271
1070
     0
1070
   144
1040
3.0
1070
   176
1070
     0
1070
   177
1070
     0
1002
}
  0
DIMENSION
  5
14B
330
70
100
AcDbEntity
  8
FD_Dimensions
100
AcDbDimension
280
     0
  2
*D22
 10
46.775292
 20
210.707669
 30
0.0
 11
43.588286
 21
221.638365
 31
0.0
 70
    33
 71
     5
 42
20.0
 73
     0
 74
     0
 75
     0
  3
Dim-ISO-25
100
AcDbAlignedDimension
 13
152.871787
 23
204.041003
 33
0.0
 14
152.871787
 24
210.707669
 34
0.0
1001
ACAD_DIMASSOC_CALC_DIMLFAC
1040
-3.0
1001
ACAD_DIMASSOC_DIMLFAC
1040
-3.0
1001
ACAD_DIMASSOC_OVERRIDDEN_DIMLFAC
1040
0.0
1001
ACAD_TC
1000
DSTYLE_TC
1002
{
1070
   177
1004
18000000020000008C8C8CC2000000000000000000000000
1070
   176
1004
18000000020000008C8C8CC2000000000000000000000000
1002
}
1001
ACAD_DSTYLE_DIMJAG_POSITION
1070
   387
1070
     0
1070
   389
1010
0.0
1020
0.0
1030
0.0
1001
ACAD
1000
DSTYLE
1002
{
1070
   177
1070
     0
1070
   176
1070
     0
1070
   144
1040
3.0
1002
}
  0
DIMENSION
  5
15A
330
70
100
AcDbEntity
  8
FD_Dimensions
100
AcDbDimension
280
     0
  2
*D23
 10
176.76696
 20
248.423099
 30
0.0
 11
92.052067
 21
227.129646
 31
0.0
 70
    34
 71
     5
 42
0.43339
 73
     0
 74
     0
 75
     0
  3
Dim-ISO-25
100
AcDb2LineAngularDimension
 13
152.871787
 23
210.707669
 33
0.0
 14
109.417182
 24
230.815448
 34
0.0
 15
70.970386
 25
248.423099
 35
0.0
 16
102.934925
 26
243.830489
 36
0.0
1001
ACAD_DSTYLE_DIMJAG_POSITION
1070
   387
1070
     0
1070
   389
1010
0.0
1020
0.0
1030
0.0
1001
ACAD
1000
DSTYLE
1002
{
1070
   144
1040
1.0
1070
    47
1040
1.0
1070
   147
1040
1.4
1070
    48
1040
1.0
1070
    72
1070
     0
1070
    71
1070
     1
1070
   179
1070
     0
1070
   170
1070
     0
1070
     3
1000

1002
}
  0
DIMENSION
  5
16A
330
70
100
AcDbEntity
  8
FD_Dimensions
100
AcDbDimension
280
     0
  2
*D24
 10
176.76696
 20
248.423099
 30
0.0
 11
166.835926
 21
240.185944
 31
0.0
 70
    34
 71
     5
 42
1.380233
 73
     0
 74
     0
 75
     0
  3
Dim-ISO-25
100
AcDb2LineAngularDimension
 13
176.813925
 23
248.423099
 33
0.0
 14
173.417342
 24
230.8155
 34
0.0
 15
70.970386
 25
248.423099
 35
0.0
 16
162.364959
 26
241.262981
 36
0.0
1001
ACAD_DSTYLE_DIMJAG_POSITION
1070
   387
1070
     0
1070
   389
1010
0.0
1020
0.0
1030
0.0
1001
ACAD
1000
DSTYLE
1002
{
1070
   144
1040
1.0
1070
    47
1040
1.0
1070
   147
1040
1.4
1070
    48
1040
1.0
1070
    72
1070
     0
1070
    71
1070
     1
1070
   179
1070
     0
1070
   170
1070
     0
1070
     3
1000

1002
}
  0
DIMENSION
  5
179
330
70
100
AcDbEntity
  8
FD_Dimensions
100
AcDbDimension
280
     0
  2
*D25
 10
169.538454
 20
193.541003
 30
0.0
 11
161.205121
 21
196.728008
 31
0.0
 70
    33
 71
     5
 42
50.0
 73
     0
 74
     0
 75
     0
  3
Dim-ISO-25
100
AcDbAlignedDimension
 13
152.871787
 23
204.041003
 33
0.0
 14
169.538454
 24
204.041003
 34
0.0
1001
ACAD_DIMASSOC_CALC_DIMLFAC
1040
-3.0
1001
ACAD_DIMASSOC_DIMLFAC
1040
-3.0
1001
ACAD_DIMASSOC_OVERRIDDEN_DIMLFAC
1040
0.0
1001
ACAD_TC
1000
DSTYLE_TC
1002
{
1070
   177
1004
18000000020000008C8C8CC2000000000000000000000000
1070
   176
1004
18000000020000008C8C8CC2000000000000000000000000
1002
}
1001
ACAD_DSTYLE_DIMJAG_POSITION
1070
   387
1070
     0
1070
   389
1010
0.0
1020
0.0
1030
0.0
1001
ACAD
1000
DSTYLE
1002
{
1070
   177
1070
     0
1070
   176
1070
     0
1070
   144
1040
3.0
1002
}
  0
DIMENSION
  5
186
330
70
100
AcDbEntity
  8
FD_Dimensions
100
AcDbDimension
280
     0
  2
*D26
 10
285.787544
 20
193.541003
 30
0.0
 11
260.787544
 21
196.728008
 31
0.0
 70
    33
 71
     5
 42
150.0
 73
     0
 74
     0
 75
     0
  3
Dim-ISO-25
100
AcDbAlignedDimension
 13
235.787544
 23
204.041003
 33
0.0
 14
285.787544
 24
204.041003
 34
0.0
1001
ACAD_DIMASSOC_CALC_DIMLFAC
1040
-3.0
1001
ACAD_DIMASSOC_DIMLFAC
1040
-3.0
1001
ACAD_DIMASSOC_OVERRIDDEN_DIMLFAC
1040
0.0
1001
ACAD_TC
1000
DSTYLE_TC
1002
{
1070
   176
1004
18000000020000008C8C8CC2000000000000000000000000
1070
   177
1004
18000000020000008C8C8CC2000000000000000000000000
1002
}
1001
ACAD_DSTYLE_DIMJAG_POSITION
1070
   387
1070
     0
1070
   389
1010
0.0
1020
0.0
1030
0.0
1001
ACAD
1000
DSTYLE
1002
{
1070
    47
1040
0.4
1070
   147
1040
1.4
1070
    48
1040
0.4
1070
    72
1070
     0
1070
    71
1070
     1
1070
   144
1040
3.0
1070
   176
1070
     0
1070
   177
1070
     0
1002
}
  0
INSERT
  5
193
330
70
100
AcDbEntity
  8
Smart Centers
 48
0.75
100
AcDbBlockReference
  2
*U13
 10
161.205121
 20
207.374336
 30
0.0
  0
INSERT
  5
199
330
70
100
AcDbEntity
  8
Smart Centers
 48
0.75
100
AcDbBlockReference
  2
*U14
 10
277.45421
 20
142.590132
 30
0.0
  0
INSERT
  5
1A3
330
70
100
AcDbEntity
  8
Smart Centers
 48
0.75
100
AcDbBlockReference
  2
*U15
 10
244.120877
 20
142.590132
 30
0.0
  0
DIMENSION
  5
1AD
330
70
100
AcDbEntity
  8
FD_Dimensions
100
AcDbDimension
280
     0
  2
*D27
 10
277.45421
 20
174.090132
 30
0.0
 11
260.787544
 21
177.277137
 31
0.0
 70
    33
 71
     5
 42
100.0
 73
     0
 74
     0
 75
     0
  3
Dim-ISO-25
100
AcDbAlignedDimension
 13
244.120877
 23
142.590132
 33
0.0
 14
277.45421
 24
142.590132
 34
0.0
1001
ACAD_DIMASSOC_CALC_DIMLFAC
1040
-3.0
1001
ACAD_DIMASSOC_DIMLFAC
1040
-3.0
1001
ACAD_DIMASSOC_OVERRIDDEN_DIMLFAC
1040
0.0
1001
ACAD_TC
1000
DSTYLE_TC
1002
{
1070
   176
1004
18000000020000008C8C8CC2000000000000000000000000
1070
   177
1004
18000000020000008C8C8CC2000000000000000000000000
1002
}
1001
ACAD_DSTYLE_DIMJAG_POSITION
1070
   387
1070
     0
1070
   389
1010
0.0
1020
0.0
1030
0.0
1001
ACAD
1000
DSTYLE
1002
{
1070
   144
1040
3.0
1070
   176
1070
     0
1070
   177
1070
     0
1002
}
  0
DIMENSION
  5
1BA
330
70
100
AcDbEntity
  8
FD_Dimensions
100
AcDbDimension
280
     0
  2
*D28
 10
277.45421
 20
142.590132
 30
0.0
 11
297.362059
 21
147.472256
 31
0.0
 70
    36
 71
     5
 42
23.0
 73
     0
 74
     0
 75
     0
  3
Dim-ISO-25
100
AcDbRadialDimension
 15
285.093641
 25
143.235796
 35
0.0
 40
0.0
1001
ACAD_DIMASSOC_CALC_DIMLFAC
1040
-3.0
1001
ACAD_DIMASSOC_DIMLFAC
1040
-3.0
1001
ACAD_DIMASSOC_OVERRIDDEN_DIMLFAC
1040
0.0
1001
ACAD_TC
1000
DSTYLE_TC
1002
{
1070
   176
1004
18000000020000008C8C8CC2000000000000000000000000
1070
   177
1004
18000000020000008C8C8CC2000000000000000000000000
1002
}
1001
ACAD_DSTYLE_DIMJAG_POSITION
1070
   387
1070
     0
1070
   389
1010
0.0
1020
0.0
1030
0.0
1001
ACAD_DSTYLE_DIMRADIAL_EXTENSION
1070
   387
1070
     1
1070
   388
1040
4.712389
1070
   390
1040
1.570796
1001
ACAD
1000
DSTYLE
1002
{
1070
    75
1070
     1
1070
   144
1040
3.0
1070
   176
1070
     0
1070
   177
1070
     0
1002
}
  0
DIMENSION
  5
1C4
330
70
100
AcDbEntity
  8
FD_Dimensions
100
AcDbDimension
280
     0
  2
*D29
 10
211.677723
 20
248.423099
 30
0.0
 11
208.805802
 21
230.143058
 31
0.0
 70
    34
 71
     5
 42
1.00274
 73
     0
 74
     0
 75
     0
  3
Dim-ISO-25
100
AcDb2LineAngularDimension
 13
235.787544
 23
210.707669
 33
0.0
 14
211.716486
 24
248.423044
 34
0.0
 15
260.787544
 25
248.423099
 35
0.0
 16
229.701394
 26
242.177345
 36
0.0
1001
ACAD_DSTYLE_DIMJAG_POSITION
1070
   387
1070
     0
1070
   389
1010
0.0
1020
0.0
1030
0.0
1001
ACAD
1000
DSTYLE
1002
{
1070
   144
1040
1.0
1070
    47
1040
1.0
1070
   147
1040
1.4
1070
    48
1040
1.0
1070
    72
1070
     0
1070
    71
1070
     1
1070
   179
1070
     1
1070
   170
1070
     0
1070
     3
1000

1002
}
  0
LINE
  5
399
330
70
100
AcDbEntity
  8
Visible
100
AcDbLine
 10
260.787544
 20
248.423099
 30
0.0
 11
211.677982
 21
248.423099
 31
0.0
210
0.0
220
1.0
230
0.0
  0
LINE
  5
39A
330
70
100
AcDbEntity
  8
Visible
100
AcDbLine
 10
309.895916
 20
248.423099
 30
0.0
 11
260.787544
 21
248.423099
 31
0.0
210
0.0
220
1.0
230
0.0
  0
LINE
  5
39B
330
70
100
AcDbEntity
  8
Visible
100
AcDbLine
 10
235.787544
 20
210.707669
 30
0.0
 11
244.120877
 21
210.707669
 31
0.0
210
0.0
220
1.0
230
0.0
  0
LINE
  5
39C
330
70
100
AcDbEntity
  8
Visible
100
AcDbLine
 10
235.787544
 20
204.041003
 30
0.0
 11
244.120877
 21
204.041003
 31
0.0
210
0.0
220
1.0
230
0.0
  0
LINE
  5
39D
330
70
100
AcDbEntity
  8
Visible
100
AcDbLine
 10
244.120877
 20
210.707669
 30
0.0
 11
260.787544
 21
210.707669
 31
0.0
210
0.0
220
1.0
230
0.0
  0
LINE
  5
39E
330
70
100
AcDbEntity
  8
Visible
100
AcDbLine
 10
277.45421
 20
204.041003
 30
0.0
 11
244.120877
 21
204.041003
 31
0.0
210
0.0
220
1.0
230
0.0
  0
LINE
  5
39F
330
70
100
AcDbEntity
  8
Visible
100
AcDbLine
 10
260.787544
 20
210.707669
 30
0.0
 11
277.45421
 21
210.707669
 31
0.0
210
0.0
220
1.0
230
0.0
  0
LINE
  5
3A0
330
70
100
AcDbEntity
  8
Visible
100
AcDbLine
 10
277.45421
 20
210.707669
 30
0.0
 11
285.787544
 21
210.707669
 31
0.0
210
0.0
220
1.0
230
0.0
  0
LINE
  5
3A1
330
70
100
AcDbEntity
  8
Visible
100
AcDbLine
 10
277.45421
 20
204.041003
 30
0.0
 11
285.787544
 21
204.041003
 31
0.0
210
0.0
220
1.0
230
0.0
  0
LINE
  5
3A2
330
70
100
AcDbEntity
  8
Visible
100
AcDbLine
 10
235.787544
 20
210.707669
 30
0.0
 11
235.787544
 21
204.041003
 31
0.0
210
0.0
220
1.0
230
0.0
  0
LINE
  5
3A3
330
70
100
AcDbEntity
  8
Visible
100
AcDbLine
 10
285.787544
 20
210.707669
 30
0.0
 11
285.787544
 21
204.041003
 31
0.0
210
0.0
220
1.0
230
0.0
  0
ARC
  5
3A4
330
70
100
AcDbEntity
  8
Visible
100
AcDbCircle
 10
-254.721333
 20
284.967809
 30
0.0
 40
66.18066600953885
210
0.0000000000000001
220
0.0
230
-1.0
100
AcDbArc
 50
213.517811
 51
215.681463
  0
SPLINE
  5
3A5
330
70
100
AcDbEntity
  8
Visible
100
AcDbSpline
210
0.0
220
0.0
230
1.0
 70
     8
 71
     3
 72
    42
 73
    38
 74
     0
 42
0.000000001
 43
0.0000000001
 40
8.597953772786439
 40
8.597953772786439
 40
8.597953772786439
 40
8.597953772786439
 40
10.86032971892199
 40
10.86032971892199
 40
11.26003752237221
 40
11.26003752237221
 40
11.40992581709981
 40
11.40992581709981
 40
11.46613377813699
 40
11.46613377813699
 40
11.48532502744121
 40
11.48532502744121
 40
11.49492065166713
 40
11.49492065166713
 40
11.49971846372588
 40
11.49971846372588
 40
11.50211736974843
 40
11.50211736974843
 40
11.80917869316744
 40
11.80917869316744
 40
12.73035860495102
 40
12.73035860495102
 40
13.83577449909254
 40
13.83577449909254
 40
15.16227357206186
 40
15.16227357206186
 40
16.75407245962519
 40
16.75407245962519
 40
18.66423112470116
 40
18.66423112470116
 40
20.95642152279233
 40
20.95642152279233
 40
23.70705000050174
 40
23.70705000050174
 40
27.00780417375302
 40
27.00780417375302
 40
28.64417376112942
 40
28.64417376112942
 40
28.64417376112942
 40
28.64417376112942
 10
309.602550906809
 20
248.0217108132894
 30
-0.0000000000004547
 10
309.6025509068368
 20
248.0217108133327
 30
-0.0000000000004547
 10
309.5784747557814
 20
247.9841069380981
 30
-0.0000000000004547
 10
309.5021414552939
 20
247.8645271104753
 30
-0.0000000000004547
 10
309.4893242493567
 20
247.8444462136899
 30
-0.0000000000004547
 10
309.469518160487
 20
247.8134141444004
 30
-0.0000000000004547
 10
309.4638926175067
 20
247.8045999381361
 30
-0.0000000000004547
 10
309.4558290998907
 20
247.7919657848238
 30
-0.0000000000004547
 10
309.4535963561539
 20
247.7884674492512
 30
-0.0000000000004547
 10
309.4505550613921
 20
247.7837022451904
 30
-0.0000000000004547
 10
309.4497769480426
 20
247.7824830703574
 30
-0.0000000000004547
 10
309.4486037003367
 20
247.7806447851119
 30
-0.0000000000004547
 10
309.4482116048025
 20
247.7800304361694
 30
-0.0000000000004547
 10
309.4476219354888
 20
247.7791065217137
 30
-0.0000000000004547
 10
309.447425124737
 20
247.7787981517564
 30
-0.0000000000004547
 10
309.4471295263807
 20
247.7783349979262
 30
-0.0000000000004547
 10
309.4470309295453
 20
247.7781805129611
 30
-0.0000000000004547
 10
309.4343037625986
 20
247.758239143162
 30
-0.0000000000004547
 10
309.165080954921
 20
247.3364114426019
 30
-0.0000000000004547
 10
308.5999933974217
 20
246.451012515788
 30
-0.0000000000004547
 10
308.1761781961218
 20
245.7869640521153
 30
-0.0000000000004547
 10
307.2437847532096
 20
244.3260574319509
 30
-0.0000000000004547
 10
306.7352065116125
 20
243.5291992754852
 30
-0.0000000000004547
 10
305.6163343801195
 20
241.7761113312906
 30
-0.0000000000004547
 10
305.006040490216
 20
240.8198815435513
 30
-0.0000000000004547
 10
303.6633939324238
 20
238.7161760105175
 30
-0.0000000000004547
 10
302.9310412645368
 20
237.5687002652258
 30
-0.0000000000004547
 10
301.3198653951858
 20
235.0442536255852
 30
-0.0000000000004547
 10
300.4410421937214
 20
233.6672827312359
 30
-0.0000000000004547
 10
298.5076311505004
 20
230.6379467636671
 30
-0.0000000000004547
 10
297.4530433087439
 20
228.9855816904479
 30
-0.0000000000004547
 10
295.1329500568791
 20
225.3503785293654
 30
-0.0000000000004547
 10
293.8674446467703
 20
223.3675404415023
 30
-0.0000000000004547
 10
291.0833327445325
 20
219.0052966482034
 30
-0.0000000000004547
 10
289.5647262524022
 20
216.6258909427676
 30
-0.0000000000004547
 10
287.293261065417
 20
213.0668799325933
 30
-0.0000000000004547
 10
286.540402370561
 20
211.8872746278547
 30
-0.0000000000004547
 10
285.7875436757053
 20
210.7076693231162
 30
-0.0000000000004547
  0
LINE
  5
3A6
330
70
100
AcDbEntity
  8
Visible
100
AcDbLine
 10
235.787544
 20
210.707669
 30
0.0
 11
211.716486
 21
248.423044
 31
0.0
210
0.0
220
1.0
230
0.0
  0
LINE
  5
3A7
330
70
100
AcDbEntity
  8
Visible
100
AcDbLine
 10
176.812584
 20
248.423099
 30
0.0
 11
70.972056
 21
248.423099
 31
0.0
210
0.0
220
1.0
230
0.0
  0
LINE
  5
3A8
330
70
100
AcDbEntity
  8
Visible
100
AcDbLine
 10
152.871787
 20
210.707669
 30
0.0
 11
152.871787
 21
204.041003
 31
0.0
210
0.0
220
1.0
230
0.0
  0
LINE
  5
3A9
330
70
100
AcDbEntity
  8
Visible
100
AcDbLine
 10
152.871787
 20
210.707669
 30
0.0
 11
169.538454
 21
210.707669
 31
0.0
210
0.0
220
1.0
230
0.0
  0
LINE
  5
3AA
330
70
100
AcDbEntity
  8
Visible
100
AcDbLine
 10
152.871787
 20
204.041003
 30
0.0
 11
169.538454
 21
204.041003
 31
0.0
210
0.0
220
1.0
230
0.0
  0
LINE
  5
3AB
330
70
100
AcDbEntity
  8
Visible
100
AcDbLine
 10
169.538454
 20
210.707669
 30
0.0
 11
169.538454
 21
204.041003
 31
0.0
210
0.0
220
1.0
230
0.0
  0
SPLINE
  5
3AC
330
70
100
AcDbEntity
  8
Visible
100
AcDbSpline
210
0.0000000000031053
220
-0.000000000000616
230
1.0
 70
     8
 71
     3
 72
   142
 73
   138
 74
     0
 42
0.000000001
 43
0.0000000001
 40
0.0
 40
0.0
 40
0.0
 40
0.0
 40
0.0002163137502445
 40
0.0002163137502445
 40
0.0005768366673251
 40
0.0005768366673251
 40
0.0012978825014993
 40
0.0012978825014993
 40
0.0027399741699788
 40
0.0027399741699788
 40
0.0072589198700462
 40
0.0072589198700462
 40
0.2000676619100852
 40
0.2000676619100852
 40
0.4571462720578113
 40
0.4571462720578113
 40
1.142698588670846
 40
1.142698588670846
 40
1.599728428183624
 40
1.599728428183624
 40
5.292378682936587
 40
5.292378682936587
 40
5.799398125369259
 40
5.799398125369259
 40
5.989529823795967
 40
5.989529823795967
 40
6.025179498195776
 40
6.025179498195776
 40
6.036716231566655
 40
6.036716231566655
 40
6.042484598242926
 40
6.042484598242926
 40
6.045368781579912
 40
6.045368781579912
 40
6.045503678558993
 40
6.045503678558993
 40
6.045631415558515
 40
6.045631415558515
 40
6.045752367155722
 40
6.045752367155722
 40
6.04586688888818
 40
6.04586688888818
 40
6.045975318165131
 40
6.045975318165131
 40
6.046077975140927
 40
6.046077975140927
 40
6.046175163551578
 40
6.046175163551578
 40
6.046267171515355
 40
6.046267171515355
 40
6.046354272298661
 40
6.046354272298661
 40
6.046436725048003
 40
6.046436725048003
 40
6.046514775489459
 40
6.046514775489459
 40
6.04658865659646
 40
6.04658865659646
 40
6.046658589227198
 40
6.046658589227198
 40
6.046724782765069
 40
6.046724782765069
 40
6.046787435567773
 40
6.046787435567773
 40
6.046846735717618
 40
6.046846735717618
 40
6.046902861415103
 40
6.046902861415103
 40
6.046955981513783
 40
6.046955981513783
 40
6.047006255997709
 40
6.047006255997709
 40
6.047053836435699
 40
6.047053836435699
 40
6.047098866413592
 40
6.047098866413592
 40
6.047141481945375
 40
6.047141481945375
 40
6.047181811864088
 40
6.047181811864088
 40
6.047219978193422
 40
6.047219978193422
 40
6.047256096500856
 40
6.047256096500856
 40
6.047290276233248
 40
6.047290276233248
 40
6.047322621035457
 40
6.047322621035457
 40
6.047353229053165
 40
6.047353229053165
 40
6.047382193220148
 40
6.047382193220148
 40
6.047409601531229
 40
6.047409601531229
 40
6.047435537301185
 40
6.047435537301185
 40
6.047460079410519
 40
6.047460079410519
 40
6.047483302538624
 40
6.047483302538624
 40
6.047505277385031
 40
6.047505277385031
 40
6.047526070879182
 40
6.047526070879182
 40
6.047545746379468
 40
6.047545746379468
 40
6.047564363861924
 40
6.047564363861924
 40
6.047581980099177
 40
6.047581980099177
 40
6.047598648830042
 40
6.047598648830042
 40
6.047614420920354
 40
6.047614420920354
 40
6.047629344515385
 40
6.047629344515385
 40
6.047643465184291
 40
6.047643465184291
 40
6.047656826057007
 40
6.047656826057007
 40
6.047669467953966
 40
6.047669467953966
 40
6.047681429509007
 40
6.047681429509007
 40
6.047692747285831
 40
6.047692747285831
 40
6.047703455888298
 40
6.047703455888298
 40
6.047713588064952
 40
6.047713588064952
 40
6.269218900079372
 40
6.269218900079372
 40
6.933734740832588
 40
6.933734740832588
 40
7.731153749736445
 40
7.731153749736445
 40
7.883496149468944
 40
7.883496149468944
 40
7.883496149468944
 40
7.883496149468944
 10
176.7671879055901
 20
248.4227396800045
 30
0.0000000000009095
 10
176.767143626128
 20
248.4225260356315
 30
0.0000000000009095
 10
176.7670993469196
 20
248.4223123914363
 30
0.0000000000009095
 10
176.766981269709
 20
248.4217426740559
 30
0.0000000000009095
 10
176.7669074721575
 20
248.4213866011866
 30
0.0000000000009095
 10
176.7666860816207
 20
248.4203183840588
 30
0.0000000000009095
 10
176.7665384907518
 20
248.4196062412803
 30
0.0000000000009095
 10
176.7660957266103
 20
248.4174698188646
 30
0.0000000000009095
 10
176.7658005618027
 20
248.4160455451466
 30
0.0000000000009095
 10
176.7645805137072
 20
248.4101581927625
 30
0.0000000000009095
 10
176.763655729921
 20
248.405695183676
 30
0.0000000000009095
 10
176.723278255422
 20
248.2108134458852
 30
0.0000000000009095
 10
176.6840267052025
 20
248.0205350674867
 30
0.0000000000009095
 10
176.59288349297
 20
247.5768667951552
 30
0.0000000000009095
 10
176.5411393640438
 20
247.3235802294643
 30
0.0000000000009095
 10
176.352558986021
 20
246.3956843374734
 30
0.0000000000009095
 10
176.2176289901481
 20
245.7224360347581
 30
0.0000000000009095
 10
175.9958009504744
 20
244.6027107977805
 30
0.0000000000004547
 10
175.9078852749126
 20
244.1554436568969
 30
0.0000000000004547
 10
175.1161785977251
 20
240.0996856784934
 30
0.0000000000009095
 10
174.4561007934549
 20
236.5246566791282
 30
0.0000000000009095
 10
173.7226632613779
 20
232.4977701987604
 30
0.0000000000004547
 10
173.6344331601312
 20
232.0122948644016
 30
0.0000000000004547
 10
173.5134828153768
 20
231.3457844216384
 30
0.0000000000004547
 10
173.4805338215055
 20
231.1641131252377
 30
0.0000000000004547
 10
173.441448253162
 20
230.948506085031
 30
0.0000000000004547
 10
173.4352780741665
 20
230.9144666578756
 30
0.0000000000004547
 10
173.4271127366319
 20
230.8694166251563
 30
0.0000000000004547
 10
173.4251164974166
 20
230.8584026178009
 30
0.0000000000004547
 10
173.4221223273298
 20
230.841882204753
 30
0.0000000000004547
 10
173.4211243020909
 20
230.8363755000727
 30
0.0000000000004547
 10
173.4196273113111
 20
230.82811559271
 30
0.0000000000004547
 10
173.4191283222298
 20
230.8253623151982
 30
0.0000000000004547
 10
173.4186060029897
 20
230.8224802894643
 30
0.0000000000004547
 10
173.41858266501
 20
230.8223515163415
 30
0.0000000000004547
 10
173.4185372278025
 20
230.8221008051434
 30
0.0000000000004547
 10
173.4185151285737
 20
230.8219788670625
 30
0.0000000000004547
 10
173.4184721040578
 20
230.8217414683591
 30
0.0000000000004547
 10
173.4184511787707
 20
230.8216260077316
 30
0.0000000000004547
 10
173.418410440624
 20
230.8214012245233
 30
0.0000000000004547
 10
173.418390627763
 20
230.821291901938
 30
0.0000000000004547
 10
173.4183520560927
 20
230.8210790727093
 30
0.0000000000004547
 10
173.418333297282
 20
230.820975566062
 30
0.0000000000004547
 10
173.418296778319
 20
230.8207740630778
 30
0.0000000000004547
 10
173.4182790181653
 20
230.8206760667374
 30
0.0000000000004547
 10
173.4182444439661
 20
230.8204852944097
 30
0.0000000000004547
 10
173.4182276299193
 20
230.8203925184193
 30
0.0000000000004547
 10
173.418194898084
 20
230.8202119117448
 30
0.0000000000004547
 10
173.4181789802951
 20
230.8201240810577
 30
0.0000000000004547
 10
173.4181479936969
 20
230.8199531041212
 30
0.0000000000004547
 10
173.4181329248867
 20
230.8198699578693
 30
0.0000000000004547
 10
173.4181035914098
 20
230.8197081024146
 30
0.0000000000004547
 10
173.418089326743
 20
230.8196293932095
 30
0.0000000000004547
 10
173.4180615590385
 20
230.8194761772719
 30
0.0000000000004547
 10
173.4180480560003
 20
230.8194016705374
 30
0.0000000000004547
 10
173.4180217712473
 20
230.819256637139
 30
0.0000000000004547
 10
173.4180089895317
 20
230.8191861104733
 30
0.0000000000004547
 10
173.4179841092114
 20
230.8190488263763
 30
0.0000000000004547
 10
173.4179720106067
 20
230.8189820689434
 30
0.0000000000004547
 10
173.4179484602828
 20
230.8188521234305
 30
0.0000000000004547
 10
173.417937008553
 20
230.8187889352888
 30
0.0000000000004547
 10
173.4179147176819
 20
230.8186659391227
 30
0.0000000000004547
 10
173.4179038785314
 20
230.818606131043
 30
0.0000000000004547
 10
173.4178827802552
 20
230.8184897153215
 30
0.0000000000004547
 10
173.4178725211322
 20
230.8184331076903
 30
0.0000000000004547
 10
173.4178525520801
 20
230.8183229227542
 30
0.0000000000004547
 10
173.4178428421541
 20
230.8182693454587
 30
0.0000000000004547
 10
173.4178239422831
 20
230.8181650600054
 30
0.0000000000004547
 10
173.4178147523398
 20
230.8181143518559
 30
0.0000000000004547
 10
173.4177968647582
 20
230.8180156519727
 30
0.0000000000004547
 10
173.4177881671203
 20
230.8179676602465
 30
0.0000000000004547
 10
173.417771237926
 20
230.8178742485215
 30
0.0000000000004547
 10
173.4177630063709
 20
230.8178288285295
 30
0.0000000000004547
 10
173.4177469844999
 20
230.8177404232051
 30
0.0000000000004547
 10
173.4177391941857
 20
230.8176974378789
 30
0.0000000000004547
 10
173.4177240312656
 20
230.8176137720467
 30
0.0000000000004547
 10
173.417716658661
 20
230.8175730915462
 30
0.0000000000004547
 10
173.4177023088705
 20
230.817493912381
 30
0.0000000000004547
 10
173.4176953316864
 20
230.8174554137213
 30
0.0000000000004547
 10
173.4176817516268
 20
230.8173804817537
 30
0.0000000000004547
 10
173.4176751487516
 20
230.8173440484502
 30
0.0000000000004547
 10
173.4176622973173
 20
230.8172731368741
 30
0.0000000000004547
 10
173.4176560487585
 20
230.8172386586055
 30
0.0000000000004547
 10
173.4176438870199
 20
230.8171715526213
 30
0.0000000000004547
 10
173.4176379738414
 20
230.8171389249092
 30
0.0000000000004547
 10
173.4176264649336
 20
230.8170754210985
 30
0.0000000000004547
 10
173.4176208692042
 20
230.8170445450031
 30
0.0000000000004547
 10
173.4176099782157
 20
230.8169844507361
 30
0.0000000000004547
 10
173.417604682957
 20
230.8169552325674
 30
0.0000000000004547
 10
173.4175943768291
 20
230.8168983654391
 30
0.0000000000004547
 10
173.4175893659621
 20
230.8168707164822
 30
0.0000000000004547
 10
173.4175796133945
 20
230.8168169037779
 30
0.0000000000004547
 10
173.4175748716948
 20
230.8167907400329
 30
0.0000000000004547
 10
173.4175656430498
 20
230.8167398182204
 30
0.0000000000004547
 10
173.417561156104
 20
230.8167150601549
 30
0.0000000000004547
 10
173.417552423321
 20
230.8166668744024
 30
0.0000000000004547
 10
173.4175481774832
 20
230.8166434467171
 30
0.0000000000004547
 10
173.4175399139949
 20
230.8165978504364
 30
0.0000000000004547
 10
173.4175358963453
 20
230.8165756818425
 30
0.0000000000004547
 10
173.4175280770009
 20
230.8165325362549
 30
0.0000000000004547
 10
173.4175242753072
 20
230.8165115592627
 30
0.0000000000004547
 10
173.4175168762958
 20
230.8164707329879
 30
0.0000000000004547
 10
173.4175132789796
 20
230.8164508837066
 30
0.0000000000004547
 10
173.4175062777621
 20
230.8164122523721
 30
0.0000000000004547
 10
173.4175028738609
 20
230.81639347032
 30
0.0000000000004547
 10
173.4174962490997
 20
230.816356916191
 30
0.0000000000004547
 10
173.4174930282388
 20
230.8163391441151
 30
0.0000000000004547
 10
173.4174867597353
 20
230.8163045557437
 30
0.0000000000004547
 10
173.4174837120917
 20
230.8162877394491
 30
0.0000000000004547
 10
173.417477780727
 20
230.8162550113415
 30
0.0000000000004547
 10
173.4174748970054
 20
230.8162390995292
 30
0.0000000000004547
 10
173.4174692846823
 20
230.8162081318301
 30
0.0000000000004547
 10
173.4174665560817
 20
230.816193075944
 30
0.0000000000004547
 10
173.4174612456713
 20
230.8161637741378
 30
0.0000000000004547
 10
173.4174586638619
 20
230.8161495282185
 30
0.0000000000004547
 10
173.417453639151
 20
230.8161218028459
 30
0.0000000000004547
 10
173.4174511962501
 20
230.8161083233933
 30
0.0000000000004547
 10
173.4174464418947
 20
230.8160820897827
 30
0.0000000000004547
 10
173.4174441304399
 20
230.8160693356251
 30
0.0000000000004547
 10
173.4174396319149
 20
230.8160445136377
 30
0.0000000000004547
 10
173.4174374448444
 20
230.8160324458084
 30
0.0000000000004547
 10
173.4174331884041
 20
230.8160089595978
 30
0.0000000000004547
 10
173.4174311190345
 20
230.8159975412169
 30
0.0000000000004547
 10
173.4174270916701
 20
230.8159753189999
 30
0.0000000000004547
 10
173.4174251336753
 20
230.815964515164
 30
0.0000000000004547
 10
173.417421323074
 20
230.8159434890044
 30
0.0000000000004547
 10
173.4174194704678
 20
230.815933266681
 30
0.0000000000004547
 10
173.417415864978
 20
230.8159133722848
 30
0.0000000000004547
 10
173.4174141120947
 20
230.8159037002122
 30
0.0000000000004547
 10
173.3790915724657
 20
230.6044473184079
 30
0.0000000000004547
 10
173.4173199861407
 20
230.8153843311464
 30
0.0000000000004547
 10
173.4173199861407
 20
230.8153843311464
 30
0.0000000000004547
 10
173.4173199861407
 20
230.8153843311464
 30
0.0000000000004547
 10
173.4173199861398
 20
230.8153843311464
 30
0.0000000000004547
 10
173.4173199861393
 20
230.8153843311465
 30
0.0000000000004547
 10
173.4173199861393
 20
230.815384331146
 30
0.0000000000004547
 10
173.4173190756082
 20
230.8153789572892
 30
0.0000000000004547
 10
173.4173186203434
 20
230.8153762703608
 30
0.0000000000004547
  0
LINE
  5
3AD
330
70
100
AcDbEntity
  8
Visible
100
AcDbLine
 10
152.871787
 20
210.707669
 30
0.0
 11
109.41732
 21
230.815384
 31
0.0
210
0.0
220
1.0
230
0.0
  0
ARC
  5
3AE
330
70
100
AcDbEntity
  8
Visible
100
AcDbCircle
 10
-122.995211
 20
277.479434
 30
0.0
 40
300.0595432355089
100
AcDbArc
 50
347.142324
 51
351.053387
  0
SPLINE
  5
3AF
330
70
100
AcDbEntity
  8
Visible
100
AcDbSpline
210
0.0
220
0.0
230
1.0
 70
     8
 71
     3
 72
    96
 73
    92
 74
     0
 42
0.000000001
 43
0.0000000001
 40
0.0
 40
0.0
 40
0.0
 40
0.0
 40
0.5445378572221309
 40
0.5445378572221309
 40
2.704537857222102
 40
2.704537857222102
 40
4.504537857222071
 40
4.504537857222071
 40
6.00453785722196
 40
6.00453785722196
 40
6.254537858072605
 40
6.254537858072605
 40
6.50453785892325
 40
6.50453785892325
 40
6.504553527684762
 40
6.504553527684762
 40
6.50457035441236
 40
6.50457035441236
 40
6.504588424423232
 40
6.504588424423232
 40
6.504607829280838
 40
6.504607829280838
 40
6.50462866724614
 40
6.50462866724614
 40
6.504651043760553
 40
6.504651043760553
 40
6.50467507196262
 40
6.50467507196262
 40
6.504700873240442
 40
6.504700873240442
 40
6.504728577822779
 40
6.504728577822779
 40
6.504758325410393
 40
6.504758325410393
 40
6.504790265850942
 40
6.504790265850942
 40
6.504824559859709
 40
6.504824559859709
 40
6.504861379788924
 40
6.504861379788924
 40
6.504900910448886
 40
6.504900910448886
 40
6.504943349983583
 40
6.504943349983583
 40
6.504988910804299
 40
6.504988910804299
 40
6.505037820583988
 40
6.505037820583988
 40
6.505090323316223
 40
6.505090323316223
 40
6.505146680441875
 40
6.505146680441875
 40
6.505207172046846
 40
6.505207172046846
 40
6.50527209813476
 40
6.50527209813476
 40
6.505341779977777
 40
6.505341779977777
 40
6.505416561549172
 40
6.505416561549172
 40
6.505496811041095
 40
6.505496811041095
 40
6.50558292247102
 40
6.50558292247102
 40
6.505675317379521
 40
6.505675317379521
 40
6.505774446623101
 40
6.505774446623101
 40
6.505880792264276
 40
6.505880792264276
 40
6.505994869561373
 40
6.505994869561373
 40
6.50611722917018
 40
6.50611722917018
 40
6.50624845892893
 40
6.50624845892893
 40
6.50638918672787
 40
6.50638918672787
 40
6.514201686728951
 40
6.514201686728951
 40
6.545451686799039
 40
6.545451686799039
 40
6.64734441715711
 40
6.64734441715711
 40
6.91905840579129
 40
6.91905840579129
 40
7.64362992769127
 40
7.64362992769127
 40
9.575846049641127
 40
9.575846049641127
 40
19.60931872039865
 40
19.60931872039865
 40
19.60931872039865
 40
19.60931872039865
 10
109.4171818372574
 20
230.8154482568694
 30
0.0000000000009095
 10
109.4172278868827
 20
230.8154269482949
 30
0.0000000000009095
 10
109.4173199861357
 20
230.8153843311456
 30
0.0000000000009095
 10
109.4173199861325
 20
230.8153843311465
 30
0.0000000000009095
 10
109.4173199861325
 20
230.8153843311461
 30
0.0000000000009095
 10
109.4173199861307
 20
230.8153843311462
 30
0.0000000000009095
 10
109.4173199861298
 20
230.8153843311467
 30
0.0000000000009095
 10
109.4173199861284
 20
230.8153843311466
 30
0.0000000000009095
 10
109.4173199861225
 20
230.8153843311492
 30
0.0000000000009095
 10
109.4173199861225
 20
230.8153843311489
 30
0.0000000000009095
 10
109.4173199861284
 20
230.8153843311461
 30
0.0000000000009095
 10
109.4173199861284
 20
230.8153843311461
 30
0.0000000000009095
 10
109.6589475424475
 20
230.7082947271899
 30
0.0000000000009095
 10
109.4166893856268
 20
230.8156638140117
 30
0.0000000000009095
 10
109.416674203037
 20
230.8156705429524
 30
0.0000000000009095
 10
109.4166427158207
 20
230.8156844981218
 30
0.0000000000009095
 10
109.4166264111945
 20
230.8156917243505
 30
0.0000000000009095
 10
109.4165925972338
 20
230.8157067107353
 30
0.0000000000009095
 10
109.4165750879001
 20
230.8157144708914
 30
0.0000000000009095
 10
109.4165387758035
 20
230.8157305644531
 30
0.0000000000009095
 10
109.4165199730405
 20
230.8157388978585
 30
0.0000000000009095
 10
109.4164809788722
 20
230.8157561801169
 30
0.0000000000009095
 10
109.4164607874672
 20
230.8157651289698
 30
0.0000000000009095
 10
109.4164189138455
 20
230.815783687405
 30
0.0000000000009095
 10
109.4163972316291
 20
230.8157932969871
 30
0.0000000000009095
 10
109.4163522667559
 20
230.8158132254682
 30
0.0000000000009095
 10
109.4163289840994
 20
230.8158235443669
 30
0.0000000000009095
 10
109.4162807007246
 20
230.8158449436112
 30
0.0000000000009095
 10
109.4162557000063
 20
230.8158560239566
 30
0.0000000000009095
 10
109.4162038543195
 20
230.8158790020211
 30
0.0000000000009095
 10
109.4161770093515
 20
230.8158908997399
 30
0.0000000000009095
 10
109.4161213397979
 20
230.8159155725458
 30
0.0000000000009095
 10
109.4160925152136
 20
230.8159283476324
 30
0.0000000000009095
 10
109.4160327412291
 20
230.8159548395262
 30
0.0000000000009095
 10
109.4160017918302
 20
230.8159685563329
 30
0.0000000000009095
 10
109.4159376124871
 20
230.8159970006858
 30
0.0000000000009095
 10
109.4159043825439
 20
230.8160117282316
 30
0.0000000000009095
 10
109.415835475108
 20
230.8160422680796
 30
0.0000000000009095
 10
109.4157997976163
 20
230.8160580803812
 30
0.0000000000009095
 10
109.4157258160066
 20
230.8160908691077
 30
0.0000000000009095
 10
109.4156875118906
 20
230.8161078455319
 30
0.0000000000009095
 10
109.4156080850343
 20
230.8161430475967
 30
0.0000000000009095
 10
109.4155669622955
 20
230.8161612732366
 30
0.0000000000009095
 10
109.4154816923746
 20
230.8161990649527
 30
0.0000000000009095
 10
109.415437545194
 20
230.8162186310283
 30
0.0000000000009095
 10
109.4153460057778
 20
230.8162592013901
 30
0.0000000000009095
 10
109.4152986135445
 20
230.8162802056755
 30
0.0000000000009095
 10
109.4152003475992
 20
230.8163237572404
 30
0.0000000000009095
 10
109.4151494738903
 20
230.8163463045189
 30
0.0000000000009095
 10
109.4150439916639
 20
230.8163930543459
 30
0.0000000000009095
 10
109.4149893831486
 20
230.8164172568933
 30
0.0000000000009095
 10
109.4148761599131
 20
230.8164674375413
 30
0.0000000000009095
 10
109.4148175451955
 20
230.8164934156406
 30
0.0000000000009095
 10
109.4146960188586
 20
230.8165472762297
 30
0.0000000000009095
 10
109.4146331072425
 20
230.8165751587176
 30
0.0000000000009095
 10
109.4145026758028
 20
230.8166329660549
 30
0.0000000000009095
 10
109.4144351559825
 20
230.8166628909021
 30
0.0000000000009095
 10
109.4142951748317
 20
230.8167249306777
 30
0.0000000000009095
 10
109.4142227135053
 20
230.8167570456038
 30
0.0000000000009095
 10
109.4140724925719
 20
230.8168236236579
 30
0.0000000000009095
 10
109.4139947329695
 20
230.8168580867834
 30
0.0000000000009095
 10
109.4138335336884
 20
230.8169295304478
 30
0.0000000000009095
 10
109.413750094016
 20
230.8169665109837
 30
0.0000000000009095
 10
109.4135771261299
 20
230.8170431705007
 30
0.0000000000009095
 10
109.4134875979234
 20
230.8170828494784
 30
0.0000000000009095
 10
109.413302016098
 20
230.8171650995001
 30
0.0000000000009095
 10
109.4132059624876
 20
230.8172076705402
 30
0.0000000000009095
 10
109.4130068627432
 20
230.8172959117101
 30
0.0000000000009095
 10
109.4129038166193
 20
230.8173415818352
 30
0.0000000000009095
 10
109.4126902325729
 20
230.8174362424542
 30
0.0000000000009095
 10
109.4125796946609
 20
230.8174852329429
 30
0.0000000000009095
 10
109.4123505934617
 20
230.8175867707698
 30
0.0000000000009095
 10
109.4122320301285
 20
230.8176393181281
 30
0.0000000000009095
 10
109.4119863085975
 20
230.8177482220915
 30
0.0000000000009095
 10
109.4118591503475
 20
230.8178045787196
 30
0.0000000000009095
 10
109.4115956304658
 20
230.8179213709166
 30
0.0000000000009095
 10
109.4114592688329
 20
230.8179818064861
 30
0.0000000000009095
 10
109.4037527939981
 20
230.8213973212948
 30
0.0000000000009095
 10
109.3961826380437
 20
230.8247524122818
 30
0.0000000000009095
 10
109.358331644496
 20
230.8415279265569
 30
0.0000000000009095
 10
109.3280501656804
 20
230.8549485278194
 30
0.0000000000009095
 10
109.1990309777789
 20
230.912128742654
 30
0.0000000000009095
 10
109.1002866930594
 20
230.9558902543577
 30
0.0000000000009095
 10
108.7381978535886
 20
231.1163577358787
 30
0.0000000000009095
 10
108.4748092043382
 20
231.2330780432449
 30
0.0000000000004547
 10
107.5088652125405
 20
231.6611313505697
 30
0.0000000000009095
 10
106.8060009424953
 20
231.972595525985
 30
0.0000000000013642
 10
104.2275416251204
 20
233.1155359652954
 30
0.0000000000004547
 10
102.3498146677439
 20
233.9485070229574
 30
0.0000000000004547
 10
90.70717645138392
 20
239.128917629052
 30
0.0000000000009095
 10
80.85190222519623
 20
243.566291942903
 30
0.0000000000009095
 10
70.97038693202103
 20
248.4230993391763
 30
0.0000000000009095
  0
SPLINE
  5
3B0
330
70
100
AcDbEntity
  8
Visible
100
AcDbSpline
210
0.0
220
0.0
230
1.0
 70
     8
 71
     3
 72
    96
 73
    92
 74
     0
 42
0.000000001
 43
0.0000000001
 40
0.0
 40
0.0
 40
0.0
 40
0.0
 40
0.5445378242544578
 40
0.5445378242544578
 40
2.704537824254471
 40
2.704537824254471
 40
4.504537824254456
 40
4.504537824254456
 40
6.004537824254345
 40
6.004537824254345
 40
6.254537825104988
 40
6.254537825104988
 40
6.504537825955631
 40
6.504537825955631
 40
6.504553494717128
 40
6.504553494717128
 40
6.504570321444754
 40
6.504570321444754
 40
6.504588391455625
 40
6.504588391455625
 40
6.504607796313242
 40
6.504607796313242
 40
6.504628634278553
 40
6.504628634278553
 40
6.50465101079299
 40
6.50465101079299
 40
6.504675038995054
 40
6.504675038995054
 40
6.504700840272871
 40
6.504700840272871
 40
6.504728544855203
 40
6.504728544855203
 40
6.504758292442811
 40
6.504758292442811
 40
6.50479023288337
 40
6.50479023288337
 40
6.504824526892152
 40
6.504824526892152
 40
6.504861346821352
 40
6.504861346821352
 40
6.504900877481314
 40
6.504900877481314
 40
6.504943317016024
 40
6.504943317016024
 40
6.504988877836733
 40
6.504988877836733
 40
6.505037787616432
 40
6.505037787616432
 40
6.505090290348708
 40
6.505090290348708
 40
6.505146647474358
 40
6.505146647474358
 40
6.505207139079318
 40
6.505207139079318
 40
6.505272065167213
 40
6.505272065167213
 40
6.505341747010213
 40
6.505341747010213
 40
6.505416528581585
 40
6.505416528581585
 40
6.50549677807355
 40
6.50549677807355
 40
6.505582889503462
 40
6.505582889503462
 40
6.505675284411952
 40
6.505675284411952
 40
6.505774413655529
 40
6.505774413655529
 40
6.505880759296706
 40
6.505880759296706
 40
6.505994836593818
 40
6.505994836593818
 40
6.506117196202635
 40
6.506117196202635
 40
6.506248425961365
 40
6.506248425961365
 40
6.506389153760319
 40
6.506389153760319
 40
6.514201653761394
 40
6.514201653761394
 40
6.545451653831475
 40
6.545451653831475
 40
6.647344384189545
 40
6.647344384189545
 40
6.919058372823721
 40
6.919058372823721
 40
7.643629894723699
 40
7.643629894723699
 40
9.575846016673551
 40
9.575846016673551
 40
19.60931868743107
 40
19.60931868743107
 40
19.60931868743107
 40
19.60931868743107
 10
109.4171818372574
 20
230.8154482568694
 30
0.0000000000009095
 10
109.4172278868823
 20
230.8154269482953
 30
0.0000000000009095
 10
109.417319986132
 20
230.8153843311474
 30
0.0000000000009095
 10
109.4173199861357
 20
230.8153843311461
 30
0.0000000000009095
 10
109.4173199861343
 20
230.815384331147
 30
0.0000000000009095
 10
109.4173199861361
 20
230.8153843311468
 30
0.0000000000009095
 10
109.4173199861361
 20
230.8153843311472
 30
0.0000000000009095
 10
109.4173199861375
 20
230.8153843311471
 30
0.0000000000009095
 10
109.417319986132
 20
230.8153843311496
 30
0.0000000000009095
 10
109.4173199861334
 20
230.8153843311494
 30
0.0000000000009095
 10
109.4173199861397
 20
230.8153843311465
 30
0.0000000000009095
 10
109.4173199861397
 20
230.8153843311465
 30
0.0000000000009095
 10
109.6589475424025
 20
230.7082947271923
 30
0.0000000000009095
 10
109.4166893856395
 20
230.8156638140117
 30
0.0000000000009095
 10
109.4166742030497
 20
230.8156705429524
 30
0.0000000000009095
 10
109.4166427158338
 20
230.8156844981219
 30
0.0000000000009095
 10
109.4166264112073
 20
230.8156917243505
 30
0.0000000000009095
 10
109.4165925972465
 20
230.8157067107354
 30
0.0000000000009095
 10
109.4165750879128
 20
230.8157144708915
 30
0.0000000000009095
 10
109.4165387758162
 20
230.8157305644531
 30
0.0000000000009095
 10
109.4165199730532
 20
230.8157388978585
 30
0.0000000000009095
 10
109.4164809788849
 20
230.815756180117
 30
0.0000000000009095
 10
109.41646078748
 20
230.8157651289699
 30
0.0000000000009095
 10
109.4164189138582
 20
230.8157836874051
 30
0.0000000000009095
 10
109.4163972316419
 20
230.8157932969872
 30
0.0000000000009095
 10
109.4163522667686
 20
230.8158132254683
 30
0.0000000000009095
 10
109.4163289841121
 20
230.815823544367
 30
0.0000000000009095
 10
109.4162807007369
 20
230.8158449436113
 30
0.0000000000009095
 10
109.416255700019
 20
230.8158560239567
 30
0.0000000000009095
 10
109.4162038543322
 20
230.8158790020212
 30
0.0000000000009095
 10
109.4161770093642
 20
230.81589089974
 30
0.0000000000009095
 10
109.4161213398106
 20
230.8159155725459
 30
0.0000000000009095
 10
109.4160925152264
 20
230.8159283476326
 30
0.0000000000009095
 10
109.4160327412419
 20
230.8159548395263
 30
0.0000000000009095
 10
109.4160017918429
 20
230.8159685563329
 30
0.0000000000009095
 10
109.4159376124989
 20
230.8159970006859
 30
0.0000000000009095
 10
109.4159043825561
 20
230.8160117282317
 30
0.0000000000009095
 10
109.4158354751207
 20
230.8160422680797
 30
0.0000000000009095
 10
109.415799797629
 20
230.8160580803813
 30
0.0000000000009095
 10
109.4157258160194
 20
230.8160908691078
 30
0.0000000000009095
 10
109.4156875119033
 20
230.816107845532
 30
0.0000000000009095
 10
109.4156080850462
 20
230.8161430475968
 30
0.0000000000009095
 10
109.4155669623082
 20
230.8161612732367
 30
0.0000000000009095
 10
109.4154816923874
 20
230.8161990649529
 30
0.0000000000009095
 10
109.4154375452062
 20
230.8162186310284
 30
0.0000000000009095
 10
109.4153460057896
 20
230.8162592013903
 30
0.0000000000009095
 10
109.4152986135568
 20
230.8162802056756
 30
0.0000000000009095
 10
109.415200347612
 20
230.8163237572406
 30
0.0000000000009095
 10
109.415149473903
 20
230.8163463045191
 30
0.0000000000009095
 10
109.4150439916757
 20
230.8163930543461
 30
0.0000000000009095
 10
109.4149893831609
 20
230.8164172568934
 30
0.0000000000009095
 10
109.4148761599258
 20
230.8164674375415
 30
0.0000000000009095
 10
109.4148175452082
 20
230.8164934156408
 30
0.0000000000009095
 10
109.4146960188714
 20
230.8165472762298
 30
0.0000000000009095
 10
109.4146331072552
 20
230.8165751587178
 30
0.0000000000009095
 10
109.4145026758151
 20
230.8166329660549
 30
0.0000000000009095
 10
109.4144351559953
 20
230.8166628909022
 30
0.0000000000009095
 10
109.4142951748445
 20
230.8167249306778
 30
0.0000000000009095
 10
109.414222713518
 20
230.8167570456039
 30
0.0000000000009095
 10
109.4140724925846
 20
230.8168236236581
 30
0.0000000000009095
 10
109.4139947329822
 20
230.8168580867835
 30
0.0000000000009095
 10
109.4138335337011
 20
230.8169295304479
 30
0.0000000000009095
 10
109.4137500940287
 20
230.8169665109839
 30
0.0000000000009095
 10
109.4135771261426
 20
230.8170431705009
 30
0.0000000000009095
 10
109.4134875979362
 20
230.8170828494784
 30
0.0000000000009095
 10
109.4133020161107
 20
230.8171650995002
 30
0.0000000000009095
 10
109.4132059624999
 20
230.8172076705403
 30
0.0000000000009095
 10
109.413006862756
 20
230.8172959117102
 30
0.0000000000009095
 10
109.412903816632
 20
230.8173415818353
 30
0.0000000000009095
 10
109.4126902325856
 20
230.8174362424543
 30
0.0000000000009095
 10
109.4125796946737
 20
230.817485232943
 30
0.0000000000009095
 10
109.4123505934744
 20
230.81758677077
 30
0.0000000000009095
 10
109.4122320301412
 20
230.8176393181283
 30
0.0000000000009095
 10
109.4119863086102
 20
230.8177482220916
 30
0.0000000000009095
 10
109.4118591503602
 20
230.8178045787197
 30
0.0000000000009095
 10
109.4115956304786
 20
230.8179213709168
 30
0.0000000000009095
 10
109.4114592688456
 20
230.8179818064862
 30
0.0000000000009095
 10
109.4037527940108
 20
230.8213973212949
 30
0.0000000000009095
 10
109.3961826380564
 20
230.8247524122819
 30
0.0000000000009095
 10
109.3583316445088
 20
230.841527926557
 30
0.0000000000009095
 10
109.3280501656932
 20
230.8549485278195
 30
0.0000000000009095
 10
109.1990309777916
 20
230.9121287426541
 30
0.0000000000009095
 10
109.1002866930721
 20
230.9558902543578
 30
0.0000000000009095
 10
108.7381978536013
 20
231.1163577358787
 30
0.0000000000009095
 10
108.474809204351
 20
231.2330780432449
 30
0.0000000000004547
 10
107.5088652125537
 20
231.6611313505699
 30
0.0000000000009095
 10
106.8060009425089
 20
231.9725955259851
 30
0.0000000000013642
 10
104.2275416251336
 20
233.1155359652956
 30
0.0000000000004547
 10
102.3498146677575
 20
233.9485070229575
 30
0.0000000000004547
 10
90.7071764514003
 20
239.1289176290521
 30
0.0000000000009095
 10
80.85190222521395
 20
243.5662919429031
 30
0.0000000000009095
 10
70.97038693203967
 20
248.4230993391765
 30
0.0000000000009095
  0
LINE
  5
3B1
330
70
100
AcDbEntity
  8
Visible
100
AcDbLine
 10
176.813925
 20
248.423099
 30
0.0
 11
173.417342
 21
230.8155
 31
0.0
210
0.0
220
1.0
230
0.0
  0
SPLINE
  5
3B2
330
70
100
AcDbEntity
  8
Visible
100
AcDbSpline
210
0.0
220
0.0
230
1.0
 70
     9
 71
     3
 72
   105
 73
   101
 74
     0
 42
0.000000001
 43
0.0000000001
 40
-263.2689423985449
 40
-263.2689423985449
 40
-263.2689423985449
 40
-263.2689423985449
 40
-261.9912738156442
 40
-261.9912738156442
 40
-254.6704222020376
 40
-254.6704222020376
 40
-254.523577251147
 40
-254.523577251147
 40
-254.1119442528401
 40
-254.1119442528401
 40
-253.3739454823513
 40
-253.3739454823513
 40
-252.7180032950514
 40
-252.7180032950514
 40
-252.1312588130311
 40
-252.1312588130311
 40
-251.7612192734403
 40
-251.7612192734403
 40
-251.6415762810172
 40
-251.6415762810172
 40
-251.3990363218567
 40
-251.3990363218567
 40
-244.7993001064783
 40
-244.7993001064783
 40
-242.0591676878674
 40
-242.0591676878674
 40
-241.7528771765188
 40
-241.7528771765188
 40
-241.4538400804857
 40
-241.4538400804857
 40
-237.4132177001946
 40
-237.4132177001946
 40
-231.6796746591117
 40
-231.6796746591117
 40
-227.3164778432813
 40
-227.3164778432813
 40
-217.9797353181278
 40
-217.9797353181278
 40
-207.5018579982264
 40
-207.5018579982264
 40
-198.0952986433387
 40
-198.0952986433387
 40
-189.3706769055263
 40
-189.3706769055263
 40
-188.1719705415958
 40
-188.1719705415958
 40
-187.093431489434
 40
-187.093431489434
 40
-174.8695294012675
 40
-174.8695294012675
 40
-152.7686113274599
 40
-152.7686113274599
 40
-120.0571608780483
 40
-120.0571608780483
 40
-100.697794803835
 40
-100.697794803835
 40
-52.07310952597262
 40
-52.07310952597262
 40
-51.03440443714202
 40
-51.03440443714202
 40
-49.78245344744318
 40
-49.78245344744318
 40
-47.46074898016991
 40
-47.46074898016991
 40
-45.42763940777282
 40
-45.42763940777282
 40
-43.56539403610636
 40
-43.56539403610636
 40
-42.61978177254468
 40
-42.61978177254468
 40
-42.31038207763084
 40
-42.31038207763084
 40
-41.61970997577394
 40
-41.61970997577394
 40
-35.22405720800261
 40
-35.22405720800261
 40
-31.14521463771306
 40
-31.14521463771306
 40
-18.7225640777167
 40
-18.7225640777167
 40
-8.654334968407388
 40
-8.654334968407388
 40
-8.424384083336695
 40
-8.424384083336695
 40
-7.61854867573426
 40
-7.61854867573426
 40
-6.21346292500984
 40
-6.21346292500984
 40
-4.890162189795738
 40
-4.890162189795738
 40
-3.666844823872277
 40
-3.666844823872277
 40
-2.83509985045997
 40
-2.83509985045997
 40
-2.485538531921726
 40
-2.485538531921726
 40
0.0
 40
0.0
 40
0.0
 40
6.61967328343087
 40
6.61967328343087
 40
6.61967328343087
 40
6.61967328343087
 10
260.7875436757035
 20
54.33806520908229
 30
0.0
 10
262.2819839571061
 20
54.33778816429003
 30
0.0
 10
263.7841111903781
 20
54.33448594450829
 30
0.0
 10
273.9460789603795
 20
54.28720367692131
 30
0.0
 10
283.0565061934089
 20
54.13110280936781
 30
0.0
 10
292.7875514330281
 20
53.87480851681903
 30
0.0
 10
293.0354870652977
 20
53.8675215241874
 30
0.0
 10
294.4029277212576
 20
53.88854868175894
 30
0.0
 10
295.4564922402728
 20
53.99716784908287
 30
0.0
 10
298.4957019102894
 20
54.64432747424507
 30
0.0
 10
300.4537885262775
 20
55.43399542596353
 30
0.0
 10
303.889910630131
 20
57.77400786968337
 30
0.0
 10
305.3750330320236
 20
59.21683938742035
 30
0.0
 10
307.6295181853216
 20
62.62705378192549
 30
0.0
 10
308.4431062119279
 20
64.50352849391174
 30
0.0
 10
309.088523024433
 20
67.91251585484724
 30
0.0
 10
309.0972214176786
 20
69.00639484367639
 30
0.0
 10
309.0952066999435
 20
69.54422022473136
 30
0.0
 10
309.0947009485226
 20
69.68194823822023
 30
0.0
 10
309.0931269102316
 20
70.12102763161101
 30
0.0
 10
309.092071324063
 20
70.42927783916093
 30
0.0
 10
309.0623792333158
 20
79.58520189945284
 30
0.0
 10
309.0681377837587
 20
88.84104563517576
 30
0.0
 10
309.0678196393251
 20
102.6364056445895
 30
0.0
 10
309.0677806103208
 20
103.1863958717258
 30
0.0
 10
309.0677628468015
 20
105.4625183791531
 30
0.0
 10
309.0677994715993
 20
105.7023590501526
 30
0.0
 10
309.0677010420864
 20
106.201570244486
 30
0.0
 10
309.0675099946007
 20
106.4600481533643
 30
0.0
 10
309.0620908554615
 20
110.4104141642883
 30
0.0
 10
309.0259709069428
 20
114.2919975915692
 30
0.0
 10
308.8959765288396
 20
124.1119785787496
 30
0.0
 10
308.7843678434879
 20
130.0810667251521
 30
0.0
 10
308.6623927957503
 20
140.8610756554471
 30
0.0
 10
308.684812180074
 20
141.6876997839254
 30
0.0
 10
308.5964851216882
 20
144.0174632120206
 30
0.0
 10
308.2887513950623
 20
145.6662307908882
 30
0.0
 10
306.9752661327989
 20
149.1493873832992
 30
0.0
 10
305.9032791139239
 20
150.9396091130843
 30
0.0
 10
303.0732439448802
 20
153.9379822855139
 30
0.0
 10
301.4117819606217
 20
155.1675954247166
 30
0.0
 10
297.6333879322538
 20
156.8801322646659
 30
0.0
 10
295.5824662862865
 20
157.3981637855504
 30
0.0
 10
293.0777910429879
 20
157.4734305414849
 30
0.0
 10
292.77378564434
 20
157.4710647924476
 30
0.0
 10
292.5197857493527
 20
157.4678187510931
 30
0.0
 10
292.3937070631823
 20
157.4662479497438
 30
0.0
 10
290.7559585588801
 20
157.4464731811395
 30
0.0
 10
289.180361966126
 20
157.4337428943786
 30
0.0
 10
284.5153592910096
 20
157.4136173478914
 30
0.0
 10
281.3759291361016
 20
157.41985821868
 30
0.0
 10
273.1516045028097
 20
157.4607866680658
 30
0.0
 10
267.9950638683203
 20
157.5085531895747
 30
0.0
 10
259.3351380308722
 20
157.5241405202528
 30
0.0
 10
256.119236270079
 20
157.5117732414773
 30
0.0
 10
245.3882848959779
 20
157.4504624797882
 30
0.0
 10
237.3869651900372
 20
157.3603578565385
 30
0.0
 10
228.6913511095627
 20
157.4724946251071
 30
0.0
 10
228.1563453055083
 20
157.4831579789429
 30
0.0
 10
226.4069329730123
 20
157.3381371898254
 30
0.0
 10
225.4131251123104
 20
157.1688506806604
 30
0.0
 10
222.502331083173
 20
156.3530733853631
 30
0.0
 10
220.6274918728663
 20
155.4511199918529
 30
0.0
 10
217.4230724455679
 20
152.9500531315998
 30
0.0
 10
216.0792277332116
 20
151.4686858603736
 30
0.0
 10
214.0613146934315
 20
148.0073223351669
 30
0.0
 10
213.3574829797212
 20
146.1049347788757
 30
0.0
 10
212.9095342189735
 20
142.9492162301931
 30
0.0
 10
212.9098345964617
 20
142.2966648825659
 30
0.0
 10
212.9031048472989
 20
141.0795068903726
 30
0.0
 10
212.901178967737
 20
140.7649757274175
 30
0.0
 10
212.8939060989301
 20
139.6944090447068
 30
0.0
 10
212.8875800611222
 20
138.9188284798156
 30
0.0
 10
212.8079860106877
 20
130.5463253669231
 30
0.0
 10
212.6304822291295
 20
122.2638919793471
 30
0.0
 10
212.4935957885632
 20
107.9105874350575
 30
0.0
 10
212.5072581978475
 20
101.9635790740472
 30
0.0
 10
212.5071480392539
 20
97.68088759504189
 30
0.0
 10
212.5072005698366
 20
94.30186062311122
 30
0.0
 10
212.5065388910261
 20
87.85885677065653
 30
0.0
 10
212.5062290026731
 20
76.63551203892575
 30
0.0
 10
212.4790661959614
 20
69.32579918054989
 30
0.0
 10
212.477880854492
 20
69.11160687080564
 30
0.0
 10
212.5205239539778
 20
67.84790916818019
 30
0.0
 10
212.6549493011085
 20
66.82178118765477
 30
0.0
 10
213.3739255336368
 20
63.93006262283598
 30
0.0
 10
214.1967529301946
 20
62.09933301171076
 30
0.0
 10
216.5953804572068
 20
58.81961937631103
 30
0.0
 10
218.1070689282701
 20
57.38065299303207
 30
0.0
 10
221.6810679961127
 20
55.19597673473254
 30
0.0
 10
223.6669203510974
 20
54.42386886805479
 30
0.0
 10
227.352895673921
 20
53.83680701239064
 30
0.0
 10
228.4918007181909
 20
53.86712287738419
 30
0.0
 10
229.5734620568
 20
53.89543239880004
 30
0.0
 10
229.9085911687912
 20
53.90411134684746
 30
0.0
 10
232.767757497109
 20
53.9771796142254
 30
0.0
 10
235.3934998740278
 20
54.03855282553831
 30
0.0
 10
238.1546436095937
 20
54.09445025831383
 30
0.0
 10
245.5083294138126
 20
54.24332050820158
 30
0.0
 10
253.0447642172235
 20
54.33684576523592
 30
0.0
 10
260.7875436757035
 20
54.33806520908229
 30
0.0
  0
SPLINE
  5
3B3
330
70
100
AcDbEntity
  8
Visible
100
AcDbSpline
210
0.0
220
0.0
230
1.0
 70
     9
 71
     3
 72
    85
 73
    81
 74
     0
 42
0.000000001
 43
0.0000000001
 40
-6.575141601070557
 40
-6.575141601070557
 40
-6.575141601070557
 40
-6.575141601070557
 40
0.0
 40
0.0
 40
0.0
 40
5.573296671471155
 40
5.573296671471155
 40
20.14021579036034
 40
20.14021579036034
 40
35.49107121587679
 40
35.49107121587679
 40
51.68112709017868
 40
51.68112709017868
 40
68.84117482899381
 40
68.84117482899381
 40
74.75037940633024
 40
74.75037940633024
 40
77.13560050593208
 40
77.13560050593208
 40
81.87363831306123
 40
81.87363831306123
 40
86.59079916175215
 40
86.59079916175215
 40
89.37456921359881
 40
89.37456921359881
 40
92.09721496537104
 40
92.09721496537104
 40
98.06019888318566
 40
98.06019888318566
 40
104.2638376026372
 40
104.2638376026372
 40
111.0785550686602
 40
111.0785550686602
 40
114.5569348443331
 40
114.5569348443331
 40
117.0783215910436
 40
117.0783215910436
 40
121.2621584305343
 40
121.2621584305343
 40
130.8447079466536
 40
130.8447079466536
 40
138.722192550792
 40
138.722192550792
 40
144.1653766387655
 40
144.1653766387655
 40
148.34231543351
 40
148.34231543351
 40
157.3896957636058
 40
157.3896957636058
 40
166.5787957101274
 40
166.5787957101274
 40
176.4106251610924
 40
176.4106251610924
 40
181.5387651045349
 40
181.5387651045349
 40
186.1195044953633
 40
186.1195044953633
 40
195.9365528492783
 40
195.9365528492783
 40
219.3304189501298
 40
219.3304189501298
 40
263.3051230156048
 40
263.3051230156048
 40
340.0425258531308
 40
340.0425258531308
 40
350.7698659981823
 40
350.7698659981823
 40
358.4702237706531
 40
358.4702237706531
 40
366.6904278595089
 40
366.6904278595089
 40
375.4599524092274
 40
375.4599524092274
 40
377.7591321217657
 40
377.7591321217657
 40
379.7478310001671
 40
379.7478310001671
 40
382.6789061083111
 40
382.6789061083111
 40
385.2843851810675
 40
385.2843851810675
 40
385.2843851810675
 40
385.2843851810675
 10
260.7875436757063
 20
52.75057447412336
 30
0.0
 10
252.9538416111809
 20
52.74899784813214
 30
0.0
 10
245.5487739612654
 20
52.6722499962184
 30
0.0
 10
238.2440969663767
 20
52.54922628873282
 30
0.0
 10
232.0524231665063
 20
52.44494752775108
 30
0.0
 10
229.1725772658951
 20
52.36115493441139
 30
0.0
 10
226.0726181401078
 20
52.34156344308257
 30
0.0
 10
223.9263329708592
 20
52.77490289106253
 30
0.0
 10
219.9205157280981
 20
54.38462164566636
 30
0.0
 10
218.1201856658759
 20
55.58320122840178
 30
0.0
 10
215.0577741061552
 20
58.55427410847915
 30
0.0
 10
213.8592113001764
 20
60.32483350364874
 30
0.0
 10
212.1644018433622
 20
64.20006563010111
 30
0.0
 10
211.7301574337271
 20
66.27917081254782
 30
0.0
 10
211.6659840194857
 20
69.02135497357495
 30
0.0
 10
211.6969926042034
 20
69.94939011503629
 30
0.0
 10
211.7142264333083
 20
88.43631723121053
 30
0.0
 10
211.7154870096006
 20
95.49021258886796
 30
0.0
 10
211.7170159592329
 20
106.7621305356569
 30
0.0
 10
211.7138538971631
 20
110.4532703859354
 30
0.0
 10
211.8798345081414
 20
124.9688354953673
 30
0.0
 10
211.9966671532016
 20
131.8865552027914
 30
0.0
 10
212.0746013277098
 20
142.3391800771173
 30
0.0
 10
212.0411074434487
 20
142.4704685240745
 30
0.0
 10
212.2858547961364
 20
144.6558719516597
 30
0.0
 10
212.5116406221132
 20
145.688708559247
 30
0.0
 10
213.4981507170264
 20
148.8048508877641
 30
0.0
 10
214.5878425586066
 20
150.7165160742152
 30
0.0
 10
217.3835244818388
 20
154.0023678914645
 30
0.0
 10
219.0856892518768
 20
155.3207834337449
 30
0.0
 10
222.9372640779707
 20
157.322189562471
 30
0.0
 10
225.0847698244256
 20
157.9157878496121
 30
0.0
 10
228.3071804722408
 20
158.1854342523224
 30
0.0
 10
228.5437169825013
 20
158.1469399383359
 30
0.0
 10
233.6946771310008
 20
158.1070513224103
 30
0.0
 10
235.7955150153789
 20
158.1017493392064
 30
0.0
 10
241.2323014475519
 20
158.1042104899788
 30
0.0
 10
244.5204818136058
 20
158.12279240726
 30
0.0
 10
255.0707044360165
 20
158.187150201566
 30
0.0
 10
259.6554562771002
 20
158.2217204488452
 30
0.0
 10
275.1914422783352
 20
158.138687245505
 30
0.0
 10
281.997860136707
 20
158.0772802425581
 30
0.0
 10
293.21077524966
 20
158.1400305349107
 30
0.0
 10
293.4308261434776
 20
158.206707648575
 30
0.0
 10
295.9323757014713
 20
157.922816901912
 30
0.0
 10
296.9730962351264
 20
157.6967472626297
 30
0.0
 10
300.0962194259537
 20
156.7166634218702
 30
0.0
 10
302.0157298512681
 20
155.6433543781263
 30
0.0
 10
305.2906381183361
 20
152.9066581650395
 30
0.0
 10
306.6014730468228
 20
151.2652453560699
 30
0.0
 10
308.5928989316112
 20
147.5673451928187
 30
0.0
 10
309.2032296463671
 20
145.5258589476061
 30
0.0
 10
309.5333118251983
 20
142.4196723221339
 30
0.0
 10
309.5055841945346
 20
142.1375531880994
 30
0.0
 10
309.53590078974
 20
137.3228913837383
 30
0.0
 10
309.5580897615705
 20
135.0984748537958
 30
0.0
 10
309.6360110150522
 20
128.3572321806482
 30
0.0
 10
309.7043393505123
 20
123.8185279496592
 30
0.0
 10
309.8877135050448
 20
108.7905147910041
 30
0.0
 10
309.8586894061464
 20
102.9782574731171
 30
0.0
 10
309.8591602023262
 20
98.11541381956795
 30
0.0
 10
309.8598341587985
 20
94.28854114781325
 30
0.0
 10
309.8630012098397
 20
85.54560830794434
 30
0.0
 10
309.8690619614576
 20
75.91726355691571
 30
0.0
 10
309.8996231962924
 20
68.07618945380636
 30
0.0
 10
309.9062498291296
 20
65.69978572705167
 30
0.0
 10
308.0159565918834
 20
60.8127903440145
 30
0.0
 10
306.8454506444737
 20
59.00961572149981
 30
0.0
 10
303.8911942970103
 20
55.89961140634841
 30
0.0
 10
302.101289594932
 20
54.66395145152546
 30
0.0
 10
298.1413887773929
 20
52.89355140504813
 30
0.0
 10
295.9924499315275
 20
52.4268440298847
 30
0.0
 10
293.3158582827309
 20
52.34626375077096
 30
0.0
 10
292.9219808390794
 20
52.36384937820912
 30
0.0
 10
286.9471838870372
 20
52.48651996971057
 30
0.0
 10
284.2508505950086
 20
52.53562409375445
 30
0.0
 10
277.7556380275805
 20
52.63810774699232
 30
0.0
 10
273.9890092473684
 20
52.68326954448366
 30
0.0
 10
267.0632471604144
 20
52.73779830405874
 30
0.0
 10
263.8917425832301
 20
52.74960782010066
 30
0.0
 10
260.7875436757063
 20
52.75057447412336
 30
0.0
  0
LINE
  5
3B4
330
70
100
AcDbEntity
  8
Visible
100
AcDbLine
 10
244.120877
 20
150.256798
 30
0.0
 11
277.45421
 21
150.256798
 31
0.0
  0
ARC
  5
3B5
330
70
100
AcDbEntity
  8
Visible
100
AcDbCircle
 10
-277.45421
 20
142.590132
 30
0.0
 40
7.666666666666666
210
0.0
220
0.0
230
-1.0
100
AcDbArc
 50
90.0
 51
270.0
  0
LINE
  5
3B6
330
70
100
AcDbEntity
  8
Visible
100
AcDbLine
 10
277.45421
 20
134.923465
 30
0.0
 11
244.120877
 21
134.923465
 31
0.0
  0
ARC
  5
3B7
330
70
100
AcDbEntity
  8
Visible
100
AcDbCircle
 10
-244.120877
 20
142.590132
 30
0.0
 40
7.666666666666666
210
0.0
220
0.0
230
-1.0
100
AcDbArc
 50
270.0
 51
90.0
  0
SPLINE
  5
3B8
330
70
100
AcDbEntity
  8
Visible
100
AcDbSpline
210
0.0
220
0.0
230
1.0
 70
     9
 71
     3
 72
    73
 73
    69
 74
     0
 42
0.000000001
 43
0.0000000001
 40
-2.47554083965439
 40
-2.47554083965439
 40
-2.47554083965439
 40
-2.47554083965439
 40
0.0
 40
0.0
 40
0.0
 40
2.468524476071642
 40
2.468524476071642
 40
2.582306080222029
 40
2.582306080222029
 40
2.671154663862139
 40
2.671154663862139
 40
2.838806239365041
 40
2.838806239365041
 40
3.474330956036084
 40
3.474330956036084
 40
4.088221163935145
 40
4.088221163935145
 40
4.655214417930444
 40
4.655214417930444
 40
4.897239277593087
 40
4.897239277593087
 40
5.364109186196991
 40
5.364109186196991
 40
5.758556183086696
 40
5.758556183086696
 40
6.121897414348527
 40
6.121897414348527
 40
6.466988991819285
 40
6.466988991819285
 40
6.504453861894653
 40
6.504453861894653
 40
7.508906288894042
 40
7.508906288894042
 40
8.453841414318555
 40
8.453841414318555
 40
8.797246716524698
 40
8.797246716524698
 40
8.946849985684346
 40
8.946849985684346
 40
9.827722230217428
 40
9.827722230217428
 40
10.6871631969578
 40
10.6871631969578
 40
11.5306274117421
 40
11.5306274117421
 40
12.36030512967493
 40
12.36030512967493
 40
13.17802940378659
 40
13.17802940378659
 40
14.02545901904833
 40
14.02545901904833
 40
14.87758321564876
 40
14.87758321564876
 40
15.70410310975553
 40
15.70410310975553
 40
15.83036072861641
 40
15.83036072861641
 40
15.86870202624946
 40
15.86870202624946
 40
15.96995781550777
 40
15.96995781550777
 40
16.36986159960273
 40
16.36986159960273
 40
17.46799451220372
 40
17.46799451220372
 40
20.53097551696754
 40
20.53097551696754
 40
21.0472680624427
 40
21.0472680624427
 40
21.0472680624427
 40
21.0472680624427
 10
260.7875436757054
 20
134.4035662223168
 30
0.0
 10
258.0203781389555
 20
134.4036015358697
 30
0.0
 10
255.2013438438585
 20
134.4065731025444
 30
0.0
 10
252.4507487850169
 20
134.4122576974391
 30
0.0
 10
249.7079496690626
 20
134.4179261806284
 30
0.0
 10
246.9043684944158
 20
134.4265524546576
 30
0.0
 10
244.017859651065
 20
134.4395802836143
 30
0.0
 10
243.9156292319731
 20
134.4399177281539
 30
0.0
 10
243.62910933471
 20
134.4524973367315
 30
0.0
 10
243.500260111377
 20
134.4611079975975
 30
0.0
 10
243.1186030283734
 20
134.4963960428981
 30
0.0
 10
242.8636614630887
 20
134.5317265660851
 30
0.0
 10
241.6189914842003
 20
134.769076796716
 30
0.0
 10
240.6498665883423
 20
135.1450524200882
 30
0.0
 10
238.9016064954449
 20
136.2733925224061
 30
0.0
 10
238.1323031031602
 20
137.0033708896285
 30
0.0
 10
236.9573189594098
 20
138.7143902432367
 30
0.0
 10
236.53822449787
 20
139.6586520851524
 30
0.0
 10
236.2271853788734
 20
141.1275851791984
 30
0.0
 10
236.1701813194613
 20
141.5856496615542
 30
0.0
 10
236.1294179646697
 20
142.9745168772301
 30
0.0
 10
236.2574807918577
 20
144.0395813788659
 30
0.0
 10
237.036246464364
 20
146.1007630422455
 30
0.0
 10
237.5749882058917
 20
147.0005907542954
 30
0.0
 10
238.9607265596733
 20
148.5075663898924
 30
0.0
 10
239.7702408772875
 20
149.1209206346239
 30
0.0
 10
241.5947916789451
 20
149.9855825142322
 30
0.0
 10
242.5770406526058
 20
150.2430657126842
 30
0.0
 10
243.7273475467045
 20
150.3018998074885
 30
0.0
 10
243.9433535323155
 20
150.3091811835848
 30
0.0
 10
247.3058827111036
 20
150.4241207794493
 30
0.0
 10
252.175407900228
 20
150.3988468674179
 30
0.0
 10
261.9598497829315
 20
150.3641575812312
 30
0.0
 10
264.392948340876
 20
150.3900466671498
 30
0.0
 10
271.2200475680543
 20
150.3985647173604
 30
0.0
 10
273.9729975373502
 20
150.3968313359605
 30
0.0
 10
277.0960997743782
 20
150.3302522645836
 30
0.0
 10
277.7414478483315
 20
150.3060299481499
 30
0.0
 10
278.8862324228953
 20
150.2552436496812
 30
0.0
 10
279.8708351351706
 20
150.0272237871531
 30
0.0
 10
281.723529440414
 20
149.1688079046562
 30
0.0
 10
282.5708867142639
 20
148.5581747144724
 30
0.0
 10
283.9963516182161
 20
147.0013441456813
 30
0.0
 10
284.565860614262
 20
146.0750811554012
 30
0.0
 10
285.3074849878158
 20
144.015697782896
 30
0.0
 10
285.4388615576422
 20
143.0066334450566
 30
0.0
 10
285.4023411396683
 20
141.2567984370725
 30
0.0
 10
285.2375295415773
 20
140.3758109525142
 30
0.0
 10
284.5698201662695
 20
138.6341355492477
 30
0.0
 10
284.060980839779
 20
137.7924512657964
 30
0.0
 10
282.7085115195282
 20
136.3050379607039
 30
0.0
 10
281.8749045100322
 20
135.6741149718536
 30
0.0
 10
279.9813891861322
 20
134.7732495671625
 30
0.0
 10
278.9453369676653
 20
134.5013832009795
 30
0.0
 10
277.6902028858331
 20
134.4405967449247
 30
0.0
 10
277.5854373657544
 20
134.4397098389004
 30
0.0
 10
277.4463264764586
 20
134.4390796097814
 30
0.0
 10
277.4130555903885
 20
134.4389294302677
 30
0.0
 10
277.288496363381
 20
134.4383694797293
 30
0.0
 10
277.1957308170144
 20
134.437956722772
 30
0.0
 10
276.7236232447881
 20
134.4358799997867
 30
0.0
 10
276.3367416490378
 20
134.4342515041376
 30
0.0
 10
274.8468786325743
 20
134.4282789730046
 30
0.0
 10
273.7224512064003
 20
134.4243580249176
 30
0.0
 10
269.3547301700673
 20
134.411331223981
 30
0.0
 10
265.9015868286824
 20
134.4054607939983
 30
0.0
 10
261.9395136925191
 20
134.4036987463514
 30
0.0
 10
261.3646567316286
 20
134.4035750237367
 30
0.0
 10
260.7875436757054
 20
134.4035662223168
 30
0.0
  0
ENDSEC
  0
SECTION
  2
OBJECTS
  0
DICTIONARY
  5
C
330
0
100
AcDbDictionary
281
     1
  3
ACAD_COLOR
350
63
  3
ACAD_DETAILVIEWSTYLE
350
6A
  3
ACAD_GROUP
350
D
  3
ACAD_LAYOUT
350
62
  3
ACAD_MATERIAL
350
10
  3
ACAD_MLEADERSTYLE
350
66
  3
ACAD_MLINESTYLE
350
5F
  3
ACAD_PLOTSETTINGS
350
61
  3
ACAD_PLOTSTYLENAME
350
E
  3
ACAD_SCALELIST
350
42
  3
ACAD_SECTIONVIEWSTYLE
350
68
  3
ACAD_TABLESTYLE
350
64
  3
ACAD_VISUALSTYLE
350
29
  3
ACDB_RECOMPOSE_DATA
350
494
  3
AcDbVariableDictionary
350
48B
  0
DICTIONARY
  5
AB
330
70
100
AcDbDictionary
280
     1
281
     1
  3
ACAD_SORTENTS
360
AC
  0
DICTIONARY
  5
E0
330
DF
100
AcDbDictionary
280
     1
281
     1
  0
DICTIONARY
  5
63
102
{ACAD_REACTORS
330
C
102
}
330
C
100
AcDbDictionary
281
     1
  0
DICTIONARY
  5
6A
102
{ACAD_REACTORS
330
C
102
}
330
C
100
AcDbDictionary
281
     1
  3
Imperial24
350
6B
  0
DICTIONARY
  5
D
102
{ACAD_REACTORS
330
C
102
}
330
C
100
AcDbDictionary
281
     1
  0
DICTIONARY
  5
62
102
{ACAD_REACTORS
330
C
102
}
330
C
100
AcDbDictionary
281
     1
  3
Model
350
73
  3
Sheet1
350
6F
  3
Sheet2
350
77
  0
DICTIONARY
  5
10
102
{ACAD_REACTORS
330
C
102
}
330
C
100
AcDbDictionary
281
     1
  3
ByBlock
350
19
  3
ByLayer
350
11
  3
Global
350
21
  0
DICTIONARY
  5
66
102
{ACAD_REACTORS
330
C
102
}
330
C
100
AcDbDictionary
281
     1
  3
Standard
350
67
  0
DICTIONARY
  5
5F
102
{ACAD_REACTORS
330
C
102
}
330
C
100
AcDbDictionary
281
     1
  3
Standard
350
60
  0
DICTIONARY
  5
61
102
{ACAD_REACTORS
330
C
102
}
330
C
100
AcDbDictionary
281
     1
  0
ACDBDICTIONARYWDFLT
  5
E
102
{ACAD_REACTORS
330
C
102
}
330
C
100
AcDbDictionary
281
     1
  3
Normal
350
F
100
AcDbDictionaryWithDefault
340
F
  0
DICTIONARY
  5
42
102
{ACAD_REACTORS
330
C
102
}
330
C
100
AcDbDictionary
281
     1
  3
*A1
350
AA
  3
A0
350
43
  3
A1
350
44
  3
A2
350
45
  3
A3
350
46
  3
A4
350
47
  3
A5
350
48
  3
A6
350
49
  3
A7
350
4A
  3
A8
350
4B
  3
A9
350
4C
  3
B0
350
4D
  3
B1
350
4E
  3
B2
350
4F
  3
B3
350
50
  3
B4
350
51
  3
B5
350
52
  3
B6
350
53
  0
DICTIONARY
  5
68
102
{ACAD_REACTORS
330
C
102
}
330
C
100
AcDbDictionary
281
     1
  3
Imperial24
350
69
  0
DICTIONARY
  5
64
102
{ACAD_REACTORS
330
C
102
}
330
C
100
AcDbDictionary
281
     1
  3
Standard
350
65
  0
DICTIONARY
  5
29
102
{ACAD_REACTORS
330
C
102
}
330
C
100
AcDbDictionary
281
     1
  3
2dWireframe
350
2F
  3
Basic
350
2E
  3
Brighten
350
35
  3
ColorChange
350
39
  3
Conceptual
350
32
  3
Dim
350
34
  3
EdgeColorOff
350
41
  3
Facepattern
350
38
  3
Flat
350
2A
  3
FlatWithEdges
350
2B
  3
Gouraud
350
2C
  3
GouraudWithEdges
350
2D
  3
Hidden
350
31
  3
JitterOff
350
3F
  3
Linepattern
350
37
  3
OverhangOff
350
40
  3
Realistic
350
33
  3
Shaded
350
3E
  3
Shaded with edges
350
3D
  3
Shades of Gray
350
3A
  3
Sketchy
350
3B
  3
Thicken
350
36
  3
Wireframe
350
30
  3
X-Ray
350
3C
  0
XRECORD
  5
494
102
{ACAD_REACTORS
330
C
102
}
330
C
100
AcDbXrecord
280
     1
 90
        1
330
65
  0
DICTIONARY
  5
48B
102
{ACAD_REACTORS
330
C
102
}
330
C
100
AcDbDictionary
281
     1
  3
ANNOALLVISIBLE
350
490
  3
CANNOSCALE
350
491
  3
CMLEADERSTYLE
350
48D
  3
CTABLESTYLE
350
48C
  3
CVIEWDETAILSTYLE
350
48E
  3
CVIEWSECTIONSTYLE
350
48F
  0
SORTENTSTABLE
  5
AC
102
{ACAD_REACTORS
330
AB
102
}
330
AB
100
AcDbSortentsTable
330
70
  0
ACDBDETAILVIEWSTYLE
  5
6B
102
{ACAD_XDICTIONARY
360
497
102
}
102
{ACAD_REACTORS
330
6A
102
}
330
6A
100
AcDbModelDocViewStyle
 70
     0
  3
Imperial24
290
     0
100
AcDbDetailViewStyle
 70
     0
 71
     0
 90
        3
 71
     1
340
55
 62
   256
 40
0.24
340
0
 62
   256
 40
0.24
300

 40
0.36
280
     3
 71
     2
340
5D
 90
       25
 62
   256
 71
     3
340
55
 62
   256
 40
0.24
 90
        1
 40
0.75
 90
        1
300
%<\AcVar ViewType \f "%tc1">% %<\AcVar ViewDetailId>%\PSCALE %<\AcVar ViewScale \f "%sn">%
 71
     4
340
5D
 90
       25
 62
   256
340
5D
 90
       25
 62
   256
280
     0
  0
LAYOUT
  5
73
102
{ACAD_REACTORS
330
62
102
}
330
62
100
AcDbPlotSettings
  1

  2
AutoCAD PDF (High Quality Print).pc3
  4
ISO_full_bleed_A3_(420.00_x_297.00_MM)
  6

 40
0.0
 41
0.0
 42
0.0
 43
0.0
 44
420.0
 45
297.0
 46
0.0
 47
0.0
 48
0.0
 49
0.0
140
0.0
141
0.0
142
1.0
143
1.935629
 70
 11952
 72
     1
 73
     0
 74
     0
  7

 75
     0
147
0.516628
 76
     0
 77
     2
 78
   300
148
190.543014
149
113.921674
100
AcDbLayout
  1
Model
 70
     1
 71
     0
 10
0.0
 20
0.0
 11
12.0
 21
9.0
 12
0.0
 22
0.0
 32
0.0
 14
0.0
 24
0.0
 34
0.0
 15
0.0
 25
0.0
 35
0.0
146
0.0
 13
0.0
 23
0.0
 33
0.0
 16
1.0
 26
0.0
 36
0.0
 17
0.0
 27
1.0
 37
0.0
 76
     0
330
70
1001
ACAD_PSEXT
1000
AutoCAD PDF (High Quality Print).pc3
1000
DWG To PDF
1000
File
1000

1070
     0
  0
LAYOUT
  5
6F
102
{ACAD_REACTORS
330
62
102
}
330
62
100
AcDbPlotSettings
  1

  2
None
  4

  6

 40
0.0
 41
0.0
 42
0.0
 43
0.0
 44
0.0
 45
0.0
 46
0.0
 47
0.0
 48
0.0
 49
0.0
140
0.0
141
0.0
142
1.0
143
1.0
 70
   688
 72
     0
 73
     0
 74
     5
  7

 75
    16
147
1.0
 76
     0
 77
     2
 78
   300
148
0.0
149
0.0
100
AcDbLayout
  1
Sheet1
 70
     1
 71
     1
 10
0.0
 20
0.0
 11
12.0
 21
9.0
 12
0.0
 22
0.0
 32
0.0
 14
0.0
 24
0.0
 34
0.0
 15
0.0
 25
0.0
 35
0.0
146
0.0
 13
0.0
 23
0.0
 33
0.0
 16
1.0
 26
0.0
 36
0.0
 17
0.0
 27
1.0
 37
0.0
 76
     0
330
6C
  0
LAYOUT
  5
77
102
{ACAD_REACTORS
330
62
102
}
330
62
100
AcDbPlotSettings
  1

  2
None
  4

  6

 40
0.0
 41
0.0
 42
0.0
 43
0.0
 44
0.0
 45
0.0
 46
0.0
 47
0.0
 48
0.0
 49
0.0
140
0.0
141
0.0
142
1.0
143
1.0
 70
   688
 72
     0
 73
     0
 74
     5
  7

 75
    16
147
1.0
 76
     0
 77
     2
 78
   300
148
0.0
149
0.0
100
AcDbLayout
  1
Sheet2
 70
     1
 71
     2
 10
0.0
 20
0.0
 11
12.0
 21
9.0
 12
0.0
 22
0.0
 32
0.0
 14
0.0
 24
0.0
 34
0.0
 15
0.0
 25
0.0
 35
0.0
146
0.0
 13
0.0
 23
0.0
 33
0.0
 16
1.0
 26
0.0
 36
0.0
 17
0.0
 27
1.0
 37
0.0
 76
     0
330
74
  0
MATERIAL
  5
19
102
{ACAD_XDICTIONARY
360
1A
102
}
102
{ACAD_REACTORS
330
10
102
}
330
10
100
AcDbMaterial
  1
ByBlock
 72
     0
 43
0.020833
 43
0.0
 43
0.0
 43
0.0
 43
0.0
 43
0.020833
 43
0.0
 43
0.0
 43
0.0
 43
0.0
 43
1.0
 43
0.0
 43
0.0
 43
0.0
 43
0.0
 43
1.0
 77
     0
 47
0.020833
 47
0.0
 47
0.0
 47
0.0
 47
0.0
 47
0.020833
 47
0.0
 47
0.0
 47
0.0
 47
0.0
 47
1.0
 47
0.0
 47
0.0
 47
0.0
 47
0.0
 47
1.0
171
     0
 49
0.020833
 49
0.0
 49
0.0
 49
0.0
 49
0.0
 49
0.020833
 49
0.0
 49
0.0
 49
0.0
 49
0.0
 49
1.0
 49
0.0
 49
0.0
 49
0.0
 49
0.0
 49
1.0
175
     0
142
0.020833
142
0.0
142
0.0
142
0.0
142
0.0
142
0.020833
142
0.0
142
0.0
142
0.0
142
0.0
142
1.0
142
0.0
142
0.0
142
0.0
142
0.0
142
1.0
179
     0
144
0.020833
144
0.0
144
0.0
144
0.0
144
0.0
144
0.020833
144
0.0
144
0.0
144
0.0
144
0.0
144
1.0
144
0.0
144
0.0
144
0.0
144
0.0
144
1.0
147
0.020833
147
0.0
147
0.0
147
0.0
147
0.0
147
0.020833
147
0.0
147
0.0
147
0.0
147
0.0
147
1.0
147
0.0
147
0.0
147
0.0
147
0.0
147
1.0
  0
MATERIAL
  5
11
102
{ACAD_XDICTIONARY
360
12
102
}
102
{ACAD_REACTORS
330
10
102
}
330
10
100
AcDbMaterial
  1
ByLayer
 72
     0
 43
0.020833
 43
0.0
 43
0.0
 43
0.0
 43
0.0
 43
0.020833
 43
0.0
 43
0.0
 43
0.0
 43
0.0
 43
1.0
 43
0.0
 43
0.0
 43
0.0
 43
0.0
 43
1.0
 77
     0
 47
0.020833
 47
0.0
 47
0.0
 47
0.0
 47
0.0
 47
0.020833
 47
0.0
 47
0.0
 47
0.0
 47
0.0
 47
1.0
 47
0.0
 47
0.0
 47
0.0
 47
0.0
 47
1.0
171
     0
 49
0.020833
 49
0.0
 49
0.0
 49
0.0
 49
0.0
 49
0.020833
 49
0.0
 49
0.0
 49
0.0
 49
0.0
 49
1.0
 49
0.0
 49
0.0
 49
0.0
 49
0.0
 49
1.0
175
     0
142
0.020833
142
0.0
142
0.0
142
0.0
142
0.0
142
0.020833
142
0.0
142
0.0
142
0.0
142
0.0
142
1.0
142
0.0
142
0.0
142
0.0
142
0.0
142
1.0
179
     0
144
0.020833
144
0.0
144
0.0
144
0.0
144
0.0
144
0.020833
144
0.0
144
0.0
144
0.0
144
0.0
144
1.0
144
0.0
144
0.0
144
0.0
144
0.0
144
1.0
147
0.020833
147
0.0
147
0.0
147
0.0
147
0.0
147
0.020833
147
0.0
147
0.0
147
0.0
147
0.0
147
1.0
147
0.0
147
0.0
147
0.0
147
0.0
147
1.0
  0
MATERIAL
  5
21
102
{ACAD_XDICTIONARY
360
22
102
}
102
{ACAD_REACTORS
330
10
102
}
330
10
100
AcDbMaterial
  1
Global
 72
     0
 43
0.020833
 43
0.0
 43
0.0
 43
0.0
 43
0.0
 43
0.020833
 43
0.0
 43
0.0
 43
0.0
 43
0.0
 43
1.0
 43
0.0
 43
0.0
 43
0.0
 43
0.0
 43
1.0
 77
     0
 47
0.020833
 47
0.0
 47
0.0
 47
0.0
 47
0.0
 47
0.020833
 47
0.0
 47
0.0
 47
0.0
 47
0.0
 47
1.0
 47
0.0
 47
0.0
 47
0.0
 47
0.0
 47
1.0
171
     0
 49
0.020833
 49
0.0
 49
0.0
 49
0.0
 49
0.0
 49
0.020833
 49
0.0
 49
0.0
 49
0.0
 49
0.0
 49
1.0
 49
0.0
 49
0.0
 49
0.0
 49
0.0
 49
1.0
175
     0
142
0.020833
142
0.0
142
0.0
142
0.0
142
0.0
142
0.020833
142
0.0
142
0.0
142
0.0
142
0.0
142
1.0
142
0.0
142
0.0
142
0.0
142
0.0
142
1.0
179
     0
144
0.020833
144
0.0
144
0.0
144
0.0
144
0.0
144
0.020833
144
0.0
144
0.0
144
0.0
144
0.0
144
1.0
144
0.0
144
0.0
144
0.0
144
0.0
144
1.0
147
0.020833
147
0.0
147
0.0
147
0.0
147
0.0
147
0.020833
147
0.0
147
0.0
147
0.0
147
0.0
147
1.0
147
0.0
147
0.0
147
0.0
147
0.0
147
1.0
  0
MLEADERSTYLE
  5
67
102
{ACAD_REACTORS
330
66
102
}
330
66
100
AcDbMLeaderStyle
179
     2
170
     2
171
     1
172
     0
 90
        2
 40
0.0
 41
0.0
173
     1
 91
-1056964608
340
5B
 92
       -2
290
     1
 42
0.09
291
     1
 43
0.36
  3
Standard
 44
0.18
300

342
55
174
     1
178
     6
175
     1
176
     0
 93
-1056964608
 45
0.18
292
     0
297
     0
 46
0.18
 94
-1056964608
 47
1.0
 49
1.0
140
1.0
293
     1
141
0.0
294
     1
177
     0
142
1.0
295
     0
296
     0
143
0.125
271
     0
272
     9
273
     9
298
     1
  0
MLINESTYLE
  5
60
102
{ACAD_REACTORS
330
5F
102
}
330
5F
100
AcDbMlineStyle
  2
STANDARD
 70
     0
  3

 62
   256
 51
90.0
 52
90.0
 71
     0
  0
ACDBPLACEHOLDER
  5
F
102
{ACAD_REACTORS
330
E
102
}
330
E
  0
SCALE
  5
AA
102
{ACAD_REACTORS
330
42
102
}
330
42
100
AcDbScale
 70
     0
300
1:3
140
0.333333
141
1.0
290
     0
  0
SCALE
  5
43
102
{ACAD_REACTORS
330
42
102
}
330
42
100
AcDbScale
 70
     0
300
1:1
140
1.0
141
1.0
290
     1
  0
SCALE
  5
44
102
{ACAD_REACTORS
330
42
102
}
330
42
100
AcDbScale
 70
     0
300
1:2
140
1.0
141
2.0
290
     0
  0
SCALE
  5
45
102
{ACAD_REACTORS
330
42
102
}
330
42
100
AcDbScale
 70
     0
300
1:4
140
1.0
141
4.0
290
     0
  0
SCALE
  5
46
102
{ACAD_REACTORS
330
42
102
}
330
42
100
AcDbScale
 70
     0
300
1:5
140
1.0
141
5.0
290
     0
  0
SCALE
  5
47
102
{ACAD_REACTORS
330
42
102
}
330
42
100
AcDbScale
 70
     0
300
1:8
140
1.0
141
8.0
290
     0
  0
SCALE
  5
48
102
{ACAD_REACTORS
330
42
102
}
330
42
100
AcDbScale
 70
     0
300
1:10
140
1.0
141
10.0
290
     0
  0
SCALE
  5
49
102
{ACAD_REACTORS
330
42
102
}
330
42
100
AcDbScale
 70
     0
300
1:16
140
1.0
141
16.0
290
     0
  0
SCALE
  5
4A
102
{ACAD_REACTORS
330
42
102
}
330
42
100
AcDbScale
 70
     0
300
1:20
140
1.0
141
20.0
290
     0
  0
SCALE
  5
4B
102
{ACAD_REACTORS
330
42
102
}
330
42
100
AcDbScale
 70
     0
300
1:30
140
1.0
141
30.0
290
     0
  0
SCALE
  5
4C
102
{ACAD_REACTORS
330
42
102
}
330
42
100
AcDbScale
 70
     0
300
1:40
140
1.0
141
40.0
290
     0
  0
SCALE
  5
4D
102
{ACAD_REACTORS
330
42
102
}
330
42
100
AcDbScale
 70
     0
300
1:50
140
1.0
141
50.0
290
     0
  0
SCALE
  5
4E
102
{ACAD_REACTORS
330
42
102
}
330
42
100
AcDbScale
 70
     0
300
1:100
140
1.0
141
100.0
290
     0
  0
SCALE
  5
4F
102
{ACAD_REACTORS
330
42
102
}
330
42
100
AcDbScale
 70
     0
300
2:1
140
2.0
141
1.0
290
     0
  0
SCALE
  5
50
102
{ACAD_REACTORS
330
42
102
}
330
42
100
AcDbScale
 70
     0
300
4:1
140
4.0
141
1.0
290
     0
  0
SCALE
  5
51
102
{ACAD_REACTORS
330
42
102
}
330
42
100
AcDbScale
 70
     0
300
8:1
140
8.0
141
1.0
290
     0
  0
SCALE
  5
52
102
{ACAD_REACTORS
330
42
102
}
330
42
100
AcDbScale
 70
     0
300
10:1
140
10.0
141
1.0
290
     0
  0
SCALE
  5
53
102
{ACAD_REACTORS
330
42
102
}
330
42
100
AcDbScale
 70
     0
300
100:1
140
100.0
141
1.0
290
     0
  0
ACDBSECTIONVIEWSTYLE
  5
69
102
{ACAD_XDICTIONARY
360
495
102
}
102
{ACAD_REACTORS
330
68
102
}
330
68
100
AcDbModelDocViewStyle
 70
     0
  3
Imperial24
290
     0
100
AcDbSectionViewStyle
 70
     0
 71
     0
 90
       78
 71
     1
340
55
 62
   256
 40
0.24
340
0
340
0
 62
   256
 40
0.24
300
I, O, Q, S, X, Z
 40
0.48
 90
        3
 40
0.18
 90
        1
 71
     2
340
5D
 90
       25
 62
   256
340
5D
 90
       50
 62
   256
 40
0.24
 40
0.0
 40
0.24
 71
     3
340
55
 62
   256
 40
0.24
 90
        1
 40
0.75
 90
        1
300
%<\AcVar ViewType \f "%tc1">% %<\AcVar ViewSectionStartId>%-%<\AcVar ViewSectionEndId>%\PSCALE %<\AcVar ViewScale \f "%sn">%
 71
     4
 62
   256
 62
   257
300
ANSI31
 40
1.0
 90
        0
290
     0
290
     0
 90
        6
 40
0.0
 40
1.570796
 40
0.261799
 40
1.308997
 40
-0.261799
 40
1.832596
  0
TABLESTYLE
  5
65
102
{ACAD_XDICTIONARY
360
492
102
}
102
{ACAD_REACTORS
330
64
102
}
330
64
100
AcDbTableStyle
280
     0
  3
Standard
 70
     0
 71
     0
 40
1.5
 41
1.5
280
     0
281
     0
  7
Standard
140
0.18
170
     2
 62
     0
 63
     7
283
     0
 90
      512
 91
        0
  1

274
    -2
284
     1
 64
     0
275
    -2
285
     1
 65
     0
276
    -2
286
     1
 66
     0
277
    -2
287
     1
 67
     0
278
    -2
288
     1
 68
     0
279
    -2
289
     1
 69
     0
  7
Standard
140
0.25
170
     5
 62
     0
 63
     7
283
     0
 90
      512
 91
        0
  1

274
    -2
284
     1
 64
     0
275
    -2
285
     1
 65
     0
276
    -2
286
     1
 66
     0
277
    -2
287
     1
 67
     0
278
    -2
288
     1
 68
     0
279
    -2
289
     1
 69
     0
  7
Standard
140
0.18
170
     5
 62
     0
 63
     7
283
     0
 90
      512
 91
        0
  1

274
    -2
284
     1
 64
     0
275
    -2
285
     1
 65
     0
276
    -2
286
     1
 66
     0
277
    -2
287
     1
 67
     0
278
    -2
288
     1
 68
     0
279
    -2
289
     1
 69
     0
  0
VISUALSTYLE
  5
2F
102
{ACAD_REACTORS
330
29
102
}
330
29
100
AcDbVisualStyle
  2
2dWireframe
 70
     4
177
     3
291
     0
 70
    58
 90
        0
176
     1
 90
        2
176
     1
 90
        0
176
     1
 90
        0
176
     1
 40
0.6
176
     1
 40
30.0
176
     1
 62
     7
420
 16777215
176
     1
 90
        1
176
     1
 90
        4
176
     1
 62
     7
176
     1
 62
   257
176
     1
 90
        1
176
     1
 90
        1
176
     1
 40
1.0
176
     1
 90
        0
176
     1
 62
   257
176
     1
 40
1.0
176
     1
 90
        1
176
     1
 90
        6
176
     1
 90
        2
176
     1
 62
     7
176
     1
 90
        5
176
     1
 90
        0
176
     1
 90
        0
176
     1
290
     0
176
     1
 90
        1
176
     1
 40
0.0
176
     1
 90
        0
176
     1
290
     1
176
     1
290
     1
176
     1
290
     0
176
     1
290
     0
176
     1
290
     0
176
     1
290
     0
176
     1
290
     0
176
     1
290
     0
176
     1
290
     0
176
     1
 90
       50
176
     1
 40
0.0
176
     1
 40
1.0
176
     1
 90
        0
176
     1
 62
    18
420
        0
176
     1
 90
       50
176
     1
 90
        3
176
     1
 62
     5
420
      255
176
     1
290
     0
176
     1
 90
       50
176
     1
 90
       50
176
     1
 90
       50
176
     1
290
     0
176
     1
 90
       50
176
     1
 62
   256
176
     0
 40
1.0
176
     0
 90
        2
176
     1
  1
strokes_ogs.tif
176
     1
290
     0
176
     1
 40
1.0
176
     1
 40
1.0
176
     1
1001
ACAD
1000
AcDbSavedByObjectVersion
1070
     0
  0
VISUALSTYLE
  5
2E
102
{ACAD_REACTORS
330
29
102
}
330
29
100
AcDbVisualStyle
  2
Basic
 70
     7
177
     3
291
     1
 70
    58
 90
        1
176
     1
 90
        0
176
     1
 90
        1
176
     1
 90
        0
176
     1
 40
0.6
176
     1
 40
30.0
176
     1
 62
     7
420
 16777215
176
     1
 90
        0
176
     1
 90
        4
176
     1
 62
     7
176
     1
 62
   257
176
     1
 90
        1
176
     1
 90
        1
176
     1
 40
1.0
176
     1
 90
        8
176
     1
 62
     7
176
     1
 40
1.0
176
     1
 90
        1
176
     1
 90
        6
176
     1
 90
        2
176
     1
 62
     7
176
     1
 90
        5
176
     1
 90
        0
176
     1
 90
        0
176
     1
290
     0
176
     1
 90
        1
176
     1
 40
0.0
176
     1
 90
        0
176
     1
290
     0
176
     1
290
     1
176
     1
290
     1
176
     1
290
     0
176
     1
290
     0
176
     1
290
     0
176
     1
290
     0
176
     1
290
     0
176
     1
290
     0
176
     1
 90
       50
176
     1
 40
0.0
176
     1
 40
1.0
176
     1
 90
        0
176
     1
 62
    18
420
        0
176
     1
 90
       50
176
     1
 90
        3
176
     1
 62
     5
420
      255
176
     1
290
     0
176
     1
 90
       50
176
     1
 90
       50
176
     1
 90
       50
176
     1
290
     0
176
     1
 90
       50
176
     1
 62
   256
176
     0
 40
1.0
176
     0
 90
        2
176
     1
  1
strokes_ogs.tif
176
     1
290
     0
176
     1
 40
1.0
176
     1
 40
1.0
176
     1
1001
ACAD
1000
AcDbSavedByObjectVersion
1070
     0
  0
VISUALSTYLE
  5
35
102
{ACAD_REACTORS
330
29
102
}
330
29
100
AcDbVisualStyle
  2
Brighten
 70
    12
177
     3
291
     1
 70
    58
 90
        2
176
     1
 90
        2
176
     1
 90
        0
176
     1
 90
        0
176
     1
 40
0.6
176
     1
 40
30.0
176
     1
 62
     7
420
 16777215
176
     1
 90
        1
176
     1
 90
        4
176
     1
 62
     7
176
     1
 62
   257
176
     1
 90
        1
176
     1
 90
        1
176
     1
 40
1.0
176
     1
 90
        8
176
     1
 62
     7
176
     1
 40
1.0
176
     1
 90
        1
176
     1
 90
        6
176
     1
 90
        2
176
     1
 62
     7
176
     1
 90
        5
176
     1
 90
        0
176
     1
 90
        0
176
     1
290
     0
176
     1
 90
        1
176
     1
 40
50.0
176
     1
 90
        0
176
     1
290
     0
176
     1
290
     1
176
     1
290
     1
176
     1
290
     0
176
     1
290
     0
176
     1
290
     0
176
     1
290
     0
176
     1
290
     0
176
     1
290
     0
176
     1
 90
       50
176
     1
 40
0.0
176
     1
 40
1.0
176
     1
 90
        0
176
     1
 62
    18
420
        0
176
     1
 90
       50
176
     1
 90
        3
176
     1
 62
     5
420
      255
176
     1
290
     0
176
     1
 90
       50
176
     1
 90
       50
176
     1
 90
       50
176
     1
290
     0
176
     1
 90
       50
176
     1
 62
   256
176
     0
 40
1.0
176
     0
 90
        2
176
     1
  1
strokes_ogs.tif
176
     1
290
     0
176
     1
 40
1.0
176
     1
 40
1.0
176
     1
1001
ACAD
1000
AcDbSavedByObjectVersion
1070
     0
  0
VISUALSTYLE
  5
39
102
{ACAD_REACTORS
330
29
102
}
330
29
100
AcDbVisualStyle
  2
ColorChange
 70
    16
177
     3
291
     1
 70
    58
 90
        2
176
     1
 90
        2
176
     1
 90
        3
176
     1
 90
        0
176
     1
 40
0.6
176
     1
 40
30.0
176
     1
 62
     8
420
  8421504
176
     1
 90
        1
176
     1
 90
        4
176
     1
 62
     7
176
     1
 62
   257
176
     1
 90
        1
176
     1
 90
        1
176
     1
 40
1.0
176
     1
 90
        8
176
     1
 62
     8
420
  8421504
176
     1
 40
1.0
176
     1
 90
        1
176
     1
 90
        6
176
     1
 90
        2
176
     1
 62
     7
176
     1
 90
        5
176
     1
 90
        0
176
     1
 90
        0
176
     1
290
     0
176
     1
 90
        1
176
     1
 40
0.0
176
     1
 90
        0
176
     1
290
     0
176
     1
290
     1
176
     1
290
     1
176
     1
290
     0
176
     1
290
     0
176
     1
290
     0
176
     1
290
     0
176
     1
290
     0
176
     1
290
     0
176
     1
 90
       50
176
     1
 40
0.0
176
     1
 40
1.0
176
     1
 90
        0
176
     1
 62
    18
420
        0
176
     1
 90
       50
176
     1
 90
        3
176
     1
 62
     5
420
      255
176
     1
290
     0
176
     1
 90
       50
176
     1
 90
       50
176
     1
 90
       50
176
     1
290
     0
176
     1
 90
       50
176
     1
 62
   256
176
     0
 40
1.0
176
     0
 90
        2
176
     1
  1
strokes_ogs.tif
176
     1
290
     0
176
     1
 40
1.0
176
     1
 40
1.0
176
     1
1001
ACAD
1000
AcDbSavedByObjectVersion
1070
     0
  0
VISUALSTYLE
  5
32
102
{ACAD_REACTORS
330
29
102
}
330
29
100
AcDbVisualStyle
  2
Conceptual
 70
     9
177
     3
291
     0
 70
    58
 90
        3
176
     1
 90
        2
176
     1
 90
        0
176
     1
 90
        0
176
     1
 40
0.6
176
     1
 40
30.0
176
     1
 62
     7
420
 16777215
176
     1
 90
        2
176
     1
 90
        2
176
     1
 62
     7
176
     1
 62
   257
176
     1
 90
        1
176
     1
 90
        1
176
     1
 40
179.0
176
     1
 90
        8
176
     1
 62
     7
176
     1
 40
1.0
176
     1
 90
        1
176
     1
 90
        6
176
     1
 90
        2
176
     1
 62
     7
176
     1
 90
        3
176
     1
 90
        0
176
     1
 90
        0
176
     1
290
     0
176
     1
 90
        1
176
     1
 40
0.0
176
     1
 90
        0
176
     1
290
     0
176
     1
290
     1
176
     1
290
     1
176
     1
290
     0
176
     1
290
     0
176
     1
290
     0
176
     1
290
     0
176
     1
290
     0
176
     1
290
     0
176
     1
 90
       50
176
     1
 40
0.0
176
     1
 40
1.0
176
     1
 90
        0
176
     1
 62
    18
420
        0
176
     1
 90
       50
176
     1
 90
        3
176
     1
 62
     5
420
      255
176
     1
290
     0
176
     1
 90
       50
176
     1
 90
       50
176
     1
 90
       50
176
     1
290
     0
176
     1
 90
       50
176
     1
 62
   256
176
     0
 40
1.0
176
     0
 90
        2
176
     1
  1
strokes_ogs.tif
176
     1
290
     0
176
     1
 40
1.0
176
     1
 40
1.0
176
     1
1001
ACAD
1000
AcDbSavedByObjectVersion
1070
     0
  0
VISUALSTYLE
  5
34
102
{ACAD_REACTORS
330
29
102
}
330
29
100
AcDbVisualStyle
  2
Dim
 70
    11
177
     3
291
     1
 70
    58
 90
        2
176
     1
 90
        2
176
     1
 90
        0
176
     1
 90
        0
176
     1
 40
0.6
176
     1
 40
30.0
176
     1
 62
     7
420
 16777215
176
     1
 90
        1
176
     1
 90
        4
176
     1
 62
     7
176
     1
 62
   257
176
     1
 90
        1
176
     1
 90
        1
176
     1
 40
1.0
176
     1
 90
        8
176
     1
 62
     7
176
     1
 40
1.0
176
     1
 90
        1
176
     1
 90
        6
176
     1
 90
        2
176
     1
 62
     7
176
     1
 90
        5
176
     1
 90
        0
176
     1
 90
        0
176
     1
290
     0
176
     1
 90
        1
176
     1
 40
-50.0
176
     1
 90
        0
176
     1
290
     0
176
     1
290
     1
176
     1
290
     1
176
     1
290
     0
176
     1
290
     0
176
     1
290
     0
176
     1
290
     0
176
     1
290
     0
176
     1
290
     0
176
     1
 90
       50
176
     1
 40
0.0
176
     1
 40
1.0
176
     1
 90
        0
176
     1
 62
    18
420
        0
176
     1
 90
       50
176
     1
 90
        3
176
     1
 62
     5
420
      255
176
     1
290
     0
176
     1
 90
       50
176
     1
 90
       50
176
     1
 90
       50
176
     1
290
     0
176
     1
 90
       50
176
     1
 62
   256
176
     0
 40
1.0
176
     0
 90
        2
176
     1
  1
strokes_ogs.tif
176
     1
290
     0
176
     1
 40
1.0
176
     1
 40
1.0
176
     1
1001
ACAD
1000
AcDbSavedByObjectVersion
1070
     0
  0
VISUALSTYLE
  5
41
102
{ACAD_REACTORS
330
29
102
}
330
29
100
AcDbVisualStyle
  2
EdgeColorOff
 70
    22
177
     3
291
     1
 70
    58
 90
        2
176
     0
 90
        2
176
     0
 90
        0
176
     0
 90
        0
176
     0
 40
0.6
176
     0
 40
30.0
176
     0
 62
     7
420
 16777215
176
     0
 90
        1
176
     0
 90
        4
176
     0
 62
     7
176
     0
 62
   257
176
     0
 90
        1
176
     0
 90
        1
176
     0
 40
1.0
176
     0
 90
        8
176
     2
 62
     7
176
     0
 40
1.0
176
     0
 90
        1
176
     0
 90
        6
176
     0
 90
        2
176
     0
 62
     7
176
     0
 90
        5
176
     0
 90
        0
176
     0
 90
        0
176
     0
290
     0
176
     0
 90
        1
176
     0
 40
0.0
176
     0
 90
        0
176
     0
290
     0
176
     0
290
     1
176
     0
290
     1
176
     0
290
     0
176
     0
290
     0
176
     0
290
     0
176
     0
290
     0
176
     0
290
     0
176
     0
290
     0
176
     0
 90
       50
176
     0
 40
0.0
176
     0
 40
1.0
176
     0
 90
        0
176
     0
 62
    18
420
        0
176
     0
 90
       50
176
     0
 90
        3
176
     0
 62
     5
420
      255
176
     0
290
     0
176
     0
 90
       50
176
     0
 90
       50
176
     0
 90
       50
176
     0
290
     0
176
     0
 90
       50
176
     0
 62
   256
176
     0
 40
1.0
176
     0
 90
        2
176
     0
  1
strokes_ogs.tif
176
     0
290
     0
176
     0
 40
1.0
176
     0
 40
1.0
176
     0
1001
ACAD
1000
AcDbSavedByObjectVersion
1070
     0
  0
VISUALSTYLE
  5
38
102
{ACAD_REACTORS
330
29
102
}
330
29
100
AcDbVisualStyle
  2
Facepattern
 70
    15
177
     3
291
     1
 70
    58
 90
        2
176
     1
 90
        2
176
     1
 90
        0
176
     1
 90
        0
176
     1
 40
0.6
176
     1
 40
30.0
176
     1
 62
     7
420
 16777215
176
     1
 90
        1
176
     1
 90
        4
176
     1
 62
     7
176
     1
 62
   257
176
     1
 90
        1
176
     1
 90
        1
176
     1
 40
1.0
176
     1
 90
        8
176
     1
 62
     7
176
     1
 40
1.0
176
     1
 90
        1
176
     1
 90
        6
176
     1
 90
        2
176
     1
 62
     7
176
     1
 90
        5
176
     1
 90
        0
176
     1
 90
        0
176
     1
290
     0
176
     1
 90
        1
176
     1
 40
0.0
176
     1
 90
        0
176
     1
290
     0
176
     1
290
     1
176
     1
290
     1
176
     1
290
     0
176
     1
290
     0
176
     1
290
     0
176
     1
290
     0
176
     1
290
     0
176
     1
290
     0
176
     1
 90
       50
176
     1
 40
0.0
176
     1
 40
1.0
176
     1
 90
        0
176
     1
 62
    18
420
        0
176
     1
 90
       50
176
     1
 90
        3
176
     1
 62
     5
420
      255
176
     1
290
     0
176
     1
 90
       50
176
     1
 90
       50
176
     1
 90
       50
176
     1
290
     0
176
     1
 90
       50
176
     1
 62
   256
176
     0
 40
1.0
176
     0
 90
        2
176
     1
  1
strokes_ogs.tif
176
     1
290
     0
176
     1
 40
1.0
176
     1
 40
1.0
176
     1
1001
ACAD
1000
AcDbSavedByObjectVersion
1070
     0
  0
VISUALSTYLE
  5
2A
102
{ACAD_REACTORS
330
29
102
}
330
29
100
AcDbVisualStyle
  2
Flat
 70
     0
177
     3
291
     1
 70
    58
 90
        2
176
     1
 90
        1
176
     1
 90
        1
176
     1
 90
        2
176
     1
 40
0.6
176
     1
 40
30.0
176
     1
 62
     7
420
 16777215
176
     1
 90
        0
176
     1
 90
        0
176
     1
 62
     7
176
     1
 62
   257
176
     1
 90
        1
176
     1
 90
        1
176
     1
 40
1.0
176
     1
 90
        8
176
     1
 62
     7
176
     1
 40
1.0
176
     1
 90
        1
176
     1
 90
        6
176
     1
 90
        2
176
     1
 62
     7
176
     1
 90
        5
176
     1
 90
        0
176
     1
 90
        0
176
     1
290
     0
176
     1
 90
       13
176
     1
 40
0.0
176
     1
 90
        0
176
     1
290
     0
176
     1
290
     1
176
     1
290
     1
176
     1
290
     0
176
     1
290
     0
176
     1
290
     0
176
     1
290
     0
176
     1
290
     0
176
     1
290
     0
176
     1
 90
       50
176
     1
 40
0.0
176
     1
 40
1.0
176
     1
 90
        0
176
     1
 62
    18
420
        0
176
     1
 90
       50
176
     1
 90
        3
176
     1
 62
     5
420
      255
176
     1
290
     0
176
     1
 90
       50
176
     1
 90
       50
176
     1
 90
       50
176
     1
290
     0
176
     1
 90
       50
176
     1
 62
   256
176
     0
 40
1.0
176
     0
 90
        2
176
     1
  1
strokes_ogs.tif
176
     1
290
     0
176
     1
 40
1.0
176
     1
 40
1.0
176
     1
1001
ACAD
1000
AcDbSavedByObjectVersion
1070
     0
  0
VISUALSTYLE
  5
2B
102
{ACAD_REACTORS
330
29
102
}
330
29
100
AcDbVisualStyle
  2
FlatWithEdges
 70
     1
177
     3
291
     1
 70
    58
 90
        2
176
     1
 90
        1
176
     1
 90
        1
176
     1
 90
        2
176
     1
 40
0.6
176
     1
 40
30.0
176
     1
 62
     7
420
 16777215
176
     1
 90
        1
176
     1
 90
        0
176
     1
 62
     7
176
     1
 62
   257
176
     1
 90
        1
176
     1
 90
        1
176
     1
 40
1.0
176
     1
 90
        0
176
     1
 62
   257
176
     1
 40
1.0
176
     1
 90
        1
176
     1
 90
        6
176
     1
 90
        2
176
     1
 62
     7
176
     1
 90
        5
176
     1
 90
        0
176
     1
 90
        0
176
     1
290
     0
176
     1
 90
       13
176
     1
 40
0.0
176
     1
 90
        0
176
     1
290
     0
176
     1
290
     1
176
     1
290
     1
176
     1
290
     0
176
     1
290
     0
176
     1
290
     0
176
     1
290
     0
176
     1
290
     0
176
     1
290
     0
176
     1
 90
       50
176
     1
 40
0.0
176
     1
 40
1.0
176
     1
 90
        0
176
     1
 62
    18
420
        0
176
     1
 90
       50
176
     1
 90
        3
176
     1
 62
     5
420
      255
176
     1
290
     0
176
     1
 90
       50
176
     1
 90
       50
176
     1
 90
       50
176
     1
290
     0
176
     1
 90
       50
176
     1
 62
   256
176
     0
 40
1.0
176
     0
 90
        2
176
     1
  1
strokes_ogs.tif
176
     1
290
     0
176
     1
 40
1.0
176
     1
 40
1.0
176
     1
1001
ACAD
1000
AcDbSavedByObjectVersion
1070
     0
  0
VISUALSTYLE
  5
2C
102
{ACAD_REACTORS
330
29
102
}
330
29
100
AcDbVisualStyle
  2
Gouraud
 70
     2
177
     3
291
     1
 70
    58
 90
        2
176
     1
 90
        2
176
     1
 90
        1
176
     1
 90
        2
176
     1
 40
0.6
176
     1
 40
30.0
176
     1
 62
     7
420
 16777215
176
     1
 90
        0
176
     1
 90
        0
176
     1
 62
     7
176
     1
 62
   257
176
     1
 90
        1
176
     1
 90
        1
176
     1
 40
1.0
176
     1
 90
        0
176
     1
 62
     7
176
     1
 40
1.0
176
     1
 90
        1
176
     1
 90
        6
176
     1
 90
        2
176
     1
 62
     7
176
     1
 90
        5
176
     1
 90
        0
176
     1
 90
        0
176
     1
290
     0
176
     1
 90
       13
176
     1
 40
0.0
176
     1
 90
        0
176
     1
290
     0
176
     1
290
     1
176
     1
290
     1
176
     1
290
     0
176
     1
290
     0
176
     1
290
     0
176
     1
290
     0
176
     1
290
     0
176
     1
290
     0
176
     1
 90
       50
176
     1
 40
0.0
176
     1
 40
1.0
176
     1
 90
        0
176
     1
 62
    18
420
        0
176
     1
 90
       50
176
     1
 90
        3
176
     1
 62
     5
420
      255
176
     1
290
     0
176
     1
 90
       50
176
     1
 90
       50
176
     1
 90
       50
176
     1
290
     0
176
     1
 90
       50
176
     1
 62
   256
176
     0
 40
1.0
176
     0
 90
        2
176
     1
  1
strokes_ogs.tif
176
     1
290
     0
176
     1
 40
1.0
176
     1
 40
1.0
176
     1
1001
ACAD
1000
AcDbSavedByObjectVersion
1070
     0
  0
VISUALSTYLE
  5
2D
102
{ACAD_REACTORS
330
29
102
}
330
29
100
AcDbVisualStyle
  2
GouraudWithEdges
 70
     3
177
     3
291
     1
 70
    58
 90
        2
176
     1
 90
        2
176
     1
 90
        1
176
     1
 90
        2
176
     1
 40
0.6
176
     1
 40
30.0
176
     1
 62
     7
420
 16777215
176
     1
 90
        1
176
     1
 90
        0
176
     1
 62
     7
176
     1
 62
   257
176
     1
 90
        1
176
     1
 90
        1
176
     1
 40
1.0
176
     1
 90
        0
176
     1
 62
   257
176
     1
 40
1.0
176
     1
 90
        1
176
     1
 90
        6
176
     1
 90
        2
176
     1
 62
     7
176
     1
 90
        5
176
     1
 90
        0
176
     1
 90
        0
176
     1
290
     0
176
     1
 90
       13
176
     1
 40
0.0
176
     1
 90
        0
176
     1
290
     0
176
     1
290
     1
176
     1
290
     1
176
     1
290
     0
176
     1
290
     0
176
     1
290
     0
176
     1
290
     0
176
     1
290
     0
176
     1
290
     0
176
     1
 90
       50
176
     1
 40
0.0
176
     1
 40
1.0
176
     1
 90
        0
176
     1
 62
    18
420
        0
176
     1
 90
       50
176
     1
 90
        3
176
     1
 62
     5
420
      255
176
     1
290
     0
176
     1
 90
       50
176
     1
 90
       50
176
     1
 90
       50
176
     1
290
     0
176
     1
 90
       50
176
     1
 62
   256
176
     0
 40
1.0
176
     0
 90
        2
176
     1
  1
strokes_ogs.tif
176
     1
290
     0
176
     1
 40
1.0
176
     1
 40
1.0
176
     1
1001
ACAD
1000
AcDbSavedByObjectVersion
1070
     0
  0
VISUALSTYLE
  5
31
102
{ACAD_REACTORS
330
29
102
}
330
29
100
AcDbVisualStyle
  2
Hidden
 70
     6
177
     3
291
     0
 70
    58
 90
        1
176
     1
 90
        2
176
     1
 90
        2
176
     1
 90
        0
176
     1
 40
0.6
176
     1
 40
30.0
176
     1
 62
     7
420
 16777215
176
     1
 90
        2
176
     1
 90
        2
176
     1
 62
     7
176
     1
 62
   257
176
     1
 90
        2
176
     1
 90
        1
176
     1
 40
40.0
176
     1
 90
        0
176
     1
 62
   257
176
     1
 40
1.0
176
     1
 90
        1
176
     1
 90
        6
176
     1
 90
        2
176
     1
 62
     7
176
     1
 90
        3
176
     1
 90
        0
176
     1
 90
        0
176
     1
290
     0
176
     1
 90
        1
176
     1
 40
0.0
176
     1
 90
        0
176
     1
290
     0
176
     1
290
     1
176
     1
290
     1
176
     1
290
     0
176
     1
290
     0
176
     1
290
     0
176
     1
290
     0
176
     1
290
     0
176
     1
290
     0
176
     1
 90
       50
176
     1
 40
0.0
176
     1
 40
1.0
176
     1
 90
        0
176
     1
 62
    18
420
        0
176
     1
 90
       50
176
     1
 90
        3
176
     1
 62
     5
420
      255
176
     1
290
     0
176
     1
 90
       50
176
     1
 90
       50
176
     1
 90
       50
176
     1
290
     0
176
     1
 90
       50
176
     1
 62
   256
176
     0
 40
1.0
176
     0
 90
        2
176
     1
  1
strokes_ogs.tif
176
     1
290
     0
176
     1
 40
1.0
176
     1
 40
1.0
176
     1
1001
ACAD
1000
AcDbSavedByObjectVersion
1070
     0
  0
VISUALSTYLE
  5
3F
102
{ACAD_REACTORS
330
29
102
}
330
29
100
AcDbVisualStyle
  2
JitterOff
 70
    20
177
     3
291
     1
 70
    58
 90
        2
176
     0
 90
        2
176
     0
 90
        0
176
     0
 90
        0
176
     0
 40
0.6
176
     0
 40
30.0
176
     0
 62
     7
420
 16777215
176
     0
 90
        1
176
     0
 90
        4
176
     0
 62
     7
176
     0
 62
   257
176
     0
 90
        1
176
     0
 90
        1
176
     0
 40
1.0
176
     0
 90
       10
176
     2
 62
     7
176
     0
 40
1.0
176
     0
 90
        1
176
     0
 90
        6
176
     0
 90
        2
176
     0
 62
     7
176
     0
 90
        5
176
     0
 90
        0
176
     0
 90
        0
176
     0
290
     0
176
     0
 90
        1
176
     0
 40
0.0
176
     0
 90
        0
176
     0
290
     0
176
     0
290
     1
176
     0
290
     1
176
     0
290
     0
176
     0
290
     0
176
     0
290
     0
176
     0
290
     0
176
     0
290
     0
176
     0
290
     0
176
     0
 90
       50
176
     0
 40
0.0
176
     0
 40
1.0
176
     0
 90
        0
176
     0
 62
    18
420
        0
176
     0
 90
       50
176
     0
 90
        3
176
     0
 62
     5
420
      255
176
     0
290
     0
176
     0
 90
       50
176
     0
 90
       50
176
     0
 90
       50
176
     0
290
     0
176
     0
 90
       50
176
     0
 62
   256
176
     0
 40
1.0
176
     0
 90
        2
176
     0
  1
strokes_ogs.tif
176
     0
290
     0
176
     0
 40
1.0
176
     0
 40
1.0
176
     0
1001
ACAD
1000
AcDbSavedByObjectVersion
1070
     0
  0
VISUALSTYLE
  5
37
102
{ACAD_REACTORS
330
29
102
}
330
29
100
AcDbVisualStyle
  2
Linepattern
 70
    14
177
     3
291
     1
 70
    58
 90
        2
176
     1
 90
        2
176
     1
 90
        0
176
     1
 90
        0
176
     1
 40
0.6
176
     1
 40
30.0
176
     1
 62
     7
420
 16777215
176
     1
 90
        1
176
     1
 90
        4
176
     1
 62
     7
176
     1
 62
   257
176
     1
 90
        7
176
     1
 90
        7
176
     1
 40
1.0
176
     1
 90
        8
176
     1
 62
     7
176
     1
 40
1.0
176
     1
 90
        1
176
     1
 90
        6
176
     1
 90
        2
176
     1
 62
     7
176
     1
 90
        5
176
     1
 90
        0
176
     1
 90
        0
176
     1
290
     0
176
     1
 90
        1
176
     1
 40
0.0
176
     1
 90
        0
176
     1
290
     0
176
     1
290
     1
176
     1
290
     1
176
     1
290
     0
176
     1
290
     0
176
     1
290
     0
176
     1
290
     0
176
     1
290
     0
176
     1
290
     0
176
     1
 90
       50
176
     1
 40
0.0
176
     1
 40
1.0
176
     1
 90
        0
176
     1
 62
    18
420
        0
176
     1
 90
       50
176
     1
 90
        3
176
     1
 62
     5
420
      255
176
     1
290
     0
176
     1
 90
       50
176
     1
 90
       50
176
     1
 90
       50
176
     1
290
     0
176
     1
 90
       50
176
     1
 62
   256
176
     0
 40
1.0
176
     0
 90
        2
176
     1
  1
strokes_ogs.tif
176
     1
290
     0
176
     1
 40
1.0
176
     1
 40
1.0
176
     1
1001
ACAD
1000
AcDbSavedByObjectVersion
1070
     0
  0
VISUALSTYLE
  5
40
102
{ACAD_REACTORS
330
29
102
}
330
29
100
AcDbVisualStyle
  2
OverhangOff
 70
    21
177
     3
291
     1
 70
    58
 90
        2
176
     0
 90
        2
176
     0
 90
        0
176
     0
 90
        0
176
     0
 40
0.6
176
     0
 40
30.0
176
     0
 62
     7
420
 16777215
176
     0
 90
        1
176
     0
 90
        4
176
     0
 62
     7
176
     0
 62
   257
176
     0
 90
        1
176
     0
 90
        1
176
     0
 40
1.0
176
     0
 90
        9
176
     2
 62
     7
176
     0
 40
1.0
176
     0
 90
        1
176
     0
 90
        6
176
     0
 90
        2
176
     0
 62
     7
176
     0
 90
        5
176
     0
 90
        0
176
     0
 90
        0
176
     0
290
     0
176
     0
 90
        1
176
     0
 40
0.0
176
     0
 90
        0
176
     0
290
     0
176
     0
290
     1
176
     0
290
     1
176
     0
290
     0
176
     0
290
     0
176
     0
290
     0
176
     0
290
     0
176
     0
290
     0
176
     0
290
     0
176
     0
 90
       50
176
     0
 40
0.0
176
     0
 40
1.0
176
     0
 90
        0
176
     0
 62
    18
420
        0
176
     0
 90
       50
176
     0
 90
        3
176
     0
 62
     5
420
      255
176
     0
290
     0
176
     0
 90
       50
176
     0
 90
       50
176
     0
 90
       50
176
     0
290
     0
176
     0
 90
       50
176
     0
 62
   256
176
     0
 40
1.0
176
     0
 90
        2
176
     0
  1
strokes_ogs.tif
176
     0
290
     0
176
     0
 40
1.0
176
     0
 40
1.0
176
     0
1001
ACAD
1000
AcDbSavedByObjectVersion
1070
     0
  0
VISUALSTYLE
  5
33
102
{ACAD_REACTORS
330
29
102
}
330
29
100
AcDbVisualStyle
  2
Realistic
 70
     8
177
     3
291
     0
 70
    58
 90
        2
176
     1
 90
        3
176
     1
 90
        0
176
     1
 90
        2
176
     1
 40
0.6
176
     1
 40
30.0
176
     1
 62
     7
420
 16777215
176
     1
 90
        0
176
     1
 90
        0
176
     1
 62
     7
176
     1
 62
   257
176
     1
 90
        1
176
     1
 90
        1
176
     1
 40
1.0
176
     1
 90
        8
176
     1
 62
   257
176
     1
 40
1.0
176
     1
 90
        1
176
     1
 90
        6
176
     1
 90
        2
176
     1
 62
     7
176
     1
 90
        3
176
     1
 90
        0
176
     1
 90
        0
176
     1
290
     0
176
     1
 90
       13
176
     1
 40
0.0
176
     1
 90
        0
176
     1
290
     0
176
     1
290
     1
176
     1
290
     1
176
     1
290
     0
176
     1
290
     0
176
     1
290
     0
176
     1
290
     0
176
     1
290
     0
176
     1
290
     0
176
     1
 90
       50
176
     1
 40
0.0
176
     1
 40
1.0
176
     1
 90
        0
176
     1
 62
    18
420
        0
176
     1
 90
       50
176
     1
 90
        3
176
     1
 62
     5
420
      255
176
     1
290
     0
176
     1
 90
       50
176
     1
 90
       50
176
     1
 90
       50
176
     1
290
     0
176
     1
 90
       50
176
     1
 62
   256
176
     0
 40
1.0
176
     0
 90
        2
176
     1
  1
strokes_ogs.tif
176
     1
290
     0
176
     1
 40
1.0
176
     1
 40
1.0
176
     1
1001
ACAD
1000
AcDbSavedByObjectVersion
1070
     0
  0
VISUALSTYLE
  5
3E
102
{ACAD_REACTORS
330
29
102
}
330
29
100
AcDbVisualStyle
  2
Shaded
 70
    27
177
     3
291
     0
 70
    58
 90
        2
176
     1
 90
        2
176
     1
 90
        1
176
     1
 90
        2
176
     1
 40
0.6
176
     1
 40
30.0
176
     1
 62
     7
420
 16777215
176
     1
 90
        0
176
     1
 90
        4
176
     1
 62
     7
176
     1
 62
   257
176
     1
 90
        1
176
     1
 90
        1
176
     1
 40
1.0
176
     1
 90
        8
176
     1
 62
   257
176
     1
 40
1.0
176
     1
 90
        1
176
     1
 90
        6
176
     1
 90
        2
176
     1
 62
     8
420
  7895160
176
     1
 90
        3
176
     1
 90
        0
176
     1
 90
        0
176
     1
290
     0
176
     1
 90
        5
176
     1
 40
0.0
176
     1
 90
        0
176
     1
290
     0
176
     1
290
     1
176
     1
290
     1
176
     1
290
     0
176
     1
290
     0
176
     1
290
     0
176
     1
290
     0
176
     1
290
     0
176
     1
290
     0
176
     1
 90
       50
176
     1
 40
0.0
176
     1
 40
1.0
176
     1
 90
        0
176
     1
 62
    18
420
        0
176
     1
 90
       50
176
     1
 90
        3
176
     1
 62
     5
420
      255
176
     1
290
     0
176
     1
 90
       50
176
     1
 90
       50
176
     1
 90
       50
176
     1
290
     0
176
     1
 90
       50
176
     1
 62
   256
176
     0
 40
1.0
176
     0
 90
        2
176
     1
  1
strokes_ogs.tif
176
     1
290
     0
176
     1
 40
1.0
176
     1
 40
1.0
176
     1
1001
ACAD
1000
AcDbSavedByObjectVersion
1070
     0
  0
VISUALSTYLE
  5
3D
102
{ACAD_REACTORS
330
29
102
}
330
29
100
AcDbVisualStyle
  2
Shaded with edges
 70
    26
177
     3
291
     0
 70
    58
 90
        2
176
     1
 90
        2
176
     1
 90
        1
176
     1
 90
        2
176
     1
 40
0.6
176
     1
 40
30.0
176
     1
 62
     7
420
 16777215
176
     1
 90
        1
176
     1
 90
        2
176
     1
 62
     7
176
     1
 62
   257
176
     1
 90
        2
176
     1
 90
        1
176
     1
 40
1.0
176
     1
 90
        8
176
     1
 62
   257
176
     1
 40
1.0
176
     1
 90
        1
176
     1
 90
        6
176
     1
 90
        2
176
     1
 62
     7
176
     1
 90
        3
176
     1
 90
        0
176
     1
 90
        0
176
     1
290
     0
176
     1
 90
        5
176
     1
 40
0.0
176
     1
 90
        0
176
     1
290
     0
176
     1
290
     1
176
     1
290
     1
176
     1
290
     0
176
     1
290
     0
176
     1
290
     0
176
     1
290
     0
176
     1
290
     0
176
     1
290
     0
176
     1
 90
       50
176
     1
 40
0.0
176
     1
 40
1.0
176
     1
 90
        0
176
     1
 62
    18
420
        0
176
     1
 90
       50
176
     1
 90
        3
176
     1
 62
     5
420
      255
176
     1
290
     0
176
     1
 90
       50
176
     1
 90
       50
176
     1
 90
       50
176
     1
290
     0
176
     1
 90
       50
176
     1
 62
   256
176
     0
 40
1.0
176
     0
 90
        2
176
     1
  1
strokes_ogs.tif
176
     1
290
     0
176
     1
 40
1.0
176
     1
 40
1.0
176
     1
1001
ACAD
1000
AcDbSavedByObjectVersion
1070
     0
  0
VISUALSTYLE
  5
3A
102
{ACAD_REACTORS
330
29
102
}
330
29
100
AcDbVisualStyle
  2
Shades of Gray
 70
    23
177
     3
291
     0
 70
    58
 90
        2
176
     1
 90
        2
176
     1
 90
        3
176
     1
 90
        0
176
     1
 40
0.6
176
     1
 40
30.0
176
     1
 62
     7
420
 16777215
176
     1
 90
        2
176
     1
 90
        2
176
     1
 62
     7
176
     1
 62
     7
176
     1
 90
        1
176
     1
 90
        1
176
     1
 40
40.0
176
     1
 90
        8
176
     1
 62
     7
176
     1
 40
1.0
176
     1
 90
        1
176
     1
 90
        6
176
     1
 90
        2
176
     1
 62
     7
176
     1
 90
        3
176
     1
 90
        0
176
     1
 90
        0
176
     1
290
     0
176
     1
 90
        1
176
     1
 40
0.0
176
     1
 90
        0
176
     1
290
     0
176
     1
290
     1
176
     1
290
     1
176
     1
290
     0
176
     1
290
     0
176
     1
290
     0
176
     1
290
     0
176
     1
290
     0
176
     1
290
     0
176
     1
 90
       50
176
     1
 40
0.0
176
     1
 40
1.0
176
     1
 90
        0
176
     1
 62
    18
420
        0
176
     1
 90
       50
176
     1
 90
        3
176
     1
 62
     5
420
      255
176
     1
290
     0
176
     1
 90
       50
176
     1
 90
       50
176
     1
 90
       50
176
     1
290
     0
176
     1
 90
       50
176
     1
 62
   256
176
     0
 40
1.0
176
     0
 90
        2
176
     1
  1
strokes_ogs.tif
176
     1
290
     0
176
     1
 40
1.0
176
     1
 40
1.0
176
     1
1001
ACAD
1000
AcDbSavedByObjectVersion
1070
     0
  0
VISUALSTYLE
  5
3B
102
{ACAD_REACTORS
330
29
102
}
330
29
100
AcDbVisualStyle
  2
Sketchy
 70
    24
177
     3
291
     0
 70
    58
 90
        1
176
     1
 90
        2
176
     1
 90
        2
176
     1
 90
        0
176
     1
 40
0.6
176
     1
 40
30.0
176
     1
 62
     7
420
 16777215
176
     1
 90
        2
176
     1
 90
        2
176
     1
 62
     7
176
     1
 62
     7
176
     1
 90
        1
176
     1
 90
        1
176
     1
 40
40.0
176
     1
 90
       11
176
     1
 62
     7
176
     1
 40
1.0
176
     1
 90
        1
176
     1
 90
        6
176
     1
 90
        2
176
     1
 62
     7
176
     1
 90
        6
176
     1
 90
        0
176
     1
 90
        0
176
     1
290
     0
176
     1
 90
        1
176
     1
 40
0.0
176
     1
 90
        0
176
     1
290
     0
176
     1
290
     1
176
     1
290
     1
176
     1
290
     0
176
     1
290
     0
176
     1
290
     0
176
     1
290
     0
176
     1
290
     0
176
     1
290
     0
176
     1
 90
       50
176
     1
 40
0.0
176
     1
 40
1.0
176
     1
 90
        0
176
     1
 62
    18
420
        0
176
     1
 90
       50
176
     1
 90
        3
176
     1
 62
     5
420
      255
176
     1
290
     0
176
     1
 90
       50
176
     1
 90
       50
176
     1
 90
       50
176
     1
290
     0
176
     1
 90
       50
176
     1
 62
   256
176
     0
 40
1.0
176
     0
 90
        2
176
     1
  1
strokes_ogs.tif
176
     1
290
     0
176
     1
 40
1.0
176
     1
 40
1.0
176
     1
1001
ACAD
1000
AcDbSavedByObjectVersion
1070
     0
  0
VISUALSTYLE
  5
36
102
{ACAD_REACTORS
330
29
102
}
330
29
100
AcDbVisualStyle
  2
Thicken
 70
    13
177
     3
291
     1
 70
    58
 90
        2
176
     1
 90
        2
176
     1
 90
        0
176
     1
 90
        0
176
     1
 40
0.6
176
     1
 40
30.0
176
     1
 62
     7
420
 16777215
176
     1
 90
        1
176
     1
 90
        4
176
     1
 62
     7
176
     1
 62
   257
176
     1
 90
        1
176
     1
 90
        1
176
     1
 40
1.0
176
     1
 90
       12
176
     1
 62
     7
176
     1
 40
1.0
176
     1
 90
        1
176
     1
 90
        6
176
     1
 90
        2
176
     1
 62
     7
176
     1
 90
        5
176
     1
 90
        0
176
     1
 90
        0
176
     1
290
     0
176
     1
 90
        1
176
     1
 40
0.0
176
     1
 90
        0
176
     1
290
     0
176
     1
290
     1
176
     1
290
     1
176
     1
290
     0
176
     1
290
     0
176
     1
290
     0
176
     1
290
     0
176
     1
290
     0
176
     1
290
     0
176
     1
 90
       50
176
     1
 40
0.0
176
     1
 40
1.0
176
     1
 90
        0
176
     1
 62
    18
420
        0
176
     1
 90
       50
176
     1
 90
        3
176
     1
 62
     5
420
      255
176
     1
290
     0
176
     1
 90
       50
176
     1
 90
       50
176
     1
 90
       50
176
     1
290
     0
176
     1
 90
       50
176
     1
 62
   256
176
     0
 40
1.0
176
     0
 90
        2
176
     1
  1
strokes_ogs.tif
176
     1
290
     0
176
     1
 40
1.0
176
     1
 40
1.0
176
     1
1001
ACAD
1000
AcDbSavedByObjectVersion
1070
     0
  0
VISUALSTYLE
  5
30
102
{ACAD_REACTORS
330
29
102
}
330
29
100
AcDbVisualStyle
  2
Wireframe
 70
     5
177
     3
291
     0
 70
    58
 90
        0
176
     1
 90
        2
176
     1
 90
        0
176
     1
 90
        0
176
     1
 40
0.6
176
     1
 40
30.0
176
     1
 62
     7
420
 16777215
176
     1
 90
        1
176
     1
 90
        4
176
     1
 62
     7
176
     1
 62
   257
176
     1
 90
        1
176
     1
 90
        1
176
     1
 40
1.0
176
     1
 90
        0
176
     1
 62
   257
176
     1
 40
1.0
176
     1
 90
        1
176
     1
 90
        6
176
     1
 90
        2
176
     1
 62
     7
176
     1
 90
        3
176
     1
 90
        0
176
     1
 90
        0
176
     1
290
     0
176
     1
 90
        1
176
     1
 40
0.0
176
     1
 90
        0
176
     1
290
     0
176
     1
290
     1
176
     1
290
     1
176
     1
290
     0
176
     1
290
     0
176
     1
290
     0
176
     1
290
     0
176
     1
290
     0
176
     1
290
     0
176
     1
 90
       50
176
     1
 40
0.0
176
     1
 40
1.0
176
     1
 90
        0
176
     1
 62
    18
420
        0
176
     1
 90
       50
176
     1
 90
        3
176
     1
 62
     5
420
      255
176
     1
290
     0
176
     1
 90
       50
176
     1
 90
       50
176
     1
 90
       50
176
     1
290
     0
176
     1
 90
       50
176
     1
 62
   256
176
     0
 40
1.0
176
     0
 90
        2
176
     1
  1
strokes_ogs.tif
176
     1
290
     0
176
     1
 40
1.0
176
     1
 40
1.0
176
     1
1001
ACAD
1000
AcDbSavedByObjectVersion
1070
     0
  0
VISUALSTYLE
  5
3C
102
{ACAD_REACTORS
330
29
102
}
330
29
100
AcDbVisualStyle
  2
X-Ray
 70
    25
177
     3
291
     0
 70
    58
 90
        2
176
     1
 90
        2
176
     1
 90
        1
176
     1
 90
        1
176
     1
 40
0.5
176
     1
 40
30.0
176
     1
 62
     7
420
 16777215
176
     1
 90
        1
176
     1
 90
        0
176
     1
 62
     7
176
     1
 62
   257
176
     1
 90
        1
176
     1
 90
        1
176
     1
 40
1.0
176
     1
 90
        8
176
     1
 62
     7
176
     1
 40
1.0
176
     1
 90
        1
176
     1
 90
        6
176
     1
 90
        2
176
     1
 62
     7
176
     1
 90
        3
176
     1
 90
        0
176
     1
 90
        0
176
     1
290
     0
176
     1
 90
       13
176
     1
 40
0.0
176
     1
 90
        0
176
     1
290
     0
176
     1
290
     1
176
     1
290
     1
176
     1
290
     0
176
     1
290
     0
176
     1
290
     0
176
     1
290
     0
176
     1
290
     0
176
     1
290
     0
176
     1
 90
       50
176
     1
 40
0.0
176
     1
 40
1.0
176
     1
 90
        0
176
     1
 62
    18
420
        0
176
     1
 90
       50
176
     1
 90
        3
176
     1
 62
     5
420
      255
176
     1
290
     0
176
     1
 90
       50
176
     1
 90
       50
176
     1
 90
       50
176
     1
290
     0
176
     1
 90
       50
176
     1
 62
   256
176
     0
 40
1.0
176
     0
 90
        2
176
     1
  1
strokes_ogs.tif
176
     1
290
     0
176
     1
 40
1.0
176
     1
 40
1.0
176
     1
1001
ACAD
1000
AcDbSavedByObjectVersion
1070
     0
  0
DICTIONARYVAR
  5
490
102
{ACAD_REACTORS
330
48B
102
}
330
48B
100
DictionaryVariables
280
     0
  1
0
  0
DICTIONARYVAR
  5
491
102
{ACAD_REACTORS
330
48B
102
}
330
48B
100
DictionaryVariables
280
     0
  1
1:1
  0
DICTIONARYVAR
  5
48D
102
{ACAD_REACTORS
330
48B
102
}
330
48B
100
DictionaryVariables
280
     0
  1
STANDARD
  0
DICTIONARYVAR
  5
48C
102
{ACAD_REACTORS
330
48B
102
}
330
48B
100
DictionaryVariables
280
     0
  1
STANDARD
  0
DICTIONARYVAR
  5
48E
102
{ACAD_REACTORS
330
48B
102
}
330
48B
100
DictionaryVariables
280
     0
  1
Imperial24
  0
DICTIONARYVAR
  5
48F
102
{ACAD_REACTORS
330
48B
102
}
330
48B
100
DictionaryVariables
280
     0
  1
Imperial24
  0
DICTIONARY
  5
497
330
6B
100
AcDbDictionary
280
     1
281
     1
  3
ACAD_XREC_ROUNDTRIP
360
498
  0
DICTIONARY
  5
1A
330
19
100
AcDbDictionary
280
     1
281
     1
  3
BUMPTILE
360
1C
  3
DIFFUSETILE
360
1B
  3
OPACITYTILE
360
1F
  3
REFLECTIONTILE
360
1E
  3
REFRACTIONTILE
360
20
  3
SPECULARTILE
360
1D
  0
DICTIONARY
  5
12
330
11
100
AcDbDictionary
280
     1
281
     1
  3
BUMPTILE
360
14
  3
DIFFUSETILE
360
13
  3
OPACITYTILE
360
17
  3
REFLECTIONTILE
360
16
  3
REFRACTIONTILE
360
18
  3
SPECULARTILE
360
15
  0
DICTIONARY
  5
22
330
21
100
AcDbDictionary
280
     1
281
     1
  3
BUMPTILE
360
24
  3
DIFFUSETILE
360
23
  3
OPACITYTILE
360
27
  3
REFLECTIONTILE
360
26
  3
REFRACTIONTILE
360
28
  3
SPECULARTILE
360
25
  0
DICTIONARY
  5
495
330
69
100
AcDbDictionary
280
     1
281
     1
  3
ACAD_XREC_ROUNDTRIP
360
496
  0
DICTIONARY
  5
492
330
65
100
AcDbDictionary
280
     1
281
     1
  3
ACAD_ROUNDTRIP_2008_TABLESTYLE_CELLSTYLEMAP
360
493
  0
XRECORD
  5
498
102
{ACAD_REACTORS
330
497
102
}
330
497
100
AcDbXrecord
280
     1
102
DISPLAYNAME
  1
Imperial24
102
FLAGS
 90
        0
  0
XRECORD
  5
1C
102
{ACAD_REACTORS
330
1A
102
}
330
1A
100
AcDbXrecord
280
     1
270
     1
271
     1
  0
XRECORD
  5
1B
102
{ACAD_REACTORS
330
1A
102
}
330
1A
100
AcDbXrecord
280
     1
270
     1
271
     1
  0
XRECORD
  5
1F
102
{ACAD_REACTORS
330
1A
102
}
330
1A
100
AcDbXrecord
280
     1
270
     1
271
     1
  0
XRECORD
  5
1E
102
{ACAD_REACTORS
330
1A
102
}
330
1A
100
AcDbXrecord
280
     1
270
     1
271
     1
  0
XRECORD
  5
20
102
{ACAD_REACTORS
330
1A
102
}
330
1A
100
AcDbXrecord
280
     1
270
     1
271
     1
  0
XRECORD
  5
1D
102
{ACAD_REACTORS
330
1A
102
}
330
1A
100
AcDbXrecord
280
     1
270
     1
271
     1
  0
XRECORD
  5
14
102
{ACAD_REACTORS
330
12
102
}
330
12
100
AcDbXrecord
280
     1
270
     1
271
     1
  0
XRECORD
  5
13
102
{ACAD_REACTORS
330
12
102
}
330
12
100
AcDbXrecord
280
     1
270
     1
271
     1
  0
XRECORD
  5
17
102
{ACAD_REACTORS
330
12
102
}
330
12
100
AcDbXrecord
280
     1
270
     1
271
     1
  0
XRECORD
  5
16
102
{ACAD_REACTORS
330
12
102
}
330
12
100
AcDbXrecord
280
     1
270
     1
271
     1
  0
XRECORD
  5
18
102
{ACAD_REACTORS
330
12
102
}
330
12
100
AcDbXrecord
280
     1
270
     1
271
     1
  0
XRECORD
  5
15
102
{ACAD_REACTORS
330
12
102
}
330
12
100
AcDbXrecord
280
     1
270
     1
271
     1
  0
XRECORD
  5
24
102
{ACAD_REACTORS
330
22
102
}
330
22
100
AcDbXrecord
280
     1
270
     1
271
     1
  0
XRECORD
  5
23
102
{ACAD_REACTORS
330
22
102
}
330
22
100
AcDbXrecord
280
     1
270
     1
271
     1
  0
XRECORD
  5
27
102
{ACAD_REACTORS
330
22
102
}
330
22
100
AcDbXrecord
280
     1
270
     1
271
     1
  0
XRECORD
  5
26
102
{ACAD_REACTORS
330
22
102
}
330
22
100
AcDbXrecord
280
     1
270
     1
271
     1
  0
XRECORD
  5
28
102
{ACAD_REACTORS
330
22
102
}
330
22
100
AcDbXrecord
280
     1
270
     1
271
     1
  0
XRECORD
  5
25
102
{ACAD_REACTORS
330
22
102
}
330
22
100
AcDbXrecord
280
     1
270
     1
271
     1
  0
XRECORD
  5
496
102
{ACAD_REACTORS
330
495
102
}
330
495
100
AcDbXrecord
280
     1
102
DISPLAYNAME
  1
Imperial24
102
FLAGS
 90
        0
  0
CELLSTYLEMAP
  5
493
102
{ACAD_REACTORS
330
492
102
}
330
492
100
AcDbCellStyleMap
 90
        3
300
CELLSTYLE
  1
TABLEFORMAT_BEGIN
 90
        5
170
     1
 91
        0
 92
    32768
 62
   257
 93
        1
300
CONTENTFORMAT
  1
CONTENTFORMAT_BEGIN
 90
        0
 91
        0
 92
      512
 93
        0
300

 40
0.0
140
1.0
 94
        5
 62
     0
340
55
144
0.25
309
CONTENTFORMAT_END
171
     1
301
MARGIN
  1
CELLMARGIN_BEGIN
 40
1.5
 40
1.5
 40
1.5
 40
1.5
 40
0.18
 40
0.18
309
CELLMARGIN_END
 94
        0
309
TABLEFORMAT_END
  1
CELLSTYLE_BEGIN
 90
        1
 91
        1
300
_TITLE
309
CELLSTYLE_END
300
CELLSTYLE
  1
TABLEFORMAT_BEGIN
 90
        5
170
     1
 91
        0
 92
        0
 62
   257
 93
        1
300
CONTENTFORMAT
  1
CONTENTFORMAT_BEGIN
 90
        0
 91
        0
 92
      512
 93
        0
300

 40
0.0
140
1.0
 94
        5
 62
     0
340
55
144
0.18
309
CONTENTFORMAT_END
171
     1
301
MARGIN
  1
CELLMARGIN_BEGIN
 40
1.5
 40
1.5
 40
1.5
 40
1.5
 40
0.18
 40
0.18
309
CELLMARGIN_END
 94
        0
309
TABLEFORMAT_END
  1
CELLSTYLE_BEGIN
 90
        2
 91
        1
300
_HEADER
309
CELLSTYLE_END
300
CELLSTYLE
  1
TABLEFORMAT_BEGIN
 90
        5
170
     1
 91
        0
 92
        0
 62
   257
 93
        1
300
CONTENTFORMAT
  1
CONTENTFORMAT_BEGIN
 90
        0
 91
        0
 92
      512
 93
        0
300

 40
0.0
140
1.0
 94
        2
 62
     0
340
55
144
0.18
309
CONTENTFORMAT_END
171
     1
301
MARGIN
  1
CELLMARGIN_BEGIN
 40
1.5
 40
1.5
 40
1.5
 40
1.5
 40
0.18
 40
0.18
309
CELLMARGIN_END
 94
        0
309
TABLEFORMAT_END
  1
CELLSTYLE_BEGIN
 90
        3
 91
        2
300
_DATA
309
CELLSTYLE_END
  0
ENDSEC
  0
EOF
