  0
SECTION
  2
HEADER
  9
$ACADVER
  1
AC1027
  9
$ACADMAINTVER
 70
   125
  9
$DWGCODEPAGE
  3
ANSI_1252
  9
$LASTSAVEDBY
  1
kaley
  9
$REQUIREDVERSIONS
160
                 0
  9
$INSBASE
 10
0.0
 20
0.0
 30
0.0
  9
$EXTMIN
 10
0.0
 20
0.0
 30
0.0
  9
$EXTMAX
 10
420.0
 20
297.0
 30
0.0
  9
$LIMMIN
 10
0.0
 20
0.0
  9
$LIMMAX
 10
420.0
 20
297.0
  9
$ORTHOMODE
 70
     0
  9
$REGENMODE
 70
     1
  9
$FILLMODE
 70
     1
  9
$QTEXTMODE
 70
     0
  9
$MIRRTEXT
 70
     0
  9
$LTSCALE
 40
0.75
  9
$ATTMODE
 70
     1
  9
$TEXTSIZE
 40
3.5
  9
$TRACEWID
 40
1.0
  9
$TEXTSTYLE
  7
Standard
  9
$CLAYER
  8
0
  9
$CELTYPE
  6
ByLayer
  9
$CECOLOR
 62
   256
  9
$CELTSCALE
 40
1.0
  9
$DISPSILH
 70
     0
  9
$DIMSCALE
 40
1.0
  9
$DIMASZ
 40
3.5
  9
$DIMEXO
 40
2.1
  9
$DIMDLI
 40
10.5
  9
$DIMRND
 40
0.0
  9
$DIMDLE
 40
0.0
  9
$DIMEXE
 40
2.1
  9
$DIMTP
 40
0.1
  9
$DIMTM
 40
0.1
  9
$DIMTXT
 40
3.5
  9
$DIMCEN
 40
0.0
  9
$DIMTSZ
 40
0.0
  9
$DIMTOL
 70
     0
  9
$DIMLIM
 70
     0
  9
$DIMTIH
 70
     0
  9
$DIMTOH
 70
     0
  9
$DIMSE1
 70
     0
  9
$DIMSE2
 70
     0
  9
$DIMTAD
 70
     1
  9
$DIMZIN
 70
     8
  9
$DIMBLK
  1

  9
$DIMASO
 70
     1
  9
$DIMSHO
 70
     1
  9
$DIMPOST
  1

  9
$DIMAPOST
  1

  9
$DIMALT
 70
     0
  9
$DIMALTD
 70
     2
  9
$DIMALTF
 40
0.03937
  9
$DIMLFAC
 40
1.0
  9
$DIMTOFL
 70
     1
  9
$DIMTVP
 40
0.0
  9
$DIMTIX
 70
     0
  9
$DIMSOXD
 70
     0
  9
$DIMSAH
 70
     0
  9
$DIMBLK1
  1

  9
$DIMBLK2
  1

  9
$DIMSTYLE
  2
Dim-ISO-25
  9
$DIMCLRD
 70
     0
  9
$DIMCLRE
 70
     0
  9
$DIMCLRT
 70
     0
  9
$DIMTFAC
 40
0.714286
  9
$DIMGAP
 40
1.4
  9
$DIMJUST
 70
     0
  9
$DIMSD1
 70
     0
  9
$DIMSD2
 70
     0
  9
$DIMTOLJ
 70
     0
  9
$DIMTZIN
 70
     8
  9
$DIMALTZ
 70
    12
  9
$DIMALTTZ
 70
    12
  9
$DIMUPT
 70
     0
  9
$DIMDEC
 70
     2
  9
$DIMTDEC
 70
     2
  9
$DIMALTU
 70
     2
  9
$DIMALTTD
 70
     2
  9
$DIMTXSTY
  7
Standard
  9
$DIMAUNIT
 70
     0
  9
$DIMADEC
 70
     2
  9
$DIMALTRND
 40
0.0
  9
$DIMAZIN
 70
     2
  9
$DIMDSEP
 70
    46
  9
$DIMATFIT
 70
     3
  9
$DIMFRAC
 70
     0
  9
$DIMLDRBLK
  1

  9
$DIMLUNIT
 70
     2
  9
$DIMLWD
 70
    -2
  9
$DIMLWE
 70
    -2
  9
$DIMTMOVE
 70
     0
  9
$DIMFXL
 40
1.0
  9
$DIMFXLON
 70
     0
  9
$DIMJOGANG
 40
0.785398
  9
$DIMTFILL
 70
     0
  9
$DIMTFILLCLR
 70
     0
  9
$DIMARCSYM
 70
     0
  9
$DIMLTYPE
  6

  9
$DIMLTEX1
  6

  9
$DIMLTEX2
  6

  9
$DIMTXTDIRECTION
 70
     0
  9
$LUNITS
 70
     2
  9
$LUPREC
 70
     4
  9
$SKETCHINC
 40
1.0
  9
$FILLETRAD
 40
0.0
  9
$AUNITS
 70
     0
  9
$AUPREC
 70
     0
  9
$MENU
  1
.
  9
$ELEVATION
 40
0.0
  9
$PELEVATION
 40
0.0
  9
$THICKNESS
 40
0.0
  9
$LIMCHECK
 70
     0
  9
$CHAMFERA
 40
0.0
  9
$CHAMFERB
 40
0.0
  9
$CHAMFERC
 40
0.0
  9
$CHAMFERD
 40
0.0
  9
$SKPOLY
 70
     0
  9
$TDCREATE
 40
2461094.546006945
  9
$TDUCREATE
 40
2461094.316840278
  9
$TDUPDATE
 40
2461094.546006945
  9
$TDUUPDATE
 40
2461094.316840278
  9
$TDINDWG
 40
0.0000000000
  9
$TDUSRTIMER
 40
0.0000000000
  9
$USRTIMER
 70
     1
  9
$ANGBASE
 50
0.0
  9
$ANGDIR
 70
     0
  9
$PDMODE
 70
     0
  9
$PDSIZE
 40
0.0
  9
$PLINEWID
 40
0.0
  9
$SPLFRAME
 70
     0
  9
$SPLINETYPE
 70
     6
  9
$SPLINESEGS
 70
     8
  9
$HANDSEED
  5
516
  9
$SURFTAB1
 70
     6
  9
$SURFTAB2
 70
     6
  9
$SURFTYPE
 70
     6
  9
$SURFU
 70
     6
  9
$SURFV
 70
     6
  9
$UCSBASE
  2

  9
$UCSNAME
  2

  9
$UCSORG
 10
0.0
 20
0.0
 30
0.0
  9
$UCSXDIR
 10
1.0
 20
0.0
 30
0.0
  9
$UCSYDIR
 10
0.0
 20
1.0
 30
0.0
  9
$UCSORTHOREF
  2

  9
$UCSORTHOVIEW
 70
     0
  9
$UCSORGTOP
 10
0.0
 20
0.0
 30
0.0
  9
$UCSORGBOTTOM
 10
0.0
 20
0.0
 30
0.0
  9
$UCSORGLEFT
 10
0.0
 20
0.0
 30
0.0
  9
$UCSORGRIGHT
 10
0.0
 20
0.0
 30
0.0
  9
$UCSORGFRONT
 10
0.0
 20
0.0
 30
0.0
  9
$UCSORGBACK
 10
0.0
 20
0.0
 30
0.0
  9
$PUCSBASE
  2

  9
$PUCSNAME
  2

  9
$PUCSORG
 10
0.0
 20
0.0
 30
0.0
  9
$PUCSXDIR
 10
1.0
 20
0.0
 30
0.0
  9
$PUCSYDIR
 10
0.0
 20
1.0
 30
0.0
  9
$PUCSORTHOREF
  2

  9
$PUCSORTHOVIEW
 70
     0
  9
$PUCSORGTOP
 10
0.0
 20
0.0
 30
0.0
  9
$PUCSORGBOTTOM
 10
0.0
 20
0.0
 30
0.0
  9
$PUCSORGLEFT
 10
0.0
 20
0.0
 30
0.0
  9
$PUCSORGRIGHT
 10
0.0
 20
0.0
 30
0.0
  9
$PUCSORGFRONT
 10
0.0
 20
0.0
 30
0.0
  9
$PUCSORGBACK
 10
0.0
 20
0.0
 30
0.0
  9
$USERI1
 70
     0
  9
$USERI2
 70
     0
  9
$USERI3
 70
     0
  9
$USERI4
 70
     0
  9
$USERI5
 70
     0
  9
$USERR1
 40
0.0
  9
$USERR2
 40
0.0
  9
$USERR3
 40
0.0
  9
$USERR4
 40
0.0
  9
$USERR5
 40
0.0
  9
$WORLDVIEW
 70
     1
  9
$SHADEDGE
 70
     3
  9
$SHADEDIF
 70
    70
  9
$TILEMODE
 70
     1
  9
$MAXACTVP
 70
    64
  9
$PINSBASE
 10
0.0
 20
0.0
 30
0.0
  9
$PLIMCHECK
 70
     0
  9
$PEXTMIN
 10
1.000000E+20
 20
1.000000E+20
 30
1.000000E+20
  9
$PEXTMAX
 10
-1.000000E+20
 20
-1.000000E+20
 30
-1.000000E+20
  9
$PLIMMIN
 10
0.0
 20
0.0
  9
$PLIMMAX
 10
12.0
 20
9.0
  9
$UNITMODE
 70
     0
  9
$VISRETAIN
 70
     1
  9
$PLINEGEN
 70
     0
  9
$PSLTSCALE
 70
     1
  9
$TREEDEPTH
 70
  3020
  9
$CMLSTYLE
  2
Standard
  9
$CMLJUST
 70
     0
  9
$CMLSCALE
 40
20.0
  9
$PROXYGRAPHICS
 70
     1
  9
$MEASUREMENT
 70
     1
  9
$CELWEIGHT
370
    -1
  9
$ENDCAPS
280
     0
  9
$JOINSTYLE
280
     0
  9
$LWDISPLAY
290
     0
  9
$INSUNITS
 70
     4
  9
$HYPERLINKBASE
  1

  9
$STYLESHEET
  1

  9
$XEDIT
290
     1
  9
$CEPSNTYPE
380
     0
  9
$PSTYLEMODE
290
     1
  9
$FINGERPRINTGUID
  2
{ACD0E29A-C7B7-1E43-9A91-44B5A524C1A2}
  9
$VERSIONGUID
  2
{FF58AA57-AEC8-414B-B8AD-C3DC95786F26}
  9
$EXTNAMES
290
     1
  9
$PSVPSCALE
 40
0.0
  9
$OLESTARTUP
290
     0
  9
$SORTENTS
280
   127
  9
$INDEXCTL
280
     0
  9
$HIDETEXT
280
     1
  9
$XCLIPFRAME
280
     0
  9
$HALOGAP
280
     0
  9
$OBSCOLOR
 70
   257
  9
$OBSLTYPE
280
     0
  9
$INTERSECTIONDISPLAY
280
     0
  9
$INTERSECTIONCOLOR
 70
   257
  9
$DIMASSOC
280
     2
  9
$PROJECTNAME
  1

  9
$CAMERADISPLAY
290
     0
  9
$LENSLENGTH
 40
50.0
  9
$CAMERAHEIGHT
 40
0.0
  9
$STEPSPERSEC
 40
2.0
  9
$STEPSIZE
 40
6.0
  9
$3DDWFPREC
 40
2.0
  9
$PSOLWIDTH
 40
5.0
  9
$PSOLHEIGHT
 40
80.0
  9
$LOFTANG1
 40
1.570796
  9
$LOFTANG2
 40
1.570796
  9
$LOFTMAG1
 40
0.0
  9
$LOFTMAG2
 40
0.0
  9
$LOFTPARAM
 70
     7
  9
$LOFTNORMALS
280
     1
  9
$LATITUDE
 40
37.795
  9
$LONGITUDE
 40
-122.394
  9
$NORTHDIRECTION
 40
0.0
  9
$TIMEZONE
 70
 -8000
  9
$LIGHTGLYPHDISPLAY
280
     1
  9
$TILEMODELIGHTSYNCH
280
     1
  9
$CMATERIAL
347
11
  9
$SOLIDHIST
280
     0
  9
$SHOWHIST
280
     1
  9
$DWFFRAME
280
     2
  9
$DGNFRAME
280
     0
  9
$REALWORLDSCALE
290
     1
  9
$INTERFERECOLOR
 62
     1
  9
$INTERFEREOBJVS
345
33
  9
$INTERFEREVPVS
346
30
  9
$CSHADOW
280
     0
  9
$SHADOWPLANELOCATION
 40
0.0
  0
ENDSEC
  0
SECTION
  2
CLASSES
  0
CLASS
  1
ACDBDICTIONARYWDFLT
  2
AcDbDictionaryWithDefault
  3
ObjectDBX Classes
 90
        0
 91
        1
280
     0
281
     0
  0
CLASS
  1
MATERIAL
  2
AcDbMaterial
  3
ObjectDBX Classes
 90
     1153
 91
        3
280
     0
281
     0
  0
CLASS
  1
VISUALSTYLE
  2
AcDbVisualStyle
  3
ObjectDBX Classes
 90
     4095
 91
       24
280
     0
281
     0
  0
CLASS
  1
SCALE
  2
AcDbScale
  3
ObjectDBX Classes
 90
     1153
 91
       18
280
     0
281
     0
  0
CLASS
  1
TABLESTYLE
  2
AcDbTableStyle
  3
ObjectDBX Classes
 90
     4095
 91
        1
280
     0
281
     0
  0
CLASS
  1
MLEADERSTYLE
  2
AcDbMLeaderStyle
  3
ACDB_MLEADERSTYLE_CLASS
 90
     4095
 91
        1
280
     0
281
     0
  0
CLASS
  1
ACDBSECTIONVIEWSTYLE
  2
AcDbSectionViewStyle
  3
ObjectDBX Classes
 90
     1025
 91
        1
280
     0
281
     0
  0
CLASS
  1
ACDBDETAILVIEWSTYLE
  2
AcDbDetailViewStyle
  3
ObjectDBX Classes
 90
     1025
 91
        1
280
     0
281
     0
  0
CLASS
  1
ACMESCOPE
  2
AcMeScope
  3
AcMeServices
 90
     1024
 91
        1
280
     0
281
     0
  0
CLASS
  1
ACMECOMMANDHISTORY
  2
AcMeCommandHistory
  3
AcMeServices
 90
     1024
 91
        1
280
     0
281
     0
  0
CLASS
  1
ACIMSYSVARMAN
  2
AcImSysVarManager
  3
AcMeServices
 90
     1024
 91
        1
280
     0
281
     0
  0
CLASS
  1
ACIMINTSYSVAR
  2
AcImIntSysVar
  3
AcMeServices
 90
     1024
 91
        1
280
     0
281
     0
  0
CLASS
  1
ACMESTATEMGR
  2
AcMeStateMgr
  3
AcMeServices
 90
     1024
 91
        1
280
     0
281
     0
  0
CLASS
  1
ACGREFMASTER
  2
AcGrefMaster
  3
AcAttribServices
 90
     1024
 91
        1
280
     0
281
     0
  0
CLASS
  1
SORTENTSTABLE
  2
AcDbSortentsTable
  3
ObjectDBX Classes
 90
        0
 91
        1
280
     0
281
     0
  0
CLASS
  1
DICTIONARYVAR
  2
AcDbDictionaryVar
  3
ObjectDBX Classes
 90
        0
 91
        6
280
     0
281
     0
  0
CLASS
  1
CELLSTYLEMAP
  2
AcDbCellStyleMap
  3
ObjectDBX Classes
 90
     1152
 91
        1
280
     0
281
     0
  0
ENDSEC
  0
SECTION
  2
TABLES
  0
TABLE
  2
VPORT
  5
8
330
0
100
AcDbSymbolTable
 70
     1
1001
ACAD
1000
DbSaveVer
1071
      428
  0
VPORT
  5
57
330
8
100
AcDbSymbolTableRecord
100
AcDbViewportTableRecord
  2
*Active
 70
     0
 10
0.0
 20
0.0
 11
1.0
 21
1.0
 12
210.0
 22
148.5
 13
0.0
 23
0.0
 14
0.5
 24
0.5
 15
0.0
 25
0.0
 16
0.0
 26
0.0
 36
1.0
 17
0.0
 27
0.0
 37
0.0
 40
297.0
 41
1.692491
 42
50.0
 43
0.0
 44
0.0
 50
0.0
 51
0.0
 71
     0
 72
 20000
 73
     1
 74
     0
 75
     0
 76
     0
 77
     0
 78
     0
281
     0
 65
     1
110
0.0
120
0.0
130
0.0
111
1.0
121
0.0
131
0.0
112
0.0
122
1.0
132
0.0
 79
     0
146
0.0
348
2F
 60
     3
 61
     5
292
     1
282
     1
141
0.0
142
0.0
 63
   250
421
  3355443
  0
ENDTAB
  0
TABLE
  2
LTYPE
  5
5
330
0
100
AcDbSymbolTable
 70
    15
  0
LTYPE
  5
5B
330
5
100
AcDbSymbolTableRecord
100
AcDbLinetypeTableRecord
  2
ByBlock
 70
     0
  3

 72
    65
 73
     0
 40
0.0
  0
LTYPE
  5
5C
330
5
100
AcDbSymbolTableRecord
100
AcDbLinetypeTableRecord
  2
ByLayer
 70
     0
  3

 72
    65
 73
     0
 40
0.0
  0
LTYPE
  5
5D
330
5
100
AcDbSymbolTableRecord
100
AcDbLinetypeTableRecord
  2
Continuous
 70
     0
  3
Solid line
 72
    65
 73
     0
 40
0.0
  0
LTYPE
  5
81
330
5
100
AcDbSymbolTableRecord
100
AcDbLinetypeTableRecord
  2
HIDDEN
 70
     0
  3
Hidden __ __ __ __ __ __ __ __ __ __ __ __ __ _
 72
    65
 73
     2
 40
9.525
 49
6.35
 74
     0
 49
-3.175
 74
     0
  0
LTYPE
  5
82
330
5
100
AcDbSymbolTableRecord
100
AcDbLinetypeTableRecord
  2
PHANTOM2
 70
     0
  3
Phantom (.5x) ___ _ _ ___ _ _ ___ _ _ ___ _ _
 72
    65
 73
     6
 40
31.75
 49
15.875
 74
     0
 49
-3.175
 74
     0
 49
3.175
 74
     0
 49
-3.175
 74
     0
 49
3.175
 74
     0
 49
-3.175
 74
     0
  0
LTYPE
  5
83
330
5
100
AcDbSymbolTableRecord
100
AcDbLinetypeTableRecord
  2
CENTER
 70
     0
  3
Center ____ _ ____ _ ____ _ ____ _ ____ _ ____
 72
    65
 73
     4
 40
50.8
 49
31.75
 74
     0
 49
-6.35
 74
     0
 49
6.35
 74
     0
 49
-6.35
 74
     0
  0
LTYPE
  5
9B
330
5
100
AcDbSymbolTableRecord
100
AcDbLinetypeTableRecord
  2
CENTER2
 70
     0
  3
Center (.5x) ___ _ ___ _ ___ _ ___ _ ___ _ ___
 72
    65
 73
     4
 40
28.575
 49
19.05
 74
     0
 49
-3.175
 74
     0
 49
3.175
 74
     0
 49
-3.175
 74
     0
  0
LTYPE
  5
9C
330
5
100
AcDbSymbolTableRecord
100
AcDbLinetypeTableRecord
  2
AM_ISO02W050
 70
     0
  3
__ __ __ __ __ __ __ __ __ __ __ __ __ __ __
 72
    65
 73
     2
 40
7.5
 49
6.0
 74
     0
 49
-1.5
 74
     0
  0
LTYPE
  5
9D
330
5
100
AcDbSymbolTableRecord
100
AcDbLinetypeTableRecord
  2
AM_ISO08W050
 70
     0
  3
____ . ____ . ____ . ____ . ____ . ____ . ____
 72
    65
 73
     4
 40
18.0
 49
12.0
 74
     0
 49
-1.5
 74
     0
 49
3.0
 74
     0
 49
-1.5
 74
     0
  0
LTYPE
  5
9E
330
5
100
AcDbSymbolTableRecord
100
AcDbLinetypeTableRecord
  2
AM_ISO09W050
 70
     0
  3
_____ . . _____ . . _____ . . ____ .. ____
 72
    65
 73
     6
 40
22.5
 49
12.0
 74
     0
 49
-1.5
 74
     0
 49
3.0
 74
     0
 49
-1.5
 74
     0
 49
3.0
 74
     0
 49
-1.5
 74
     0
  0
LTYPE
  5
9F
330
5
100
AcDbSymbolTableRecord
100
AcDbLinetypeTableRecord
  2
Amconstr
 70
     0
  3
_______________________
 72
    65
 73
     2
 40
9999.0
 49
9999.0
 74
     0
 49
0.0
 74
     0
  0
LTYPE
  5
A0
330
5
100
AcDbSymbolTableRecord
100
AcDbLinetypeTableRecord
  2
AM_ISO08W050x2
 70
     0
  3
__ . __ . __ . __ . __ . __
 72
    65
 73
     4
 40
9.0
 49
6.0
 74
     0
 49
-0.75
 74
     0
 49
1.5
 74
     0
 49
-0.75
 74
     0
  0
LTYPE
  5
A1
330
5
100
AcDbSymbolTableRecord
100
AcDbLinetypeTableRecord
  2
AM_ISO02W050x2
 70
     0
  3
 _ _ _ _ _ _ _ _ _ _ _ _
 72
    65
 73
     2
 40
3.75
 49
3.0
 74
     0
 49
-0.75
 74
     0
  0
LTYPE
  5
A2
330
5
100
AcDbSymbolTableRecord
100
AcDbLinetypeTableRecord
  2
Amzigzag
 70
     0
  3
/\/-/\/-/\/-/\/-/\/-/\/
 72
    65
 73
     2
 40
11.0001
 49
0.0001
 74
     4
 75
   136
340
98
 46
0.04
 50
0.0
 44
0.0
 45
0.0
 49
-11.0
 74
     0
  0
LTYPE
  5
A3
330
5
100
AcDbSymbolTableRecord
100
AcDbLinetypeTableRecord
  2
ACISOWELD
 70
     0
  3
_ _ _ _ _
 72
    65
 73
     2
 40
2.0
 49
2.0
 74
     0
 49
-1.0
 74
     0
  0
LTYPE
  5
A4
330
5
100
AcDbSymbolTableRecord
100
AcDbLinetypeTableRecord
  2
ACISOTGL
 70
     0
  3
_ _ _ _ _
 72
    65
 73
     2
 40
3.0
 49
2.0
 74
     0
 49
-1.0
 74
     0
  0
LTYPE
  5
A5
330
5
100
AcDbSymbolTableRecord
100
AcDbLinetypeTableRecord
  2
ACISOTGB
 70
     0
  3
__ . . __ . .
 72
    65
 73
     6
 40
9.0
 49
4.0
 74
     0
 49
-1.0
 74
     0
 49
1.0
 74
     0
 49
-1.0
 74
     0
 49
1.0
 74
     0
 49
-1.0
 74
     0
  0
ENDTAB
  0
TABLE
  2
LAYER
  5
2
330
0
100
AcDbSymbolTable
 70
     9
  0
LAYER
  5
54
330
2
100
AcDbSymbolTableRecord
100
AcDbLayerTableRecord
  2
0
 70
     0
 62
     7
  6
Continuous
370
    -3
390
F
347
21
348
0
1001
AcAecLayerStandard
1000

1000

  0
LAYER
  5
79
330
2
100
AcDbSymbolTableRecord
100
AcDbLayerTableRecord
  2
Defpoints
 70
     0
 62
     7
  6
Continuous
290
     0
370
    -3
390
F
347
21
348
0
1001
AcAecLayerStandard
1000

1000

  0
LAYER
  5
B2
330
2
100
AcDbSymbolTableRecord
100
AcDbLayerTableRecord
  2
Visible
 70
     0
 62
     7
  6
Continuous
370
    35
390
F
347
21
348
0
  0
LAYER
  5
163
330
2
100
AcDbSymbolTableRecord
100
AcDbLayerTableRecord
  2
BORDER
 70
     0
 62
     7
  6
Continuous
370
    18
390
F
347
21
348
0
1001
AcAecLayerStandard
1000

1000

1001
AcCmTransparency
1071
        0
  0
LAYER
  5
1A9
330
2
100
AcDbSymbolTableRecord
100
AcDbLayerTableRecord
  2
Smart Centers
 70
     0
 62
     7
  6
CENTER2
370
    18
390
F
347
21
348
0
  0
LAYER
  5
21D
330
2
100
AcDbSymbolTableRecord
100
AcDbLayerTableRecord
  2
FD_Dimensions
 70
     0
 62
     7
  6
Continuous
370
    18
390
F
347
21
348
0
  0
ENDTAB
  0
TABLE
  2
STYLE
  5
3
330
0
100
AcDbSymbolTable
 70
     5
  0
STYLE
  5
55
330
3
100
AcDbSymbolTableRecord
100
AcDbTextStyleTableRecord
  2
Standard
 70
     0
 40
0.0
 41
1.0
 50
0.0
 71
     0
 42
3.5
  3
arial.ttf
  4

1001
ACAD
1000
Arial
1071
       34
  0
STYLE
  5
5A
330
3
100
AcDbSymbolTableRecord
100
AcDbTextStyleTableRecord
  2
Annotative
 70
     0
 40
0.0
 41
1.0
 50
0.0
 71
     0
 42
0.2
  3
txt
  4

1001
AcadAnnotative
1000
AnnotativeData
1002
{
1070
     1
1070
     1
1002
}
  0
STYLE
  5
97
330
3
100
AcDbSymbolTableRecord
100
AcDbTextStyleTableRecord
  2
FusionTitle
 70
     0
 40
0.0
 41
1.0
 50
0.0
 71
     0
 42
2.5
  3
arial.ttf
  4

1001
ACAD
1000
Arial
1071
       34
  0
STYLE
  5
98
330
3
100
AcDbSymbolTableRecord
100
AcDbTextStyleTableRecord
  2

 70
     1
 40
0.0
 41
1.0
 50
0.0
 71
     0
 42
10.0
  3
genltshp.shx
  4

  0
STYLE
  5
99
330
3
100
AcDbSymbolTableRecord
100
AcDbTextStyleTableRecord
  2
ACISOGDT
 70
     0
 40
0.0
 41
1.0
 50
0.0
 71
     0
 42
10.0
  3
amgdt.shx
  4

  0
ENDTAB
  0
TABLE
  2
VIEW
  5
6
330
0
100
AcDbSymbolTable
 70
     0
  0
ENDTAB
  0
TABLE
  2
UCS
  5
7
330
0
100
AcDbSymbolTable
 70
     0
  0
ENDTAB
  0
TABLE
  2
APPID
  5
9
330
0
100
AcDbSymbolTable
 70
    24
  0
APPID
  5
56
330
9
100
AcDbSymbolTableRecord
100
AcDbRegAppTableRecord
  2
ACAD
 70
     0
  0
APPID
  5
5E
330
9
100
AcDbSymbolTableRecord
100
AcDbRegAppTableRecord
  2
AcadAnnotative
 70
     0
  0
APPID
  5
78
330
9
100
AcDbSymbolTableRecord
100
AcDbRegAppTableRecord
  2
ACAD_PSEXT
 70
     0
  0
APPID
  5
7A
330
9
100
AcDbSymbolTableRecord
100
AcDbRegAppTableRecord
  2
MCAD_NO_VIS
 70
     0
  0
APPID
  5
7B
330
9
100
AcDbSymbolTableRecord
100
AcDbRegAppTableRecord
  2
ACAD_TEMP_GRAPHIC
 70
     0
  0
APPID
  5
84
330
9
100
AcDbSymbolTableRecord
100
AcDbRegAppTableRecord
  2
ACAD_DSTYLE_DIMJAG
 70
     0
  0
APPID
  5
85
330
9
100
AcDbSymbolTableRecord
100
AcDbRegAppTableRecord
  2
ACAD_DSTYLE_DIMTALN
 70
     0
  0
APPID
  5
86
330
9
100
AcDbSymbolTableRecord
100
AcDbRegAppTableRecord
  2
ACAD_NAV_VCDISPLAY
 70
     0
  0
APPID
  5
87
330
9
100
AcDbSymbolTableRecord
100
AcDbRegAppTableRecord
  2
AcAecLayerStandard
 70
     0
  0
APPID
  5
88
330
9
100
AcDbSymbolTableRecord
100
AcDbRegAppTableRecord
  2
AcCmTransparency
 70
     0
  0
APPID
  5
89
330
9
100
AcDbSymbolTableRecord
100
AcDbRegAppTableRecord
  2
AcDbDynamicBlockGUID
 70
     0
  0
APPID
  5
8A
330
9
100
AcDbSymbolTableRecord
100
AcDbRegAppTableRecord
  2
ACAD_DSTYLE_DIMBREAK
 70
     0
  0
APPID
  5
8B
330
9
100
AcDbSymbolTableRecord
100
AcDbRegAppTableRecord
  2
ACAD_DSTYLE_DIMRADIAL_EXTENSION
 70
     0
  0
APPID
  5
8C
330
9
100
AcDbSymbolTableRecord
100
AcDbRegAppTableRecord
  2
ACAD_TC
 70
     0
  0
APPID
  5
8D
330
9
100
AcDbSymbolTableRecord
100
AcDbRegAppTableRecord
  2
FUSIONCURRENTTITLEBLOCK
 70
     0
  0
APPID
  5
8E
330
9
100
AcDbSymbolTableRecord
100
AcDbRegAppTableRecord
  2
AcSynergy
 70
     0
  0
APPID
  5
8F
330
9
100
AcDbSymbolTableRecord
100
AcDbRegAppTableRecord
  2
GENIUS_GENSCREG_15
 70
     0
  0
APPID
  5
90
330
9
100
AcDbSymbolTableRecord
100
AcDbRegAppTableRecord
  2
GENIUS_GENOBJ-N-SDF_13
 70
     0
  0
APPID
  5
91
330
9
100
AcDbSymbolTableRecord
100
AcDbRegAppTableRecord
  2
GENIUS_GENODEF_13
 70
     0
  0
APPID
  5
92
330
9
100
AcDbSymbolTableRecord
100
AcDbRegAppTableRecord
  2
ACAD_DIMASSOC_CALC_DIMLFAC
 70
     0
  0
APPID
  5
93
330
9
100
AcDbSymbolTableRecord
100
AcDbRegAppTableRecord
  2
ACAD_DIMASSOC_DIMLFAC
 70
     0
  0
APPID
  5
94
330
9
100
AcDbSymbolTableRecord
100
AcDbRegAppTableRecord
  2
ACAD_DIMASSOC_OVERRIDDEN_DIMLFAC
 70
     0
  0
APPID
  5
95
330
9
100
AcDbSymbolTableRecord
100
AcDbRegAppTableRecord
  2
ACAD_DSTYLE_DIMJAG_POSITION
 70
     0
  0
APPID
  5
96
330
9
100
AcDbSymbolTableRecord
100
AcDbRegAppTableRecord
  2
ACATTRIBSERVICES
 70
     0
  0
ENDTAB
  0
TABLE
  2
DIMSTYLE
  5
A
330
0
100
AcDbSymbolTable
 70
     4
100
AcDbDimStyleTable
 71
     1
340
A9
  0
DIMSTYLE
105
58
330
A
100
AcDbSymbolTableRecord
100
AcDbDimStyleTableRecord
  2
Standard
 70
     0
 41
3.5
 42
2.1
 43
10.5
 44
2.1
 78
     8
 79
     2
140
3.5
143
0.03937
146
0.714286
147
1.4
179
     2
271
     2
272
     2
284
     8
340
55
  0
DIMSTYLE
105
59
330
A
100
AcDbSymbolTableRecord
100
AcDbDimStyleTableRecord
  2
Annotative
 70
     0
 40
0.0
 41
3.5
 42
2.1
 43
10.5
 44
2.1
 73
     0
 74
     0
 77
     1
 78
     8
 79
     2
140
3.5
141
2.5
143
0.03937
146
0.714286
147
1.4
171
     3
172
     1
179
     2
271
     2
272
     2
274
     3
278
    44
283
     0
284
     8
340
55
1001
AcadAnnotative
1000
AnnotativeData
1002
{
1070
     1
1070
     1
1002
}
  0
DIMSTYLE
105
A8
330
A
100
AcDbSymbolTableRecord
100
AcDbDimStyleTableRecord
  2
ISO-25
 70
     0
  4
in
 41
3.5
 42
2.1
 43
10.5
 44
2.1
 47
0.1
 48
0.1
 73
     0
 74
     0
 77
     1
 78
     8
 79
     2
140
3.5
141
0.0
143
0.03937
146
0.714286
147
1.4
171
     4
172
     1
176
   256
177
   256
178
   256
179
     2
271
     2
272
     2
274
     4
283
     0
284
     8
285
     8
340
55
1001
ACAD_DSTYLE_DIMJAG
1070
   388
1040
1.5
1001
ACAD_DSTYLE_DIMTALN
1070
   392
1070
     1
1001
ACAD_DSTYLE_DIMBREAK
1070
   391
1040
3.5
  0
DIMSTYLE
105
A9
102
{ACAD_REACTORS
330
21C
330
22A
330
237
330
243
330
252
330
25F
330
26C
330
279
102
}
330
A
100
AcDbSymbolTableRecord
100
AcDbDimStyleTableRecord
  2
Dim-ISO-25
 70
     0
 41
3.5
 42
2.1
 43
10.5
 44
2.1
 47
0.1
 48
0.1
 73
     0
 74
     0
 77
     1
 78
     8
 79
     2
140
3.5
141
0.0
143
0.03937
146
0.714286
147
1.4
172
     1
179
     2
271
     2
272
     2
283
     0
284
     8
285
    12
286
    12
340
55
1001
ACAD_DSTYLE_DIMJAG
1070
   388
1040
1.5
1001
ACAD_DSTYLE_DIMTALN
1070
   392
1070
     1
1001
ACAD_DSTYLE_DIMBREAK
1070
   391
1040
3.5
  0
ENDTAB
  0
TABLE
  2
BLOCK_RECORD
  5
1
330
0
100
AcDbSymbolTable
 70
    33
  0
BLOCK_RECORD
  5
70
102
{ACAD_XDICTIONARY
360
AB
102
}
330
1
100
AcDbSymbolTableRecord
100
AcDbBlockTableRecord
  2
*Model_Space
340
73
 70
     0
280
     1
281
     0
  0
BLOCK_RECORD
  5
6C
330
1
100
AcDbSymbolTableRecord
100
AcDbBlockTableRecord
  2
*Paper_Space
340
6F
 70
     0
280
     1
281
     0
  0
BLOCK_RECORD
  5
74
330
1
100
AcDbSymbolTableRecord
100
AcDbBlockTableRecord
  2
*Paper_Space0
340
77
 70
     0
280
     1
281
     0
  0
BLOCK_RECORD
  5
164
102
{ACAD_XDICTIONARY
360
165
102
}
330
1
100
AcDbSymbolTableRecord
100
AcDbBlockTableRecord
  2
ISO_A3_SHEET
340
0
310
2800000020000000200000000100080000000000000400000000000000000000000000000000000000000000000080000080000000808000800000008000800080800000C0C0C000C0DCC000F0CAA6000020400000206000002080000020A0000020C0000020E00000400000004020000040400000406000004080000040A0
310
000040C0000040E00000600000006020000060400000606000006080000060A0000060C0000060E00000800000008020000080400000806000008080000080A0000080C0000080E00000A0000000A0200000A0400000A0600000A0800000A0A00000A0C00000A0E00000C0000000C0200000C0400000C0600000C0800000C0
310
A00000C0C00000C0E00000E0000000E0200000E0400000E0600000E0800000E0A00000E0C00000E0E00040000000400020004000400040006000400080004000A0004000C0004000E00040200000402020004020400040206000402080004020A0004020C0004020E000404000004040200040404000404060004040800040
310
40A0004040C0004040E00040600000406020004060400040606000406080004060A0004060C0004060E00040800000408020004080400040806000408080004080A0004080C0004080E00040A0000040A0200040A0400040A0600040A0800040A0A00040A0C00040A0E00040C0000040C0200040C0400040C0600040C08000
310
40C0A00040C0C00040C0E00040E0000040E0200040E0400040E0600040E0800040E0A00040E0C00040E0E00080000000800020008000400080006000800080008000A0008000C0008000E00080200000802020008020400080206000802080008020A0008020C0008020E00080400000804020008040400080406000804080
310
008040A0008040C0008040E00080600000806020008060400080606000806080008060A0008060C0008060E00080800000808020008080400080806000808080008080A0008080C0008080E00080A0000080A0200080A0400080A0600080A0800080A0A00080A0C00080A0E00080C0000080C0200080C0400080C0600080C0
310
800080C0A00080C0C00080C0E00080E0000080E0200080E0400080E0600080E0800080E0A00080E0C00080E0E000C0000000C0002000C0004000C0006000C0008000C000A000C000C000C000E000C0200000C0202000C0204000C0206000C0208000C020A000C020C000C020E000C0400000C0402000C0404000C0406000C0
310
408000C040A000C040C000C040E000C0600000C0602000C0604000C0606000C0608000C060A000C060C000C060E000C0800000C0802000C0804000C0806000C0808000C080A000C080C000C080E000C0A00000C0A02000C0A04000C0A06000C0A08000C0A0A000C0A0C000C0A0E000C0C00000C0C02000C0C04000C0C06000
310
C0C08000C0C0A000F0FBFF00A4A0A000808080000000FF0000FF000000FFFF00FF000000FF00FF00FFFF0000FFFFFF0049494949494949494949494949494949494949494949494949494949494949494949494949494949494949494949494949494949494949494949494949494949494949494949494949494949494949
310
494949494949494949494949494949494949494949494949494949494949494949494949494949494949494949494949494949494949494949494949494949494949494949494949494949494949494949494949494949494949494949494949494949494949494949494949494949494949FFFFFFFFFFFFFFFFFFFFFFFFFF
310
FFFFFFFFFFFFFFFFFFFFFFFFFFFFFFFFFF4949FF49FF494949494949494949494949FF494949494949494949494949FFFF49494949FF49494949494949494949494949494949494949494949494949FF49494949FFFF49494949494949494949494949494949494949494949494949FF4949494949FF494949494949494949
310
49494949494949494949494949494949FF4949494949FF49494949494949494949494949494949494949494949494949FF49494949FFFF49494949494949494949494949494949494949494949494949FF4949494949FF49494949494949494949494949494949494949494949494949FF4949494949FF4949494949494949
310
4949494949494949494949494949494949FF4949494949FF49494949494949494949494949494949494949494949494949FF49494949FFFF49494949494949494949494949494949494949494949494949FF4949494949FF49494949494949494949494949494949494949494949494949FF4949494949FF49494949494949
310
494949494949494949494949494949494949FF49494949FFFF49494949494949494949494949494949494949494949494949FF4949494949FF49494949494949494949494949494949494949494949494949FF4949494949FF49494949494949494949494949494949494949494949494949FF49494949FFFF494949494949
310
49494949494949494949494949494949494949FF4949494949FF49494949494949494949494949494949494949494949494949FF494949FF49FF494949494949494949494949FF494949494949494949494949FFFF4949FFFFFFFFFFFFFFFFFFFFFFFFFFFFFFFFFFFFFFFFFFFFFFFFFFFFFFFFFFFF49494949494949494949
310
49494949494949494949494949494949494949494949494949494949494949494949494949494949494949494949494949494949494949494949494949494949494949494949494949494949494949494949494949494949494949494949494949494949494949494949494949494949494949494949494949494949494949
310
4949494949494949494949494949494949494949494949494949494949494949494949494949494949494949494949494949494949494949
102
{BLKREFS
331
162
102
}
 70
     4
280
     1
281
     0
1001
AcDbDynamicBlockGUID
1000
{B4874B5E-8040-BF49-A9B6-B81412F7B0AC}
  0
BLOCK_RECORD
  5
1AA
330
1
100
AcDbSymbolTableRecord
100
AcDbBlockTableRecord
  2
*U5
340
0
102
{BLKREFS
331
1A8
102
}
 70
     0
280
     1
281
     0
  0
BLOCK_RECORD
  5
1B4
330
1
100
AcDbSymbolTableRecord
100
AcDbBlockTableRecord
  2
*U6
340
0
102
{BLKREFS
331
1B3
102
}
 70
     0
280
     1
281
     0
  0
BLOCK_RECORD
  5
1BE
330
1
100
AcDbSymbolTableRecord
100
AcDbBlockTableRecord
  2
*U7
340
0
102
{BLKREFS
331
1BD
102
}
 70
     0
280
     1
281
     0
  0
BLOCK_RECORD
  5
1C8
330
1
100
AcDbSymbolTableRecord
100
AcDbBlockTableRecord
  2
*U8
340
0
102
{BLKREFS
331
1C7
102
}
 70
     0
280
     1
281
     0
  0
BLOCK_RECORD
  5
1D2
330
1
100
AcDbSymbolTableRecord
100
AcDbBlockTableRecord
  2
*U9
340
0
102
{BLKREFS
331
1D1
102
}
 70
     0
280
     1
281
     0
  0
BLOCK_RECORD
  5
1DC
330
1
100
AcDbSymbolTableRecord
100
AcDbBlockTableRecord
  2
*U10
340
0
102
{BLKREFS
331
1DB
102
}
 70
     0
280
     1
281
     0
  0
BLOCK_RECORD
  5
1E6
330
1
100
AcDbSymbolTableRecord
100
AcDbBlockTableRecord
  2
*U11
340
0
102
{BLKREFS
331
1E5
102
}
 70
     0
280
     1
281
     0
  0
BLOCK_RECORD
  5
1F0
330
1
100
AcDbSymbolTableRecord
100
AcDbBlockTableRecord
  2
*U12
340
0
102
{BLKREFS
331
1EF
102
}
 70
     0
280
     1
281
     0
  0
BLOCK_RECORD
  5
1FA
330
1
100
AcDbSymbolTableRecord
100
AcDbBlockTableRecord
  2
*U13
340
0
102
{BLKREFS
331
1F9
102
}
 70
     0
280
     1
281
     0
  0
BLOCK_RECORD
  5
204
330
1
100
AcDbSymbolTableRecord
100
AcDbBlockTableRecord
  2
*U14
340
0
102
{BLKREFS
331
203
102
}
 70
     0
280
     1
281
     0
  0
BLOCK_RECORD
  5
20E
330
1
100
AcDbSymbolTableRecord
100
AcDbBlockTableRecord
  2
*U15
340
0
102
{BLKREFS
331
20D
102
}
 70
     0
280
     1
281
     0
  0
BLOCK_RECORD
  5
213
330
1
100
AcDbSymbolTableRecord
100
AcDbBlockTableRecord
  2
*U16
340
0
102
{BLKREFS
331
212
102
}
 70
     0
280
     1
281
     0
  0
BLOCK_RECORD
  5
21E
330
1
100
AcDbSymbolTableRecord
100
AcDbBlockTableRecord
  2
*D17
340
0
 70
     0
280
     1
281
     0
  0
BLOCK_RECORD
  5
22B
330
1
100
AcDbSymbolTableRecord
100
AcDbBlockTableRecord
  2
*D18
340
0
 70
     0
280
     1
281
     0
  0
BLOCK_RECORD
  5
238
330
1
100
AcDbSymbolTableRecord
100
AcDbBlockTableRecord
  2
*D19
340
0
 70
     0
280
     1
281
     0
  0
BLOCK_RECORD
  5
244
330
1
100
AcDbSymbolTableRecord
100
AcDbBlockTableRecord
  2
*D20
340
0
 70
     0
280
     1
281
     0
  0
BLOCK_RECORD
  5
253
330
1
100
AcDbSymbolTableRecord
100
AcDbBlockTableRecord
  2
*D21
340
0
 70
     0
280
     1
281
     0
  0
BLOCK_RECORD
  5
260
330
1
100
AcDbSymbolTableRecord
100
AcDbBlockTableRecord
  2
*D22
340
0
 70
     0
280
     1
281
     0
  0
BLOCK_RECORD
  5
26D
330
1
100
AcDbSymbolTableRecord
100
AcDbBlockTableRecord
  2
*D23
340
0
 70
     0
280
     1
281
     0
  0
BLOCK_RECORD
  5
27A
330
1
100
AcDbSymbolTableRecord
100
AcDbBlockTableRecord
  2
*D24
340
0
 70
     0
280
     1
281
     0
  0
BLOCK_RECORD
  5
289
330
1
100
AcDbSymbolTableRecord
100
AcDbBlockTableRecord
  2
*D25
340
0
 70
     0
280
     1
281
     0
  0
BLOCK_RECORD
  5
295
330
1
100
AcDbSymbolTableRecord
100
AcDbBlockTableRecord
  2
*D26
340
0
 70
     0
280
     1
281
     0
  0
BLOCK_RECORD
  5
2A1
330
1
100
AcDbSymbolTableRecord
100
AcDbBlockTableRecord
  2
*D27
340
0
 70
     0
280
     1
281
     0
  0
BLOCK_RECORD
  5
2AC
330
1
100
AcDbSymbolTableRecord
100
AcDbBlockTableRecord
  2
*D28
340
0
 70
     0
280
     1
281
     0
  0
BLOCK_RECORD
  5
2BA
330
1
100
AcDbSymbolTableRecord
100
AcDbBlockTableRecord
  2
*D29
340
0
 70
     0
280
     1
281
     0
  0
BLOCK_RECORD
  5
2C6
330
1
100
AcDbSymbolTableRecord
100
AcDbBlockTableRecord
  2
*D30
340
0
 70
     0
280
     1
281
     0
  0
BLOCK_RECORD
  5
2D2
330
1
100
AcDbSymbolTableRecord
100
AcDbBlockTableRecord
  2
*D31
340
0
 70
     0
280
     1
281
     0
  0
BLOCK_RECORD
  5
2DE
330
1
100
AcDbSymbolTableRecord
100
AcDbBlockTableRecord
  2
*D32
340
0
 70
     0
280
     1
281
     0
  0
ENDTAB
  0
ENDSEC
  0
SECTION
  2
BLOCKS
  0
BLOCK
  5
71
330
70
100
AcDbEntity
  8
0
100
AcDbBlockBegin
  2
*Model_Space
 70
     0
 10
0.0
 20
0.0
 30
0.0
  3
*Model_Space
  1

  0
ENDBLK
  5
72
330
70
100
AcDbEntity
  8
0
100
AcDbBlockEnd
  0
BLOCK
  5
6D
330
6C
100
AcDbEntity
 67
     1
  8
0
100
AcDbBlockBegin
  2
*Paper_Space
 70
     0
 10
0.0
 20
0.0
 30
0.0
  3
*Paper_Space
  1

  0
ENDBLK
  5
6E
330
6C
100
AcDbEntity
 67
     1
  8
0
100
AcDbBlockEnd
  0
BLOCK
  5
75
330
74
100
AcDbEntity
 67
     1
  8
0
100
AcDbBlockBegin
  2
*Paper_Space0
 70
     0
 10
0.0
 20
0.0
 30
0.0
  3
*Paper_Space0
  1

  0
ENDBLK
  5
76
330
74
100
AcDbEntity
 67
     1
  8
0
100
AcDbBlockEnd
  0
BLOCK
  5
166
330
164
100
AcDbEntity
  8
0
100
AcDbBlockBegin
  2
ISO_A3_SHEET
 70
     0
 10
0.0
 20
0.0
 30
0.0
  3
ISO_A3_SHEET
  1

  0
LINE
  5
167
330
164
100
AcDbEntity
  8
Defpoints
100
AcDbLine
 10
0.0
 20
0.0
 30
0.0
 11
15.0
 21
0.0
 31
0.0
  0
LINE
  5
168
330
164
100
AcDbEntity
  8
Defpoints
100
AcDbLine
 10
405.0
 20
0.0
 30
0.0
 11
420.0
 21
0.0
 31
0.0
  0
LINE
  5
169
330
164
100
AcDbEntity
  8
BORDER
100
AcDbLine
 10
20.0
 20
10.0
 30
0.0
 11
410.0
 21
10.0
 31
0.0
  0
LINE
  5
16A
330
164
100
AcDbEntity
  8
Defpoints
100
AcDbLine
 10
420.0
 20
0.0
 30
0.0
 11
420.0
 21
15.0
 31
0.0
  0
LINE
  5
16B
330
164
100
AcDbEntity
  8
Defpoints
100
AcDbLine
 10
420.0
 20
282.0
 30
0.0
 11
420.0
 21
297.0
 31
0.0
  0
LINE
  5
16C
330
164
100
AcDbEntity
  8
Defpoints
100
AcDbLine
 10
420.0
 20
297.0
 30
0.0
 11
405.0
 21
297.0
 31
0.0
  0
LINE
  5
16D
330
164
100
AcDbEntity
  8
Defpoints
100
AcDbLine
 10
15.0
 20
297.0
 30
0.0
 11
0.0
 21
297.0
 31
0.0
  0
LINE
  5
16E
330
164
100
AcDbEntity
  8
BORDER
100
AcDbLine
 10
410.0
 20
287.0
 30
0.0
 11
20.0
 21
287.0
 31
0.0
  0
LINE
  5
16F
330
164
100
AcDbEntity
  8
Defpoints
100
AcDbLine
 10
0.0
 20
297.0
 30
0.0
 11
0.0
 21
282.0
 31
0.0
  0
LINE
  5
170
330
164
100
AcDbEntity
  8
Defpoints
100
AcDbLine
 10
0.0
 20
15.0
 30
0.0
 11
0.0
 21
0.0
 31
0.0
  0
LINE
  5
171
330
164
100
AcDbEntity
  8
BORDER
100
AcDbLine
 10
20.0
 20
287.0
 30
0.0
 11
20.0
 21
10.0
 31
0.0
  0
LINE
  5
172
330
164
100
AcDbEntity
  8
BORDER
100
AcDbLine
 10
410.0
 20
287.0
 30
0.0
 11
410.0
 21
10.0
 31
0.0
  0
LINE
  5
173
330
164
100
AcDbEntity
  8
BORDER
100
AcDbLine
 10
215.0
 20
5.0
 30
0.0
 11
215.0
 21
15.0
 31
0.0
  0
LINE
  5
174
330
164
100
AcDbEntity
  8
BORDER
100
AcDbLine
 10
215.0
 20
292.0
 30
0.0
 11
215.0
 21
282.0
 31
0.0
  0
LINE
  5
175
330
164
100
AcDbEntity
  8
BORDER
100
AcDbLine
 10
265.0
 20
292.0
 30
0.0
 11
265.0
 21
287.0
 31
0.0
  0
LINE
  5
176
330
164
100
AcDbEntity
  8
BORDER
100
AcDbLine
 10
315.0
 20
292.0
 30
0.0
 11
315.0
 21
287.0
 31
0.0
  0
LINE
  5
177
330
164
100
AcDbEntity
  8
BORDER
100
AcDbLine
 10
365.0
 20
292.0
 30
0.0
 11
365.0
 21
287.0
 31
0.0
  0
LINE
  5
178
330
164
100
AcDbEntity
  8
BORDER
100
AcDbLine
 10
165.0
 20
292.0
 30
0.0
 11
165.0
 21
287.0
 31
0.0
  0
LINE
  5
179
330
164
100
AcDbEntity
  8
BORDER
100
AcDbLine
 10
115.0
 20
292.0
 30
0.0
 11
115.0
 21
287.0
 31
0.0
  0
LINE
  5
17A
330
164
100
AcDbEntity
  8
BORDER
100
AcDbLine
 10
65.0
 20
292.0
 30
0.0
 11
65.0
 21
287.0
 31
0.0
  0
LINE
  5
17B
330
164
100
AcDbEntity
  8
BORDER
100
AcDbLine
 10
15.0
 20
148.5
 30
0.0
 11
25.0
 21
148.5
 31
0.0
  0
LINE
  5
17C
330
164
100
AcDbEntity
  8
BORDER
100
AcDbLine
 10
15.0
 20
100.66667
 30
0.0
 11
20.0
 21
100.66667
 31
0.0
  0
LINE
  5
17D
330
164
100
AcDbEntity
  8
BORDER
100
AcDbLine
 10
15.0
 20
52.83334
 30
0.0
 11
20.0
 21
52.83334
 31
0.0
  0
LINE
  5
17E
330
164
100
AcDbEntity
  8
BORDER
100
AcDbLine
 10
15.0
 20
196.33333
 30
0.0
 11
20.0
 21
196.33333
 31
0.0
  0
LINE
  5
17F
330
164
100
AcDbEntity
  8
BORDER
100
AcDbLine
 10
15.0
 20
244.16666
 30
0.0
 11
20.0
 21
244.16666
 31
0.0
  0
LINE
  5
180
330
164
100
AcDbEntity
  8
BORDER
100
AcDbLine
 10
415.0
 20
148.5
 30
0.0
 11
405.0
 21
148.5
 31
0.0
  0
LINE
  5
181
330
164
100
AcDbEntity
  8
BORDER
100
AcDbLine
 10
265.0
 20
5.0
 30
0.0
 11
265.0
 21
10.0
 31
0.0
  0
LINE
  5
182
330
164
100
AcDbEntity
  8
BORDER
100
AcDbLine
 10
315.0
 20
5.0
 30
0.0
 11
315.0
 21
10.0
 31
0.0
  0
LINE
  5
183
330
164
100
AcDbEntity
  8
BORDER
100
AcDbLine
 10
365.0
 20
5.0
 30
0.0
 11
365.0
 21
10.0
 31
0.0
  0
LINE
  5
184
330
164
100
AcDbEntity
  8
BORDER
100
AcDbLine
 10
165.0
 20
5.0
 30
0.0
 11
165.0
 21
10.0
 31
0.0
  0
LINE
  5
185
330
164
100
AcDbEntity
  8
BORDER
100
AcDbLine
 10
115.0
 20
5.0
 30
0.0
 11
115.0
 21
10.0
 31
0.0
  0
LINE
  5
186
330
164
100
AcDbEntity
  8
BORDER
100
AcDbLine
 10
65.0
 20
5.0
 30
0.0
 11
65.0
 21
10.0
 31
0.0
  0
LINE
  5
187
330
164
100
AcDbEntity
  8
BORDER
100
AcDbLine
 10
415.0
 20
100.66667
 30
0.0
 11
410.0
 21
100.66667
 31
0.0
  0
LINE
  5
188
330
164
100
AcDbEntity
  8
BORDER
100
AcDbLine
 10
415.0
 20
52.83334
 30
0.0
 11
410.0
 21
52.83334
 31
0.0
  0
LINE
  5
189
330
164
100
AcDbEntity
  8
BORDER
100
AcDbLine
 10
415.0
 20
196.33333
 30
0.0
 11
410.0
 21
196.33333
 31
0.0
  0
LINE
  5
18A
330
164
100
AcDbEntity
  8
BORDER
100
AcDbLine
 10
415.0
 20
244.16666
 30
0.0
 11
410.0
 21
244.16666
 31
0.0
  0
TEXT
  5
18B
330
164
100
AcDbEntity
  8
BORDER
100
AcDbText
 10
39.02882
 20
288.244884
 30
0.0
 40
2.5
  1
1
  7
FusionTitle
 72
     4
 11
40.0
 21
289.5
 31
0.0
100
AcDbText
  0
TEXT
  5
18C
330
164
100
AcDbEntity
  8
BORDER
100
AcDbText
 10
16.335266
 20
266.83333
 30
0.0
 40
2.5
  1
A
  7
FusionTitle
 72
     4
 11
17.5
 21
268.08333
 31
0.0
100
AcDbText
  0
TEXT
  5
18D
330
164
100
AcDbEntity
  8
BORDER
100
AcDbText
 10
89.02882
 20
288.244884
 30
0.0
 40
2.5
  1
2
  7
FusionTitle
 72
     4
 11
90.0
 21
289.5
 31
0.0
100
AcDbText
  0
TEXT
  5
18E
330
164
100
AcDbEntity
  8
BORDER
100
AcDbText
 10
139.02882
 20
288.267053
 30
0.0
 40
2.5
  1
3
  7
FusionTitle
 72
     4
 11
140.0
 21
289.5
 31
0.0
100
AcDbText
  0
TEXT
  5
18F
330
164
100
AcDbEntity
  8
BORDER
100
AcDbText
 10
189.02882
 20
288.25
 30
0.0
 40
2.5
  1
4
  7
FusionTitle
 72
     4
 11
190.0
 21
289.5
 31
0.0
100
AcDbText
  0
TEXT
  5
190
330
164
100
AcDbEntity
  8
BORDER
100
AcDbText
 10
239.02882
 20
288.28837
 30
0.0
 40
2.5
  1
5
  7
FusionTitle
 72
     4
 11
240.0
 21
289.5
 31
0.0
100
AcDbText
  0
TEXT
  5
191
330
164
100
AcDbEntity
  8
BORDER
100
AcDbText
 10
289.02882
 20
288.266201
 30
0.0
 40
2.5
  1
6
  7
FusionTitle
 72
     4
 11
290.0
 21
289.5
 31
0.0
100
AcDbText
  0
TEXT
  5
192
330
164
100
AcDbEntity
  8
BORDER
100
AcDbText
 10
339.02882
 20
288.266201
 30
0.0
 40
2.5
  1
7
  7
FusionTitle
 72
     4
 11
340.0
 21
289.5
 31
0.0
100
AcDbText
  0
TEXT
  5
193
330
164
100
AcDbEntity
  8
BORDER
100
AcDbText
 10
389.02882
 20
288.266201
 30
0.0
 40
2.5
  1
8
  7
FusionTitle
 72
     4
 11
390.0
 21
289.5
 31
0.0
100
AcDbText
  0
TEXT
  5
194
330
164
100
AcDbEntity
  8
BORDER
100
AcDbText
 10
39.02882
 20
6.244884
 30
0.0
 40
2.5
  1
1
  7
FusionTitle
 72
     4
 11
40.0
 21
7.5
 31
0.0
100
AcDbText
  0
TEXT
  5
195
330
164
100
AcDbEntity
  8
BORDER
100
AcDbText
 10
89.02882
 20
6.244884
 30
0.0
 40
2.5
  1
2
  7
FusionTitle
 72
     4
 11
90.0
 21
7.5
 31
0.0
100
AcDbText
  0
TEXT
  5
196
330
164
100
AcDbEntity
  8
BORDER
100
AcDbText
 10
139.02882
 20
6.267053
 30
0.0
 40
2.5
  1
3
  7
FusionTitle
 72
     4
 11
140.0
 21
7.5
 31
0.0
100
AcDbText
  0
TEXT
  5
197
330
164
100
AcDbEntity
  8
BORDER
100
AcDbText
 10
189.02882
 20
6.25
 30
0.0
 40
2.5
  1
4
  7
FusionTitle
 72
     4
 11
190.0
 21
7.5
 31
0.0
100
AcDbText
  0
TEXT
  5
198
330
164
100
AcDbEntity
  8
BORDER
100
AcDbText
 10
239.02882
 20
6.28837
 30
0.0
 40
2.5
  1
5
  7
FusionTitle
 72
     4
 11
240.0
 21
7.5
 31
0.0
100
AcDbText
  0
TEXT
  5
199
330
164
100
AcDbEntity
  8
BORDER
100
AcDbText
 10
289.02882
 20
6.266201
 30
0.0
 40
2.5
  1
6
  7
FusionTitle
 72
     4
 11
290.0
 21
7.5
 31
0.0
100
AcDbText
  0
TEXT
  5
19A
330
164
100
AcDbEntity
  8
BORDER
100
AcDbText
 10
339.02882
 20
6.266201
 30
0.0
 40
2.5
  1
7
  7
FusionTitle
 72
     4
 11
340.0
 21
7.5
 31
0.0
100
AcDbText
  0
TEXT
  5
19B
330
164
100
AcDbEntity
  8
BORDER
100
AcDbText
 10
389.02882
 20
6.266201
 30
0.0
 40
2.5
  1
8
  7
FusionTitle
 72
     4
 11
390.0
 21
7.5
 31
0.0
100
AcDbText
  0
TEXT
  5
19C
330
164
100
AcDbEntity
  8
BORDER
100
AcDbText
 10
16.335266
 20
219.0
 30
0.0
 40
2.5
  1
B
  7
FusionTitle
 72
     4
 11
17.5
 21
220.25
 31
0.0
100
AcDbText
  0
TEXT
  5
19D
330
164
100
AcDbEntity
  8
BORDER
100
AcDbText
 10
16.238915
 20
171.16667
 30
0.0
 40
2.5
  1
C
  7
FusionTitle
 72
     4
 11
17.5
 21
172.41667
 31
0.0
100
AcDbText
  0
TEXT
  5
19E
330
164
100
AcDbEntity
  8
BORDER
100
AcDbText
 10
16.238915
 20
123.33334
 30
0.0
 40
2.5
  1
D
  7
FusionTitle
 72
     4
 11
17.5
 21
124.58334
 31
0.0
100
AcDbText
  0
TEXT
  5
19F
330
164
100
AcDbEntity
  8
BORDER
100
AcDbText
 10
16.335266
 20
75.50001
 30
0.0
 40
2.5
  1
E
  7
FusionTitle
 72
     4
 11
17.5
 21
76.75001
 31
0.0
100
AcDbText
  0
TEXT
  5
1A0
330
164
100
AcDbEntity
  8
BORDER
100
AcDbText
 10
16.433322
 20
27.66668
 30
0.0
 40
2.5
  1
F
  7
FusionTitle
 72
     4
 11
17.5
 21
28.91668
 31
0.0
100
AcDbText
  0
TEXT
  5
1A1
330
164
100
AcDbEntity
  8
BORDER
100
AcDbText
 10
411.335266
 20
266.83333
 30
0.0
 40
2.5
  1
A
  7
FusionTitle
 72
     4
 11
412.5
 21
268.08333
 31
0.0
100
AcDbText
  0
TEXT
  5
1A2
330
164
100
AcDbEntity
  8
BORDER
100
AcDbText
 10
411.335266
 20
219.0
 30
0.0
 40
2.5
  1
B
  7
FusionTitle
 72
     4
 11
412.5
 21
220.25
 31
0.0
100
AcDbText
  0
TEXT
  5
1A3
330
164
100
AcDbEntity
  8
BORDER
100
AcDbText
 10
411.238915
 20
171.16667
 30
0.0
 40
2.5
  1
C
  7
FusionTitle
 72
     4
 11
412.5
 21
172.41667
 31
0.0
100
AcDbText
  0
TEXT
  5
1A4
330
164
100
AcDbEntity
  8
BORDER
100
AcDbText
 10
411.238915
 20
123.33334
 30
0.0
 40
2.5
  1
D
  7
FusionTitle
 72
     4
 11
412.5
 21
124.58334
 31
0.0
100
AcDbText
  0
TEXT
  5
1A5
330
164
100
AcDbEntity
  8
BORDER
100
AcDbText
 10
411.335266
 20
75.50001
 30
0.0
 40
2.5
  1
E
  7
FusionTitle
 72
     4
 11
412.5
 21
76.75001
 31
0.0
100
AcDbText
  0
TEXT
  5
1A6
330
164
100
AcDbEntity
  8
BORDER
100
AcDbText
 10
411.433322
 20
27.66668
 30
0.0
 40
2.5
  1
F
  7
FusionTitle
 72
     4
 11
412.5
 21
28.91668
 31
0.0
100
AcDbText
  0
ENDBLK
  5
1A7
330
164
100
AcDbEntity
  8
0
100
AcDbBlockEnd
  0
BLOCK
  5
1AB
330
1AA
100
AcDbEntity
  8
0
100
AcDbBlockBegin
  2
*U5
 70
     1
 10
0.0
 20
0.0
 30
0.0
  3
*U5
  1

  0
LINE
  5
1AC
330
1AA
100
AcDbEntity
  8
Smart Centers
  6
Continuous
 62
     0
440
 16777216
 48
0.75
100
AcDbLine
 10
-0.892969
 20
0.0
 30
0.0
 11
0.892969
 21
0.0
 31
0.0
  0
LINE
  5
1AD
330
1AA
100
AcDbEntity
  8
Smart Centers
  6
Continuous
 62
     0
440
 16777216
 48
0.75
100
AcDbLine
 10
0.0
 20
-0.892969
 30
0.0
 11
0.0
 21
0.892969
 31
0.0
  0
LINE
  5
1AE
330
1AA
100
AcDbEntity
  8
Smart Centers
 62
     0
440
 16777216
 48
0.75
100
AcDbLine
 10
-4.25
 20
0.0
 30
0.0
 11
-2.678906
 21
0.0
 31
0.0
  0
LINE
  5
1AF
330
1AA
100
AcDbEntity
  8
Smart Centers
 62
     0
440
 16777216
 48
0.75
100
AcDbLine
 10
2.678906
 20
0.0
 30
0.0
 11
4.25
 21
0.0
 31
0.0
  0
LINE
  5
1B0
330
1AA
100
AcDbEntity
  8
Smart Centers
 62
     0
440
 16777216
 48
0.75
100
AcDbLine
 10
0.0
 20
-4.25
 30
0.0
 11
0.0
 21
-2.678906
 31
0.0
  0
LINE
  5
1B1
330
1AA
100
AcDbEntity
  8
Smart Centers
 62
     0
440
 16777216
 48
0.75
100
AcDbLine
 10
0.0
 20
2.678906
 30
0.0
 11
0.0
 21
4.25
 31
0.0
  0
ENDBLK
  5
1B2
330
1AA
100
AcDbEntity
  8
0
100
AcDbBlockEnd
  0
BLOCK
  5
1B5
330
1B4
100
AcDbEntity
  8
0
100
AcDbBlockBegin
  2
*U6
 70
     1
 10
0.0
 20
0.0
 30
0.0
  3
*U6
  1

  0
LINE
  5
1B6
330
1B4
100
AcDbEntity
  8
Smart Centers
  6
Continuous
 62
     0
440
 16777216
 48
0.75
100
AcDbLine
 10
-0.892969
 20
0.0
 30
0.0
 11
0.892969
 21
0.0
 31
0.0
  0
LINE
  5
1B7
330
1B4
100
AcDbEntity
  8
Smart Centers
  6
Continuous
 62
     0
440
 16777216
 48
0.75
100
AcDbLine
 10
0.0
 20
-0.892969
 30
0.0
 11
0.0
 21
0.892969
 31
0.0
  0
LINE
  5
1B8
330
1B4
100
AcDbEntity
  8
Smart Centers
 62
     0
440
 16777216
 48
0.75
100
AcDbLine
 10
-4.25
 20
0.0
 30
0.0
 11
-2.678906
 21
0.0
 31
0.0
  0
LINE
  5
1B9
330
1B4
100
AcDbEntity
  8
Smart Centers
 62
     0
440
 16777216
 48
0.75
100
AcDbLine
 10
2.678906
 20
0.0
 30
0.0
 11
4.25
 21
0.0
 31
0.0
  0
LINE
  5
1BA
330
1B4
100
AcDbEntity
  8
Smart Centers
 62
     0
440
 16777216
 48
0.75
100
AcDbLine
 10
0.0
 20
-4.25
 30
0.0
 11
0.0
 21
-2.678906
 31
0.0
  0
LINE
  5
1BB
330
1B4
100
AcDbEntity
  8
Smart Centers
 62
     0
440
 16777216
 48
0.75
100
AcDbLine
 10
0.0
 20
2.678906
 30
0.0
 11
0.0
 21
4.25
 31
0.0
  0
ENDBLK
  5
1BC
330
1B4
100
AcDbEntity
  8
0
100
AcDbBlockEnd
  0
BLOCK
  5
1BF
330
1BE
100
AcDbEntity
  8
0
100
AcDbBlockBegin
  2
*U7
 70
     1
 10
0.0
 20
0.0
 30
0.0
  3
*U7
  1

  0
LINE
  5
1C0
330
1BE
100
AcDbEntity
  8
Smart Centers
  6
Continuous
 62
     0
440
 16777216
 48
0.75
100
AcDbLine
 10
-0.892969
 20
0.0
 30
0.0
 11
0.892969
 21
0.0
 31
0.0
  0
LINE
  5
1C1
330
1BE
100
AcDbEntity
  8
Smart Centers
  6
Continuous
 62
     0
440
 16777216
 48
0.75
100
AcDbLine
 10
0.0
 20
-0.892969
 30
0.0
 11
0.0
 21
0.892969
 31
0.0
  0
LINE
  5
1C2
330
1BE
100
AcDbEntity
  8
Smart Centers
 62
     0
440
 16777216
 48
0.75
100
AcDbLine
 10
-4.25
 20
0.0
 30
0.0
 11
-2.678906
 21
0.0
 31
0.0
  0
LINE
  5
1C3
330
1BE
100
AcDbEntity
  8
Smart Centers
 62
     0
440
 16777216
 48
0.75
100
AcDbLine
 10
2.678906
 20
0.0
 30
0.0
 11
4.25
 21
0.0
 31
0.0
  0
LINE
  5
1C4
330
1BE
100
AcDbEntity
  8
Smart Centers
 62
     0
440
 16777216
 48
0.75
100
AcDbLine
 10
0.0
 20
-4.25
 30
0.0
 11
0.0
 21
-2.678906
 31
0.0
  0
LINE
  5
1C5
330
1BE
100
AcDbEntity
  8
Smart Centers
 62
     0
440
 16777216
 48
0.75
100
AcDbLine
 10
0.0
 20
2.678906
 30
0.0
 11
0.0
 21
4.25
 31
0.0
  0
ENDBLK
  5
1C6
330
1BE
100
AcDbEntity
  8
0
100
AcDbBlockEnd
  0
BLOCK
  5
1C9
330
1C8
100
AcDbEntity
  8
0
100
AcDbBlockBegin
  2
*U8
 70
     1
 10
0.0
 20
0.0
 30
0.0
  3
*U8
  1

  0
LINE
  5
1CA
330
1C8
100
AcDbEntity
  8
Smart Centers
  6
Continuous
 62
     0
440
 16777216
 48
0.75
100
AcDbLine
 10
-0.892969
 20
0.0
 30
0.0
 11
0.892969
 21
0.0
 31
0.0
  0
LINE
  5
1CB
330
1C8
100
AcDbEntity
  8
Smart Centers
  6
Continuous
 62
     0
440
 16777216
 48
0.75
100
AcDbLine
 10
0.0
 20
-0.892969
 30
0.0
 11
0.0
 21
0.892969
 31
0.0
  0
LINE
  5
1CC
330
1C8
100
AcDbEntity
  8
Smart Centers
 62
     0
440
 16777216
 48
0.75
100
AcDbLine
 10
-4.25
 20
0.0
 30
0.0
 11
-2.678906
 21
0.0
 31
0.0
  0
LINE
  5
1CD
330
1C8
100
AcDbEntity
  8
Smart Centers
 62
     0
440
 16777216
 48
0.75
100
AcDbLine
 10
2.678906
 20
0.0
 30
0.0
 11
4.25
 21
0.0
 31
0.0
  0
LINE
  5
1CE
330
1C8
100
AcDbEntity
  8
Smart Centers
 62
     0
440
 16777216
 48
0.75
100
AcDbLine
 10
0.0
 20
-4.25
 30
0.0
 11
0.0
 21
-2.678906
 31
0.0
  0
LINE
  5
1CF
330
1C8
100
AcDbEntity
  8
Smart Centers
 62
     0
440
 16777216
 48
0.75
100
AcDbLine
 10
0.0
 20
2.678906
 30
0.0
 11
0.0
 21
4.25
 31
0.0
  0
ENDBLK
  5
1D0
330
1C8
100
AcDbEntity
  8
0
100
AcDbBlockEnd
  0
BLOCK
  5
1D3
330
1D2
100
AcDbEntity
  8
0
100
AcDbBlockBegin
  2
*U9
 70
     1
 10
0.0
 20
0.0
 30
0.0
  3
*U9
  1

  0
LINE
  5
1D4
330
1D2
100
AcDbEntity
  8
Smart Centers
  6
Continuous
 62
     0
440
 16777216
 48
0.75
100
AcDbLine
 10
-0.892969
 20
0.0
 30
0.0
 11
0.892969
 21
0.0
 31
0.0
  0
LINE
  5
1D5
330
1D2
100
AcDbEntity
  8
Smart Centers
  6
Continuous
 62
     0
440
 16777216
 48
0.75
100
AcDbLine
 10
0.0
 20
-0.892969
 30
0.0
 11
0.0
 21
0.892969
 31
0.0
  0
LINE
  5
1D6
330
1D2
100
AcDbEntity
  8
Smart Centers
 62
     0
440
 16777216
 48
0.75
100
AcDbLine
 10
-4.25
 20
0.0
 30
0.0
 11
-2.678906
 21
0.0
 31
0.0
  0
LINE
  5
1D7
330
1D2
100
AcDbEntity
  8
Smart Centers
 62
     0
440
 16777216
 48
0.75
100
AcDbLine
 10
2.678906
 20
0.0
 30
0.0
 11
4.25
 21
0.0
 31
0.0
  0
LINE
  5
1D8
330
1D2
100
AcDbEntity
  8
Smart Centers
 62
     0
440
 16777216
 48
0.75
100
AcDbLine
 10
0.0
 20
-4.25
 30
0.0
 11
0.0
 21
-2.678906
 31
0.0
  0
LINE
  5
1D9
330
1D2
100
AcDbEntity
  8
Smart Centers
 62
     0
440
 16777216
 48
0.75
100
AcDbLine
 10
0.0
 20
2.678906
 30
0.0
 11
0.0
 21
4.25
 31
0.0
  0
ENDBLK
  5
1DA
330
1D2
100
AcDbEntity
  8
0
100
AcDbBlockEnd
  0
BLOCK
  5
1DD
330
1DC
100
AcDbEntity
  8
0
100
AcDbBlockBegin
  2
*U10
 70
     1
 10
0.0
 20
0.0
 30
0.0
  3
*U10
  1

  0
LINE
  5
1DE
330
1DC
100
AcDbEntity
  8
Smart Centers
  6
Continuous
 62
     0
440
 16777216
 48
0.75
100
AcDbLine
 10
-0.892969
 20
0.0
 30
0.0
 11
0.892969
 21
0.0
 31
0.0
  0
LINE
  5
1DF
330
1DC
100
AcDbEntity
  8
Smart Centers
  6
Continuous
 62
     0
440
 16777216
 48
0.75
100
AcDbLine
 10
0.0
 20
-0.892969
 30
0.0
 11
0.0
 21
0.892969
 31
0.0
  0
LINE
  5
1E0
330
1DC
100
AcDbEntity
  8
Smart Centers
 62
     0
440
 16777216
 48
0.75
100
AcDbLine
 10
-4.25
 20
0.0
 30
0.0
 11
-2.678906
 21
0.0
 31
0.0
  0
LINE
  5
1E1
330
1DC
100
AcDbEntity
  8
Smart Centers
 62
     0
440
 16777216
 48
0.75
100
AcDbLine
 10
2.678906
 20
0.0
 30
0.0
 11
4.25
 21
0.0
 31
0.0
  0
LINE
  5
1E2
330
1DC
100
AcDbEntity
  8
Smart Centers
 62
     0
440
 16777216
 48
0.75
100
AcDbLine
 10
0.0
 20
-4.25
 30
0.0
 11
0.0
 21
-2.678906
 31
0.0
  0
LINE
  5
1E3
330
1DC
100
AcDbEntity
  8
Smart Centers
 62
     0
440
 16777216
 48
0.75
100
AcDbLine
 10
0.0
 20
2.678906
 30
0.0
 11
0.0
 21
4.25
 31
0.0
  0
ENDBLK
  5
1E4
330
1DC
100
AcDbEntity
  8
0
100
AcDbBlockEnd
  0
BLOCK
  5
1E7
330
1E6
100
AcDbEntity
  8
0
100
AcDbBlockBegin
  2
*U11
 70
     1
 10
0.0
 20
0.0
 30
0.0
  3
*U11
  1

  0
LINE
  5
1E8
330
1E6
100
AcDbEntity
  8
Smart Centers
  6
Continuous
 62
     0
440
 16777216
 48
0.75
100
AcDbLine
 10
-0.892969
 20
0.0
 30
0.0
 11
0.892969
 21
0.0
 31
0.0
  0
LINE
  5
1E9
330
1E6
100
AcDbEntity
  8
Smart Centers
  6
Continuous
 62
     0
440
 16777216
 48
0.75
100
AcDbLine
 10
0.0
 20
-0.892969
 30
0.0
 11
0.0
 21
0.892969
 31
0.0
  0
LINE
  5
1EA
330
1E6
100
AcDbEntity
  8
Smart Centers
 62
     0
440
 16777216
 48
0.75
100
AcDbLine
 10
-4.25
 20
0.0
 30
0.0
 11
-2.678906
 21
0.0
 31
0.0
  0
LINE
  5
1EB
330
1E6
100
AcDbEntity
  8
Smart Centers
 62
     0
440
 16777216
 48
0.75
100
AcDbLine
 10
2.678906
 20
0.0
 30
0.0
 11
4.25
 21
0.0
 31
0.0
  0
LINE
  5
1EC
330
1E6
100
AcDbEntity
  8
Smart Centers
 62
     0
440
 16777216
 48
0.75
100
AcDbLine
 10
0.0
 20
-4.25
 30
0.0
 11
0.0
 21
-2.678906
 31
0.0
  0
LINE
  5
1ED
330
1E6
100
AcDbEntity
  8
Smart Centers
 62
     0
440
 16777216
 48
0.75
100
AcDbLine
 10
0.0
 20
2.678906
 30
0.0
 11
0.0
 21
4.25
 31
0.0
  0
ENDBLK
  5
1EE
330
1E6
100
AcDbEntity
  8
0
100
AcDbBlockEnd
  0
BLOCK
  5
1F1
330
1F0
100
AcDbEntity
  8
0
100
AcDbBlockBegin
  2
*U12
 70
     1
 10
0.0
 20
0.0
 30
0.0
  3
*U12
  1

  0
LINE
  5
1F2
330
1F0
100
AcDbEntity
  8
Smart Centers
  6
Continuous
 62
     0
440
 16777216
 48
0.75
100
AcDbLine
 10
-0.892969
 20
0.0
 30
0.0
 11
0.892969
 21
0.0
 31
0.0
  0
LINE
  5
1F3
330
1F0
100
AcDbEntity
  8
Smart Centers
  6
Continuous
 62
     0
440
 16777216
 48
0.75
100
AcDbLine
 10
0.0
 20
-0.892969
 30
0.0
 11
0.0
 21
0.892969
 31
0.0
  0
LINE
  5
1F4
330
1F0
100
AcDbEntity
  8
Smart Centers
 62
     0
440
 16777216
 48
0.75
100
AcDbLine
 10
-4.25
 20
0.0
 30
0.0
 11
-2.678906
 21
0.0
 31
0.0
  0
LINE
  5
1F5
330
1F0
100
AcDbEntity
  8
Smart Centers
 62
     0
440
 16777216
 48
0.75
100
AcDbLine
 10
2.678906
 20
0.0
 30
0.0
 11
4.25
 21
0.0
 31
0.0
  0
LINE
  5
1F6
330
1F0
100
AcDbEntity
  8
Smart Centers
 62
     0
440
 16777216
 48
0.75
100
AcDbLine
 10
0.0
 20
-4.25
 30
0.0
 11
0.0
 21
-2.678906
 31
0.0
  0
LINE
  5
1F7
330
1F0
100
AcDbEntity
  8
Smart Centers
 62
     0
440
 16777216
 48
0.75
100
AcDbLine
 10
0.0
 20
2.678906
 30
0.0
 11
0.0
 21
4.25
 31
0.0
  0
ENDBLK
  5
1F8
330
1F0
100
AcDbEntity
  8
0
100
AcDbBlockEnd
  0
BLOCK
  5
1FB
330
1FA
100
AcDbEntity
  8
0
100
AcDbBlockBegin
  2
*U13
 70
     1
 10
0.0
 20
0.0
 30
0.0
  3
*U13
  1

  0
LINE
  5
1FC
330
1FA
100
AcDbEntity
  8
Smart Centers
  6
Continuous
 62
     0
440
 16777216
 48
0.75
100
AcDbLine
 10
-0.892969
 20
0.0
 30
0.0
 11
0.892969
 21
0.0
 31
0.0
  0
LINE
  5
1FD
330
1FA
100
AcDbEntity
  8
Smart Centers
  6
Continuous
 62
     0
440
 16777216
 48
0.75
100
AcDbLine
 10
0.0
 20
-0.892969
 30
0.0
 11
0.0
 21
0.892969
 31
0.0
  0
LINE
  5
1FE
330
1FA
100
AcDbEntity
  8
Smart Centers
 62
     0
440
 16777216
 48
0.75
 60
     1
100
AcDbLine
 10
-11.166667
 20
0.0
 30
0.0
 11
-2.678906
 21
0.0
 31
0.0
  0
LINE
  5
1FF
330
1FA
100
AcDbEntity
  8
Smart Centers
 62
     0
440
 16777216
 48
0.75
 60
     1
100
AcDbLine
 10
2.678906
 20
0.0
 30
0.0
 11
11.166667
 21
0.0
 31
0.0
  0
LINE
  5
200
330
1FA
100
AcDbEntity
  8
Smart Centers
 62
     0
440
 16777216
 48
0.75
 60
     1
100
AcDbLine
 10
0.0
 20
-11.166667
 30
0.0
 11
0.0
 21
-2.678906
 31
0.0
  0
LINE
  5
201
330
1FA
100
AcDbEntity
  8
Smart Centers
 62
     0
440
 16777216
 48
0.75
 60
     1
100
AcDbLine
 10
0.0
 20
2.678906
 30
0.0
 11
0.0
 21
11.166667
 31
0.0
  0
ENDBLK
  5
202
330
1FA
100
AcDbEntity
  8
0
100
AcDbBlockEnd
  0
BLOCK
  5
205
330
204
100
AcDbEntity
  8
0
100
AcDbBlockBegin
  2
*U14
 70
     1
 10
0.0
 20
0.0
 30
0.0
  3
*U14
  1

  0
LINE
  5
206
330
204
100
AcDbEntity
  8
Smart Centers
  6
Continuous
 62
     0
440
 16777216
 48
0.75
100
AcDbLine
 10
-0.892969
 20
0.0
 30
0.0
 11
0.892969
 21
0.0
 31
0.0
  0
LINE
  5
207
330
204
100
AcDbEntity
  8
Smart Centers
  6
Continuous
 62
     0
440
 16777216
 48
0.75
100
AcDbLine
 10
0.0
 20
-0.892969
 30
0.0
 11
0.0
 21
0.892969
 31
0.0
  0
LINE
  5
208
330
204
100
AcDbEntity
  8
Smart Centers
 62
     0
440
 16777216
 48
0.75
 60
     1
100
AcDbLine
 10
-11.166667
 20
0.0
 30
0.0
 11
-2.678906
 21
0.0
 31
0.0
  0
LINE
  5
209
330
204
100
AcDbEntity
  8
Smart Centers
 62
     0
440
 16777216
 48
0.75
 60
     1
100
AcDbLine
 10
2.678906
 20
0.0
 30
0.0
 11
11.166667
 21
0.0
 31
0.0
  0
LINE
  5
20A
330
204
100
AcDbEntity
  8
Smart Centers
 62
     0
440
 16777216
 48
0.75
 60
     1
100
AcDbLine
 10
0.0
 20
-11.166667
 30
0.0
 11
0.0
 21
-2.678906
 31
0.0
  0
LINE
  5
20B
330
204
100
AcDbEntity
  8
Smart Centers
 62
     0
440
 16777216
 48
0.75
 60
     1
100
AcDbLine
 10
0.0
 20
2.678906
 30
0.0
 11
0.0
 21
11.166667
 31
0.0
  0
ENDBLK
  5
20C
330
204
100
AcDbEntity
  8
0
100
AcDbBlockEnd
  0
BLOCK
  5
20F
330
20E
100
AcDbEntity
  8
0
100
AcDbBlockBegin
  2
*U15
 70
     1
 10
0.0
 20
0.0
 30
0.0
  3
*U15
  1

  0
LINE
  5
210
330
20E
100
AcDbEntity
  8
Smart Centers
 62
     0
440
 16777216
 48
0.75
100
AcDbLine
 10
0.0
 20
6.833333
 30
0.0
 11
0.0
 21
-6.833333
 31
0.0
  0
ENDBLK
  5
211
330
20E
100
AcDbEntity
  8
0
100
AcDbBlockEnd
  0
BLOCK
  5
214
330
213
100
AcDbEntity
  8
0
100
AcDbBlockBegin
  2
*U16
 70
     1
 10
0.0
 20
0.0
 30
0.0
  3
*U16
  1

  0
LINE
  5
215
330
213
100
AcDbEntity
  8
Smart Centers
  6
Continuous
 62
     0
440
 16777216
 48
0.75
100
AcDbLine
 10
-0.892969
 20
0.0
 30
0.0
 11
0.892969
 21
0.0
 31
0.0
  0
LINE
  5
216
330
213
100
AcDbEntity
  8
Smart Centers
  6
Continuous
 62
     0
440
 16777216
 48
0.75
100
AcDbLine
 10
0.0
 20
-0.892969
 30
0.0
 11
0.0
 21
0.892969
 31
0.0
  0
LINE
  5
217
330
213
100
AcDbEntity
  8
Smart Centers
 62
     0
440
 16777216
 48
0.75
 60
     1
100
AcDbLine
 10
-21.833333
 20
0.0
 30
0.0
 11
-2.678906
 21
0.0
 31
0.0
  0
LINE
  5
218
330
213
100
AcDbEntity
  8
Smart Centers
 62
     0
440
 16777216
 48
0.75
 60
     1
100
AcDbLine
 10
2.678906
 20
0.0
 30
0.0
 11
21.833333
 21
0.0
 31
0.0
  0
LINE
  5
219
330
213
100
AcDbEntity
  8
Smart Centers
 62
     0
440
 16777216
 48
0.75
 60
     1
100
AcDbLine
 10
0.0
 20
-21.833333
 30
0.0
 11
0.0
 21
-2.678906
 31
0.0
  0
LINE
  5
21A
330
213
100
AcDbEntity
  8
Smart Centers
 62
     0
440
 16777216
 48
0.75
 60
     1
100
AcDbLine
 10
0.0
 20
2.678906
 30
0.0
 11
0.0
 21
21.833333
 31
0.0
  0
ENDBLK
  5
21B
330
213
100
AcDbEntity
  8
0
100
AcDbBlockEnd
  0
BLOCK
  5
21F
330
21E
100
AcDbEntity
  8
0
100
AcDbBlockBegin
  2
*D17
 70
     1
 10
0.0
 20
0.0
 30
0.0
  3
*D17
  1

  0
LINE
  5
220
330
21E
100
AcDbEntity
  8
FD_Dimensions
 62
     0
440
 16777216
370
    -2
100
AcDbLine
 10
66.780082
 20
192.236573
 30
0.0
 11
66.780082
 21
160.736573
 31
0.0
  0
LINE
  5
221
330
21E
100
AcDbEntity
  8
FD_Dimensions
 62
     0
440
 16777216
370
    -2
100
AcDbLine
 10
154.641093
 20
192.236573
 30
0.0
 11
154.641093
 21
160.736573
 31
0.0
  0
LINE
  5
222
330
21E
100
AcDbEntity
  8
FD_Dimensions
 62
     0
440
 16777216
370
    -2
100
AcDbLine
 10
70.280082
 20
162.836573
 30
0.0
 11
151.141093
 21
162.836573
 31
0.0
  0
SOLID
  5
223
330
21E
100
AcDbEntity
  8
FD_Dimensions
 62
     0
440
 16777216
100
AcDbTrace
 10
70.280082
 20
163.419906
 30
0.0
 11
70.280082
 21
162.25324
 31
0.0
 12
66.780082
 22
162.836573
 32
0.0
 13
66.780082
 23
162.836573
 33
0.0
  0
SOLID
  5
224
330
21E
100
AcDbEntity
  8
FD_Dimensions
 62
     0
440
 16777216
100
AcDbTrace
 10
151.141093
 20
163.419906
 30
0.0
 11
151.141093
 21
162.25324
 31
0.0
 12
154.641093
 22
162.836573
 32
0.0
 13
154.641093
 23
162.836573
 33
0.0
  0
MTEXT
  5
225
330
21E
100
AcDbEntity
  8
FD_Dimensions
 62
     0
440
 16777216
100
AcDbMText
 10
110.710588
 20
166.024772
 30
0.0
 40
3.5
 41
0.0
 46
0.0
 71
     5
 72
     1
  1
263.6{\H2.5;±0.5}
 73
     1
 44
1.0
  0
POINT
  5
226
330
21E
100
AcDbEntity
  8
Defpoints
 62
     0
440
 16777216
100
AcDbPoint
 10
66.780082
 20
194.336573
 30
0.0
  0
POINT
  5
227
330
21E
100
AcDbEntity
  8
Defpoints
 62
     0
440
 16777216
100
AcDbPoint
 10
154.641093
 20
194.336573
 30
0.0
  0
POINT
  5
228
330
21E
100
AcDbEntity
  8
Defpoints
 62
     0
440
 16777216
100
AcDbPoint
 10
154.641093
 20
162.836573
 30
0.0
  0
ENDBLK
  5
229
330
21E
100
AcDbEntity
  8
0
100
AcDbBlockEnd
  0
BLOCK
  5
22C
330
22B
100
AcDbEntity
  8
0
100
AcDbBlockBegin
  2
*D18
 70
     1
 10
0.0
 20
0.0
 30
0.0
  3
*D18
  1

  0
LINE
  5
22D
330
22B
100
AcDbEntity
  8
FD_Dimensions
 62
     0
440
 16777216
370
    -2
100
AcDbLine
 10
66.780082
 20
215.310506
 30
0.0
 11
66.780082
 21
173.310506
 31
0.0
  0
LINE
  5
22E
330
22B
100
AcDbEntity
  8
FD_Dimensions
 62
     0
440
 16777216
370
    -2
100
AcDbLine
 10
118.868415
 20
215.310506
 30
0.0
 11
118.868415
 21
173.310506
 31
0.0
  0
LINE
  5
22F
330
22B
100
AcDbEntity
  8
FD_Dimensions
 62
     0
440
 16777216
370
    -2
100
AcDbLine
 10
70.280082
 20
175.410506
 30
0.0
 11
115.368415
 21
175.410506
 31
0.0
  0
SOLID
  5
230
330
22B
100
AcDbEntity
  8
FD_Dimensions
 62
     0
440
 16777216
100
AcDbTrace
 10
70.280082
 20
175.99384
 30
0.0
 11
70.280082
 21
174.827173
 31
0.0
 12
66.780082
 22
175.410506
 32
0.0
 13
66.780082
 23
175.410506
 33
0.0
  0
SOLID
  5
231
330
22B
100
AcDbEntity
  8
FD_Dimensions
 62
     0
440
 16777216
100
AcDbTrace
 10
115.368415
 20
175.99384
 30
0.0
 11
115.368415
 21
174.827173
 31
0.0
 12
118.868415
 22
175.410506
 32
0.0
 13
118.868415
 23
175.410506
 33
0.0
  0
MTEXT
  5
232
330
22B
100
AcDbEntity
  8
FD_Dimensions
 62
     0
440
 16777216
100
AcDbMText
 10
92.824249
 20
178.597512
 30
0.0
 40
3.5
 41
0.0
 46
0.0
 71
     5
 72
     1
  1
156{\H2.5;±0.4}
 73
     1
 44
1.0
  0
POINT
  5
233
330
22B
100
AcDbEntity
  8
Defpoints
 62
     0
440
 16777216
100
AcDbPoint
 10
66.780082
 20
217.410506
 30
0.0
  0
POINT
  5
234
330
22B
100
AcDbEntity
  8
Defpoints
 62
     0
440
 16777216
100
AcDbPoint
 10
118.868415
 20
217.410506
 30
0.0
  0
POINT
  5
235
330
22B
100
AcDbEntity
  8
Defpoints
 62
     0
440
 16777216
100
AcDbPoint
 10
118.868415
 20
175.410506
 30
0.0
  0
ENDBLK
  5
236
330
22B
100
AcDbEntity
  8
0
100
AcDbBlockEnd
  0
BLOCK
  5
239
330
238
100
AcDbEntity
  8
0
100
AcDbBlockBegin
  2
*D19
 70
     1
 10
0.0
 20
0.0
 30
0.0
  3
*D19
  1

  0
LINE
  5
23A
330
238
100
AcDbEntity
  8
FD_Dimensions
 62
     0
440
 16777216
370
    -2
100
AcDbLine
 10
231.561973
 20
219.104256
 30
0.0
 11
247.454711
 21
214.645526
 31
0.0
  0
LINE
  5
23B
330
238
100
AcDbEntity
  8
FD_Dimensions
 62
     0
440
 16777216
370
    -2
100
AcDbLine
 10
255.638732
 20
212.349487
 30
0.0
 11
259.008623
 21
211.404059
 31
0.0
  0
MTEXT
  5
23C
330
238
100
AcDbEntity
  8
FD_Dimensions
 62
     0
440
 16777216
100
AcDbMText
 10
238.710719
 20
220.510383
 30
0.0
 40
3.5
 41
0.0
 46
0.0
 71
     5
 72
     1
  1
∅4.5
 11
0.962826
 21
-0.270122
 31
0.0
 73
     1
 44
1.0
  0
LINE
  5
23D
330
238
100
AcDbEntity
  8
FD_Dimensions
 62
     0
440
 16777216
370
    -2
100
AcDbLine
 10
252.268841
 20
213.294915
 30
0.0
 11
250.824602
 21
213.700098
 31
0.0
  0
SOLID
  5
23E
330
238
100
AcDbEntity
  8
FD_Dimensions
 62
     0
440
 16777216
100
AcDbTrace
 10
255.796303
 20
212.911135
 30
0.0
 11
255.481161
 21
211.787838
 31
0.0
 12
252.268841
 22
213.294915
 32
0.0
 13
252.268841
 23
213.294915
 33
0.0
  0
SOLID
  5
23F
330
238
100
AcDbEntity
  8
FD_Dimensions
 62
     0
440
 16777216
100
AcDbTrace
 10
247.612282
 20
215.207174
 30
0.0
 11
247.29714
 21
214.083877
 31
0.0
 12
250.824602
 22
213.700098
 32
0.0
 13
250.824602
 23
213.700098
 33
0.0
  0
POINT
  5
240
330
238
100
AcDbEntity
  8
Defpoints
 62
     0
440
 16777216
100
AcDbPoint
 10
250.824602
 20
213.700098
 30
0.0
  0
POINT
  5
241
330
238
100
AcDbEntity
  8
Defpoints
 62
     0
440
 16777216
100
AcDbPoint
 10
252.268841
 20
213.294915
 30
0.0
  0
ENDBLK
  5
242
330
238
100
AcDbEntity
  8
0
100
AcDbBlockEnd
  0
BLOCK
  5
245
330
244
100
AcDbEntity
  8
0
100
AcDbBlockBegin
  2
*D20
 70
     1
 10
0.0
 20
0.0
 30
0.0
  3
*D20
  1

  0
LINE
  5
246
330
244
100
AcDbEntity
  8
FD_Dimensions
 62
     0
440
 16777216
370
    -2
100
AcDbLine
 10
269.806722
 20
215.597506
 30
0.0
 11
269.806722
 21
222.835053
 31
0.0
  0
LINE
  5
247
330
244
100
AcDbEntity
  8
FD_Dimensions
 62
     0
440
 16777216
370
    -2
100
AcDbLine
 10
273.140055
 20
215.597506
 30
0.0
 11
273.140055
 21
222.835053
 31
0.0
  0
LINE
  5
248
330
244
100
AcDbEntity
  8
FD_Dimensions
 62
     0
440
 16777216
370
    -2
100
AcDbLine
 10
266.306722
 20
220.735053
 30
0.0
 11
262.806722
 21
220.735053
 31
0.0
  0
LINE
  5
249
330
244
100
AcDbEntity
  8
FD_Dimensions
 62
     0
440
 16777216
370
    -2
100
AcDbLine
 10
276.640055
 20
220.735053
 30
0.0
 11
287.612292
 21
220.735053
 31
0.0
  0
LINE
  5
24A
330
244
100
AcDbEntity
  8
FD_Dimensions
 62
     0
440
 16777216
370
    -2
100
AcDbLine
 10
269.806722
 20
220.735053
 30
0.0
 11
273.140055
 21
220.735053
 31
0.0
  0
SOLID
  5
24B
330
244
100
AcDbEntity
  8
FD_Dimensions
 62
     0
440
 16777216
100
AcDbTrace
 10
266.306722
 20
221.318387
 30
0.0
 11
266.306722
 21
220.15172
 31
0.0
 12
269.806722
 22
220.735053
 32
0.0
 13
269.806722
 23
220.735053
 33
0.0
  0
SOLID
  5
24C
330
244
100
AcDbEntity
  8
FD_Dimensions
 62
     0
440
 16777216
100
AcDbTrace
 10
276.640055
 20
221.318387
 30
0.0
 11
276.640055
 21
220.15172
 31
0.0
 12
273.140055
 22
220.735053
 32
0.0
 13
273.140055
 23
220.735053
 33
0.0
  0
MTEXT
  5
24D
330
244
100
AcDbEntity
  8
FD_Dimensions
 62
     0
440
 16777216
100
AcDbMText
 10
283.876174
 20
223.922059
 30
0.0
 40
3.5
 41
0.0
 46
0.0
 71
     5
 72
     1
  1
10
 73
     1
 44
1.0
  0
POINT
  5
24E
330
244
100
AcDbEntity
  8
Defpoints
 62
     0
440
 16777216
100
AcDbPoint
 10
269.806722
 20
213.497506
 30
0.0
  0
POINT
  5
24F
330
244
100
AcDbEntity
  8
Defpoints
 62
     0
440
 16777216
100
AcDbPoint
 10
273.140055
 20
213.497506
 30
0.0
  0
POINT
  5
250
330
244
100
AcDbEntity
  8
Defpoints
 62
     0
440
 16777216
100
AcDbPoint
 10
273.140055
 20
220.735053
 30
0.0
  0
ENDBLK
  5
251
330
244
100
AcDbEntity
  8
0
100
AcDbBlockEnd
  0
BLOCK
  5
254
330
253
100
AcDbEntity
  8
0
100
AcDbBlockBegin
  2
*D21
 70
     1
 10
0.0
 20
0.0
 30
0.0
  3
*D21
  1

  0
LINE
  5
255
330
253
100
AcDbEntity
  8
FD_Dimensions
 62
     0
440
 16777216
370
    -2
100
AcDbLine
 10
275.240055
 20
213.497506
 30
0.0
 11
289.443388
 21
213.497506
 31
0.0
  0
LINE
  5
256
330
253
100
AcDbEntity
  8
FD_Dimensions
 62
     0
440
 16777216
370
    -2
100
AcDbLine
 10
275.240055
 20
197.33084
 30
0.0
 11
289.443388
 21
197.33084
 31
0.0
  0
LINE
  5
257
330
253
100
AcDbEntity
  8
FD_Dimensions
 62
     0
440
 16777216
370
    -2
100
AcDbLine
 10
287.343388
 20
209.997506
 30
0.0
 11
287.343388
 21
200.83084
 31
0.0
  0
SOLID
  5
258
330
253
100
AcDbEntity
  8
FD_Dimensions
 62
     0
440
 16777216
100
AcDbTrace
 10
286.760055
 20
209.997506
 30
0.0
 11
287.926722
 21
209.997506
 31
0.0
 12
287.343388
 22
213.497506
 32
0.0
 13
287.343388
 23
213.497506
 33
0.0
  0
SOLID
  5
259
330
253
100
AcDbEntity
  8
FD_Dimensions
 62
     0
440
 16777216
100
AcDbTrace
 10
286.760055
 20
200.83084
 30
0.0
 11
287.926722
 21
200.83084
 31
0.0
 12
287.343388
 22
197.33084
 32
0.0
 13
287.343388
 23
197.33084
 33
0.0
  0
MTEXT
  5
25A
330
253
100
AcDbEntity
  8
FD_Dimensions
 62
     0
440
 16777216
100
AcDbMText
 10
284.156383
 20
205.414173
 30
0.0
 40
3.5
 41
0.0
 46
0.0
 71
     5
 72
     1
  1
49
 11
0.0
 21
1.0
 31
0.0
 73
     1
 44
1.0
  0
POINT
  5
25B
330
253
100
AcDbEntity
  8
Defpoints
 62
     0
440
 16777216
100
AcDbPoint
 10
273.140055
 20
213.497506
 30
0.0
  0
POINT
  5
25C
330
253
100
AcDbEntity
  8
Defpoints
 62
     0
440
 16777216
100
AcDbPoint
 10
273.140055
 20
197.33084
 30
0.0
  0
POINT
  5
25D
330
253
100
AcDbEntity
  8
Defpoints
 62
     0
440
 16777216
100
AcDbPoint
 10
287.343388
 20
197.33084
 30
0.0
  0
ENDBLK
  5
25E
330
253
100
AcDbEntity
  8
0
100
AcDbBlockEnd
  0
BLOCK
  5
261
330
260
100
AcDbEntity
  8
0
100
AcDbBlockBegin
  2
*D22
 70
     1
 10
0.0
 20
0.0
 30
0.0
  3
*D22
  1

  0
LINE
  5
262
330
260
100
AcDbEntity
  8
FD_Dimensions
 62
     0
440
 16777216
370
    -2
100
AcDbLine
 10
279.206722
 20
217.410506
 30
0.0
 11
300.206722
 21
217.410506
 31
0.0
  0
LINE
  5
263
330
260
100
AcDbEntity
  8
FD_Dimensions
 62
     0
440
 16777216
370
    -2
100
AcDbLine
 10
279.206722
 20
194.336573
 30
0.0
 11
300.206722
 21
194.336573
 31
0.0
  0
LINE
  5
264
330
260
100
AcDbEntity
  8
FD_Dimensions
 62
     0
440
 16777216
370
    -2
100
AcDbLine
 10
298.106722
 20
213.910506
 30
0.0
 11
298.106722
 21
197.836573
 31
0.0
  0
SOLID
  5
265
330
260
100
AcDbEntity
  8
FD_Dimensions
 62
     0
440
 16777216
100
AcDbTrace
 10
297.523388
 20
213.910506
 30
0.0
 11
298.690055
 21
213.910506
 31
0.0
 12
298.106722
 22
217.410506
 32
0.0
 13
298.106722
 23
217.410506
 33
0.0
  0
SOLID
  5
266
330
260
100
AcDbEntity
  8
FD_Dimensions
 62
     0
440
 16777216
100
AcDbTrace
 10
297.523388
 20
197.836573
 30
0.0
 11
298.690055
 21
197.836573
 31
0.0
 12
298.106722
 22
194.336573
 32
0.0
 13
298.106722
 23
194.336573
 33
0.0
  0
MTEXT
  5
267
330
260
100
AcDbEntity
  8
FD_Dimensions
 62
     0
440
 16777216
100
AcDbMText
 10
294.919716
 20
205.87354
 30
0.0
 40
3.5
 41
0.0
 46
0.0
 71
     5
 72
     1
  1
69
 11
0.0
 21
1.0
 31
0.0
 73
     1
 44
1.0
  0
POINT
  5
268
330
260
100
AcDbEntity
  8
Defpoints
 62
     0
440
 16777216
100
AcDbPoint
 10
277.106722
 20
217.410506
 30
0.0
  0
POINT
  5
269
330
260
100
AcDbEntity
  8
Defpoints
 62
     0
440
 16777216
100
AcDbPoint
 10
277.106722
 20
194.336573
 30
0.0
  0
POINT
  5
26A
330
260
100
AcDbEntity
  8
Defpoints
 62
     0
440
 16777216
100
AcDbPoint
 10
298.106722
 20
194.336573
 30
0.0
  0
ENDBLK
  5
26B
330
260
100
AcDbEntity
  8
0
100
AcDbBlockEnd
  0
BLOCK
  5
26E
330
26D
100
AcDbEntity
  8
0
100
AcDbBlockBegin
  2
*D23
 70
     1
 10
0.0
 20
0.0
 30
0.0
  3
*D23
  1

  0
LINE
  5
26F
330
26D
100
AcDbEntity
  8
FD_Dimensions
 62
     0
440
 16777216
370
    -2
100
AcDbLine
 10
265.840055
 20
219.510506
 30
0.0
 11
265.840055
 21
230.010506
 31
0.0
  0
LINE
  5
270
330
26D
100
AcDbEntity
  8
FD_Dimensions
 62
     0
440
 16777216
370
    -2
100
AcDbLine
 10
277.106722
 20
219.510506
 30
0.0
 11
277.106722
 21
230.010506
 31
0.0
  0
LINE
  5
271
330
26D
100
AcDbEntity
  8
FD_Dimensions
 62
     0
440
 16777216
370
    -2
100
AcDbLine
 10
269.340055
 20
227.910506
 30
0.0
 11
273.606722
 21
227.910506
 31
0.0
  0
SOLID
  5
272
330
26D
100
AcDbEntity
  8
FD_Dimensions
 62
     0
440
 16777216
100
AcDbTrace
 10
269.340055
 20
228.49384
 30
0.0
 11
269.340055
 21
227.327173
 31
0.0
 12
265.840055
 22
227.910506
 32
0.0
 13
265.840055
 23
227.910506
 33
0.0
  0
SOLID
  5
273
330
26D
100
AcDbEntity
  8
FD_Dimensions
 62
     0
440
 16777216
100
AcDbTrace
 10
273.606722
 20
228.49384
 30
0.0
 11
273.606722
 21
227.327173
 31
0.0
 12
277.106722
 22
227.910506
 32
0.0
 13
277.106722
 23
227.910506
 33
0.0
  0
MTEXT
  5
274
330
26D
100
AcDbEntity
  8
FD_Dimensions
 62
     0
440
 16777216
100
AcDbMText
 10
271.473388
 20
231.098705
 30
0.0
 40
3.5
 41
0.0
 46
0.0
 71
     5
 72
     1
  1
34
 73
     1
 44
1.0
  0
POINT
  5
275
330
26D
100
AcDbEntity
  8
Defpoints
 62
     0
440
 16777216
100
AcDbPoint
 10
265.840055
 20
217.410506
 30
0.0
  0
POINT
  5
276
330
26D
100
AcDbEntity
  8
Defpoints
 62
     0
440
 16777216
100
AcDbPoint
 10
277.106722
 20
217.410506
 30
0.0
  0
POINT
  5
277
330
26D
100
AcDbEntity
  8
Defpoints
 62
     0
440
 16777216
100
AcDbPoint
 10
277.106722
 20
227.910506
 30
0.0
  0
ENDBLK
  5
278
330
26D
100
AcDbEntity
  8
0
100
AcDbBlockEnd
  0
BLOCK
  5
27B
330
27A
100
AcDbEntity
  8
0
100
AcDbBlockBegin
  2
*D24
 70
     1
 10
0.0
 20
0.0
 30
0.0
  3
*D24
  1

  0
LINE
  5
27C
330
27A
100
AcDbEntity
  8
FD_Dimensions
 62
     0
440
 16777216
370
    -2
100
AcDbLine
 10
258.846722
 20
192.236573
 30
0.0
 11
258.846722
 21
181.736573
 31
0.0
  0
LINE
  5
27D
330
27A
100
AcDbEntity
  8
FD_Dimensions
 62
     0
440
 16777216
370
    -2
100
AcDbLine
 10
265.840055
 20
192.236573
 30
0.0
 11
265.840055
 21
181.736573
 31
0.0
  0
LINE
  5
27E
330
27A
100
AcDbEntity
  8
FD_Dimensions
 62
     0
440
 16777216
370
    -2
100
AcDbLine
 10
255.346722
 20
183.836573
 30
0.0
 11
251.846722
 21
183.836573
 31
0.0
  0
LINE
  5
27F
330
27A
100
AcDbEntity
  8
FD_Dimensions
 62
     0
440
 16777216
370
    -2
100
AcDbLine
 10
269.340055
 20
183.836573
 30
0.0
 11
280.037736
 21
183.836573
 31
0.0
  0
LINE
  5
280
330
27A
100
AcDbEntity
  8
FD_Dimensions
 62
     0
440
 16777216
370
    -2
100
AcDbLine
 10
258.846722
 20
183.836573
 30
0.0
 11
265.840055
 21
183.836573
 31
0.0
  0
SOLID
  5
281
330
27A
100
AcDbEntity
  8
FD_Dimensions
 62
     0
440
 16777216
100
AcDbTrace
 10
255.346722
 20
184.419906
 30
0.0
 11
255.346722
 21
183.25324
 31
0.0
 12
258.846722
 22
183.836573
 32
0.0
 13
258.846722
 23
183.836573
 33
0.0
  0
SOLID
  5
282
330
27A
100
AcDbEntity
  8
FD_Dimensions
 62
     0
440
 16777216
100
AcDbTrace
 10
269.340055
 20
184.419906
 30
0.0
 11
269.340055
 21
183.25324
 31
0.0
 12
265.840055
 22
183.836573
 32
0.0
 13
265.840055
 23
183.836573
 33
0.0
  0
MTEXT
  5
283
330
27A
100
AcDbEntity
  8
FD_Dimensions
 62
     0
440
 16777216
100
AcDbMText
 10
276.438895
 20
186.993735
 30
0.0
 40
3.5
 41
0.0
 46
0.0
 71
     5
 72
     1
  1
21
 73
     1
 44
1.0
  0
POINT
  5
284
330
27A
100
AcDbEntity
  8
Defpoints
 62
     0
440
 16777216
100
AcDbPoint
 10
258.846722
 20
194.336573
 30
0.0
  0
POINT
  5
285
330
27A
100
AcDbEntity
  8
Defpoints
 62
     0
440
 16777216
100
AcDbPoint
 10
265.840055
 20
194.336573
 30
0.0
  0
POINT
  5
286
330
27A
100
AcDbEntity
  8
Defpoints
 62
     0
440
 16777216
100
AcDbPoint
 10
265.840055
 20
183.836573
 30
0.0
  0
ENDBLK
  5
287
330
27A
100
AcDbEntity
  8
0
100
AcDbBlockEnd
  0
BLOCK
  5
28A
330
289
100
AcDbEntity
  8
0
100
AcDbBlockBegin
  2
*D25
 70
     1
 10
0.0
 20
0.0
 30
0.0
  3
*D25
  1

  0
LINE
  5
4BD
330
289
100
AcDbEntity
  8
FD_Dimensions
 62
     0
440
 16777216
370
    -2
100
AcDbLine
 10
66.780082
 20
192.236573
 30
0.0
 11
66.780082
 21
160.736573
 31
0.0
  0
LINE
  5
4BE
330
289
100
AcDbEntity
  8
FD_Dimensions
 62
     0
440
 16777216
370
    -2
100
AcDbLine
 10
154.641093
 20
192.236573
 30
0.0
 11
154.641093
 21
160.736573
 31
0.0
  0
LINE
  5
4BF
330
289
100
AcDbEntity
  8
FD_Dimensions
 62
     0
440
 16777216
370
    -2
100
AcDbLine
 10
70.280082
 20
162.836573
 30
0.0
 11
151.141093
 21
162.836573
 31
0.0
  0
SOLID
  5
4C0
330
289
100
AcDbEntity
  8
FD_Dimensions
 62
     0
440
 16777216
100
AcDbTrace
 10
70.280082
 20
163.419906
 30
0.0
 11
70.280082
 21
162.25324
 31
0.0
 12
66.780082
 22
162.836573
 32
0.0
 13
66.780082
 23
162.836573
 33
0.0
  0
SOLID
  5
4C1
330
289
100
AcDbEntity
  8
FD_Dimensions
 62
     0
440
 16777216
100
AcDbTrace
 10
151.141093
 20
163.419906
 30
0.0
 11
151.141093
 21
162.25324
 31
0.0
 12
154.641093
 22
162.836573
 32
0.0
 13
154.641093
 23
162.836573
 33
0.0
  0
MTEXT
  5
4C2
330
289
100
AcDbEntity
  8
FD_Dimensions
 62
     0
440
 16777216
100
AcDbMText
 10
110.710588
 20
166.024772
 30
0.0
 40
3.5
 41
0.0
 46
0.0
 71
     5
 72
     1
  1
263.6{\H2.5;±0.5}
 73
     1
 44
1.0
  0
POINT
  5
4C3
330
289
100
AcDbEntity
  8
Defpoints
 62
     0
440
 16777216
100
AcDbPoint
 10
66.780082
 20
194.336573
 30
0.0
  0
POINT
  5
4C4
330
289
100
AcDbEntity
  8
Defpoints
 62
     0
440
 16777216
100
AcDbPoint
 10
154.641093
 20
194.336573
 30
0.0
  0
POINT
  5
4C5
330
289
100
AcDbEntity
  8
Defpoints
 62
     0
440
 16777216
100
AcDbPoint
 10
154.641093
 20
162.836573
 30
0.0
  0
ENDBLK
  5
28B
330
289
100
AcDbEntity
  8
0
100
AcDbBlockEnd
  0
BLOCK
  5
296
330
295
100
AcDbEntity
  8
0
100
AcDbBlockBegin
  2
*D26
 70
     1
 10
0.0
 20
0.0
 30
0.0
  3
*D26
  1

  0
LINE
  5
4C6
330
295
100
AcDbEntity
  8
FD_Dimensions
 62
     0
440
 16777216
370
    -2
100
AcDbLine
 10
66.780082
 20
215.310506
 30
0.0
 11
66.780082
 21
173.310506
 31
0.0
  0
LINE
  5
4C7
330
295
100
AcDbEntity
  8
FD_Dimensions
 62
     0
440
 16777216
370
    -2
100
AcDbLine
 10
118.868415
 20
215.310506
 30
0.0
 11
118.868415
 21
173.310506
 31
0.0
  0
LINE
  5
4C8
330
295
100
AcDbEntity
  8
FD_Dimensions
 62
     0
440
 16777216
370
    -2
100
AcDbLine
 10
70.280082
 20
175.410506
 30
0.0
 11
115.368415
 21
175.410506
 31
0.0
  0
SOLID
  5
4C9
330
295
100
AcDbEntity
  8
FD_Dimensions
 62
     0
440
 16777216
100
AcDbTrace
 10
70.280082
 20
175.99384
 30
0.0
 11
70.280082
 21
174.827173
 31
0.0
 12
66.780082
 22
175.410506
 32
0.0
 13
66.780082
 23
175.410506
 33
0.0
  0
SOLID
  5
4CA
330
295
100
AcDbEntity
  8
FD_Dimensions
 62
     0
440
 16777216
100
AcDbTrace
 10
115.368415
 20
175.99384
 30
0.0
 11
115.368415
 21
174.827173
 31
0.0
 12
118.868415
 22
175.410506
 32
0.0
 13
118.868415
 23
175.410506
 33
0.0
  0
MTEXT
  5
4CB
330
295
100
AcDbEntity
  8
FD_Dimensions
 62
     0
440
 16777216
100
AcDbMText
 10
92.824249
 20
178.597512
 30
0.0
 40
3.5
 41
0.0
 46
0.0
 71
     5
 72
     1
  1
156{\H2.5;±0.4}
 73
     1
 44
1.0
  0
POINT
  5
4CC
330
295
100
AcDbEntity
  8
Defpoints
 62
     0
440
 16777216
100
AcDbPoint
 10
66.780082
 20
217.410506
 30
0.0
  0
POINT
  5
4CD
330
295
100
AcDbEntity
  8
Defpoints
 62
     0
440
 16777216
100
AcDbPoint
 10
118.868415
 20
217.410506
 30
0.0
  0
POINT
  5
4CE
330
295
100
AcDbEntity
  8
Defpoints
 62
     0
440
 16777216
100
AcDbPoint
 10
118.868415
 20
175.410506
 30
0.0
  0
ENDBLK
  5
297
330
295
100
AcDbEntity
  8
0
100
AcDbBlockEnd
  0
BLOCK
  5
2A2
330
2A1
100
AcDbEntity
  8
0
100
AcDbBlockBegin
  2
*D27
 70
     1
 10
0.0
 20
0.0
 30
0.0
  3
*D27
  1

  0
LINE
  5
4CF
330
2A1
100
AcDbEntity
  8
FD_Dimensions
 62
     0
440
 16777216
370
    -2
100
AcDbLine
 10
231.561973
 20
219.104256
 30
0.0
 11
247.454711
 21
214.645526
 31
0.0
  0
LINE
  5
4D0
330
2A1
100
AcDbEntity
  8
FD_Dimensions
 62
     0
440
 16777216
370
    -2
100
AcDbLine
 10
255.638732
 20
212.349487
 30
0.0
 11
259.008623
 21
211.404059
 31
0.0
  0
MTEXT
  5
4D1
330
2A1
100
AcDbEntity
  8
FD_Dimensions
 62
     0
440
 16777216
100
AcDbMText
 10
238.710719
 20
220.510383
 30
0.0
 40
3.5
 41
0.0
 46
0.0
 71
     5
 72
     1
  1
∅4.5
 11
0.962826
 21
-0.270122
 31
0.0
 73
     1
 44
1.0
  0
LINE
  5
4D2
330
2A1
100
AcDbEntity
  8
FD_Dimensions
 62
     0
440
 16777216
370
    -2
100
AcDbLine
 10
252.268841
 20
213.294915
 30
0.0
 11
250.824602
 21
213.700098
 31
0.0
  0
SOLID
  5
4D3
330
2A1
100
AcDbEntity
  8
FD_Dimensions
 62
     0
440
 16777216
100
AcDbTrace
 10
255.796303
 20
212.911135
 30
0.0
 11
255.481161
 21
211.787838
 31
0.0
 12
252.268841
 22
213.294915
 32
0.0
 13
252.268841
 23
213.294915
 33
0.0
  0
SOLID
  5
4D4
330
2A1
100
AcDbEntity
  8
FD_Dimensions
 62
     0
440
 16777216
100
AcDbTrace
 10
247.612282
 20
215.207174
 30
0.0
 11
247.29714
 21
214.083877
 31
0.0
 12
250.824602
 22
213.700098
 32
0.0
 13
250.824602
 23
213.700098
 33
0.0
  0
POINT
  5
4D5
330
2A1
100
AcDbEntity
  8
Defpoints
 62
     0
440
 16777216
100
AcDbPoint
 10
250.824602
 20
213.700098
 30
0.0
  0
POINT
  5
4D6
330
2A1
100
AcDbEntity
  8
Defpoints
 62
     0
440
 16777216
100
AcDbPoint
 10
252.268841
 20
213.294915
 30
0.0
  0
ENDBLK
  5
2A3
330
2A1
100
AcDbEntity
  8
0
100
AcDbBlockEnd
  0
BLOCK
  5
2AD
330
2AC
100
AcDbEntity
  8
0
100
AcDbBlockBegin
  2
*D28
 70
     1
 10
0.0
 20
0.0
 30
0.0
  3
*D28
  1

  0
LINE
  5
4D7
330
2AC
100
AcDbEntity
  8
FD_Dimensions
 62
     0
440
 16777216
370
    -2
100
AcDbLine
 10
269.806722
 20
215.597506
 30
0.0
 11
269.806722
 21
222.835053
 31
0.0
  0
LINE
  5
4D8
330
2AC
100
AcDbEntity
  8
FD_Dimensions
 62
     0
440
 16777216
370
    -2
100
AcDbLine
 10
273.140055
 20
215.597506
 30
0.0
 11
273.140055
 21
222.835053
 31
0.0
  0
LINE
  5
4D9
330
2AC
100
AcDbEntity
  8
FD_Dimensions
 62
     0
440
 16777216
370
    -2
100
AcDbLine
 10
266.306722
 20
220.735053
 30
0.0
 11
262.806722
 21
220.735053
 31
0.0
  0
LINE
  5
4DA
330
2AC
100
AcDbEntity
  8
FD_Dimensions
 62
     0
440
 16777216
370
    -2
100
AcDbLine
 10
276.640055
 20
220.735053
 30
0.0
 11
287.612292
 21
220.735053
 31
0.0
  0
LINE
  5
4DB
330
2AC
100
AcDbEntity
  8
FD_Dimensions
 62
     0
440
 16777216
370
    -2
100
AcDbLine
 10
269.806722
 20
220.735053
 30
0.0
 11
273.140055
 21
220.735053
 31
0.0
  0
SOLID
  5
4DC
330
2AC
100
AcDbEntity
  8
FD_Dimensions
 62
     0
440
 16777216
100
AcDbTrace
 10
266.306722
 20
221.318387
 30
0.0
 11
266.306722
 21
220.15172
 31
0.0
 12
269.806722
 22
220.735053
 32
0.0
 13
269.806722
 23
220.735053
 33
0.0
  0
SOLID
  5
4DD
330
2AC
100
AcDbEntity
  8
FD_Dimensions
 62
     0
440
 16777216
100
AcDbTrace
 10
276.640055
 20
221.318387
 30
0.0
 11
276.640055
 21
220.15172
 31
0.0
 12
273.140055
 22
220.735053
 32
0.0
 13
273.140055
 23
220.735053
 33
0.0
  0
MTEXT
  5
4DE
330
2AC
100
AcDbEntity
  8
FD_Dimensions
 62
     0
440
 16777216
100
AcDbMText
 10
283.876174
 20
223.922059
 30
0.0
 40
3.5
 41
0.0
 46
0.0
 71
     5
 72
     1
  1
10
 73
     1
 44
1.0
  0
POINT
  5
4DF
330
2AC
100
AcDbEntity
  8
Defpoints
 62
     0
440
 16777216
100
AcDbPoint
 10
269.806722
 20
213.497506
 30
0.0
  0
POINT
  5
4E0
330
2AC
100
AcDbEntity
  8
Defpoints
 62
     0
440
 16777216
100
AcDbPoint
 10
273.140055
 20
213.497506
 30
0.0
  0
POINT
  5
4E1
330
2AC
100
AcDbEntity
  8
Defpoints
 62
     0
440
 16777216
100
AcDbPoint
 10
273.140055
 20
220.735053
 30
0.0
  0
ENDBLK
  5
2AE
330
2AC
100
AcDbEntity
  8
0
100
AcDbBlockEnd
  0
BLOCK
  5
2BB
330
2BA
100
AcDbEntity
  8
0
100
AcDbBlockBegin
  2
*D29
 70
     1
 10
0.0
 20
0.0
 30
0.0
  3
*D29
  1

  0
LINE
  5
4E2
330
2BA
100
AcDbEntity
  8
FD_Dimensions
 62
     0
440
 16777216
370
    -2
100
AcDbLine
 10
275.240055
 20
213.497506
 30
0.0
 11
289.443388
 21
213.497506
 31
0.0
  0
LINE
  5
4E3
330
2BA
100
AcDbEntity
  8
FD_Dimensions
 62
     0
440
 16777216
370
    -2
100
AcDbLine
 10
275.240055
 20
197.33084
 30
0.0
 11
289.443388
 21
197.33084
 31
0.0
  0
LINE
  5
4E4
330
2BA
100
AcDbEntity
  8
FD_Dimensions
 62
     0
440
 16777216
370
    -2
100
AcDbLine
 10
287.343388
 20
209.997506
 30
0.0
 11
287.343388
 21
200.83084
 31
0.0
  0
SOLID
  5
4E5
330
2BA
100
AcDbEntity
  8
FD_Dimensions
 62
     0
440
 16777216
100
AcDbTrace
 10
286.760055
 20
209.997506
 30
0.0
 11
287.926722
 21
209.997506
 31
0.0
 12
287.343388
 22
213.497506
 32
0.0
 13
287.343388
 23
213.497506
 33
0.0
  0
SOLID
  5
4E6
330
2BA
100
AcDbEntity
  8
FD_Dimensions
 62
     0
440
 16777216
100
AcDbTrace
 10
286.760055
 20
200.83084
 30
0.0
 11
287.926722
 21
200.83084
 31
0.0
 12
287.343388
 22
197.33084
 32
0.0
 13
287.343388
 23
197.33084
 33
0.0
  0
MTEXT
  5
4E7
330
2BA
100
AcDbEntity
  8
FD_Dimensions
 62
     0
440
 16777216
100
AcDbMText
 10
284.156383
 20
205.414173
 30
0.0
 40
3.5
 41
0.0
 46
0.0
 71
     5
 72
     1
  1
49
 11
0.0
 21
1.0
 31
0.0
 73
     1
 44
1.0
  0
POINT
  5
4E8
330
2BA
100
AcDbEntity
  8
Defpoints
 62
     0
440
 16777216
100
AcDbPoint
 10
273.140055
 20
213.497506
 30
0.0
  0
POINT
  5
4E9
330
2BA
100
AcDbEntity
  8
Defpoints
 62
     0
440
 16777216
100
AcDbPoint
 10
273.140055
 20
197.33084
 30
0.0
  0
POINT
  5
4EA
330
2BA
100
AcDbEntity
  8
Defpoints
 62
     0
440
 16777216
100
AcDbPoint
 10
287.343388
 20
197.33084
 30
0.0
  0
ENDBLK
  5
2BC
330
2BA
100
AcDbEntity
  8
0
100
AcDbBlockEnd
  0
BLOCK
  5
2C7
330
2C6
100
AcDbEntity
  8
0
100
AcDbBlockBegin
  2
*D30
 70
     1
 10
0.0
 20
0.0
 30
0.0
  3
*D30
  1

  0
LINE
  5
4EB
330
2C6
100
AcDbEntity
  8
FD_Dimensions
 62
     0
440
 16777216
370
    -2
100
AcDbLine
 10
279.206722
 20
217.410506
 30
0.0
 11
300.206722
 21
217.410506
 31
0.0
  0
LINE
  5
4EC
330
2C6
100
AcDbEntity
  8
FD_Dimensions
 62
     0
440
 16777216
370
    -2
100
AcDbLine
 10
279.206722
 20
194.336573
 30
0.0
 11
300.206722
 21
194.336573
 31
0.0
  0
LINE
  5
4ED
330
2C6
100
AcDbEntity
  8
FD_Dimensions
 62
     0
440
 16777216
370
    -2
100
AcDbLine
 10
298.106722
 20
213.910506
 30
0.0
 11
298.106722
 21
197.836573
 31
0.0
  0
SOLID
  5
4EE
330
2C6
100
AcDbEntity
  8
FD_Dimensions
 62
     0
440
 16777216
100
AcDbTrace
 10
297.523388
 20
213.910506
 30
0.0
 11
298.690055
 21
213.910506
 31
0.0
 12
298.106722
 22
217.410506
 32
0.0
 13
298.106722
 23
217.410506
 33
0.0
  0
SOLID
  5
4EF
330
2C6
100
AcDbEntity
  8
FD_Dimensions
 62
     0
440
 16777216
100
AcDbTrace
 10
297.523388
 20
197.836573
 30
0.0
 11
298.690055
 21
197.836573
 31
0.0
 12
298.106722
 22
194.336573
 32
0.0
 13
298.106722
 23
194.336573
 33
0.0
  0
MTEXT
  5
4F0
330
2C6
100
AcDbEntity
  8
FD_Dimensions
 62
     0
440
 16777216
100
AcDbMText
 10
294.919716
 20
205.87354
 30
0.0
 40
3.5
 41
0.0
 46
0.0
 71
     5
 72
     1
  1
69
 11
0.0
 21
1.0
 31
0.0
 73
     1
 44
1.0
  0
POINT
  5
4F1
330
2C6
100
AcDbEntity
  8
Defpoints
 62
     0
440
 16777216
100
AcDbPoint
 10
277.106722
 20
217.410506
 30
0.0
  0
POINT
  5
4F2
330
2C6
100
AcDbEntity
  8
Defpoints
 62
     0
440
 16777216
100
AcDbPoint
 10
277.106722
 20
194.336573
 30
0.0
  0
POINT
  5
4F3
330
2C6
100
AcDbEntity
  8
Defpoints
 62
     0
440
 16777216
100
AcDbPoint
 10
298.106722
 20
194.336573
 30
0.0
  0
ENDBLK
  5
2C8
330
2C6
100
AcDbEntity
  8
0
100
AcDbBlockEnd
  0
BLOCK
  5
2D3
330
2D2
100
AcDbEntity
  8
0
100
AcDbBlockBegin
  2
*D31
 70
     1
 10
0.0
 20
0.0
 30
0.0
  3
*D31
  1

  0
LINE
  5
4F4
330
2D2
100
AcDbEntity
  8
FD_Dimensions
 62
     0
440
 16777216
370
    -2
100
AcDbLine
 10
265.840055
 20
219.510506
 30
0.0
 11
265.840055
 21
230.010506
 31
0.0
  0
LINE
  5
4F5
330
2D2
100
AcDbEntity
  8
FD_Dimensions
 62
     0
440
 16777216
370
    -2
100
AcDbLine
 10
277.106722
 20
219.510506
 30
0.0
 11
277.106722
 21
230.010506
 31
0.0
  0
LINE
  5
4F6
330
2D2
100
AcDbEntity
  8
FD_Dimensions
 62
     0
440
 16777216
370
    -2
100
AcDbLine
 10
269.340055
 20
227.910506
 30
0.0
 11
273.606722
 21
227.910506
 31
0.0
  0
SOLID
  5
4F7
330
2D2
100
AcDbEntity
  8
FD_Dimensions
 62
     0
440
 16777216
100
AcDbTrace
 10
269.340055
 20
228.49384
 30
0.0
 11
269.340055
 21
227.327173
 31
0.0
 12
265.840055
 22
227.910506
 32
0.0
 13
265.840055
 23
227.910506
 33
0.0
  0
SOLID
  5
4F8
330
2D2
100
AcDbEntity
  8
FD_Dimensions
 62
     0
440
 16777216
100
AcDbTrace
 10
273.606722
 20
228.49384
 30
0.0
 11
273.606722
 21
227.327173
 31
0.0
 12
277.106722
 22
227.910506
 32
0.0
 13
277.106722
 23
227.910506
 33
0.0
  0
MTEXT
  5
4F9
330
2D2
100
AcDbEntity
  8
FD_Dimensions
 62
     0
440
 16777216
100
AcDbMText
 10
271.473388
 20
231.098705
 30
0.0
 40
3.5
 41
0.0
 46
0.0
 71
     5
 72
     1
  1
34
 73
     1
 44
1.0
  0
POINT
  5
4FA
330
2D2
100
AcDbEntity
  8
Defpoints
 62
     0
440
 16777216
100
AcDbPoint
 10
265.840055
 20
217.410506
 30
0.0
  0
POINT
  5
4FB
330
2D2
100
AcDbEntity
  8
Defpoints
 62
     0
440
 16777216
100
AcDbPoint
 10
277.106722
 20
217.410506
 30
0.0
  0
POINT
  5
4FC
330
2D2
100
AcDbEntity
  8
Defpoints
 62
     0
440
 16777216
100
AcDbPoint
 10
277.106722
 20
227.910506
 30
0.0
  0
ENDBLK
  5
2D4
330
2D2
100
AcDbEntity
  8
0
100
AcDbBlockEnd
  0
BLOCK
  5
2DF
330
2DE
100
AcDbEntity
  8
0
100
AcDbBlockBegin
  2
*D32
 70
     1
 10
0.0
 20
0.0
 30
0.0
  3
*D32
  1

  0
LINE
  5
4FD
330
2DE
100
AcDbEntity
  8
FD_Dimensions
 62
     0
440
 16777216
370
    -2
100
AcDbLine
 10
258.846722
 20
192.236573
 30
0.0
 11
258.846722
 21
181.736573
 31
0.0
  0
LINE
  5
4FE
330
2DE
100
AcDbEntity
  8
FD_Dimensions
 62
     0
440
 16777216
370
    -2
100
AcDbLine
 10
265.840055
 20
192.236573
 30
0.0
 11
265.840055
 21
181.736573
 31
0.0
  0
LINE
  5
4FF
330
2DE
100
AcDbEntity
  8
FD_Dimensions
 62
     0
440
 16777216
370
    -2
100
AcDbLine
 10
255.346722
 20
183.836573
 30
0.0
 11
251.846722
 21
183.836573
 31
0.0
  0
LINE
  5
500
330
2DE
100
AcDbEntity
  8
FD_Dimensions
 62
     0
440
 16777216
370
    -2
100
AcDbLine
 10
269.340055
 20
183.836573
 30
0.0
 11
280.037736
 21
183.836573
 31
0.0
  0
LINE
  5
501
330
2DE
100
AcDbEntity
  8
FD_Dimensions
 62
     0
440
 16777216
370
    -2
100
AcDbLine
 10
258.846722
 20
183.836573
 30
0.0
 11
265.840055
 21
183.836573
 31
0.0
  0
SOLID
  5
502
330
2DE
100
AcDbEntity
  8
FD_Dimensions
 62
     0
440
 16777216
100
AcDbTrace
 10
255.346722
 20
184.419906
 30
0.0
 11
255.346722
 21
183.25324
 31
0.0
 12
258.846722
 22
183.836573
 32
0.0
 13
258.846722
 23
183.836573
 33
0.0
  0
SOLID
  5
503
330
2DE
100
AcDbEntity
  8
FD_Dimensions
 62
     0
440
 16777216
100
AcDbTrace
 10
269.340055
 20
184.419906
 30
0.0
 11
269.340055
 21
183.25324
 31
0.0
 12
265.840055
 22
183.836573
 32
0.0
 13
265.840055
 23
183.836573
 33
0.0
  0
MTEXT
  5
504
330
2DE
100
AcDbEntity
  8
FD_Dimensions
 62
     0
440
 16777216
100
AcDbMText
 10
276.438895
 20
186.993735
 30
0.0
 40
3.5
 41
0.0
 46
0.0
 71
     5
 72
     1
  1
21
 73
     1
 44
1.0
  0
POINT
  5
505
330
2DE
100
AcDbEntity
  8
Defpoints
 62
     0
440
 16777216
100
AcDbPoint
 10
258.846722
 20
194.336573
 30
0.0
  0
POINT
  5
506
330
2DE
100
AcDbEntity
  8
Defpoints
 62
     0
440
 16777216
100
AcDbPoint
 10
265.840055
 20
194.336573
 30
0.0
  0
POINT
  5
507
330
2DE
100
AcDbEntity
  8
Defpoints
 62
     0
440
 16777216
100
AcDbPoint
 10
265.840055
 20
183.836573
 30
0.0
  0
ENDBLK
  5
2E0
330
2DE
100
AcDbEntity
  8
0
100
AcDbBlockEnd
  0
ENDSEC
  0
SECTION
  2
ENTITIES
  0
INSERT
  5
162
330
70
100
AcDbEntity
  8
BORDER
100
AcDbBlockReference
  2
ISO_A3_SHEET
 10
0.0
 20
0.0
 30
0.0
  0
INSERT
  5
1A8
330
70
100
AcDbEntity
  8
Smart Centers
 48
0.75
100
AcDbBlockReference
  2
*U5
 10
254.880055
 20
197.33084
 30
0.0
  0
INSERT
  5
1B3
330
70
100
AcDbEntity
  8
Smart Centers
 48
0.75
100
AcDbBlockReference
  2
*U6
 10
251.546722
 20
197.33084
 30
0.0
  0
INSERT
  5
1BD
330
70
100
AcDbEntity
  8
Smart Centers
 48
0.75
100
AcDbBlockReference
  2
*U7
 10
254.880055
 20
213.497506
 30
0.0
  0
INSERT
  5
1C7
330
70
100
AcDbEntity
  8
Smart Centers
 48
0.75
100
AcDbBlockReference
  2
*U8
 10
251.546722
 20
213.497506
 30
0.0
  0
INSERT
  5
1D1
330
70
100
AcDbEntity
  8
Smart Centers
 48
0.75
100
AcDbBlockReference
  2
*U9
 10
269.806722
 20
197.33084
 30
0.0
  0
INSERT
  5
1DB
330
70
100
AcDbEntity
  8
Smart Centers
 48
0.75
100
AcDbBlockReference
  2
*U10
 10
273.140055
 20
197.33084
 30
0.0
  0
INSERT
  5
1E5
330
70
100
AcDbEntity
  8
Smart Centers
 48
0.75
100
AcDbBlockReference
  2
*U11
 10
269.806722
 20
213.497506
 30
0.0
  0
INSERT
  5
1EF
330
70
100
AcDbEntity
  8
Smart Centers
 48
0.75
100
AcDbBlockReference
  2
*U12
 10
273.140055
 20
213.497506
 30
0.0
  0
INSERT
  5
1F9
330
70
100
AcDbEntity
  8
Smart Centers
 48
0.75
100
AcDbBlockReference
  2
*U13
 10
279.010055
 20
134.986275
 30
0.0
  0
INSERT
  5
203
330
70
100
AcDbEntity
  8
Smart Centers
 48
0.75
100
AcDbBlockReference
  2
*U14
 10
245.676722
 20
134.986275
 30
0.0
  0
INSERT
  5
20D
330
70
100
AcDbEntity
  8
Smart Centers
 48
0.75
100
AcDbBlockReference
  2
*U15
 10
162.974427
 20
197.435717
 30
0.0
  0
INSERT
  5
212
330
70
100
AcDbEntity
  8
Smart Centers
 48
0.75
100
AcDbBlockReference
  2
*U16
 10
154.641093
 20
194.102383
 30
0.0
  0
DIMENSION
  5
21C
330
70
100
AcDbEntity
  8
FD_Dimensions
100
AcDbDimension
280
     0
  2
*D25
 10
154.641093
 20
162.836573
 30
0.0
 11
110.710588
 21
166.024772
 31
0.0
 70
    33
 71
     5
 42
263.583033
 73
     0
 74
     0
 75
     0
  3
Dim-ISO-25
100
AcDbAlignedDimension
 13
66.780082
 23
194.336573
 33
0.0
 14
154.641093
 24
194.336573
 34
0.0
1001
ACAD_DIMASSOC_CALC_DIMLFAC
1040
-3.0
1001
ACAD_DIMASSOC_DIMLFAC
1040
-3.0
1001
ACAD_DIMASSOC_OVERRIDDEN_DIMLFAC
1040
0.0
1001
ACAD_TC
1000
DSTYLE_TC
1002
{
1070
   176
1004
18000000020000008C8C8CC2000000000000000000000000
1070
   177
1004
18000000020000008C8C8CC2000000000000000000000000
1002
}
1001
ACAD_DSTYLE_DIMJAG_POSITION
1070
   387
1070
     0
1070
   389
1010
0.0
1020
0.0
1030
0.0
1001
ACAD
1000
DSTYLE
1002
{
1070
   271
1070
     1
1070
    47
1040
0.5
1070
   147
1040
1.4
1070
    48
1040
0.5
1070
    72
1070
     0
1070
    71
1070
     1
1070
   144
1040
3.0
1070
   176
1070
     0
1070
   177
1070
     0
1002
}
  0
DIMENSION
  5
22A
330
70
100
AcDbEntity
  8
FD_Dimensions
100
AcDbDimension
280
     0
  2
*D26
 10
118.868415
 20
175.410506
 30
0.0
 11
92.824249
 21
178.597512
 31
0.0
 70
    33
 71
     5
 42
156.264998
 73
     0
 74
     0
 75
     0
  3
Dim-ISO-25
100
AcDbAlignedDimension
 13
66.780082
 23
217.410506
 33
0.0
 14
118.868415
 24
217.410506
 34
0.0
1001
ACAD_DIMASSOC_CALC_DIMLFAC
1040
-3.0
1001
ACAD_DIMASSOC_DIMLFAC
1040
-3.0
1001
ACAD_DIMASSOC_OVERRIDDEN_DIMLFAC
1040
0.0
1001
ACAD_TC
1000
DSTYLE_TC
1002
{
1070
   177
1004
18000000020000008C8C8CC2000000000000000000000000
1070
   176
1004
18000000020000008C8C8CC2000000000000000000000000
1002
}
1001
ACAD_DSTYLE_DIMJAG_POSITION
1070
   387
1070
     0
1070
   389
1010
0.0
1020
0.0
1030
0.0
1001
ACAD
1000
DSTYLE
1002
{
1070
   271
1070
     0
1070
    47
1040
0.4
1070
   147
1040
1.4
1070
    48
1040
0.4
1070
    72
1070
     0
1070
    71
1070
     1
1070
   177
1070
     0
1070
   176
1070
     0
1070
   144
1040
3.0
1002
}
  0
DIMENSION
  5
237
330
70
100
AcDbEntity
  8
FD_Dimensions
100
AcDbDimension
280
     0
  2
*D27
 10
252.268841
 20
213.294915
 30
0.0
 11
238.710719
 21
220.510383
 31
0.0
 70
    35
 71
     5
 42
4.5
 73
     0
 74
     0
 75
     0
  3
Dim-ISO-25
100
AcDbDiametricDimension
 15
250.824602
 25
213.700098
 35
0.0
 40
0.0
1001
ACAD_DIMASSOC_CALC_DIMLFAC
1040
-3.0
1001
ACAD_DIMASSOC_DIMLFAC
1040
-3.0
1001
ACAD_DIMASSOC_OVERRIDDEN_DIMLFAC
1040
0.0
1001
ACAD_TC
1000
DSTYLE_TC
1002
{
1070
   176
1004
18000000020000008C8C8CC2000000000000000000000000
1070
   177
1004
18000000020000008C8C8CC2000000000000000000000000
1002
}
1001
ACAD_DSTYLE_DIMJAG_POSITION
1070
   387
1070
     0
1070
   389
1010
0.0
1020
0.0
1030
0.0
1001
ACAD_DSTYLE_DIMRADIAL_EXTENSION
1070
   387
1070
     1
1070
   388
1040
0.0
1070
   390
1040
0.0
1001
ACAD
1000
DSTYLE
1002
{
1070
   144
1040
3.0
1070
   176
1070
     0
1070
   177
1070
     0
1002
}
  0
DIMENSION
  5
243
330
70
100
AcDbEntity
  8
FD_Dimensions
100
AcDbDimension
280
     0
  2
*D28
 10
273.140055
 20
220.735053
 30
0.0
 11
283.876174
 21
223.922059
 31
0.0
 70
    33
 71
     5
 42
10.0
 73
     0
 74
     0
 75
     0
  3
Dim-ISO-25
100
AcDbAlignedDimension
 13
269.806722
 23
213.497506
 33
0.0
 14
273.140055
 24
213.497506
 34
0.0
1001
ACAD_DIMASSOC_CALC_DIMLFAC
1040
-3.0
1001
ACAD_DIMASSOC_DIMLFAC
1040
-3.0
1001
ACAD_DIMASSOC_OVERRIDDEN_DIMLFAC
1040
0.0
1001
ACAD_TC
1000
DSTYLE_TC
1002
{
1070
   177
1004
18000000020000008C8C8CC2000000000000000000000000
1070
   176
1004
18000000020000008C8C8CC2000000000000000000000000
1002
}
1001
ACAD_DSTYLE_DIMJAG_POSITION
1070
   387
1070
     0
1070
   389
1010
0.0
1020
0.0
1030
0.0
1001
ACAD
1000
DSTYLE
1002
{
1070
   177
1070
     0
1070
   176
1070
     0
1070
   144
1040
3.0
1002
}
  0
DIMENSION
  5
252
330
70
100
AcDbEntity
  8
FD_Dimensions
100
AcDbDimension
280
     0
  2
*D29
 10
287.343388
 20
197.33084
 30
0.0
 11
284.156383
 21
205.414173
 31
0.0
 70
    33
 71
     5
 42
48.5
 73
     0
 74
     0
 75
     0
  3
Dim-ISO-25
100
AcDbAlignedDimension
 13
273.140055
 23
213.497506
 33
0.0
 14
273.140055
 24
197.33084
 34
0.0
1001
ACAD_DIMASSOC_CALC_DIMLFAC
1040
-3.0
1001
ACAD_DIMASSOC_DIMLFAC
1040
-3.0
1001
ACAD_DIMASSOC_OVERRIDDEN_DIMLFAC
1040
0.0
1001
ACAD_TC
1000
DSTYLE_TC
1002
{
1070
   176
1004
18000000020000008C8C8CC2000000000000000000000000
1070
   177
1004
18000000020000008C8C8CC2000000000000000000000000
1002
}
1001
ACAD_DSTYLE_DIMJAG_POSITION
1070
   387
1070
     0
1070
   389
1010
0.0
1020
0.0
1030
0.0
1001
ACAD
1000
DSTYLE
1002
{
1070
   271
1070
     0
1070
   144
1040
3.0
1070
   176
1070
     0
1070
   177
1070
     0
1002
}
  0
DIMENSION
  5
25F
330
70
100
AcDbEntity
  8
FD_Dimensions
100
AcDbDimension
280
     0
  2
*D30
 10
298.106722
 20
194.336573
 30
0.0
 11
294.919716
 21
205.87354
 31
0.0
 70
    33
 71
     5
 42
69.2218
 73
     0
 74
     0
 75
     0
  3
Dim-ISO-25
100
AcDbAlignedDimension
 13
277.106722
 23
217.410506
 33
0.0
 14
277.106722
 24
194.336573
 34
0.0
1001
ACAD_DIMASSOC_CALC_DIMLFAC
1040
-3.0
1001
ACAD_DIMASSOC_DIMLFAC
1040
-3.0
1001
ACAD_DIMASSOC_OVERRIDDEN_DIMLFAC
1040
0.0
1001
ACAD_TC
1000
DSTYLE_TC
1002
{
1070
   177
1004
18000000020000008C8C8CC2000000000000000000000000
1070
   176
1004
18000000020000008C8C8CC2000000000000000000000000
1002
}
1001
ACAD_DSTYLE_DIMJAG_POSITION
1070
   387
1070
     0
1070
   389
1010
0.0
1020
0.0
1030
0.0
1001
ACAD
1000
DSTYLE
1002
{
1070
   271
1070
     0
1070
   177
1070
     0
1070
   176
1070
     0
1070
   144
1040
3.0
1002
}
  0
DIMENSION
  5
26C
330
70
100
AcDbEntity
  8
FD_Dimensions
100
AcDbDimension
280
     0
  2
*D31
 10
277.106722
 20
227.910506
 30
0.0
 11
271.473388
 21
231.098705
 31
0.0
 70
    33
 71
     5
 42
33.8
 73
     0
 74
     0
 75
     0
  3
Dim-ISO-25
100
AcDbAlignedDimension
 13
265.840055
 23
217.410506
 33
0.0
 14
277.106722
 24
217.410506
 34
0.0
1001
ACAD_DIMASSOC_CALC_DIMLFAC
1040
-3.0
1001
ACAD_DIMASSOC_DIMLFAC
1040
-3.0
1001
ACAD_DIMASSOC_OVERRIDDEN_DIMLFAC
1040
0.0
1001
ACAD_TC
1000
DSTYLE_TC
1002
{
1070
   176
1004
18000000020000008C8C8CC2000000000000000000000000
1070
   177
1004
18000000020000008C8C8CC2000000000000000000000000
1002
}
1001
ACAD_DSTYLE_DIMJAG_POSITION
1070
   387
1070
     0
1070
   389
1010
0.0
1020
0.0
1030
0.0
1001
ACAD
1000
DSTYLE
1002
{
1070
   271
1070
     0
1070
   144
1040
3.0
1070
   176
1070
     0
1070
   177
1070
     0
1002
}
  0
DIMENSION
  5
279
330
70
100
AcDbEntity
  8
FD_Dimensions
100
AcDbDimension
280
     0
  2
*D32
 10
265.840055
 20
183.836573
 30
0.0
 11
276.438895
 21
186.993735
 31
0.0
 70
    33
 71
     5
 42
20.98
 73
     0
 74
     0
 75
     0
  3
Dim-ISO-25
100
AcDbAlignedDimension
 13
258.846722
 23
194.336573
 33
0.0
 14
265.840055
 24
194.336573
 34
0.0
1001
ACAD_DIMASSOC_CALC_DIMLFAC
1040
-3.0
1001
ACAD_DIMASSOC_DIMLFAC
1040
-3.0
1001
ACAD_DIMASSOC_OVERRIDDEN_DIMLFAC
1040
0.0
1001
ACAD_TC
1000
DSTYLE_TC
1002
{
1070
   176
1004
18000000020000008C8C8CC2000000000000000000000000
1070
   177
1004
18000000020000008C8C8CC2000000000000000000000000
1002
}
1001
ACAD_DSTYLE_DIMJAG_POSITION
1070
   387
1070
     0
1070
   389
1010
0.0
1020
0.0
1030
0.0
1001
ACAD
1000
DSTYLE
1002
{
1070
   271
1070
     0
1070
   144
1040
3.0
1070
   176
1070
     0
1070
   177
1070
     0
1002
}
  0
LINE
  5
3CD
330
70
100
AcDbEntity
  8
Visible
100
AcDbLine
 10
248.246722
 20
200.76905
 30
0.0
 11
258.180055
 21
200.76905
 31
0.0
210
0.0
220
1.0
230
0.0
  0
LINE
  5
3CE
330
70
100
AcDbEntity
  8
Visible
100
AcDbLine
 10
277.106722
 20
200.76905
 30
0.0
 11
279.010055
 21
200.76905
 31
0.0
210
0.0
220
1.0
230
0.0
  0
LINE
  5
3CF
330
70
100
AcDbEntity
  8
Visible
100
AcDbLine
 10
279.010055
 20
200.76905
 30
0.0
 11
287.343388
 21
200.76905
 31
0.0
210
0.0
220
1.0
230
0.0
  0
LINE
  5
3D0
330
70
100
AcDbEntity
  8
Visible
100
AcDbLine
 10
237.343388
 20
200.76905
 30
0.0
 11
245.676722
 21
200.76905
 31
0.0
210
0.0
220
1.0
230
0.0
  0
LINE
  5
3D1
330
70
100
AcDbEntity
  8
Visible
100
AcDbLine
 10
245.676722
 20
200.76905
 30
0.0
 11
247.580055
 21
200.76905
 31
0.0
210
0.0
220
1.0
230
0.0
  0
LINE
  5
3D2
330
70
100
AcDbEntity
  8
Visible
100
AcDbLine
 10
258.846722
 20
200.76905
 30
0.0
 11
262.343388
 21
200.76905
 31
0.0
210
0.0
220
1.0
230
0.0
  0
LINE
  5
3D3
330
70
100
AcDbEntity
  8
Visible
100
AcDbLine
 10
262.343388
 20
238.48448
 30
0.0
 11
213.233826
 21
238.48448
 31
0.0
210
0.0
220
1.0
230
0.0
  0
LINE
  5
3D4
330
70
100
AcDbEntity
  8
Visible
100
AcDbLine
 10
311.45176
 20
238.48448
 30
0.0
 11
262.343388
 21
238.48448
 31
0.0
210
0.0
220
1.0
230
0.0
  0
LINE
  5
3D5
330
70
100
AcDbEntity
  8
Visible
100
AcDbLine
 10
262.343388
 20
200.76905
 30
0.0
 11
265.840055
 21
200.76905
 31
0.0
210
0.0
220
1.0
230
0.0
  0
LINE
  5
3D6
330
70
100
AcDbEntity
  8
Visible
100
AcDbLine
 10
266.506722
 20
200.76905
 30
0.0
 11
276.440055
 21
200.76905
 31
0.0
210
0.0
220
1.0
230
0.0
  0
LINE
  5
3D7
330
70
100
AcDbEntity
  8
Visible
100
AcDbLine
 10
279.010055
 20
194.102383
 30
0.0
 11
245.676722
 21
194.102383
 31
0.0
210
0.0
220
1.0
230
0.0
  0
SPLINE
  5
3D8
330
70
100
AcDbEntity
  8
Visible
100
AcDbSpline
210
0.0
220
0.0
230
1.0
 70
     8
 71
     3
 72
     8
 73
     4
 74
     0
 42
0.000000001
 43
0.0000000001
 40
-0.7014081811113562
 40
-0.7014081811113562
 40
-0.7014081811113562
 40
-0.7014081811113562
 40
-0.6992505952925478
 40
-0.6992505952925478
 40
-0.6992505952925478
 40
-0.6992505952925478
 10
245.6767215107729
 20
179.0607035044393
 30
-0.0000000000004547
 10
245.6766943376597
 20
179.0583063408687
 30
-0.0000000000004547
 10
245.6766670575066
 20
179.0559091792873
 30
-0.0000000000004547
 10
245.6766396703142
 20
179.0535120196954
 30
-0.0000000000004547
  0
LINE
  5
3D9
330
70
100
AcDbEntity
  8
Visible
100
AcDbLine
 10
245.676722
 20
179.067301
 30
0.0
 11
245.676722
 21
179.060704
 31
0.0
210
0.0
220
1.0
230
0.0
  0
LINE
  5
3DA
330
70
100
AcDbEntity
  8
Visible
100
AcDbLine
 10
245.676722
 20
179.067301
 30
0.0
 11
247.654478
 21
179.067301
 31
0.0
210
0.0
220
1.0
230
0.0
  0
SPLINE
  5
3DB
330
70
100
AcDbEntity
  8
Visible
100
AcDbSpline
210
0.0
220
0.0
230
1.0
 70
     8
 71
     3
 72
    10
 73
     6
 74
     0
 42
0.000000001
 43
0.0000000001
 40
-2.600957522550651
 40
-2.600957522550651
 40
-2.600957522550651
 40
-2.600957522550651
 40
-1.290761599596443
 40
-1.290761599596443
 40
0.0
 40
0.0
 40
0.0
 40
0.0
 10
254.0100548441064
 20
178.8730043541864
 30
-0.0000000000004547
 10
252.6535387282133
 20
178.8906914189748
 30
-0.0000000000004547
 10
251.4268125565318
 20
178.9299692853379
 30
-0.0000000000004547
 10
248.2824089345763
 20
179.0170707103916
 30
-0.0000000000004547
 10
247.110808208387
 20
179.0443835775321
 30
-0.0000000000004547
 10
245.6767215107729
 20
179.0607035044393
 30
-0.0000000000004547
  0
LINE
  5
3DC
330
70
100
AcDbEntity
  8
Visible
100
AcDbLine
 10
247.654478
 20
179.067301
 30
0.0
 11
254.009833
 21
179.067301
 31
0.0
210
0.0
220
1.0
230
0.0
  0
LINE
  5
3DD
330
70
100
AcDbEntity
  8
Visible
100
AcDbLine
 10
254.009833
 20
179.067301
 30
0.0
 11
261.770899
 21
179.067301
 31
0.0
210
0.0
220
1.0
230
0.0
  0
ARC
  5
3DE
330
70
100
AcDbEntity
  8
Visible
100
AcDbCircle
 10
-254.527677
 20
353.842722
 30
0.0
 40
174.9704829726767
210
0.0000000000000001
220
0.0
230
-1.0
100
AcDbArc
 50
267.439818
 51
270.169501
  0
LINE
  5
3DF
330
70
100
AcDbEntity
  8
Visible
100
AcDbLine
 10
262.343388
 20
179.067301
 30
0.0
 11
262.343388
 21
179.046885
 31
0.0
210
0.0
220
1.0
230
0.0
  0
LINE
  5
3E0
330
70
100
AcDbEntity
  8
Visible
100
AcDbLine
 10
261.770899
 20
179.067301
 30
0.0
 11
262.343388
 21
179.067301
 31
0.0
210
0.0
220
1.0
230
0.0
  0
LINE
  5
3E1
330
70
100
AcDbEntity
  8
Visible
100
AcDbLine
 10
262.343388
 20
179.067301
 30
0.0
 11
262.915862
 21
179.067301
 31
0.0
210
0.0
220
1.0
230
0.0
  0
ARC
  5
3E2
330
70
100
AcDbEntity
  8
Visible
100
AcDbCircle
 10
-270.159482
 20
353.861042
 30
0.0
 40
174.9888025507697
210
0.0000000000000001
220
0.0
230
-1.0
100
AcDbArc
 50
269.830642
 51
272.560039
  0
LINE
  5
3E3
330
70
100
AcDbEntity
  8
Visible
100
AcDbLine
 10
262.915862
 20
179.067301
 30
0.0
 11
270.676943
 21
179.067301
 31
0.0
210
0.0
220
1.0
230
0.0
  0
LINE
  5
3E4
330
70
100
AcDbEntity
  8
Visible
100
AcDbLine
 10
270.676943
 20
179.067301
 30
0.0
 11
277.032099
 21
179.067301
 31
0.0
210
0.0
220
1.0
230
0.0
  0
SPLINE
  5
3E5
330
70
100
AcDbEntity
  8
Visible
100
AcDbSpline
210
0.0
220
0.0
230
1.0
 70
     8
 71
     3
 72
    10
 73
     6
 74
     0
 42
0.000000001
 43
0.0000000001
 40
-2.423987109385154
 40
-2.423987109385154
 40
-2.423987109385154
 40
-2.423987109385154
 40
-1.220682550153239
 40
-1.220682550153239
 40
0.0
 40
0.0
 40
0.0
 40
0.0
 10
279.0100548441064
 20
179.0607035044393
 30
-0.0000000000004547
 10
277.5755824670582
 20
179.0443791884946
 30
-0.0000000000004547
 10
276.4040159265956
 20
179.0170632599438
 30
-0.0000000000004547
 10
273.2591815128753
 20
178.9299452950291
 30
-0.0000000000004547
 10
272.0329201800296
 20
178.8906872799165
 30
-0.0000000000004547
 10
270.6767215107729
 20
178.8730043541864
 30
-0.0000000000004547
  0
LINE
  5
3E6
330
70
100
AcDbEntity
  8
Visible
100
AcDbLine
 10
279.010055
 20
179.067301
 30
0.0
 11
279.010055
 21
179.060704
 31
0.0
210
0.0
220
1.0
230
0.0
  0
LINE
  5
3E7
330
70
100
AcDbEntity
  8
Visible
100
AcDbLine
 10
277.032099
 20
179.067301
 30
0.0
 11
279.010055
 21
179.067301
 31
0.0
210
0.0
220
1.0
230
0.0
  0
SPLINE
  5
3E8
330
70
100
AcDbEntity
  8
Visible
100
AcDbSpline
210
0.0
220
0.0
230
1.0
 70
     8
 71
     3
 72
     8
 73
     4
 74
     0
 42
0.000000001
 43
0.0000000001
 40
-0.0021575858185376
 40
-0.0021575858185376
 40
-0.0021575858185376
 40
-0.0021575858185376
 40
0.0
 40
0.0
 40
0.0
 40
0.0
 10
279.0101366845652
 20
179.0535120196954
 30
-0.0000000000004547
 10
279.0101092973723
 20
179.0559091792877
 30
-0.0000000000004547
 10
279.0100820172197
 20
179.058306340869
 30
-0.0000000000004547
 10
279.0100548441064
 20
179.0607035044393
 30
-0.0000000000004547
  0
LINE
  5
3E9
330
70
100
AcDbEntity
  8
Visible
100
AcDbLine
 10
279.838847
 20
194.102383
 30
0.0
 11
279.010055
 21
194.102383
 31
0.0
210
0.0
220
1.0
230
0.0
  0
LINE
  5
3EA
330
70
100
AcDbEntity
  8
Visible
100
AcDbLine
 10
287.345346
 20
194.102383
 30
0.0
 11
279.838847
 21
194.102383
 31
0.0
210
0.0
220
1.0
230
0.0
  0
LINE
  5
3EB
330
70
100
AcDbEntity
  8
Visible
100
AcDbLine
 10
279.010055
 20
179.067301
 30
0.0
 11
279.010055
 21
194.102383
 31
0.0
210
0.0
220
1.0
230
0.0
  0
LINE
  5
3EC
330
70
100
AcDbEntity
  8
Visible
100
AcDbLine
 10
279.031082
 20
178.838193
 30
0.0
 11
279.838847
 21
194.102383
 31
0.0
210
0.0
220
1.0
230
0.0
  0
LINE
  5
3ED
330
70
100
AcDbEntity
  8
Visible
100
AcDbLine
 10
245.676722
 20
179.067301
 30
0.0
 11
245.676722
 21
194.102383
 31
0.0
210
0.0
220
1.0
230
0.0
  0
LINE
  5
3EE
330
70
100
AcDbEntity
  8
Visible
100
AcDbLine
 10
237.34143
 20
194.102383
 30
0.0
 11
244.847929
 21
194.102383
 31
0.0
210
0.0
220
1.0
230
0.0
  0
LINE
  5
3EF
330
70
100
AcDbEntity
  8
Visible
100
AcDbLine
 10
244.847929
 20
194.102383
 30
0.0
 11
245.676722
 21
194.102383
 31
0.0
210
0.0
220
1.0
230
0.0
  0
LINE
  5
3F0
330
70
100
AcDbEntity
  8
Visible
100
AcDbLine
 10
245.655694
 20
178.838193
 30
0.0
 11
244.847929
 21
194.102383
 31
0.0
210
0.0
220
1.0
230
0.0
  0
LINE
  5
3F1
330
70
100
AcDbEntity
  8
Visible
100
AcDbLine
 10
262.343388
 20
175.180615
 30
0.0
 11
262.343388
 21
178.44084
 31
0.0
210
0.0
220
1.0
230
0.0
  0
ARC
  5
3F2
330
70
100
AcDbEntity
  8
Visible
100
AcDbCircle
 10
-606.939049
 20
537.414372
 30
0.0
 40
499.9594718789965
210
0.0000000000000001
220
0.0
230
-1.0
100
AcDbArc
 50
312.266395
 51
313.570548
  0
SPLINE
  5
3F3
330
70
100
AcDbEntity
  8
Visible
100
AcDbSpline
210
0.0
220
0.0
230
1.0
 70
     8
 71
     3
 72
     8
 73
     4
 74
     0
 42
0.000000001
 43
0.0000000001
 40
-0.636202689726633
 40
-0.636202689726633
 40
-0.636202689726633
 40
-0.636202689726633
 40
-0.6346462105233921
 40
-0.6346462105233921
 40
-0.6346462105233921
 40
-0.6346462105233921
 10
270.6767242216929
 20
167.4311929681174
 30
-0.0000000000004547
 10
270.6785772337434
 20
167.4318347462882
 30
-0.0000000000004547
 10
270.6804292612405
 20
167.4324764179213
 30
-0.0000000000004547
 10
270.6822808207375
 20
167.4331181616704
 30
-0.0000000000004547
  0
SPLINE
  5
3F4
330
70
100
AcDbEntity
  8
Visible
100
AcDbSpline
210
0.0
220
0.0
230
1.0
 70
     8
 71
     3
 72
    10
 73
     6
 74
     0
 42
0.000000001
 43
0.0000000001
 40
0.0
 40
0.0
 40
0.0
 40
0.0
 40
0.449596977299991
 40
0.449596977299991
 40
0.9007113384538865
 40
0.9007113384538865
 40
0.9007113384538865
 40
0.9007113384538865
 10
270.6767215107729
 20
170.1075063130509
 30
-0.0000000000004547
 10
270.6767215107729
 20
169.6507550697143
 30
-0.0000000000004547
 10
270.6771460171867
 20
169.1997979130725
 30
-0.0000000000004547
 10
270.6789622370406
 20
168.3081945956802
 30
-0.0000000000004547
 10
270.6803571445976
 20
167.8676110181461
 30
-0.0000000000004547
 10
270.6822808207375
 20
167.4331181616704
 30
-0.0000000000004547
  0
LINE
  5
3F5
330
70
100
AcDbEntity
  8
Visible
100
AcDbLine
 10
262.343388
 20
178.44084
 30
0.0
 11
270.676722
 21
170.107506
 31
0.0
210
0.0
220
1.0
230
0.0
  0
ARC
  5
3F6
330
70
100
AcDbEntity
  8
Visible
100
AcDbCircle
 10
-49.82316
 20
413.08727
 30
0.0
 40
330.335663079003
210
0.0000000000000001
220
0.0
230
-1.0
100
AcDbArc
 50
225.669608
 51
228.04239
  0
LINE
  5
3F7
330
70
100
AcDbEntity
  8
Visible
100
AcDbLine
 10
279.010055
 20
179.060704
 30
0.0
 11
279.010055
 21
178.44084
 31
0.0
210
0.0
220
1.0
230
0.0
  0
LINE
  5
3F8
330
70
100
AcDbEntity
  8
Visible
100
AcDbLine
 10
279.010055
 20
178.44084
 30
0.0
 11
280.658354
 21
176.79254
 31
0.0
210
0.0
220
1.0
230
0.0
  0
LINE
  5
3F9
330
70
100
AcDbEntity
  8
Visible
100
AcDbLine
 10
270.676722
 20
178.873004
 30
0.0
 11
270.676722
 21
170.107506
 31
0.0
210
0.0
220
1.0
230
0.0
  0
LINE
  5
3FA
330
70
100
AcDbEntity
  8
Visible
100
AcDbLine
 10
270.676722
 20
170.107506
 30
0.0
 11
279.010055
 21
178.44084
 31
0.0
210
0.0
220
1.0
230
0.0
  0
LINE
  5
3FB
330
70
100
AcDbEntity
  8
Visible
100
AcDbLine
 10
262.343388
 20
179.046885
 30
0.0
 11
262.343388
 21
178.44084
 31
0.0
210
0.0
220
1.0
230
0.0
  0
SPLINE
  5
3FC
330
70
100
AcDbEntity
  8
Visible
100
AcDbSpline
210
0.0
220
0.0
230
1.0
 70
     8
 71
     3
 72
     8
 73
     4
 74
     0
 42
0.000000001
 43
0.0000000001
 40
-0.8748729791808488
 40
-0.8748729791808488
 40
-0.8748729791808488
 40
-0.8748729791808488
 40
-0.8724102689793122
 40
-0.8724102689793122
 40
-0.8724102689793122
 40
-0.8724102689793122
 10
254.0044955341414
 20
167.4331181616704
 30
-0.0000000000004547
 10
254.0063470930213
 20
167.4324764181541
 30
-0.0000000000004547
 10
254.0081991217876
 20
167.4318347460408
 30
-0.0000000000004547
 10
254.0100521331865
 20
167.4311929681175
 30
-0.0000000000004547
  0
ARC
  5
3FD
330
70
100
AcDbEntity
  8
Visible
100
AcDbCircle
 10
-557.870598
 20
501.347505
 30
0.0
 40
451.47850639804
210
0.0000000000000001
220
0.0
230
-1.0
100
AcDbArc
 50
312.302571
 51
314.038624
  0
ARC
  5
3FE
330
70
100
AcDbEntity
  8
Visible
100
AcDbCircle
 10
118.29964
 20
576.149526
 30
0.0
 40
552.8699509664352
210
0.0000000000000001
220
0.0
230
-1.0
100
AcDbArc
 50
226.489646
 51
227.668985
  0
LINE
  5
3FF
330
70
100
AcDbEntity
  8
Visible
100
AcDbLine
 10
254.010055
 20
178.873004
 30
0.0
 11
254.010055
 21
170.107506
 31
0.0
210
0.0
220
1.0
230
0.0
  0
LINE
  5
400
330
70
100
AcDbEntity
  8
Visible
100
AcDbLine
 10
254.010055
 20
170.107506
 30
0.0
 11
262.343388
 21
178.44084
 31
0.0
210
0.0
220
1.0
230
0.0
  0
LINE
  5
401
330
70
100
AcDbEntity
  8
Visible
100
AcDbLine
 10
245.676722
 20
179.060704
 30
0.0
 11
245.676722
 21
178.44084
 31
0.0
210
0.0
220
1.0
230
0.0
  0
LINE
  5
402
330
70
100
AcDbEntity
  8
Visible
100
AcDbLine
 10
245.676722
 20
178.44084
 30
0.0
 11
254.010055
 21
170.107506
 31
0.0
210
0.0
220
1.0
230
0.0
  0
SPLINE
  5
403
330
70
100
AcDbEntity
  8
Visible
100
AcDbSpline
210
0.0
220
0.0
230
1.0
 70
     8
 71
     3
 72
    10
 73
     6
 74
     0
 42
0.000000001
 43
0.0000000001
 40
-0.9007103799997855
 40
-0.9007103799997855
 40
-0.9007103799997855
 40
-0.9007103799997855
 40
-0.4420841596780993
 40
-0.4420841596780993
 40
0.0
 40
0.0
 40
0.0
 40
0.0
 10
254.0100548441064
 20
170.1075063130509
 30
-0.0000000000004547
 10
254.0100548441064
 20
169.6415810922026
 30
-0.0000000000004547
 10
254.009613062638
 20
169.1816857752891
 30
-0.0000000000004547
 10
254.0077581111332
 20
168.290559894444
 30
-0.0000000000004547
 10
254.0063807072938
 20
167.8589145058291
 30
-0.0000000000004547
 10
254.0044955341414
 20
167.4331181616704
 30
-0.0000000000004547
  0
LINE
  5
404
330
70
100
AcDbEntity
  8
Visible
100
AcDbLine
 10
245.676722
 20
178.44084
 30
0.0
 11
244.028422
 21
176.79254
 31
0.0
210
0.0
220
1.0
230
0.0
  0
CIRCLE
  5
405
330
70
100
AcDbEntity
  8
Visible
100
AcDbCircle
 10
-254.880055
 20
197.33084
 30
0.0
 40
0.7500000000000002
210
0.0000000000000001
220
0.0
230
-1.0
  0
CIRCLE
  5
406
330
70
100
AcDbEntity
  8
Visible
100
AcDbCircle
 10
-251.546722
 20
197.33084
 30
0.0
 40
0.7500000000000002
210
0.0000000000000001
220
0.0
230
-1.0
  0
LINE
  5
407
330
70
100
AcDbEntity
  8
Visible
100
AcDbLine
 10
258.180055
 20
200.00324
 30
0.0
 11
248.246722
 21
200.00324
 31
0.0
210
0.0
220
1.0
230
0.0
  0
LINE
  5
408
330
70
100
AcDbEntity
  8
Visible
100
AcDbLine
 10
258.180055
 20
216.74384
 30
0.0
 11
258.180055
 21
195.00324
 31
0.0
210
0.0
220
1.0
230
0.0
  0
CIRCLE
  5
409
330
70
100
AcDbEntity
  8
Visible
100
AcDbCircle
 10
-254.880055
 20
213.497506
 30
0.0
 40
0.7500000000000002
210
0.0000000000000001
220
0.0
230
-1.0
  0
CIRCLE
  5
40A
330
70
100
AcDbEntity
  8
Visible
100
AcDbCircle
 10
-251.546722
 20
213.497506
 30
0.0
 40
0.7500000000000002
210
0.0000000000000001
220
0.0
230
-1.0
  0
LINE
  5
40B
330
70
100
AcDbEntity
  8
Visible
100
AcDbLine
 10
258.180055
 20
211.74384
 30
0.0
 11
248.246722
 21
211.74384
 31
0.0
210
0.0
220
1.0
230
0.0
  0
LINE
  5
40C
330
70
100
AcDbEntity
  8
Visible
100
AcDbLine
 10
248.246722
 20
216.74384
 30
0.0
 11
258.180055
 21
216.74384
 31
0.0
210
0.0
220
1.0
230
0.0
  0
LINE
  5
40D
330
70
100
AcDbEntity
  8
Visible
100
AcDbLine
 10
248.246722
 20
195.00324
 30
0.0
 11
248.246722
 21
216.74384
 31
0.0
210
0.0
220
1.0
230
0.0
  0
LINE
  5
40E
330
70
100
AcDbEntity
  8
Visible
100
AcDbLine
 10
258.180055
 20
195.00324
 30
0.0
 11
248.246722
 21
195.00324
 31
0.0
210
0.0
220
1.0
230
0.0
  0
LINE
  5
40F
330
70
100
AcDbEntity
  8
Visible
100
AcDbLine
 10
258.846722
 20
194.336573
 30
0.0
 11
247.580055
 21
194.336573
 31
0.0
210
0.0
220
1.0
230
0.0
  0
LINE
  5
410
330
70
100
AcDbEntity
  8
Visible
100
AcDbLine
 10
247.580055
 20
194.336573
 30
0.0
 11
247.580055
 21
217.410506
 31
0.0
210
0.0
220
1.0
230
0.0
  0
LINE
  5
411
330
70
100
AcDbEntity
  8
Visible
100
AcDbLine
 10
247.580055
 20
217.410506
 30
0.0
 11
258.846722
 21
217.410506
 31
0.0
210
0.0
220
1.0
230
0.0
  0
LINE
  5
412
330
70
100
AcDbEntity
  8
Visible
100
AcDbLine
 10
258.846722
 20
217.410506
 30
0.0
 11
258.846722
 21
194.336573
 31
0.0
210
0.0
220
1.0
230
0.0
  0
CIRCLE
  5
413
330
70
100
AcDbEntity
  8
Visible
100
AcDbCircle
 10
269.806722
 20
197.33084
 30
0.0
 40
0.7500000000000002
  0
CIRCLE
  5
414
330
70
100
AcDbEntity
  8
Visible
100
AcDbCircle
 10
273.140055
 20
197.33084
 30
0.0
 40
0.7500000000000002
  0
LINE
  5
415
330
70
100
AcDbEntity
  8
Visible
100
AcDbLine
 10
266.506722
 20
200.00324
 30
0.0
 11
276.440055
 21
200.00324
 31
0.0
210
0.0
220
1.0
230
0.0
  0
LINE
  5
416
330
70
100
AcDbEntity
  8
Visible
100
AcDbLine
 10
266.506722
 20
216.74384
 30
0.0
 11
266.506722
 21
195.00324
 31
0.0
210
0.0
220
1.0
230
0.0
  0
CIRCLE
  5
417
330
70
100
AcDbEntity
  8
Visible
100
AcDbCircle
 10
269.806722
 20
213.497506
 30
0.0
 40
0.7500000000000002
  0
CIRCLE
  5
418
330
70
100
AcDbEntity
  8
Visible
100
AcDbCircle
 10
273.140055
 20
213.497506
 30
0.0
 40
0.7500000000000002
  0
LINE
  5
419
330
70
100
AcDbEntity
  8
Visible
100
AcDbLine
 10
266.506722
 20
211.74384
 30
0.0
 11
276.440055
 21
211.74384
 31
0.0
210
0.0
220
1.0
230
0.0
  0
LINE
  5
41A
330
70
100
AcDbEntity
  8
Visible
100
AcDbLine
 10
276.440055
 20
216.74384
 30
0.0
 11
266.506722
 21
216.74384
 31
0.0
210
0.0
220
1.0
230
0.0
  0
LINE
  5
41B
330
70
100
AcDbEntity
  8
Visible
100
AcDbLine
 10
276.440055
 20
195.00324
 30
0.0
 11
276.440055
 21
216.74384
 31
0.0
210
0.0
220
1.0
230
0.0
  0
LINE
  5
41C
330
70
100
AcDbEntity
  8
Visible
100
AcDbLine
 10
266.506722
 20
195.00324
 30
0.0
 11
276.440055
 21
195.00324
 31
0.0
210
0.0
220
1.0
230
0.0
  0
LINE
  5
41D
330
70
100
AcDbEntity
  8
Visible
100
AcDbLine
 10
265.840055
 20
194.336573
 30
0.0
 11
277.106722
 21
194.336573
 31
0.0
210
0.0
220
1.0
230
0.0
  0
LINE
  5
41E
330
70
100
AcDbEntity
  8
Visible
100
AcDbLine
 10
277.106722
 20
194.336573
 30
0.0
 11
277.106722
 21
217.410506
 31
0.0
210
0.0
220
1.0
230
0.0
  0
LINE
  5
41F
330
70
100
AcDbEntity
  8
Visible
100
AcDbLine
 10
277.106722
 20
217.410506
 30
0.0
 11
265.840055
 21
217.410506
 31
0.0
210
0.0
220
1.0
230
0.0
  0
LINE
  5
420
330
70
100
AcDbEntity
  8
Visible
100
AcDbLine
 10
265.840055
 20
217.410506
 30
0.0
 11
265.840055
 21
194.336573
 31
0.0
210
0.0
220
1.0
230
0.0
  0
LINE
  5
421
330
70
100
AcDbEntity
  8
Visible
100
AcDbLine
 10
237.343388
 20
200.76905
 30
0.0
 11
213.27233
 21
238.484424
 31
0.0
210
0.0
220
1.0
230
0.0
  0
ARC
  5
422
330
70
100
AcDbEntity
  8
Visible
100
AcDbCircle
 10
-256.277178
 20
275.029189
 30
0.0
 40
66.18066600954034
210
0.0000000000000001
220
0.0
230
-1.0
100
AcDbArc
 50
213.517811
 51
215.681463
  0
SPLINE
  5
423
330
70
100
AcDbEntity
  8
Visible
100
AcDbSpline
210
0.0
220
0.0
230
1.0
 70
     8
 71
     3
 72
    42
 73
    38
 74
     0
 42
0.000000001
 43
0.0000000001
 40
8.597953772786439
 40
8.597953772786439
 40
8.597953772786439
 40
8.597953772786439
 40
10.86032971892199
 40
10.86032971892199
 40
11.26003752237221
 40
11.26003752237221
 40
11.40992581709981
 40
11.40992581709981
 40
11.46613377813699
 40
11.46613377813699
 40
11.48532502744121
 40
11.48532502744121
 40
11.49492065166713
 40
11.49492065166713
 40
11.49971846372588
 40
11.49971846372588
 40
11.50211736974843
 40
11.50211736974843
 40
11.80917869316744
 40
11.80917869316744
 40
12.73035860495102
 40
12.73035860495102
 40
13.83577449909254
 40
13.83577449909254
 40
15.16227357206186
 40
15.16227357206186
 40
16.75407245962519
 40
16.75407245962519
 40
18.66423112470116
 40
18.66423112470116
 40
20.95642152279233
 40
20.95642152279233
 40
23.70705000050174
 40
23.70705000050174
 40
27.00780417375302
 40
27.00780417375302
 40
28.64417376112942
 40
28.64417376112942
 40
28.64417376112942
 40
28.64417376112942
 10
311.1583954085431
 20
238.0830914829892
 30
-0.0000000000004547
 10
311.1583954085713
 20
238.0830914830325
 30
-0.0000000000004547
 10
311.1343192575159
 20
238.045487607798
 30
-0.0000000000004547
 10
311.0579859570285
 20
237.9259077801751
 30
-0.0000000000004547
 10
311.0451687510913
 20
237.9058268833897
 30
-0.0000000000004547
 10
311.0253626622212
 20
237.8747948141002
 30
-0.0000000000004547
 10
311.0197371192412
 20
237.8659806078359
 30
-0.0000000000004547
 10
311.0116736016252
 20
237.8533464545236
 30
-0.0000000000004547
 10
311.0094408578884
 20
237.849848118951
 30
-0.0000000000004547
 10
311.0063995631267
 20
237.8450829148902
 30
-0.0000000000004547
 10
311.0056214497772
 20
237.8438637400572
 30
-0.0000000000004547
 10
311.0044482020708
 20
237.8420254548117
 30
-0.0000000000004547
 10
311.0040561065371
 20
237.8414111058692
 30
-0.0000000000004547
 10
311.0034664372229
 20
237.8404871914135
 30
-0.0000000000004547
 10
311.0032696264712
 20
237.8401788214562
 30
-0.0000000000004547
 10
311.0029740281147
 20
237.839715667626
 30
-0.0000000000004547
 10
311.0028754312798
 20
237.8395611826609
 30
-0.0000000000004547
 10
310.9901482643331
 20
237.8196198128618
 30
-0.0000000000004547
 10
310.7209254566555
 20
237.3977921123017
 30
-0.0000000000004547
 10
310.1558378991563
 20
236.5123931854878
 30
-0.0000000000004547
 10
309.7320226978563
 20
235.8483447218151
 30
-0.0000000000004547
 10
308.7996292549442
 20
234.3874381016507
 30
-0.0000000000004547
 10
308.291051013347
 20
233.590579945185
 30
-0.0000000000004547
 10
307.1721788818536
 20
231.8374920009905
 30
-0.0000000000004547
 10
306.5618849919506
 20
230.8812622132511
 30
-0.0000000000004547
 10
305.2192384341584
 20
228.7775566802173
 30
-0.0000000000004547
 10
304.4868857662709
 20
227.6300809349256
 30
-0.0000000000004547
 10
302.8757098969204
 20
225.105634295285
 30
-0.0000000000004547
 10
301.996886695456
 20
223.7286634009357
 30
-0.0000000000004547
 10
300.0634756522349
 20
220.699327433367
 30
-0.0000000000004547
 10
299.0088878104785
 20
219.0469623601477
 30
-0.0000000000004547
 10
296.6887945586136
 20
215.4117591990652
 30
-0.0000000000004547
 10
295.4232891485048
 20
213.4289211112021
 30
-0.0000000000004547
 10
292.6391772462671
 20
209.0666773179032
 30
-0.0000000000004547
 10
291.1205707541367
 20
206.6872716124674
 30
-0.0000000000004547
 10
288.8491055671516
 20
203.1282606022931
 30
-0.0000000000004547
 10
288.0962468722951
 20
201.9486552975546
 30
-0.0000000000004547
 10
287.3433881774395
 20
200.7690499928161
 30
-0.0000000000004547
  0
SPLINE
  5
424
330
70
100
AcDbEntity
  8
Visible
100
AcDbSpline
210
0.0
220
0.0
230
1.0
 70
     8
 71
     3
 72
    16
 73
    12
 74
     0
 42
0.000000001
 43
0.0000000001
 40
0.0
 40
0.0
 40
0.0
 40
0.0
 40
2.261921133498591
 40
2.261921133498591
 40
3.767925792184179
 40
3.767925792184179
 40
4.600983721539514
 40
4.600983721539514
 40
5.058694514882344
 40
5.058694514882344
 40
5.469434742485642
 40
5.469434742485642
 40
5.469434742485642
 40
5.469434742485642
 10
287.3453462366733
 20
194.1023833261494
 30
-0.0000000000004547
 10
285.7214525895111
 20
192.1871465550628
 30
-0.0000000000004547
 10
284.1683618727193
 20
190.1975755083282
 30
-0.0000000000004547
 10
281.8824249697454
 20
186.690556475124
 30
-0.0000000000004547
 10
281.0404401388737
 20
185.2197511620882
 30
-0.0000000000004547
 10
280.0065463935943
 20
182.8772844898697
 30
-0.0000000000004547
 10
279.6903810817553
 20
182.0203439731816
 30
-0.0000000000004547
 10
279.335057814983
 20
180.7446400639404
 30
-0.0000000000004547
 10
279.234252015171
 20
180.2989155549374
 30
-0.0000000000004547
 10
279.0973226489718
 20
179.5066915082487
 30
-0.0000000000004547
 10
279.055171228566
 20
179.150703937879
 30
-0.0000000000004547
 10
279.0323046694216
 20
178.8316132707891
 30
-0.0000000000004547
  0
SPLINE
  5
425
330
70
100
AcDbEntity
  8
Visible
100
AcDbSpline
210
0.0
220
0.0
230
1.0
 70
     8
 71
     3
 72
    18
 73
    14
 74
     0
 42
0.000000001
 43
0.0000000001
 40
0.0723820923722242
 40
0.0723820923722242
 40
0.0723820923722242
 40
0.0723820923722242
 40
0.5674195217061464
 40
0.5674195217061464
 40
1.151760698965407
 40
1.151760698965407
 40
1.89815040713178
 40
1.89815040713178
 40
3.036920749329345
 40
3.036920749329345
 40
5.103132865357761
 40
5.103132865357761
 40
5.543130278247069
 40
5.543130278247069
 40
5.543130278247069
 40
5.543130278247069
 10
245.654452986927
 20
178.8315140308623
 30
-0.0000000000004547
 10
245.6267752253743
 20
179.2162921616422
 30
-0.0000000000004547
 10
245.570735596225
 20
179.6553884679434
 30
-0.0000000000004547
 10
245.3763668386232
 20
180.6614348472047
 30
-0.0000000000004547
 10
245.2240263669414
 20
181.2459795620059
 30
-0.0000000000004547
 10
244.7922705884225
 20
182.5798906365123
 30
-0.0000000000004547
 10
244.4872216651193
 20
183.3411114217147
 30
-0.0000000000004547
 10
243.6179882347765
 20
185.2208597814476
 30
-0.0000000000004547
 10
242.9976014058821
 20
186.3325071271112
 30
-0.0000000000004547
 10
241.1143402644125
 20
189.3533273865524
 30
-0.0000000000004547
 10
239.7310295313282
 20
191.1999764756323
 30
-0.0000000000004547
 10
237.9700850796771
 20
193.3545499709576
 30
-0.0000000000004547
 10
237.6573160228809
 20
193.7298242603763
 30
-0.0000000000004547
 10
237.341430118206
 20
194.1023833261494
 30
-0.0000000000004547
  0
LINE
  5
426
330
70
100
AcDbEntity
  8
Visible
100
AcDbLine
 10
237.343388
 20
200.76905
 30
0.0
 11
237.343388
 21
194.102383
 31
0.0
210
0.0
220
1.0
230
0.0
  0
LINE
  5
427
330
70
100
AcDbEntity
  8
Visible
100
AcDbLine
 10
287.343388
 20
200.76905
 30
0.0
 11
287.343388
 21
194.102383
 31
0.0
210
0.0
220
1.0
230
0.0
  0
SPLINE
  5
428
330
70
100
AcDbEntity
  8
Visible
100
AcDbSpline
210
0.0
220
0.0
230
1.0
 70
     8
 71
     3
 72
     8
 73
     4
 74
     0
 42
0.000000001
 43
0.0000000001
 40
0.0
 40
0.0
 40
0.0
 40
0.0
 40
2.985847711778166
 40
2.985847711778166
 40
2.985847711778166
 40
2.985847711778166
 10
279.0101366845652
 20
179.0535120196948
 30
-0.0000000000004547
 10
279.0148670941571
 20
178.6394664100376
 30
-0.0000000000004547
 10
279.2261952685212
 20
178.2246992219694
 30
-0.0000000000004547
 10
279.637053960982
 20
177.8138405295088
 30
-0.0000000000004547
  0
SPLINE
  5
429
330
70
100
AcDbEntity
  8
Visible
100
AcDbSpline
210
0.0
220
0.0
230
1.0
 70
     8
 71
     3
 72
     8
 73
     4
 74
     0
 42
0.000000001
 43
0.0000000001
 40
0.0
 40
0.0
 40
0.0
 40
0.0
 40
2.985847711778166
 40
2.985847711778166
 40
2.985847711778166
 40
2.985847711778166
 10
245.0497223938973
 20
177.8138405295088
 30
-0.0000000000004547
 10
245.4605810863581
 20
178.2246992219694
 30
-0.0000000000004547
 10
245.6719092607222
 20
178.6394664100376
 30
-0.0000000000004547
 10
245.6766396703142
 20
179.0535120196948
 30
-0.0000000000004547
  0
SPLINE
  5
42A
330
70
100
AcDbEntity
  8
Visible
100
AcDbSpline
210
0.0
220
0.0
230
1.0
 70
     9
 71
     3
 72
    85
 73
    81
 74
     0
 42
0.000000001
 43
0.0000000001
 40
-6.575141601070557
 40
-6.575141601070557
 40
-6.575141601070557
 40
-6.575141601070557
 40
0.0
 40
0.0
 40
0.0
 40
5.573296671471155
 40
5.573296671471155
 40
20.14021579036034
 40
20.14021579036034
 40
35.49107121587679
 40
35.49107121587679
 40
51.68112709017868
 40
51.68112709017868
 40
68.84117482899381
 40
68.84117482899381
 40
74.75037940633024
 40
74.75037940633024
 40
77.13560050593208
 40
77.13560050593208
 40
81.87363831306123
 40
81.87363831306123
 40
86.59079916175215
 40
86.59079916175215
 40
89.37456921359881
 40
89.37456921359881
 40
92.09721496537104
 40
92.09721496537104
 40
98.06019888318566
 40
98.06019888318566
 40
104.2638376026372
 40
104.2638376026372
 40
111.0785550686602
 40
111.0785550686602
 40
114.5569348443331
 40
114.5569348443331
 40
117.0783215910436
 40
117.0783215910436
 40
121.2621584305343
 40
121.2621584305343
 40
130.8447079466536
 40
130.8447079466536
 40
138.722192550792
 40
138.722192550792
 40
144.1653766387655
 40
144.1653766387655
 40
148.34231543351
 40
148.34231543351
 40
157.3896957636058
 40
157.3896957636058
 40
166.5787957101274
 40
166.5787957101274
 40
176.4106251610924
 40
176.4106251610924
 40
181.5387651045349
 40
181.5387651045349
 40
186.1195044953633
 40
186.1195044953633
 40
195.9365528492783
 40
195.9365528492783
 40
219.3304189501298
 40
219.3304189501298
 40
263.3051230156048
 40
263.3051230156048
 40
340.0425258531308
 40
340.0425258531308
 40
350.7698659981823
 40
350.7698659981823
 40
358.4702237706531
 40
358.4702237706531
 40
366.6904278595089
 40
366.6904278595089
 40
375.4599524092274
 40
375.4599524092274
 40
377.7591321217657
 40
377.7591321217657
 40
379.7478310001671
 40
379.7478310001671
 40
382.6789061083111
 40
382.6789061083111
 40
385.2843851810675
 40
385.2843851810675
 40
385.2843851810675
 40
385.2843851810675
 10
262.3433881774404
 20
45.14671782399591
 30
0.0
 10
254.509686112915
 20
45.14514119800469
 30
0.0
 10
247.1046184629995
 20
45.06839334609094
 30
0.0
 10
239.7999414681108
 20
44.94536963860491
 30
0.0
 10
233.6082676682404
 20
44.84109087762362
 30
0.0
 10
230.7284217676293
 20
44.75729828428348
 30
0.0
 10
227.6284626418419
 20
44.73770679295512
 30
0.0
 10
225.4821774725933
 20
45.17104624093508
 30
0.0
 10
221.4763602298321
 20
46.7807649955389
 30
0.0
 10
219.6760301676099
 20
47.97934457827432
 30
0.0
 10
216.6136186078893
 20
50.95041745835124
 30
0.0
 10
215.4150558019105
 20
52.72097685352128
 30
0.0
 10
213.7202463450963
 20
56.59620897997365
 30
0.0
 10
213.2860019354612
 20
58.67531416241991
 30
0.0
 10
213.2218285212198
 20
61.41749832344749
 30
0.0
 10
213.2528371059375
 20
62.34553346490838
 30
0.0
 10
213.2700709350424
 20
80.83246058108306
 30
0.0
 10
213.2713315113347
 20
87.88635593874051
 30
0.0
 10
213.272860460967
 20
99.15827388552907
 30
0.0
 10
213.2696983988972
 20
102.8494137358079
 30
0.0
 10
213.4356790098755
 20
117.3649788452399
 30
0.0
 10
213.5525116549356
 20
124.282698552664
 30
0.0
 10
213.6304458294439
 20
134.7353234269899
 30
0.0
 10
213.5969519451828
 20
134.866611873947
 30
0.0
 10
213.8416992978705
 20
137.0520153015318
 30
0.0
 10
214.0674851238473
 20
138.0848519091196
 30
0.0
 10
215.0539952187605
 20
141.2009942376367
 30
0.0
 10
216.1436870603406
 20
143.1126594240872
 30
0.0
 10
218.9393689835729
 20
146.398511241337
 30
0.0
 10
220.6415337536109
 20
147.7169267836175
 30
0.0
 10
224.4931085797048
 20
149.7183329123436
 30
0.0
 10
226.6406143261597
 20
150.3119311994846
 30
0.0
 10
229.8630249739749
 20
150.581577602195
 30
0.0
 10
230.0995614842354
 20
150.5430832882084
 30
0.0
 10
235.250521632735
 20
150.5031946722829
 30
0.0
 10
237.351359517113
 20
150.4978926890785
 30
0.0
 10
242.788145949286
 20
150.5003538398509
 30
0.0
 10
246.0763263153399
 20
150.5189357571325
 30
0.0
 10
256.6265489377506
 20
150.5832935514386
 30
0.0
 10
261.2113007788344
 20
150.6178637987177
 30
0.0
 10
276.7472867800693
 20
150.5348305953775
 30
0.0
 10
283.5537046384411
 20
150.4734235924302
 30
0.0
 10
294.7666197513941
 20
150.5361738847828
 30
0.0
 10
294.9866706452117
 20
150.6028509984476
 30
0.0
 10
297.4882202032054
 20
150.3189602517845
 30
0.0
 10
298.5289407368605
 20
150.0928906125023
 30
0.0
 10
301.6520639276878
 20
149.1128067717423
 30
0.0
 10
303.5715743530023
 20
148.0394977279988
 30
0.0
 10
306.8464826200702
 20
145.302801514912
 30
0.0
 10
308.1573175485569
 20
143.6613887059425
 30
0.0
 10
310.1487434333453
 20
139.9634885426912
 30
0.0
 10
310.7590741481013
 20
137.9220022974787
 30
0.0
 10
311.0891563269324
 20
134.815815672006
 30
0.0
 10
311.0614286962686
 20
134.533696537972
 30
0.0
 10
311.0917452914741
 20
129.7190347336109
 30
0.0
 10
311.1139342633046
 20
127.4946182036678
 30
0.0
 10
311.1918555167863
 20
120.7533755305207
 30
0.0
 10
311.2601838522464
 20
116.2146712995313
 30
0.0
 10
311.4435580067789
 20
101.1866581408762
 30
0.0
 10
311.4145339078805
 20
95.37440082298962
 30
0.0
 10
311.4150047040603
 20
90.5115571694405
 30
0.0
 10
311.4156786605327
 20
86.6846844976858
 30
0.0
 10
311.4188457115738
 20
77.94175165781644
 30
0.0
 10
311.4249064631918
 20
68.3134069067878
 30
0.0
 10
311.4554676980265
 20
60.47233280367845
 30
0.0
 10
311.4620943308637
 20
58.09592907692422
 30
0.0
 10
309.5718010936175
 20
53.20893369388659
 30
0.0
 10
308.4012951462077
 20
51.40575907137236
 30
0.0
 10
305.4470387987444
 20
48.2957547562205
 30
0.0
 10
303.6571340966661
 20
47.060094801398
 30
0.0
 10
299.6972332791269
 20
45.28969475492021
 30
0.0
 10
297.5482944332616
 20
44.82298737975725
 30
0.0
 10
294.871702784465
 20
44.74240710064305
 30
0.0
 10
294.4778253408135
 20
44.75999272808121
 30
0.0
 10
288.5030283887713
 20
44.88266331958266
 30
0.0
 10
285.8066950967427
 20
44.93176744362654
 30
0.0
 10
279.3114825293146
 20
45.03425109686441
 30
0.0
 10
275.5448537491024
 20
45.07941289435621
 30
0.0
 10
268.6190916621486
 20
45.13394165393083
 30
0.0
 10
265.4475870849642
 20
45.1457511699732
 30
0.0
 10
262.3433881774404
 20
45.14671782399591
 30
0.0
  0
SPLINE
  5
42B
330
70
100
AcDbEntity
  8
Visible
100
AcDbSpline
210
0.0
220
0.0
230
1.0
 70
     9
 71
     3
 72
   105
 73
   101
 74
     0
 42
0.000000001
 43
0.0000000001
 40
-263.2689423985449
 40
-263.2689423985449
 40
-263.2689423985449
 40
-263.2689423985449
 40
-261.9912738156442
 40
-261.9912738156442
 40
-254.6704222020376
 40
-254.6704222020376
 40
-254.523577251147
 40
-254.523577251147
 40
-254.1119442528401
 40
-254.1119442528401
 40
-253.3739454823513
 40
-253.3739454823513
 40
-252.7180032950514
 40
-252.7180032950514
 40
-252.1312588130311
 40
-252.1312588130311
 40
-251.7612192734403
 40
-251.7612192734403
 40
-251.6415762810172
 40
-251.6415762810172
 40
-251.3990363218567
 40
-251.3990363218567
 40
-244.7993001064783
 40
-244.7993001064783
 40
-242.0591676878674
 40
-242.0591676878674
 40
-241.7528771765188
 40
-241.7528771765188
 40
-241.4538400804857
 40
-241.4538400804857
 40
-237.4132177001946
 40
-237.4132177001946
 40
-231.6796746591117
 40
-231.6796746591117
 40
-227.3164778432813
 40
-227.3164778432813
 40
-217.9797353181278
 40
-217.9797353181278
 40
-207.5018579982264
 40
-207.5018579982264
 40
-198.0952986433387
 40
-198.0952986433387
 40
-189.3706769055263
 40
-189.3706769055263
 40
-188.1719705415958
 40
-188.1719705415958
 40
-187.093431489434
 40
-187.093431489434
 40
-174.8695294012675
 40
-174.8695294012675
 40
-152.7686113274599
 40
-152.7686113274599
 40
-120.0571608780483
 40
-120.0571608780483
 40
-100.697794803835
 40
-100.697794803835
 40
-52.07310952597262
 40
-52.07310952597262
 40
-51.03440443714202
 40
-51.03440443714202
 40
-49.78245344744318
 40
-49.78245344744318
 40
-47.46074898016991
 40
-47.46074898016991
 40
-45.42763940777282
 40
-45.42763940777282
 40
-43.56539403610636
 40
-43.56539403610636
 40
-42.61978177254468
 40
-42.61978177254468
 40
-42.31038207763084
 40
-42.31038207763084
 40
-41.61970997577394
 40
-41.61970997577394
 40
-35.22405720800261
 40
-35.22405720800261
 40
-31.14521463771306
 40
-31.14521463771306
 40
-18.7225640777167
 40
-18.7225640777167
 40
-8.654334968407388
 40
-8.654334968407388
 40
-8.424384083336695
 40
-8.424384083336695
 40
-7.61854867573426
 40
-7.61854867573426
 40
-6.21346292500984
 40
-6.21346292500984
 40
-4.890162189795738
 40
-4.890162189795738
 40
-3.666844823872277
 40
-3.666844823872277
 40
-2.83509985045997
 40
-2.83509985045997
 40
-2.485538531921726
 40
-2.485538531921726
 40
0.0
 40
0.0
 40
0.0
 40
6.61967328343087
 40
6.61967328343087
 40
6.61967328343087
 40
6.61967328343087
 10
262.3433881774376
 20
46.73420855895483
 30
0.0
 10
263.8378284588402
 20
46.73393151416212
 30
0.0
 10
265.3399556921122
 20
46.73062929438083
 30
0.0
 10
275.5019234621136
 20
46.68334702679385
 30
0.0
 10
284.612350695143
 20
46.52724615923989
 30
0.0
 10
294.3433959347622
 20
46.27095186669111
 30
0.0
 10
294.5913315670318
 20
46.26366487405948
 30
0.0
 10
295.9587722229917
 20
46.28469203163149
 30
0.0
 10
297.012336742007
 20
46.39331119895541
 30
0.0
 10
300.0515464120235
 20
47.04047082411716
 30
0.0
 10
302.0096330280117
 20
47.83013877583607
 30
0.0
 10
305.4457551318651
 20
50.17015121955592
 30
0.0
 10
306.9308775337577
 20
51.6129827372929
 30
0.0
 10
309.1853626870557
 20
55.02319713179758
 30
0.0
 10
309.998950713662
 20
56.89967184378429
 30
0.0
 10
310.6443675261671
 20
60.30865920471979
 30
0.0
 10
310.6530659194127
 20
61.40253819354848
 30
0.0
 10
310.6510512016776
 20
61.9403635746039
 30
0.0
 10
310.6505454502567
 20
62.07809158809277
 30
0.0
 10
310.6489714119657
 20
62.51717098148356
 30
0.0
 10
310.6479158257971
 20
62.82542118903302
 30
0.0
 10
310.6182237350499
 20
71.98134524932538
 30
0.0
 10
310.6239822854927
 20
81.23718898504785
 30
0.0
 10
310.6236641410592
 20
95.0325489944621
 30
0.0
 10
310.6236251120549
 20
95.58253922159792
 30
0.0
 10
310.6236073485356
 20
97.8586617290257
 30
0.0
 10
310.6236439733334
 20
98.09850240002516
 30
0.0
 10
310.6235455438205
 20
98.59771359435809
 30
0.0
 10
310.6233544963347
 20
98.85619150323691
 30
0.0
 10
310.6179353571956
 20
102.8065575141609
 30
0.0
 10
310.5818154086769
 20
106.6881409414418
 30
0.0
 10
310.4518210305737
 20
116.5081219286221
 30
0.0
 10
310.340212345222
 20
122.4772100750247
 30
0.0
 10
310.2182372974844
 20
133.2572190053197
 30
0.0
 10
310.2406566818081
 20
134.0838431337979
 30
0.0
 10
310.1523296234223
 20
136.4136065618932
 30
0.0
 10
309.8445958967964
 20
138.0623741407603
 30
0.0
 10
308.531110634533
 20
141.5455307331717
 30
0.0
 10
307.459123615658
 20
143.3357524629568
 30
0.0
 10
304.6290884466143
 20
146.3341256353865
 30
0.0
 10
302.9676264623558
 20
147.5637387745887
 30
0.0
 10
299.1892324339879
 20
149.2762756145384
 30
0.0
 10
297.1383107880206
 20
149.7943071354225
 30
0.0
 10
294.633635544722
 20
149.8695738913575
 30
0.0
 10
294.3296301460741
 20
149.8672081423196
 30
0.0
 10
294.0756302510867
 20
149.8639621009656
 30
0.0
 10
293.9495515649164
 20
149.8623912996158
 30
0.0
 10
292.3118030606143
 20
149.842616531012
 30
0.0
 10
290.73620646786
 20
149.8298862442511
 30
0.0
 10
286.0712037927438
 20
149.8097606977639
 30
0.0
 10
282.9317736378357
 20
149.8160015685521
 30
0.0
 10
274.7074490045438
 20
149.8569300179383
 30
0.0
 10
269.5509083700545
 20
149.9046965394468
 30
0.0
 10
260.8909825326064
 20
149.9202838701253
 30
0.0
 10
257.6750807718131
 20
149.9079165913499
 30
0.0
 10
246.944129397712
 20
149.8466058296603
 30
0.0
 10
238.9428096917713
 20
149.756501206411
 30
0.0
 10
230.2471956112968
 20
149.8686379749797
 30
0.0
 10
229.7121898072423
 20
149.8793013288155
 30
0.0
 10
227.9627774747464
 20
149.7342805396979
 30
0.0
 10
226.9689696140444
 20
149.5649940305325
 30
0.0
 10
224.0581755849071
 20
148.7492167352357
 30
0.0
 10
222.1833363746005
 20
147.8472633417254
 30
0.0
 10
218.978916947302
 20
145.3461964814723
 30
0.0
 10
217.6350722349457
 20
143.8648292102461
 30
0.0
 10
215.6171591951657
 20
140.4034656850394
 30
0.0
 10
214.9133274814553
 20
138.5010781287478
 30
0.0
 10
214.4653787207076
 20
135.3453595800656
 30
0.0
 10
214.4656790981958
 20
134.692808232438
 30
0.0
 10
214.458949349033
 20
133.4756502402451
 30
0.0
 10
214.4570234694711
 20
133.1611190772896
 30
0.0
 10
214.4497506006642
 20
132.0905523945789
 30
0.0
 10
214.4434245628563
 20
131.3149718296881
 30
0.0
 10
214.3638305124218
 20
122.9424687167957
 30
0.0
 10
214.1863267308636
 20
114.6600353292197
 30
0.0
 10
214.0494402902973
 20
100.3067307849301
 30
0.0
 10
214.0631026995816
 20
94.35972242391972
 30
0.0
 10
214.062992540988
 20
90.07703094491445
 30
0.0
 10
214.0630450715708
 20
86.69800397298377
 30
0.0
 10
214.0623833927602
 20
80.25500012052907
 30
0.0
 10
214.0620735044072
 20
69.0316553887983
 30
0.0
 10
214.0349106976955
 20
61.72194253042244
 30
0.0
 10
214.0337253562261
 20
61.50775022067819
 30
0.0
 10
214.0763684557119
 20
60.24405251805228
 30
0.0
 10
214.2107938028425
 20
59.21792453752686
 30
0.0
 10
214.9297700353709
 20
56.32620597270807
 30
0.0
 10
215.7525974319288
 20
54.49547636158285
 30
0.0
 10
218.1512249589409
 20
51.21576272618359
 30
0.0
 10
219.6629134300042
 20
49.77679634290462
 30
0.0
 10
223.2369124978468
 20
47.59212008460463
 30
0.0
 10
225.2227648528315
 20
46.82001221792734
 30
0.0
 10
228.9087401756551
 20
46.23295036226273
 30
0.0
 10
230.047645219925
 20
46.26326622725673
 30
0.0
 10
231.1293065585342
 20
46.29157574867213
 30
0.0
 10
231.4644356705253
 20
46.30025469672
 30
0.0
 10
234.3236019988431
 20
46.37332296409795
 30
0.0
 10
236.9493443757619
 20
46.43469617541086
 30
0.0
 10
239.7104881113278
 20
46.49059360818637
 30
0.0
 10
247.0641739155467
 20
46.63946385807366
 30
0.0
 10
254.6006087189576
 20
46.73298911510801
 30
0.0
 10
262.3433881774376
 20
46.73420855895483
 30
0.0
  0
LINE
  5
42C
330
70
100
AcDbEntity
  8
Visible
100
AcDbLine
 10
245.676722
 20
132.125264
 30
0.0
 11
247.654478
 21
132.125264
 31
0.0
  0
LINE
  5
42D
330
70
100
AcDbEntity
  8
Visible
100
AcDbLine
 10
254.010055
 20
132.019944
 30
0.0
 11
245.676722
 21
132.019944
 31
0.0
  0
LINE
  5
42E
330
70
100
AcDbEntity
  8
Visible
100
AcDbLine
 10
247.654478
 20
132.125264
 30
0.0
 11
254.009833
 21
132.125264
 31
0.0
  0
LINE
  5
42F
330
70
100
AcDbEntity
  8
Visible
100
AcDbLine
 10
254.009833
 20
132.125264
 30
0.0
 11
261.770899
 21
132.125264
 31
0.0
  0
LINE
  5
430
330
70
100
AcDbEntity
  8
Visible
100
AcDbLine
 10
262.343388
 20
132.019944
 30
0.0
 11
254.010055
 21
132.019944
 31
0.0
  0
LINE
  5
431
330
70
100
AcDbEntity
  8
Visible
100
AcDbLine
 10
262.343388
 20
132.125264
 30
0.0
 11
262.343388
 21
132.019944
 31
0.0
  0
LINE
  5
432
330
70
100
AcDbEntity
  8
Visible
100
AcDbLine
 10
261.770899
 20
132.125264
 30
0.0
 11
262.343388
 21
132.125264
 31
0.0
  0
LINE
  5
433
330
70
100
AcDbEntity
  8
Visible
100
AcDbLine
 10
262.343388
 20
132.125264
 30
0.0
 11
262.915862
 21
132.125264
 31
0.0
  0
LINE
  5
434
330
70
100
AcDbEntity
  8
Visible
100
AcDbLine
 10
270.676722
 20
132.019944
 30
0.0
 11
262.343388
 21
132.019944
 31
0.0
  0
LINE
  5
435
330
70
100
AcDbEntity
  8
Visible
100
AcDbLine
 10
262.915862
 20
132.125264
 30
0.0
 11
270.676943
 21
132.125264
 31
0.0
  0
LINE
  5
436
330
70
100
AcDbEntity
  8
Visible
100
AcDbLine
 10
270.676943
 20
132.125264
 30
0.0
 11
277.032099
 21
132.125264
 31
0.0
  0
LINE
  5
437
330
70
100
AcDbEntity
  8
Visible
100
AcDbLine
 10
279.010055
 20
132.019944
 30
0.0
 11
270.676722
 21
132.019944
 31
0.0
  0
LINE
  5
438
330
70
100
AcDbEntity
  8
Visible
100
AcDbLine
 10
277.032099
 20
132.125264
 30
0.0
 11
279.010055
 21
132.125264
 31
0.0
  0
LINE
  5
439
330
70
100
AcDbEntity
  8
Visible
100
AcDbLine
 10
279.010055
 20
142.652942
 30
0.0
 11
279.010055
 21
132.61683
 31
0.0
  0
LINE
  5
43A
330
70
100
AcDbEntity
  8
Visible
100
AcDbLine
 10
279.010055
 20
132.61683
 30
0.0
 11
279.010055
 21
127.319608
 31
0.0
  0
LINE
  5
43B
330
70
100
AcDbEntity
  8
Visible
100
AcDbLine
 10
245.676722
 20
132.61683
 30
0.0
 11
245.676722
 21
127.319608
 31
0.0
  0
LINE
  5
43C
330
70
100
AcDbEntity
  8
Visible
100
AcDbLine
 10
245.676722
 20
132.61683
 30
0.0
 11
245.676722
 21
142.652942
 31
0.0
  0
LINE
  5
43D
330
70
100
AcDbEntity
  8
Visible
100
AcDbLine
 10
245.676722
 20
142.652942
 30
0.0
 11
279.010055
 21
142.652942
 31
0.0
  0
ARC
  5
43E
330
70
100
AcDbEntity
  8
Visible
100
AcDbCircle
 10
-279.010055
 20
134.986275
 30
0.0
 40
7.666666666666666
210
0.0
220
0.0
230
-1.0
100
AcDbArc
 50
90.0
 51
270.0
  0
LINE
  5
43F
330
70
100
AcDbEntity
  8
Visible
100
AcDbLine
 10
279.010055
 20
127.319608
 30
0.0
 11
245.676722
 21
127.319608
 31
0.0
  0
ARC
  5
440
330
70
100
AcDbEntity
  8
Visible
100
AcDbCircle
 10
-245.676722
 20
134.986275
 30
0.0
 40
7.666666666666666
210
0.0
220
0.0
230
-1.0
100
AcDbArc
 50
270.0
 51
90.0
  0
SPLINE
  5
441
330
70
100
AcDbEntity
  8
Visible
100
AcDbSpline
210
0.0
220
0.0
230
1.0
 70
     9
 71
     3
 72
    73
 73
    69
 74
     0
 42
0.000000001
 43
0.0000000001
 40
-2.47554083965439
 40
-2.47554083965439
 40
-2.47554083965439
 40
-2.47554083965439
 40
0.0
 40
0.0
 40
0.0
 40
2.468524476071642
 40
2.468524476071642
 40
2.582306080222029
 40
2.582306080222029
 40
2.671154663862139
 40
2.671154663862139
 40
2.838806239365041
 40
2.838806239365041
 40
3.474330956036084
 40
3.474330956036084
 40
4.088221163935145
 40
4.088221163935145
 40
4.655214417930444
 40
4.655214417930444
 40
4.897239277593087
 40
4.897239277593087
 40
5.364109186196991
 40
5.364109186196991
 40
5.758556183086696
 40
5.758556183086696
 40
6.121897414348527
 40
6.121897414348527
 40
6.466988991819285
 40
6.466988991819285
 40
6.504453861894653
 40
6.504453861894653
 40
7.508906288894042
 40
7.508906288894042
 40
8.453841414318555
 40
8.453841414318555
 40
8.797246716524698
 40
8.797246716524698
 40
8.946849985684346
 40
8.946849985684346
 40
9.827722230217428
 40
9.827722230217428
 40
10.6871631969578
 40
10.6871631969578
 40
11.5306274117421
 40
11.5306274117421
 40
12.36030512967493
 40
12.36030512967493
 40
13.17802940378659
 40
13.17802940378659
 40
14.02545901904833
 40
14.02545901904833
 40
14.87758321564876
 40
14.87758321564876
 40
15.70410310975553
 40
15.70410310975553
 40
15.83036072861641
 40
15.83036072861641
 40
15.86870202624946
 40
15.86870202624946
 40
15.96995781550777
 40
15.96995781550777
 40
16.36986159960273
 40
16.36986159960273
 40
17.46799451220372
 40
17.46799451220372
 40
20.53097551696754
 40
20.53097551696754
 40
21.0472680624427
 40
21.0472680624427
 40
21.0472680624427
 40
21.0472680624427
 10
262.3433881774395
 20
126.7997095721894
 30
0.0
 10
259.5762226406896
 20
126.7997448857422
 30
0.0
 10
256.7571883455926
 20
126.8027164524169
 30
0.0
 10
254.006593286751
 20
126.8084010473117
 30
0.0
 10
251.2637941707967
 20
126.814069530501
 30
0.0
 10
248.4602129961499
 20
126.8226958045302
 30
0.0
 10
245.5737041527991
 20
126.8357236334868
 30
0.0
 10
245.4714737337072
 20
126.836061078026
 30
0.0
 10
245.184953836444
 20
126.8486406866036
 30
0.0
 10
245.0561046131111
 20
126.8572513474701
 30
0.0
 10
244.6744475301075
 20
126.8925393927707
 30
0.0
 10
244.4195059648227
 20
126.9278699159572
 30
0.0
 10
243.1748359859343
 20
127.1652201465881
 30
0.0
 10
242.2057110900764
 20
127.5411957699603
 30
0.0
 10
240.457450997179
 20
128.6695358722786
 30
0.0
 10
239.6881476048943
 20
129.399514239501
 30
0.0
 10
238.5131634611439
 20
131.1105335931092
 30
0.0
 10
238.0940689996041
 20
132.0547954350245
 30
0.0
 10
237.7830298806075
 20
133.5237285290709
 30
0.0
 10
237.7260258211954
 20
133.9817930114263
 30
0.0
 10
237.6852624664039
 20
135.3706602271027
 30
0.0
 10
237.8133252935918
 20
136.4357247287385
 30
0.0
 10
238.5920909660981
 20
138.496906392118
 30
0.0
 10
239.1308327076258
 20
139.396734104168
 30
0.0
 10
240.5165710614074
 20
140.9037097397649
 30
0.0
 10
241.3260853790216
 20
141.5170639844964
 30
0.0
 10
243.1506361806792
 20
142.3817258641047
 30
0.0
 10
244.1328851543399
 20
142.6392090625563
 30
0.0
 10
245.2831920484387
 20
142.6980431573611
 30
0.0
 10
245.4991980340496
 20
142.7053245334573
 30
0.0
 10
248.8617272128376
 20
142.8202641293214
 30
0.0
 10
253.7312524019621
 20
142.79499021729
 30
0.0
 10
263.5156942846657
 20
142.7603009311037
 30
0.0
 10
265.9487928426102
 20
142.7861900170223
 30
0.0
 10
272.7758920697884
 20
142.7947080672329
 30
0.0
 10
275.5288420390844
 20
142.7929746858331
 30
0.0
 10
278.6519442761123
 20
142.7263956144561
 30
0.0
 10
279.2972923500656
 20
142.7021732980224
 30
0.0
 10
280.4420769246294
 20
142.6513869995537
 30
0.0
 10
281.4266796369047
 20
142.4233671370257
 30
0.0
 10
283.2793739421481
 20
141.5649512545283
 30
0.0
 10
284.126731215998
 20
140.954318064345
 30
0.0
 10
285.5521961199502
 20
139.3974874955534
 30
0.0
 10
286.1217051159961
 20
138.4712245052737
 30
0.0
 10
286.8633294895499
 20
136.4118411327686
 30
0.0
 10
286.9947060593763
 20
135.4027767949287
 30
0.0
 10
286.9581856414025
 20
133.6529417869446
 30
0.0
 10
286.7933740433114
 20
132.7719543023868
 30
0.0
 10
286.1256646680035
 20
131.0302788991198
 30
0.0
 10
285.616825341513
 20
130.188594615669
 30
0.0
 10
284.2643560212623
 20
128.7011813105764
 30
0.0
 10
283.4307490117662
 20
128.0702583217262
 30
0.0
 10
281.5372336878663
 20
127.1693929170346
 30
0.0
 10
280.5011814693994
 20
126.897526550852
 30
0.0
 10
279.2460473875672
 20
126.8367400947973
 30
0.0
 10
279.1412818674885
 20
126.8358531887729
 30
0.0
 10
279.0021709781927
 20
126.8352229596535
 30
0.0
 10
278.9689000921226
 20
126.8350727801403
 30
0.0
 10
278.8443408651151
 20
126.8345128296018
 30
0.0
 10
278.7515753187486
 20
126.8341000726445
 30
0.0
 10
278.2794677465222
 20
126.8320233496592
 30
0.0
 10
277.8925861507719
 20
126.8303948540101
 30
0.0
 10
276.4027231343084
 20
126.8244223228771
 30
0.0
 10
275.2782957081345
 20
126.8205013747902
 30
0.0
 10
270.9105746718015
 20
126.8074745738536
 30
0.0
 10
267.4574313304165
 20
126.8016041438709
 30
0.0
 10
263.4953581942532
 20
126.7998420962235
 30
0.0
 10
262.9205012333628
 20
126.7997183736092
 30
0.0
 10
262.3433881774395
 20
126.7997095721894
 30
0.0
  0
LINE
  5
442
330
70
100
AcDbEntity
  8
Visible
100
AcDbLine
 10
270.676722
 20
132.019944
 30
0.0
 11
270.676722
 21
127.319608
 31
0.0
  0
LINE
  5
443
330
70
100
AcDbEntity
  8
Visible
100
AcDbLine
 10
262.343388
 20
132.019944
 30
0.0
 11
262.343388
 21
127.319608
 31
0.0
  0
LINE
  5
444
330
70
100
AcDbEntity
  8
Visible
100
AcDbLine
 10
254.010055
 20
132.019944
 30
0.0
 11
254.010055
 21
127.319608
 31
0.0
  0
LINE
  5
445
330
70
100
AcDbEntity
  8
Visible
100
AcDbLine
 10
247.580055
 20
38.791931
 30
0.0
 11
247.580055
 21
45.056923
 31
0.0
  0
LINE
  5
446
330
70
100
AcDbEntity
  8
Visible
100
AcDbLine
 10
247.580055
 20
38.791931
 30
0.0
 11
258.846722
 21
38.791931
 31
0.0
  0
LINE
  5
447
330
70
100
AcDbEntity
  8
Visible
100
AcDbLine
 10
258.846722
 20
38.791931
 30
0.0
 11
258.846722
 21
45.141394
 31
0.0
  0
LINE
  5
448
330
70
100
AcDbEntity
  8
Visible
100
AcDbLine
 10
277.106722
 20
38.791931
 30
0.0
 11
277.106722
 21
45.056923
 31
0.0
  0
LINE
  5
449
330
70
100
AcDbEntity
  8
Visible
100
AcDbLine
 10
265.840055
 20
38.791931
 30
0.0
 11
265.840055
 21
45.141394
 31
0.0
  0
LINE
  5
44A
330
70
100
AcDbEntity
  8
Visible
100
AcDbLine
 10
277.106722
 20
38.791931
 30
0.0
 11
265.840055
 21
38.791931
 31
0.0
  0
ARC
  5
44B
330
70
100
AcDbEntity
  8
Visible
100
AcDbCircle
 10
-167.918761
 20
-447.173704
 30
0.0
 40
723.8068651436811
100
AcDbArc
 50
63.534889
 51
66.658415
  0
LINE
  5
44C
330
70
100
AcDbEntity
  8
Visible
100
AcDbLine
 10
154.641093
 20
200.76905
 30
0.0
 11
171.30776
 21
200.76905
 31
0.0
210
0.0
220
1.0
230
0.0
  0
LINE
  5
44D
330
70
100
AcDbEntity
  8
Visible
100
AcDbLine
 10
178.58189
 20
238.48448
 30
0.0
 11
72.741363
 21
238.48448
 31
0.0
210
0.0
220
1.0
230
0.0
  0
LINE
  5
44E
330
70
100
AcDbEntity
  8
Visible
100
AcDbLine
 10
154.641093
 20
200.76905
 30
0.0
 11
154.641093
 21
194.102383
 31
0.0
210
0.0
220
1.0
230
0.0
  0
LINE
  5
44F
330
70
100
AcDbEntity
  8
Visible
100
AcDbLine
 10
160.113412
 20
179.067301
 30
0.0
 11
160.008096
 21
179.060704
 31
0.0
210
0.0
220
1.0
230
0.0
  0
LINE
  5
450
330
70
100
AcDbEntity
  8
Visible
100
AcDbLine
 10
160.183596
 20
178.874482
 30
0.0
 11
160.341429
 21
178.44084
 31
0.0
210
0.0
220
1.0
230
0.0
  0
LINE
  5
451
330
70
100
AcDbEntity
  8
Visible
100
AcDbLine
 10
160.008096
 20
176.72358
 30
0.0
 11
160.008096
 21
179.060704
 31
0.0
210
0.0
220
1.0
230
0.0
  0
LINE
  5
452
330
70
100
AcDbEntity
  8
Visible
100
AcDbLine
 10
160.911463
 20
176.874685
 30
0.0
 11
160.008096
 21
176.72358
 31
0.0
210
0.0
220
1.0
230
0.0
  0
LINE
  5
453
330
70
100
AcDbEntity
  8
Visible
100
AcDbLine
 10
160.341429
 20
178.44084
 30
0.0
 11
160.911463
 21
176.874685
 31
0.0
210
0.0
220
1.0
230
0.0
  0
LINE
  5
454
330
70
100
AcDbEntity
  8
Visible
100
AcDbLine
 10
160.008096
 20
175.812968
 30
0.0
 11
160.008096
 21
176.72358
 31
0.0
210
0.0
220
1.0
230
0.0
  0
LINE
  5
455
330
70
100
AcDbEntity
  8
Visible
100
AcDbLine
 10
160.911463
 20
176.874685
 30
0.0
 11
160.008096
 21
175.812968
 31
0.0
210
0.0
220
1.0
230
0.0
  0
LINE
  5
456
330
70
100
AcDbEntity
  8
Visible
100
AcDbLine
 10
172.974427
 20
194.102383
 30
0.0
 11
172.974427
 21
200.76905
 31
0.0
210
0.0
220
1.0
230
0.0
  0
LINE
  5
457
330
70
100
AcDbEntity
  8
Visible
100
AcDbLine
 10
171.30776
 20
200.76905
 30
0.0
 11
172.974427
 21
200.76905
 31
0.0
210
0.0
220
1.0
230
0.0
  0
ARC
  5
458
330
70
100
AcDbEntity
  8
Visible
100
AcDbCircle
 10
-154.641093
 20
194.102383
 30
0.0
 40
18.33333333333332
210
-0.0000000000000003
220
0.0
230
-1.0
100
AcDbArc
 50
180.0
 51
250.0
  0
ARC
  5
459
330
70
100
AcDbEntity
  8
Visible
100
AcDbCircle
 10
154.641093
 20
194.102383
 30
0.0
 40
16.66666666666666
100
AcDbArc
 50
290.0
 51
0.0
  0
LINE
  5
45A
330
70
100
AcDbEntity
  8
Visible
100
AcDbLine
 10
171.30776
 20
200.76905
 30
0.0
 11
171.30776
 21
194.102383
 31
0.0
210
0.0
220
1.0
230
0.0
  0
LINE
  5
45B
330
70
100
AcDbEntity
  8
Visible
100
AcDbLine
 10
154.678484
 20
194.102383
 30
0.0
 11
154.637177
 21
194.102383
 31
0.0
210
0.0
220
1.0
230
0.0
  0
LINE
  5
45C
330
70
100
AcDbEntity
  8
Visible
100
AcDbLine
 10
171.30776
 20
194.102383
 30
0.0
 11
154.678484
 21
194.102383
 31
0.0
210
0.0
220
1.0
230
0.0
  0
LINE
  5
45D
330
70
100
AcDbEntity
  8
Visible
100
AcDbLine
 10
160.341429
 20
178.44084
 30
0.0
 11
154.678484
 21
194.102383
 31
0.0
210
0.0
220
1.0
230
0.0
  0
LINE
  5
45E
330
70
100
AcDbEntity
  8
Visible
100
AcDbLine
 10
160.106877
 20
179.085254
 30
0.0
 11
154.637177
 21
194.102383
 31
0.0
210
0.0
220
1.0
230
0.0
  0
SPLINE
  5
45F
330
70
100
AcDbEntity
  8
Visible
100
AcDbSpline
210
0.0
220
0.0
230
1.0
 70
     8
 71
     3
 72
     8
 73
     4
 74
     0
 42
0.000000001
 43
0.0000000001
 40
-0.636202689726633
 40
-0.636202689726633
 40
-0.636202689726633
 40
-0.636202689726633
 40
-0.6346462105233921
 40
-0.6346462105233921
 40
-0.6346462105233921
 40
-0.6346462105233921
 10
151.4783791881282
 20
167.4311929681174
 30
0.0000000000004547
 10
151.4771881961124
 20
167.4318347462882
 30
0.0000000000004547
 10
151.4759974742155
 20
167.4324764179213
 30
0.0000000000004547
 10
151.4748066910524
 20
167.4331181616704
 30
0.0000000000004547
  0
ARC
  5
460
330
70
100
AcDbEntity
  8
Visible
100
AcDbCircle
 10
176.248665
 20
181.727892
 30
0.0
 40
28.60217883974834
100
AcDbArc
 50
203.971128
 51
209.985393
  0
ARC
  5
461
330
70
100
AcDbEntity
  8
Visible
100
AcDbCircle
 10
254.845917
 20
70.145676
 30
0.0
 40
141.942587519872
100
AcDbArc
 50
131.888227
 51
136.736168
  0
SPLINE
  5
462
330
70
100
AcDbEntity
  8
Visible
100
AcDbSpline
210
0.0
220
0.0
230
1.0
 70
    24
 71
     3
 72
    10
 73
     6
 74
     0
 42
0.000000001
 43
0.0000000001
 40
-0.546042810077609
 40
-0.546042810077609
 40
-0.546042810077609
 40
-0.546042810077609
 40
-0.4881353684060679
 40
-0.4881353684060679
 40
-0.3365187861515775
 40
-0.3365187861515775
 40
-0.3365187861515775
 40
-0.3365187861515775
 10
160.0752636310544
 20
175.8129677225332
 30
0.0000000000004547
 10
160.0683232170718
 20
175.8129677225332
 30
0.0000000000004547
 10
160.0620947680504
 20
175.8129677224519
 30
0.0000000000004547
 10
160.0432791714083
 20
175.8129677224519
 30
0.0000000000004547
 10
160.0270351173549
 20
175.8129677225474
 30
0.0000000000004547
 10
160.0080958630778
 20
175.8129677225474
 30
0.0000000000004547
  0
ARC
  5
463
330
70
100
AcDbEntity
  8
Visible
100
AcDbCircle
 10
156.088146
 20
315.30248
 30
0.0
 40
138.6343304761843
100
AcDbArc
 50
267.572671
 51
271.620281
  0
ARC
  5
464
330
70
100
AcDbEntity
  8
Visible
100
AcDbCircle
 10
33.50967
 20
156.28557
 30
0.0
 40
118.4923220107241
100
AcDbArc
 50
5.398344
 51
9.965894
  0
LINE
  5
465
330
70
100
AcDbEntity
  8
Visible
100
AcDbLine
 10
160.008096
 20
179.060704
 30
0.0
 11
150.113416
 21
178.44084
 31
0.0
210
0.0
220
1.0
230
0.0
  0
LINE
  5
466
330
70
100
AcDbEntity
  8
Visible
100
AcDbLine
 10
150.113416
 20
178.44084
 30
0.0
 11
150.216675
 21
176.79254
 31
0.0
210
0.0
220
1.0
230
0.0
  0
LINE
  5
467
330
70
100
AcDbEntity
  8
Visible
100
AcDbLine
 10
150.113416
 20
170.107506
 30
0.0
 11
150.113416
 21
178.44084
 31
0.0
210
0.0
220
1.0
230
0.0
  0
LINE
  5
468
330
70
100
AcDbEntity
  8
Visible
100
AcDbLine
 10
66.780082
 20
194.336573
 30
0.0
 11
154.641093
 21
194.336573
 31
0.0
210
0.0
220
1.0
230
0.0
  0
LINE
  5
469
330
70
100
AcDbEntity
  8
Visible
100
AcDbLine
 10
66.780082
 20
217.410506
 30
0.0
 11
118.868415
 21
217.410506
 31
0.0
210
0.0
220
1.0
230
0.0
  0
LINE
  5
46A
330
70
100
AcDbEntity
  8
Visible
100
AcDbLine
 10
66.780082
 20
194.336573
 30
0.0
 11
66.780082
 21
217.410506
 31
0.0
210
0.0
220
1.0
230
0.0
  0
SPLINE
  5
46B
330
70
100
AcDbEntity
  8
Visible
100
AcDbSpline
210
0.0000000000035426
220
-0.0000000000006481
230
1.0
 70
     8
 71
     3
 72
   142
 73
   138
 74
     0
 42
0.000000001
 43
0.0000000001
 40
0.0
 40
0.0
 40
0.0
 40
0.0
 40
0.0002163137502445
 40
0.0002163137502445
 40
0.0005768366673251
 40
0.0005768366673251
 40
0.0012978825014993
 40
0.0012978825014993
 40
0.0027399741699788
 40
0.0027399741699788
 40
0.0072589198700462
 40
0.0072589198700462
 40
0.2000676619100852
 40
0.2000676619100852
 40
0.4571462720578113
 40
0.4571462720578113
 40
1.142698588670846
 40
1.142698588670846
 40
1.599728428183624
 40
1.599728428183624
 40
5.292378682936587
 40
5.292378682936587
 40
5.799398125369259
 40
5.799398125369259
 40
5.989529823795967
 40
5.989529823795967
 40
6.025179498195776
 40
6.025179498195776
 40
6.036716231566655
 40
6.036716231566655
 40
6.042484598242926
 40
6.042484598242926
 40
6.045368781579912
 40
6.045368781579912
 40
6.045503678558993
 40
6.045503678558993
 40
6.045631415558515
 40
6.045631415558515
 40
6.045752367155722
 40
6.045752367155722
 40
6.04586688888818
 40
6.04586688888818
 40
6.045975318165131
 40
6.045975318165131
 40
6.046077975140927
 40
6.046077975140927
 40
6.046175163551578
 40
6.046175163551578
 40
6.046267171515355
 40
6.046267171515355
 40
6.046354272298661
 40
6.046354272298661
 40
6.046436725048003
 40
6.046436725048003
 40
6.046514775489459
 40
6.046514775489459
 40
6.04658865659646
 40
6.04658865659646
 40
6.046658589227198
 40
6.046658589227198
 40
6.046724782765069
 40
6.046724782765069
 40
6.046787435567773
 40
6.046787435567773
 40
6.046846735717618
 40
6.046846735717618
 40
6.046902861415103
 40
6.046902861415103
 40
6.046955981513783
 40
6.046955981513783
 40
6.047006255997709
 40
6.047006255997709
 40
6.047053836435699
 40
6.047053836435699
 40
6.047098866413592
 40
6.047098866413592
 40
6.047141481945375
 40
6.047141481945375
 40
6.047181811864088
 40
6.047181811864088
 40
6.047219978193422
 40
6.047219978193422
 40
6.047256096500856
 40
6.047256096500856
 40
6.047290276233248
 40
6.047290276233248
 40
6.047322621035457
 40
6.047322621035457
 40
6.047353229053165
 40
6.047353229053165
 40
6.047382193220148
 40
6.047382193220148
 40
6.047409601531229
 40
6.047409601531229
 40
6.047435537301185
 40
6.047435537301185
 40
6.047460079410519
 40
6.047460079410519
 40
6.047483302538624
 40
6.047483302538624
 40
6.047505277385031
 40
6.047505277385031
 40
6.047526070879182
 40
6.047526070879182
 40
6.047545746379468
 40
6.047545746379468
 40
6.047564363861924
 40
6.047564363861924
 40
6.047581980099177
 40
6.047581980099177
 40
6.047598648830042
 40
6.047598648830042
 40
6.047614420920354
 40
6.047614420920354
 40
6.047629344515385
 40
6.047629344515385
 40
6.047643465184291
 40
6.047643465184291
 40
6.047656826057007
 40
6.047656826057007
 40
6.047669467953966
 40
6.047669467953966
 40
6.047681429509007
 40
6.047681429509007
 40
6.047692747285831
 40
6.047692747285831
 40
6.047703455888298
 40
6.047703455888298
 40
6.047713588064952
 40
6.047713588064952
 40
6.269218900079372
 40
6.269218900079372
 40
6.933734740832588
 40
6.933734740832588
 40
7.731153749736445
 40
7.731153749736445
 40
7.883496149468944
 40
7.883496149468944
 40
7.883496149468944
 40
7.883496149468944
 10
178.536494070082
 20
238.4841203497043
 30
0.0000000000004547
 10
178.5364497906203
 20
238.4839067053314
 30
0.0000000000004547
 10
178.5364055114114
 20
238.4836930611361
 30
0.0000000000004547
 10
178.5362874342008
 20
238.4831233437557
 30
0.0000000000004547
 10
178.5362136366493
 20
238.4827672708864
 30
0.0000000000004547
 10
178.535992246113
 20
238.4816990537586
 30
0.0000000000004547
 10
178.5358446552436
 20
238.4809869109801
 30
0.0000000000004547
 10
178.5354018911021
 20
238.4788504885644
 30
0.0000000000004547
 10
178.5351067262945
 20
238.4774262148464
 30
0.0000000000004547
 10
178.5338866781994
 20
238.4715388624623
 30
0.0000000000004547
 10
178.5329618944133
 20
238.4670758533758
 30
0.0000000000004547
 10
178.4925844199142
 20
238.272194115585
 30
0.0000000000004547
 10
178.4533328696943
 20
238.0819157371865
 30
0.0000000000004547
 10
178.3621896574618
 20
237.6382474648551
 30
0.0000000000004547
 10
178.3104455285356
 20
237.384960899164
 30
0.0000000000004547
 10
178.1218651505128
 20
236.4570650071732
 30
0.0000000000004547
 10
177.9869351546399
 20
235.783816704458
 30
0.0000000000004547
 10
177.7651071149662
 20
234.6640914674803
 30
0.0000000000004547
 10
177.6771914394044
 20
234.2168243265968
 30
0.0000000000004547
 10
176.8854847622169
 20
230.1610663481932
 30
0.0000000000009095
 10
176.2254069579467
 20
226.586037348828
 30
0.0000000000004547
 10
175.4919694258697
 20
222.5591508684602
 30
0.0000000000009095
 10
175.403739324623
 20
222.0736755341014
 30
0.0000000000009095
 10
175.2827889798691
 20
221.4071650913383
 30
0.0000000000009095
 10
175.2498399859973
 20
221.2254937949375
 30
0.0000000000009095
 10
175.2107544176538
 20
221.0098867547308
 30
0.0000000000009095
 10
175.2045842386587
 20
220.9758473275754
 30
0.0000000000009095
 10
175.1964189011241
 20
220.9307972948561
 30
0.0000000000009095
 10
175.1944226619084
 20
220.9197832875007
 30
0.0000000000009095
 10
175.1914284918216
 20
220.9032628744528
 30
0.0000000000009095
 10
175.1904304665831
 20
220.8977561697725
 30
0.0000000000009095
 10
175.1889334758029
 20
220.8894962624098
 30
0.0000000000009095
 10
175.1884344867221
 20
220.886742984898
 30
0.0000000000009095
 10
175.1879121674819
 20
220.8838609591641
 30
0.0000000000009095
 10
175.1878888295023
 20
220.8837321860413
 30
0.0000000000009095
 10
175.1878433922948
 20
220.8834814748432
 30
0.0000000000009095
 10
175.1878212930655
 20
220.8833595367623
 30
0.0000000000009095
 10
175.1877782685497
 20
220.8831221380589
 30
0.0000000000009095
 10
175.1877573432625
 20
220.8830066774314
 30
0.0000000000009095
 10
175.1877166051158
 20
220.8827818942232
 30
0.0000000000009095
 10
175.1876967922553
 20
220.8826725716378
 30
0.0000000000009095
 10
175.187658220585
 20
220.8824597424092
 30
0.0000000000009095
 10
175.1876394617738
 20
220.8823562357618
 30
0.0000000000009095
 10
175.1876029428108
 20
220.8821547327776
 30
0.0000000000009095
 10
175.1875851826571
 20
220.8820567364372
 30
0.0000000000009095
 10
175.1875506084579
 20
220.8818659641095
 30
0.0000000000009095
 10
175.1875337944111
 20
220.8817731881191
 30
0.0000000000009095
 10
175.1875010625763
 20
220.8815925814446
 30
0.0000000000009095
 10
175.1874851447874
 20
220.8815047507575
 30
0.0000000000009095
 10
175.1874541581887
 20
220.8813337738211
 30
0.0000000000009095
 10
175.1874390893786
 20
220.8812506275691
 30
0.0000000000009095
 10
175.1874097559021
 20
220.8810887721144
 30
0.0000000000009095
 10
175.1873954912348
 20
220.8810100629093
 30
0.0000000000009095
 10
175.1873677235303
 20
220.8808568469718
 30
0.0000000000009095
 10
175.1873542204921
 20
220.8807823402372
 30
0.0000000000009095
 10
175.1873279357396
 20
220.8806373068389
 30
0.0000000000009095
 10
175.1873151540235
 20
220.8805667801731
 30
0.0000000000009095
 10
175.1872902737032
 20
220.8804294960761
 30
0.0000000000009095
 10
175.1872781750985
 20
220.8803627386432
 30
0.0000000000009095
 10
175.187254624775
 20
220.8802327931303
 30
0.0000000000009095
 10
175.1872431730453
 20
220.8801696049886
 30
0.0000000000009095
 10
175.1872208821742
 20
220.8800466088225
 30
0.0000000000009095
 10
175.1872100430237
 20
220.8799868007428
 30
0.0000000000009095
 10
175.1871889447475
 20
220.8798703850213
 30
0.0000000000009095
 10
175.1871786856241
 20
220.8798137773901
 30
0.0000000000009095
 10
175.1871587165724
 20
220.879703592454
 30
0.0000000000009095
 10
175.187149006646
 20
220.8796500151586
 30
0.0000000000009095
 10
175.1871301067749
 20
220.8795457297052
 30
0.0000000000009095
 10
175.1871209168321
 20
220.8794950215557
 30
0.0000000000009095
 10
175.1871030292504
 20
220.8793963216725
 30
0.0000000000009095
 10
175.1870943316125
 20
220.8793483299463
 30
0.0000000000009095
 10
175.1870774024182
 20
220.8792549182213
 30
0.0000000000009095
 10
175.1870691708627
 20
220.8792094982293
 30
0.0000000000009095
 10
175.1870531489921
 20
220.8791210929049
 30
0.0000000000009095
 10
175.1870453586775
 20
220.8790781075788
 30
0.0000000000009095
 10
175.1870301957579
 20
220.8789944417465
 30
0.0000000000009095
 10
175.1870228231528
 20
220.878953761246
 30
0.0000000000009095
 10
175.1870084733627
 20
220.8788745820808
 30
0.0000000000009095
 10
175.1870014961782
 20
220.8788360834212
 30
0.0000000000009095
 10
175.1869879161186
 20
220.8787611514535
 30
0.0000000000009095
 10
175.1869813132434
 20
220.87872471815
 30
0.0000000000009095
 10
175.1869684618095
 20
220.878653806574
 30
0.0000000000009095
 10
175.1869622132503
 20
220.8786193283054
 30
0.0000000000009095
 10
175.1869500515122
 20
220.8785522223211
 30
0.0000000000009095
 10
175.1869441383332
 20
220.878519594609
 30
0.0000000000009095
 10
175.1869326294254
 20
220.8784560907983
 30
0.0000000000009095
 10
175.1869270336965
 20
220.878425214703
 30
0.0000000000009095
 10
175.1869161427075
 20
220.878365120436
 30
0.0000000000009095
 10
175.1869108474489
 20
220.8783359022671
 30
0.0000000000009095
 10
175.1869005413209
 20
220.8782790351389
 30
0.0000000000009095
 10
175.1868955304539
 20
220.878251386182
 30
0.0000000000009095
 10
175.1868857778863
 20
220.8781975734777
 30
0.0000000000009095
 10
175.1868810361866
 20
220.8781714097327
 30
0.0000000000009095
 10
175.1868718075416
 20
220.8781204879202
 30
0.0000000000009095
 10
175.1868673205963
 20
220.8780957298547
 30
0.0000000000009095
 10
175.1868585878128
 20
220.8780475441022
 30
0.0000000000009095
 10
175.186854341975
 20
220.8780241164169
 30
0.0000000000009095
 10
175.1868460784872
 20
220.8779785201361
 30
0.0000000000009095
 10
175.1868420608371
 20
220.8779563515423
 30
0.0000000000009095
 10
175.1868342414927
 20
220.8779132059547
 30
0.0000000000009095
 10
175.186830439799
 20
220.8778922289625
 30
0.0000000000009095
 10
175.1868230407881
 20
220.8778514026877
 30
0.0000000000009095
 10
175.1868194434714
 20
220.8778315534065
 30
0.0000000000009095
 10
175.186812442254
 20
220.8777929220719
 30
0.0000000000009095
 10
175.1868090383532
 20
220.8777741400198
 30
0.0000000000009095
 10
175.186802413592
 20
220.8777375858908
 30
0.0000000000009095
 10
175.186799192731
 20
220.877719813815
 30
0.0000000000009095
 10
175.1867929242271
 20
220.8776852254435
 30
0.0000000000009095
 10
175.186789876584
 20
220.8776684091489
 30
0.0000000000009095
 10
175.1867839452188
 20
220.8776356810413
 30
0.0000000000009095
 10
175.1867810614976
 20
220.8776197692291
 30
0.0000000000009095
 10
175.1867754491741
 20
220.8775888015299
 30
0.0000000000009095
 10
175.1867727205735
 20
220.8775737456438
 30
0.0000000000009095
 10
175.1867674101631
 20
220.8775444438376
 30
0.0000000000009095
 10
175.1867648283542
 20
220.8775301979183
 30
0.0000000000009095
 10
175.1867598036433
 20
220.8775024725457
 30
0.0000000000009095
 10
175.1867573607424
 20
220.8774889930931
 30
0.0000000000009095
 10
175.1867526063865
 20
220.8774627594825
 30
0.0000000000009095
 10
175.1867502949317
 20
220.8774500053249
 30
0.0000000000009095
 10
175.1867457964067
 20
220.8774251833376
 30
0.0000000000009095
 10
175.1867436093362
 20
220.8774131155082
 30
0.0000000000009095
 10
175.1867393528964
 20
220.8773896292976
 30
0.0000000000009095
 10
175.1867372835268
 20
220.8773782109167
 30
0.0000000000009095
 10
175.1867332561623
 20
220.8773559886997
 30
0.0000000000009095
 10
175.1867312981676
 20
220.8773451848639
 30
0.0000000000009095
 10
175.1867274875658
 20
220.8773241587043
 30
0.0000000000009095
 10
175.1867256349596
 20
220.8773139363809
 30
0.0000000000009095
 10
175.1867220294698
 20
220.8772940419846
 30
0.0000000000009095
 10
175.186720276587
 20
220.877284369912
 30
0.0000000000009095
 10
175.148397736958
 20
220.6658279881077
 30
0.0000000000009095
 10
175.1866261506325
 20
220.8767650008462
 30
0.0000000000009095
 10
175.1866261506325
 20
220.8767650008462
 30
0.0000000000009095
 10
175.1866261506325
 20
220.8767650008462
 30
0.0000000000009095
 10
175.186626150632
 20
220.8767650008462
 30
0.0000000000009095
 10
175.1866261506311
 20
220.8767650008464
 30
0.0000000000009095
 10
175.1866261506311
 20
220.8767650008458
 30
0.0000000000009095
 10
175.1866252401005
 20
220.876759626989
 30
0.0000000000009095
 10
175.1866247848352
 20
220.8767569400606
 30
0.0000000000009095
  0
LINE
  5
46C
330
70
100
AcDbEntity
  8
Visible
100
AcDbLine
 10
118.677503
 20
217.410506
 30
0.0
 11
111.186626
 21
220.876765
 31
0.0
210
0.0
220
1.0
230
0.0
  0
ARC
  5
46D
330
70
100
AcDbEntity
  8
Visible
100
AcDbCircle
 10
-121.225905
 20
267.540814
 30
0.0
 40
300.0595432355086
100
AcDbArc
 50
347.142324
 51
351.053387
  0
SPLINE
  5
46E
330
70
100
AcDbEntity
  8
Visible
100
AcDbSpline
210
0.0000000000004549
220
0.0000000000010192
230
-1.0
 70
     8
 71
     3
 72
    96
 73
    92
 74
     0
 42
0.000000001
 43
0.0000000001
 40
0.0
 40
0.0
 40
0.0
 40
0.0
 40
0.5445378572221309
 40
0.5445378572221309
 40
2.704537857222102
 40
2.704537857222102
 40
4.504537857222071
 40
4.504537857222071
 40
6.00453785722196
 40
6.00453785722196
 40
6.254537858072605
 40
6.254537858072605
 40
6.50453785892325
 40
6.50453785892325
 40
6.504553527684762
 40
6.504553527684762
 40
6.50457035441236
 40
6.50457035441236
 40
6.504588424423232
 40
6.504588424423232
 40
6.504607829280838
 40
6.504607829280838
 40
6.50462866724614
 40
6.50462866724614
 40
6.504651043760553
 40
6.504651043760553
 40
6.50467507196262
 40
6.50467507196262
 40
6.504700873240442
 40
6.504700873240442
 40
6.504728577822779
 40
6.504728577822779
 40
6.504758325410393
 40
6.504758325410393
 40
6.504790265850942
 40
6.504790265850942
 40
6.504824559859709
 40
6.504824559859709
 40
6.504861379788924
 40
6.504861379788924
 40
6.504900910448886
 40
6.504900910448886
 40
6.504943349983583
 40
6.504943349983583
 40
6.504988910804299
 40
6.504988910804299
 40
6.505037820583988
 40
6.505037820583988
 40
6.505090323316223
 40
6.505090323316223
 40
6.505146680441875
 40
6.505146680441875
 40
6.505207172046846
 40
6.505207172046846
 40
6.50527209813476
 40
6.50527209813476
 40
6.505341779977777
 40
6.505341779977777
 40
6.505416561549172
 40
6.505416561549172
 40
6.505496811041095
 40
6.505496811041095
 40
6.50558292247102
 40
6.50558292247102
 40
6.505675317379521
 40
6.505675317379521
 40
6.505774446623101
 40
6.505774446623101
 40
6.505880792264276
 40
6.505880792264276
 40
6.505994869561373
 40
6.505994869561373
 40
6.50611722917018
 40
6.50611722917018
 40
6.50624845892893
 40
6.50624845892893
 40
6.50638918672787
 40
6.50638918672787
 40
6.514201686728951
 40
6.514201686728951
 40
6.545451686799039
 40
6.545451686799039
 40
6.64734441715711
 40
6.64734441715711
 40
6.91905840579129
 40
6.91905840579129
 40
7.64362992769127
 40
7.64362992769127
 40
9.575846049641127
 40
9.575846049641127
 40
19.60931872039865
 40
19.60931872039865
 40
19.60931872039865
 40
19.60931872039865
 10
111.1864880017492
 20
220.8768289265693
 30
0.0000000000004547
 10
111.186534051375
 20
220.8768076179947
 30
0.0000000000004547
 10
111.1866261506275
 20
220.8767650008454
 30
0.0000000000004547
 10
111.1866261506247
 20
220.8767650008463
 30
0.0000000000004547
 10
111.1866261506247
 20
220.8767650008459
 30
0.0000000000004547
 10
111.1866261506229
 20
220.876765000846
 30
0.0000000000004547
 10
111.1866261506216
 20
220.8767650008465
 30
0.0000000000004547
 10
111.1866261506202
 20
220.8767650008464
 30
0.0000000000004547
 10
111.1866261506143
 20
220.876765000849
 30
0.0000000000004547
 10
111.1866261506143
 20
220.8767650008488
 30
0.0000000000004547
 10
111.1866261506202
 20
220.8767650008459
 30
0.0000000000004547
 10
111.1866261506202
 20
220.8767650008459
 30
0.0000000000004547
 10
111.4282537069393
 20
220.7696753968897
 30
0.0000000000004547
 10
111.1859955501186
 20
220.8770444837115
 30
0.0000000000004547
 10
111.1859803675288
 20
220.8770512126521
 30
0.0000000000004547
 10
111.1859488803125
 20
220.8770651678216
 30
0.0000000000004547
 10
111.1859325756863
 20
220.8770723940503
 30
0.0000000000004547
 10
111.1858987617261
 20
220.8770873804352
 30
0.0000000000004547
 10
111.1858812523924
 20
220.8770951405913
 30
0.0000000000004547
 10
111.1858449402953
 20
220.8771112341529
 30
0.0000000000004547
 10
111.1858261375323
 20
220.8771195675583
 30
0.0000000000004547
 10
111.185787143364
 20
220.8771368498168
 30
0.0000000000004547
 10
111.185766951959
 20
220.8771457986696
 30
0.0000000000004547
 10
111.1857250783373
 20
220.8771643571048
 30
0.0000000000004547
 10
111.1857033961214
 20
220.877173966687
 30
0.0000000000004547
 10
111.1856584312477
 20
220.877193895168
 30
0.0000000000004547
 10
111.1856351485912
 20
220.8772042140667
 30
0.0000000000004547
 10
111.1855868652164
 20
220.877225613311
 30
0.0000000000004547
 10
111.1855618644981
 20
220.8772366936564
 30
0.0000000000004547
 10
111.1855100188113
 20
220.877259671721
 30
0.0000000000004547
 10
111.1854831738433
 20
220.8772715694397
 30
0.0000000000004547
 10
111.1854275042897
 20
220.8772962422456
 30
0.0000000000004547
 10
111.1853986797059
 20
220.8773090173323
 30
0.0000000000004547
 10
111.1853389057209
 20
220.877335509226
 30
0.0000000000004547
 10
111.185307956322
 20
220.8773492260327
 30
0.0000000000004547
 10
111.1852437769789
 20
220.8773776703856
 30
0.0000000000004547
 10
111.1852105470361
 20
220.8773923979314
 30
0.0000000000004547
 10
111.1851416395998
 20
220.8774229377794
 30
0.0000000000004547
 10
111.1851059621085
 20
220.877438750081
 30
0.0000000000004547
 10
111.1850319804989
 20
220.8774715388075
 30
0.0000000000004547
 10
111.1849936763824
 20
220.8774885152317
 30
0.0000000000004547
 10
111.1849142495261
 20
220.8775237172965
 30
0.0000000000004547
 10
111.1848731267873
 20
220.8775419429364
 30
0.0000000000004547
 10
111.1847878568669
 20
220.8775797346525
 30
0.0000000000004547
 10
111.1847437096858
 20
220.8775993007281
 30
0.0000000000004547
 10
111.1846521702696
 20
220.8776398710899
 30
0.0000000000004547
 10
111.1846047780363
 20
220.8776608753753
 30
0.0000000000004547
 10
111.1845065120915
 20
220.8777044269403
 30
0.0000000000004547
 10
111.1844556383821
 20
220.8777269742187
 30
0.0000000000004547
 10
111.1843501561557
 20
220.8777737240457
 30
0.0000000000004547
 10
111.1842955476404
 20
220.8777979265931
 30
0.0000000000004547
 10
111.1841823244049
 20
220.8778481072412
 30
0.0000000000004547
 10
111.1841237096878
 20
220.8778740853404
 30
0.0000000000004547
 10
111.1840021833504
 20
220.8779279459295
 30
0.0000000000004547
 10
111.1839392717347
 20
220.8779558284174
 30
0.0000000000004547
 10
111.1838088402946
 20
220.8780136357546
 30
0.0000000000004547
 10
111.1837413204748
 20
220.8780435606019
 30
0.0000000000004547
 10
111.1836013393235
 20
220.8781056003775
 30
0.0000000000004547
 10
111.1835288779975
 20
220.8781377153036
 30
0.0000000000004547
 10
111.1833786570637
 20
220.8782042933577
 30
0.0000000000004547
 10
111.1833008974618
 20
220.8782387564832
 30
0.0000000000004547
 10
111.1831396981806
 20
220.8783102001476
 30
0.0000000000004547
 10
111.1830562585082
 20
220.8783471806836
 30
0.0000000000004547
 10
111.1828832906221
 20
220.8784238402006
 30
0.0000000000004547
 10
111.1827937624157
 20
220.8784635191782
 30
0.0000000000004547
 10
111.1826081805898
 20
220.8785457691999
 30
0.0000000000004547
 10
111.1825121269794
 20
220.87858834024
 30
0.0000000000004547
 10
111.182313027235
 20
220.8786765814099
 30
0.0000000000004547
 10
111.1822099811115
 20
220.878722251535
 30
0.0000000000004547
 10
111.1819963970647
 20
220.878816912154
 30
0.0000000000004547
 10
111.1818858591532
 20
220.8788659026427
 30
0.0000000000004547
 10
111.1816567579535
 20
220.8789674404696
 30
0.0000000000004547
 10
111.1815381946207
 20
220.8790199878279
 30
0.0000000000004547
 10
111.1812924730893
 20
220.8791288917913
 30
0.0000000000004547
 10
111.1811653148393
 20
220.8791852484194
 30
0.0000000000004547
 10
111.1809017949576
 20
220.8793020406165
 30
0.0000000000004547
 10
111.1807654333252
 20
220.8793624761859
 30
0.0000000000004547
 10
111.1730589584904
 20
220.8827779909946
 30
0.0000000000004547
 10
111.1654888025359
 20
220.8861330819816
 30
0.0000000000004547
 10
111.1276378089878
 20
220.9029085962567
 30
0.0000000000004547
 10
111.0973563301722
 20
220.9163291975192
 30
0.0000000000004547
 10
110.9683371422707
 20
220.9735094123538
 30
0.0000000000004547
 10
110.8695928575516
 20
221.0172709240575
 30
0.0000000000004547
 10
110.5075040180809
 20
221.1777384055785
 30
0.0000000000004547
 10
110.24411536883
 20
221.2944587129447
 30
0.0000000000004547
 10
109.2781713770323
 20
221.7225120202696
 30
0.0000000000004547
 10
108.5753071069875
 20
222.0339761956848
 30
0.0000000000004547
 10
105.9968477896122
 20
223.1769166349952
 30
0.0000000000009095
 10
104.1191208322357
 20
224.0098876926572
 30
0.0000000000004547
 10
92.47648261587618
 20
229.1902982987518
 30
0.0000000000004547
 10
82.62120838968803
 20
233.6276726126027
 30
0.0000000000004547
 10
72.73969309651284
 20
238.4844800088761
 30
0.0000000000009095
  0
SPLINE
  5
46F
330
70
100
AcDbEntity
  8
Visible
100
AcDbSpline
210
0.0000000000004549
220
0.0000000000010192
230
-1.0
 70
     8
 71
     3
 72
    96
 73
    92
 74
     0
 42
0.000000001
 43
0.0000000001
 40
0.0
 40
0.0
 40
0.0
 40
0.0
 40
0.5445378242544578
 40
0.5445378242544578
 40
2.704537824254471
 40
2.704537824254471
 40
4.504537824254456
 40
4.504537824254456
 40
6.004537824254345
 40
6.004537824254345
 40
6.254537825104988
 40
6.254537825104988
 40
6.504537825955631
 40
6.504537825955631
 40
6.504553494717128
 40
6.504553494717128
 40
6.504570321444754
 40
6.504570321444754
 40
6.504588391455625
 40
6.504588391455625
 40
6.504607796313242
 40
6.504607796313242
 40
6.504628634278553
 40
6.504628634278553
 40
6.50465101079299
 40
6.50465101079299
 40
6.504675038995054
 40
6.504675038995054
 40
6.504700840272871
 40
6.504700840272871
 40
6.504728544855203
 40
6.504728544855203
 40
6.504758292442811
 40
6.504758292442811
 40
6.50479023288337
 40
6.50479023288337
 40
6.504824526892152
 40
6.504824526892152
 40
6.504861346821352
 40
6.504861346821352
 40
6.504900877481314
 40
6.504900877481314
 40
6.504943317016024
 40
6.504943317016024
 40
6.504988877836733
 40
6.504988877836733
 40
6.505037787616432
 40
6.505037787616432
 40
6.505090290348708
 40
6.505090290348708
 40
6.505146647474358
 40
6.505146647474358
 40
6.505207139079318
 40
6.505207139079318
 40
6.505272065167213
 40
6.505272065167213
 40
6.505341747010213
 40
6.505341747010213
 40
6.505416528581585
 40
6.505416528581585
 40
6.50549677807355
 40
6.50549677807355
 40
6.505582889503462
 40
6.505582889503462
 40
6.505675284411952
 40
6.505675284411952
 40
6.505774413655529
 40
6.505774413655529
 40
6.505880759296706
 40
6.505880759296706
 40
6.505994836593818
 40
6.505994836593818
 40
6.506117196202635
 40
6.506117196202635
 40
6.506248425961365
 40
6.506248425961365
 40
6.506389153760319
 40
6.506389153760319
 40
6.514201653761394
 40
6.514201653761394
 40
6.545451653831475
 40
6.545451653831475
 40
6.647344384189545
 40
6.647344384189545
 40
6.919058372823721
 40
6.919058372823721
 40
7.643629894723699
 40
7.643629894723699
 40
9.575846016673551
 40
9.575846016673551
 40
19.60931868743107
 40
19.60931868743107
 40
19.60931868743107
 40
19.60931868743107
 10
111.1864880017492
 20
220.8768289265693
 30
0.0000000000004547
 10
111.1865340513741
 20
220.8768076179952
 30
0.0000000000004547
 10
111.1866261506238
 20
220.8767650008473
 30
0.0000000000004547
 10
111.1866261506275
 20
220.8767650008459
 30
0.0000000000004547
 10
111.1866261506265
 20
220.8767650008469
 30
0.0000000000004547
 10
111.1866261506284
 20
220.8767650008466
 30
0.0000000000004547
 10
111.1866261506284
 20
220.876765000847
 30
0.0000000000004547
 10
111.1866261506293
 20
220.8767650008469
 30
0.0000000000004547
 10
111.1866261506238
 20
220.8767650008494
 30
0.0000000000004547
 10
111.1866261506252
 20
220.8767650008492
 30
0.0000000000004547
 10
111.186626150632
 20
220.8767650008464
 30
0.0000000000004547
 10
111.186626150632
 20
220.8767650008464
 30
0.0000000000004547
 10
111.4282537068948
 20
220.7696753968921
 30
0.0000000000004547
 10
111.1859955501313
 20
220.8770444837115
 30
0.0000000000004547
 10
111.1859803675415
 20
220.8770512126522
 30
0.0000000000004547
 10
111.1859488803256
 20
220.8770651678217
 30
0.0000000000004547
 10
111.1859325756991
 20
220.8770723940503
 30
0.0000000000004547
 10
111.1858987617388
 20
220.8770873804352
 30
0.0000000000004547
 10
111.1858812524051
 20
220.8770951405913
 30
0.0000000000004547
 10
111.185844940308
 20
220.8771112341529
 30
0.0000000000004547
 10
111.185826137545
 20
220.8771195675584
 30
0.0000000000004547
 10
111.1857871433767
 20
220.8771368498168
 30
0.0000000000004547
 10
111.1857669519718
 20
220.8771457986697
 30
0.0000000000004547
 10
111.18572507835
 20
220.8771643571049
 30
0.0000000000004547
 10
111.1857033961341
 20
220.877173966687
 30
0.0000000000004547
 10
111.1856584312604
 20
220.8771938951681
 30
0.0000000000004547
 10
111.185635148604
 20
220.8772042140668
 30
0.0000000000004547
 10
111.1855868652287
 20
220.8772256133111
 30
0.0000000000004547
 10
111.1855618645108
 20
220.8772366936565
 30
0.0000000000004547
 10
111.185510018824
 20
220.877259671721
 30
0.0000000000004547
 10
111.185483173856
 20
220.8772715694399
 30
0.0000000000004547
 10
111.1854275043024
 20
220.8772962422457
 30
0.0000000000004547
 10
111.1853986797187
 20
220.8773090173324
 30
0.0000000000004547
 10
111.1853389057337
 20
220.8773355092261
 30
0.0000000000004547
 10
111.1853079563348
 20
220.8773492260328
 30
0.0000000000004547
 10
111.1852437769912
 20
220.8773776703857
 30
0.0000000000004547
 10
111.1852105470479
 20
220.8773923979315
 30
0.0000000000004547
 10
111.1851416396125
 20
220.8774229377795
 30
0.0000000000004547
 10
111.1851059621213
 20
220.8774387500811
 30
0.0000000000004547
 10
111.1850319805116
 20
220.8774715388076
 30
0.0000000000004547
 10
111.1849936763951
 20
220.8774885152319
 30
0.0000000000004547
 10
111.1849142495384
 20
220.8775237172966
 30
0.0000000000004547
 10
111.1848731268
 20
220.8775419429365
 30
0.0000000000004547
 10
111.1847878568796
 20
220.8775797346527
 30
0.0000000000004547
 10
111.184743709698
 20
220.8775993007282
 30
0.0000000000004547
 10
111.1846521702819
 20
220.8776398710901
 30
0.0000000000004547
 10
111.1846047780486
 20
220.8776608753755
 30
0.0000000000004547
 10
111.1845065121042
 20
220.8777044269404
 30
0.0000000000004547
 10
111.1844556383948
 20
220.8777269742189
 30
0.0000000000004547
 10
111.1843501561679
 20
220.8777737240459
 30
0.0000000000004547
 10
111.1842955476527
 20
220.8777979265932
 30
0.0000000000004547
 10
111.1841823244176
 20
220.8778481072414
 30
0.0000000000004547
 10
111.1841237097005
 20
220.8778740853406
 30
0.0000000000004547
 10
111.1840021833632
 20
220.8779279459296
 30
0.0000000000004547
 10
111.1839392717475
 20
220.8779558284176
 30
0.0000000000004547
 10
111.1838088403069
 20
220.8780136357548
 30
0.0000000000004547
 10
111.1837413204876
 20
220.878043560602
 30
0.0000000000004547
 10
111.1836013393363
 20
220.8781056003776
 30
0.0000000000004547
 10
111.1835288780103
 20
220.8781377153037
 30
0.0000000000004547
 10
111.1833786570764
 20
220.8782042933579
 30
0.0000000000004547
 10
111.1833008974745
 20
220.8782387564833
 30
0.0000000000004547
 10
111.1831396981934
 20
220.8783102001477
 30
0.0000000000004547
 10
111.183056258521
 20
220.8783471806837
 30
0.0000000000004547
 10
111.1828832906349
 20
220.8784238402007
 30
0.0000000000004547
 10
111.1827937624284
 20
220.8784635191783
 30
0.0000000000004547
 10
111.1826081806025
 20
220.8785457692
 30
0.0000000000004547
 10
111.1825121269917
 20
220.8785883402401
 30
0.0000000000004547
 10
111.1823130272478
 20
220.87867658141
 30
0.0000000000004547
 10
111.1822099811243
 20
220.8787222515351
 30
0.0000000000004547
 10
111.1819963970774
 20
220.8788169121541
 30
0.0000000000004547
 10
111.1818858591659
 20
220.8788659026428
 30
0.0000000000004547
 10
111.1816567579662
 20
220.8789674404698
 30
0.0000000000004547
 10
111.1815381946335
 20
220.8790199878281
 30
0.0000000000004547
 10
111.1812924731021
 20
220.8791288917914
 30
0.0000000000004547
 10
111.181165314852
 20
220.8791852484195
 30
0.0000000000004547
 10
111.1809017949704
 20
220.8793020406166
 30
0.0000000000004547
 10
111.1807654333379
 20
220.879362476186
 30
0.0000000000004547
 10
111.1730589585031
 20
220.8827779909947
 30
0.0000000000004547
 10
111.1654888025487
 20
220.8861330819817
 30
0.0000000000004547
 10
111.1276378090006
 20
220.9029085962568
 30
0.0000000000004547
 10
111.097356330185
 20
220.9163291975193
 30
0.0000000000004547
 10
110.9683371422834
 20
220.973509412354
 30
0.0000000000004547
 10
110.8695928575644
 20
221.0172709240576
 30
0.0000000000004547
 10
110.5075040180936
 20
221.1777384055785
 30
0.0000000000004547
 10
110.2441153688428
 20
221.2944587129447
 30
0.0000000000004547
 10
109.2781713770455
 20
221.7225120202697
 30
0.0000000000004547
 10
108.5753071070007
 20
222.0339761956849
 30
0.0000000000004547
 10
105.9968477896254
 20
223.1769166349954
 30
0.0000000000009095
 10
104.1191208322498
 20
224.0098876926573
 30
0.0000000000004547
 10
92.47648261589256
 20
229.1902982987519
 30
0.0000000000004547
 10
82.62120838970577
 20
233.6276726126029
 30
0.0000000000004547
 10
72.73969309653148
 20
238.4844800088762
 30
0.0000000000009095
  0
LINE
  5
470
330
70
100
AcDbEntity
  8
Visible
100
AcDbLine
 10
178.583231
 20
238.48448
 30
0.0
 11
175.186648
 21
220.876881
 31
0.0
210
0.0
220
1.0
230
0.0
  0
SPLINE
  5
471
330
70
100
AcDbEntity
  8
Visible
100
AcDbSpline
210
-0.000000000116122
220
-0.0000000000422649
230
-1.0
 70
     8
 71
     3
 72
    10
 73
     6
 74
     0
 42
0.000000001
 43
0.0000000001
 40
0.0
 40
0.0
 40
0.0
 40
0.0
 40
1.446365522065126
 40
1.446365522065126
 40
4.861960250061272
 40
4.861960250061272
 40
4.861960250061272
 40
4.861960250061272
 10
160.1835963025764
 20
178.8744819582484
 30
0.0000000000004547
 10
159.6339621078878
 20
180.3845894971148
 30
0.0000000000004547
 10
159.0836431678863
 20
181.8945538479079
 30
0.0000000000004547
 10
157.2348225865526
 20
186.9705158157593
 30
0.0000000000009095
 10
155.9359999104977
 20
190.5364495488058
 30
0.0000000000009095
 10
154.6371773558508
 20
194.1023833261494
 30
0.0000000000009095
  0
ENDSEC
  0
SECTION
  2
OBJECTS
  0
DICTIONARY
  5
C
330
0
100
AcDbDictionary
281
     1
  3
ACAD_COLOR
350
63
  3
ACAD_DETAILVIEWSTYLE
350
6A
  3
ACAD_GROUP
350
D
  3
ACAD_LAYOUT
350
62
  3
ACAD_MATERIAL
350
10
  3
ACAD_MLEADERSTYLE
350
66
  3
ACAD_MLINESTYLE
350
5F
  3
ACAD_PLOTSETTINGS
350
61
  3
ACAD_PLOTSTYLENAME
350
E
  3
ACAD_SCALELIST
350
42
  3
ACAD_SECTIONVIEWSTYLE
350
68
  3
ACAD_TABLESTYLE
350
64
  3
ACAD_VISUALSTYLE
350
29
  3
ACDB_RECOMPOSE_DATA
350
511
  3
AcDbVariableDictionary
350
508
  0
DICTIONARY
  5
AB
330
70
100
AcDbDictionary
280
     1
281
     1
  3
ACAD_SORTENTS
360
AC
  0
DICTIONARY
  5
165
330
164
100
AcDbDictionary
280
     1
281
     1
  0
DICTIONARY
  5
63
102
{ACAD_REACTORS
330
C
102
}
330
C
100
AcDbDictionary
281
     1
  0
DICTIONARY
  5
6A
102
{ACAD_REACTORS
330
C
102
}
330
C
100
AcDbDictionary
281
     1
  3
Imperial24
350
6B
  0
DICTIONARY
  5
D
102
{ACAD_REACTORS
330
C
102
}
330
C
100
AcDbDictionary
281
     1
  0
DICTIONARY
  5
62
102
{ACAD_REACTORS
330
C
102
}
330
C
100
AcDbDictionary
281
     1
  3
Model
350
73
  3
Sheet1
350
6F
  3
Sheet2
350
77
  0
DICTIONARY
  5
10
102
{ACAD_REACTORS
330
C
102
}
330
C
100
AcDbDictionary
281
     1
  3
ByBlock
350
19
  3
ByLayer
350
11
  3
Global
350
21
  0
DICTIONARY
  5
66
102
{ACAD_REACTORS
330
C
102
}
330
C
100
AcDbDictionary
281
     1
  3
Standard
350
67
  0
DICTIONARY
  5
5F
102
{ACAD_REACTORS
330
C
102
}
330
C
100
AcDbDictionary
281
     1
  3
Standard
350
60
  0
DICTIONARY
  5
61
102
{ACAD_REACTORS
330
C
102
}
330
C
100
AcDbDictionary
281
     1
  0
ACDBDICTIONARYWDFLT
  5
E
102
{ACAD_REACTORS
330
C
102
}
330
C
100
AcDbDictionary
281
     1
  3
Normal
350
F
100
AcDbDictionaryWithDefault
340
F
  0
DICTIONARY
  5
42
102
{ACAD_REACTORS
330
C
102
}
330
C
100
AcDbDictionary
281
     1
  3
*A1
350
AA
  3
A0
350
43
  3
A1
350
44
  3
A2
350
45
  3
A3
350
46
  3
A4
350
47
  3
A5
350
48
  3
A6
350
49
  3
A7
350
4A
  3
A8
350
4B
  3
A9
350
4C
  3
B0
350
4D
  3
B1
350
4E
  3
B2
350
4F
  3
B3
350
50
  3
B4
350
51
  3
B5
350
52
  3
B6
350
53
  0
DICTIONARY
  5
68
102
{ACAD_REACTORS
330
C
102
}
330
C
100
AcDbDictionary
281
     1
  3
Imperial24
350
69
  0
DICTIONARY
  5
64
102
{ACAD_REACTORS
330
C
102
}
330
C
100
AcDbDictionary
281
     1
  3
Standard
350
65
  0
DICTIONARY
  5
29
102
{ACAD_REACTORS
330
C
102
}
330
C
100
AcDbDictionary
281
     1
  3
2dWireframe
350
2F
  3
Basic
350
2E
  3
Brighten
350
35
  3
ColorChange
350
39
  3
Conceptual
350
32
  3
Dim
350
34
  3
EdgeColorOff
350
41
  3
Facepattern
350
38
  3
Flat
350
2A
  3
FlatWithEdges
350
2B
  3
Gouraud
350
2C
  3
GouraudWithEdges
350
2D
  3
Hidden
350
31
  3
JitterOff
350
3F
  3
Linepattern
350
37
  3
OverhangOff
350
40
  3
Realistic
350
33
  3
Shaded
350
3E
  3
Shaded with edges
350
3D
  3
Shades of Gray
350
3A
  3
Sketchy
350
3B
  3
Thicken
350
36
  3
Wireframe
350
30
  3
X-Ray
350
3C
  0
XRECORD
  5
511
102
{ACAD_REACTORS
330
C
102
}
330
C
100
AcDbXrecord
280
     1
 90
        1
330
65
  0
DICTIONARY
  5
508
102
{ACAD_REACTORS
330
C
102
}
330
C
100
AcDbDictionary
281
     1
  3
ANNOALLVISIBLE
350
50D
  3
CANNOSCALE
350
50E
  3
CMLEADERSTYLE
350
50A
  3
CTABLESTYLE
350
509
  3
CVIEWDETAILSTYLE
350
50B
  3
CVIEWSECTIONSTYLE
350
50C
  0
SORTENTSTABLE
  5
AC
102
{ACAD_REACTORS
330
AB
102
}
330
AB
100
AcDbSortentsTable
330
70
  0
ACDBDETAILVIEWSTYLE
  5
6B
102
{ACAD_XDICTIONARY
360
514
102
}
102
{ACAD_REACTORS
330
6A
102
}
330
6A
100
AcDbModelDocViewStyle
 70
     0
  3
Imperial24
290
     0
100
AcDbDetailViewStyle
 70
     0
 71
     0
 90
        3
 71
     1
340
55
 62
   256
 40
0.24
340
0
 62
   256
 40
0.24
300

 40
0.36
280
     3
 71
     2
340
5D
 90
       25
 62
   256
 71
     3
340
55
 62
   256
 40
0.24
 90
        1
 40
0.75
 90
        1
300
%<\AcVar ViewType \f "%tc1">% %<\AcVar ViewDetailId>%\PSCALE %<\AcVar ViewScale \f "%sn">%
 71
     4
340
5D
 90
       25
 62
   256
340
5D
 90
       25
 62
   256
280
     0
  0
LAYOUT
  5
73
102
{ACAD_REACTORS
330
62
102
}
330
62
100
AcDbPlotSettings
  1

  2
AutoCAD PDF (High Quality Print).pc3
  4
ISO_full_bleed_A3_(420.00_x_297.00_MM)
  6

 40
0.0
 41
0.0
 42
0.0
 43
0.0
 44
420.0
 45
297.0
 46
0.0
 47
0.0
 48
0.0
 49
0.0
140
0.0
141
0.0
142
1.0
143
1.182285
 70
 11952
 72
     1
 73
     0
 74
     0
  7

 75
     0
147
0.84582
 76
     0
 77
     2
 78
   300
148
90.349905
149
17.820019
100
AcDbLayout
  1
Model
 70
     1
 71
     0
 10
0.0
 20
0.0
 11
12.0
 21
9.0
 12
0.0
 22
0.0
 32
0.0
 14
0.0
 24
0.0
 34
0.0
 15
0.0
 25
0.0
 35
0.0
146
0.0
 13
0.0
 23
0.0
 33
0.0
 16
1.0
 26
0.0
 36
0.0
 17
0.0
 27
1.0
 37
0.0
 76
     0
330
70
1001
ACAD_PSEXT
1000
AutoCAD PDF (High Quality Print).pc3
1000
DWG To PDF
1000
File
1000

1070
     0
  0
LAYOUT
  5
6F
102
{ACAD_REACTORS
330
62
102
}
330
62
100
AcDbPlotSettings
  1

  2
None
  4

  6

 40
0.0
 41
0.0
 42
0.0
 43
0.0
 44
0.0
 45
0.0
 46
0.0
 47
0.0
 48
0.0
 49
0.0
140
0.0
141
0.0
142
1.0
143
1.0
 70
   688
 72
     0
 73
     0
 74
     5
  7

 75
    16
147
1.0
 76
     0
 77
     2
 78
   300
148
0.0
149
0.0
100
AcDbLayout
  1
Sheet1
 70
     1
 71
     1
 10
0.0
 20
0.0
 11
12.0
 21
9.0
 12
0.0
 22
0.0
 32
0.0
 14
0.0
 24
0.0
 34
0.0
 15
0.0
 25
0.0
 35
0.0
146
0.0
 13
0.0
 23
0.0
 33
0.0
 16
1.0
 26
0.0
 36
0.0
 17
0.0
 27
1.0
 37
0.0
 76
     0
330
6C
  0
LAYOUT
  5
77
102
{ACAD_REACTORS
330
62
102
}
330
62
100
AcDbPlotSettings
  1

  2
None
  4

  6

 40
0.0
 41
0.0
 42
0.0
 43
0.0
 44
0.0
 45
0.0
 46
0.0
 47
0.0
 48
0.0
 49
0.0
140
0.0
141
0.0
142
1.0
143
1.0
 70
   688
 72
     0
 73
     0
 74
     5
  7

 75
    16
147
1.0
 76
     0
 77
     2
 78
   300
148
0.0
149
0.0
100
AcDbLayout
  1
Sheet2
 70
     1
 71
     2
 10
0.0
 20
0.0
 11
12.0
 21
9.0
 12
0.0
 22
0.0
 32
0.0
 14
0.0
 24
0.0
 34
0.0
 15
0.0
 25
0.0
 35
0.0
146
0.0
 13
0.0
 23
0.0
 33
0.0
 16
1.0
 26
0.0
 36
0.0
 17
0.0
 27
1.0
 37
0.0
 76
     0
330
74
  0
MATERIAL
  5
19
102
{ACAD_XDICTIONARY
360
1A
102
}
102
{ACAD_REACTORS
330
10
102
}
330
10
100
AcDbMaterial
  1
ByBlock
 72
     0
 43
0.020833
 43
0.0
 43
0.0
 43
0.0
 43
0.0
 43
0.020833
 43
0.0
 43
0.0
 43
0.0
 43
0.0
 43
1.0
 43
0.0
 43
0.0
 43
0.0
 43
0.0
 43
1.0
 77
     0
 47
0.020833
 47
0.0
 47
0.0
 47
0.0
 47
0.0
 47
0.020833
 47
0.0
 47
0.0
 47
0.0
 47
0.0
 47
1.0
 47
0.0
 47
0.0
 47
0.0
 47
0.0
 47
1.0
171
     0
 49
0.020833
 49
0.0
 49
0.0
 49
0.0
 49
0.0
 49
0.020833
 49
0.0
 49
0.0
 49
0.0
 49
0.0
 49
1.0
 49
0.0
 49
0.0
 49
0.0
 49
0.0
 49
1.0
175
     0
142
0.020833
142
0.0
142
0.0
142
0.0
142
0.0
142
0.020833
142
0.0
142
0.0
142
0.0
142
0.0
142
1.0
142
0.0
142
0.0
142
0.0
142
0.0
142
1.0
179
     0
144
0.020833
144
0.0
144
0.0
144
0.0
144
0.0
144
0.020833
144
0.0
144
0.0
144
0.0
144
0.0
144
1.0
144
0.0
144
0.0
144
0.0
144
0.0
144
1.0
147
0.020833
147
0.0
147
0.0
147
0.0
147
0.0
147
0.020833
147
0.0
147
0.0
147
0.0
147
0.0
147
1.0
147
0.0
147
0.0
147
0.0
147
0.0
147
1.0
  0
MATERIAL
  5
11
102
{ACAD_XDICTIONARY
360
12
102
}
102
{ACAD_REACTORS
330
10
102
}
330
10
100
AcDbMaterial
  1
ByLayer
 72
     0
 43
0.020833
 43
0.0
 43
0.0
 43
0.0
 43
0.0
 43
0.020833
 43
0.0
 43
0.0
 43
0.0
 43
0.0
 43
1.0
 43
0.0
 43
0.0
 43
0.0
 43
0.0
 43
1.0
 77
     0
 47
0.020833
 47
0.0
 47
0.0
 47
0.0
 47
0.0
 47
0.020833
 47
0.0
 47
0.0
 47
0.0
 47
0.0
 47
1.0
 47
0.0
 47
0.0
 47
0.0
 47
0.0
 47
1.0
171
     0
 49
0.020833
 49
0.0
 49
0.0
 49
0.0
 49
0.0
 49
0.020833
 49
0.0
 49
0.0
 49
0.0
 49
0.0
 49
1.0
 49
0.0
 49
0.0
 49
0.0
 49
0.0
 49
1.0
175
     0
142
0.020833
142
0.0
142
0.0
142
0.0
142
0.0
142
0.020833
142
0.0
142
0.0
142
0.0
142
0.0
142
1.0
142
0.0
142
0.0
142
0.0
142
0.0
142
1.0
179
     0
144
0.020833
144
0.0
144
0.0
144
0.0
144
0.0
144
0.020833
144
0.0
144
0.0
144
0.0
144
0.0
144
1.0
144
0.0
144
0.0
144
0.0
144
0.0
144
1.0
147
0.020833
147
0.0
147
0.0
147
0.0
147
0.0
147
0.020833
147
0.0
147
0.0
147
0.0
147
0.0
147
1.0
147
0.0
147
0.0
147
0.0
147
0.0
147
1.0
  0
MATERIAL
  5
21
102
{ACAD_XDICTIONARY
360
22
102
}
102
{ACAD_REACTORS
330
10
102
}
330
10
100
AcDbMaterial
  1
Global
 72
     0
 43
0.020833
 43
0.0
 43
0.0
 43
0.0
 43
0.0
 43
0.020833
 43
0.0
 43
0.0
 43
0.0
 43
0.0
 43
1.0
 43
0.0
 43
0.0
 43
0.0
 43
0.0
 43
1.0
 77
     0
 47
0.020833
 47
0.0
 47
0.0
 47
0.0
 47
0.0
 47
0.020833
 47
0.0
 47
0.0
 47
0.0
 47
0.0
 47
1.0
 47
0.0
 47
0.0
 47
0.0
 47
0.0
 47
1.0
171
     0
 49
0.020833
 49
0.0
 49
0.0
 49
0.0
 49
0.0
 49
0.020833
 49
0.0
 49
0.0
 49
0.0
 49
0.0
 49
1.0
 49
0.0
 49
0.0
 49
0.0
 49
0.0
 49
1.0
175
     0
142
0.020833
142
0.0
142
0.0
142
0.0
142
0.0
142
0.020833
142
0.0
142
0.0
142
0.0
142
0.0
142
1.0
142
0.0
142
0.0
142
0.0
142
0.0
142
1.0
179
     0
144
0.020833
144
0.0
144
0.0
144
0.0
144
0.0
144
0.020833
144
0.0
144
0.0
144
0.0
144
0.0
144
1.0
144
0.0
144
0.0
144
0.0
144
0.0
144
1.0
147
0.020833
147
0.0
147
0.0
147
0.0
147
0.0
147
0.020833
147
0.0
147
0.0
147
0.0
147
0.0
147
1.0
147
0.0
147
0.0
147
0.0
147
0.0
147
1.0
  0
MLEADERSTYLE
  5
67
102
{ACAD_REACTORS
330
66
102
}
330
66
100
AcDbMLeaderStyle
179
     2
170
     2
171
     1
172
     0
 90
        2
 40
0.0
 41
0.0
173
     1
 91
-1056964608
340
5B
 92
       -2
290
     1
 42
0.09
291
     1
 43
0.36
  3
Standard
 44
0.18
300

342
55
174
     1
178
     6
175
     1
176
     0
 93
-1056964608
 45
0.18
292
     0
297
     0
 46
0.18
 94
-1056964608
 47
1.0
 49
1.0
140
1.0
293
     1
141
0.0
294
     1
177
     0
142
1.0
295
     0
296
     0
143
0.125
271
     0
272
     9
273
     9
298
     1
  0
MLINESTYLE
  5
60
102
{ACAD_REACTORS
330
5F
102
}
330
5F
100
AcDbMlineStyle
  2
STANDARD
 70
     0
  3

 62
   256
 51
90.0
 52
90.0
 71
     0
  0
ACDBPLACEHOLDER
  5
F
102
{ACAD_REACTORS
330
E
102
}
330
E
  0
SCALE
  5
AA
102
{ACAD_REACTORS
330
42
102
}
330
42
100
AcDbScale
 70
     0
300
1:3
140
0.333333
141
1.0
290
     0
  0
SCALE
  5
43
102
{ACAD_REACTORS
330
42
102
}
330
42
100
AcDbScale
 70
     0
300
1:1
140
1.0
141
1.0
290
     1
  0
SCALE
  5
44
102
{ACAD_REACTORS
330
42
102
}
330
42
100
AcDbScale
 70
     0
300
1:2
140
1.0
141
2.0
290
     0
  0
SCALE
  5
45
102
{ACAD_REACTORS
330
42
102
}
330
42
100
AcDbScale
 70
     0
300
1:4
140
1.0
141
4.0
290
     0
  0
SCALE
  5
46
102
{ACAD_REACTORS
330
42
102
}
330
42
100
AcDbScale
 70
     0
300
1:5
140
1.0
141
5.0
290
     0
  0
SCALE
  5
47
102
{ACAD_REACTORS
330
42
102
}
330
42
100
AcDbScale
 70
     0
300
1:8
140
1.0
141
8.0
290
     0
  0
SCALE
  5
48
102
{ACAD_REACTORS
330
42
102
}
330
42
100
AcDbScale
 70
     0
300
1:10
140
1.0
141
10.0
290
     0
  0
SCALE
  5
49
102
{ACAD_REACTORS
330
42
102
}
330
42
100
AcDbScale
 70
     0
300
1:16
140
1.0
141
16.0
290
     0
  0
SCALE
  5
4A
102
{ACAD_REACTORS
330
42
102
}
330
42
100
AcDbScale
 70
     0
300
1:20
140
1.0
141
20.0
290
     0
  0
SCALE
  5
4B
102
{ACAD_REACTORS
330
42
102
}
330
42
100
AcDbScale
 70
     0
300
1:30
140
1.0
141
30.0
290
     0
  0
SCALE
  5
4C
102
{ACAD_REACTORS
330
42
102
}
330
42
100
AcDbScale
 70
     0
300
1:40
140
1.0
141
40.0
290
     0
  0
SCALE
  5
4D
102
{ACAD_REACTORS
330
42
102
}
330
42
100
AcDbScale
 70
     0
300
1:50
140
1.0
141
50.0
290
     0
  0
SCALE
  5
4E
102
{ACAD_REACTORS
330
42
102
}
330
42
100
AcDbScale
 70
     0
300
1:100
140
1.0
141
100.0
290
     0
  0
SCALE
  5
4F
102
{ACAD_REACTORS
330
42
102
}
330
42
100
AcDbScale
 70
     0
300
2:1
140
2.0
141
1.0
290
     0
  0
SCALE
  5
50
102
{ACAD_REACTORS
330
42
102
}
330
42
100
AcDbScale
 70
     0
300
4:1
140
4.0
141
1.0
290
     0
  0
SCALE
  5
51
102
{ACAD_REACTORS
330
42
102
}
330
42
100
AcDbScale
 70
     0
300
8:1
140
8.0
141
1.0
290
     0
  0
SCALE
  5
52
102
{ACAD_REACTORS
330
42
102
}
330
42
100
AcDbScale
 70
     0
300
10:1
140
10.0
141
1.0
290
     0
  0
SCALE
  5
53
102
{ACAD_REACTORS
330
42
102
}
330
42
100
AcDbScale
 70
     0
300
100:1
140
100.0
141
1.0
290
     0
  0
ACDBSECTIONVIEWSTYLE
  5
69
102
{ACAD_XDICTIONARY
360
512
102
}
102
{ACAD_REACTORS
330
68
102
}
330
68
100
AcDbModelDocViewStyle
 70
     0
  3
Imperial24
290
     0
100
AcDbSectionViewStyle
 70
     0
 71
     0
 90
       78
 71
     1
340
55
 62
   256
 40
0.24
340
0
340
0
 62
   256
 40
0.24
300
I, O, Q, S, X, Z
 40
0.48
 90
        3
 40
0.18
 90
        1
 71
     2
340
5D
 90
       25
 62
   256
340
5D
 90
       50
 62
   256
 40
0.24
 40
0.0
 40
0.24
 71
     3
340
55
 62
   256
 40
0.24
 90
        1
 40
0.75
 90
        1
300
%<\AcVar ViewType \f "%tc1">% %<\AcVar ViewSectionStartId>%-%<\AcVar ViewSectionEndId>%\PSCALE %<\AcVar ViewScale \f "%sn">%
 71
     4
 62
   256
 62
   257
300
ANSI31
 40
1.0
 90
        0
290
     0
290
     0
 90
        6
 40
0.0
 40
1.570796
 40
0.261799
 40
1.308997
 40
-0.261799
 40
1.832596
  0
TABLESTYLE
  5
65
102
{ACAD_XDICTIONARY
360
50F
102
}
102
{ACAD_REACTORS
330
64
102
}
330
64
100
AcDbTableStyle
280
     0
  3
Standard
 70
     0
 71
     0
 40
1.5
 41
1.5
280
     0
281
     0
  7
Standard
140
0.18
170
     2
 62
     0
 63
     7
283
     0
 90
      512
 91
        0
  1

274
    -2
284
     1
 64
     0
275
    -2
285
     1
 65
     0
276
    -2
286
     1
 66
     0
277
    -2
287
     1
 67
     0
278
    -2
288
     1
 68
     0
279
    -2
289
     1
 69
     0
  7
Standard
140
0.25
170
     5
 62
     0
 63
     7
283
     0
 90
      512
 91
        0
  1

274
    -2
284
     1
 64
     0
275
    -2
285
     1
 65
     0
276
    -2
286
     1
 66
     0
277
    -2
287
     1
 67
     0
278
    -2
288
     1
 68
     0
279
    -2
289
     1
 69
     0
  7
Standard
140
0.18
170
     5
 62
     0
 63
     7
283
     0
 90
      512
 91
        0
  1

274
    -2
284
     1
 64
     0
275
    -2
285
     1
 65
     0
276
    -2
286
     1
 66
     0
277
    -2
287
     1
 67
     0
278
    -2
288
     1
 68
     0
279
    -2
289
     1
 69
     0
  0
VISUALSTYLE
  5
2F
102
{ACAD_REACTORS
330
29
102
}
330
29
100
AcDbVisualStyle
  2
2dWireframe
 70
     4
177
     3
291
     0
 70
    58
 90
        0
176
     1
 90
        2
176
     1
 90
        0
176
     1
 90
        0
176
     1
 40
0.6
176
     1
 40
30.0
176
     1
 62
     7
420
 16777215
176
     1
 90
        1
176
     1
 90
        4
176
     1
 62
     7
176
     1
 62
   257
176
     1
 90
        1
176
     1
 90
        1
176
     1
 40
1.0
176
     1
 90
        0
176
     1
 62
   257
176
     1
 40
1.0
176
     1
 90
        1
176
     1
 90
        6
176
     1
 90
        2
176
     1
 62
     7
176
     1
 90
        5
176
     1
 90
        0
176
     1
 90
        0
176
     1
290
     0
176
     1
 90
        1
176
     1
 40
0.0
176
     1
 90
        0
176
     1
290
     1
176
     1
290
     1
176
     1
290
     0
176
     1
290
     0
176
     1
290
     0
176
     1
290
     0
176
     1
290
     0
176
     1
290
     0
176
     1
290
     0
176
     1
 90
       50
176
     1
 40
0.0
176
     1
 40
1.0
176
     1
 90
        0
176
     1
 62
    18
420
        0
176
     1
 90
       50
176
     1
 90
        3
176
     1
 62
     5
420
      255
176
     1
290
     0
176
     1
 90
       50
176
     1
 90
       50
176
     1
 90
       50
176
     1
290
     0
176
     1
 90
       50
176
     1
 62
   256
176
     0
 40
1.0
176
     0
 90
        2
176
     1
  1
strokes_ogs.tif
176
     1
290
     0
176
     1
 40
1.0
176
     1
 40
1.0
176
     1
1001
ACAD
1000
AcDbSavedByObjectVersion
1070
     0
  0
VISUALSTYLE
  5
2E
102
{ACAD_REACTORS
330
29
102
}
330
29
100
AcDbVisualStyle
  2
Basic
 70
     7
177
     3
291
     1
 70
    58
 90
        1
176
     1
 90
        0
176
     1
 90
        1
176
     1
 90
        0
176
     1
 40
0.6
176
     1
 40
30.0
176
     1
 62
     7
420
 16777215
176
     1
 90
        0
176
     1
 90
        4
176
     1
 62
     7
176
     1
 62
   257
176
     1
 90
        1
176
     1
 90
        1
176
     1
 40
1.0
176
     1
 90
        8
176
     1
 62
     7
176
     1
 40
1.0
176
     1
 90
        1
176
     1
 90
        6
176
     1
 90
        2
176
     1
 62
     7
176
     1
 90
        5
176
     1
 90
        0
176
     1
 90
        0
176
     1
290
     0
176
     1
 90
        1
176
     1
 40
0.0
176
     1
 90
        0
176
     1
290
     0
176
     1
290
     1
176
     1
290
     1
176
     1
290
     0
176
     1
290
     0
176
     1
290
     0
176
     1
290
     0
176
     1
290
     0
176
     1
290
     0
176
     1
 90
       50
176
     1
 40
0.0
176
     1
 40
1.0
176
     1
 90
        0
176
     1
 62
    18
420
        0
176
     1
 90
       50
176
     1
 90
        3
176
     1
 62
     5
420
      255
176
     1
290
     0
176
     1
 90
       50
176
     1
 90
       50
176
     1
 90
       50
176
     1
290
     0
176
     1
 90
       50
176
     1
 62
   256
176
     0
 40
1.0
176
     0
 90
        2
176
     1
  1
strokes_ogs.tif
176
     1
290
     0
176
     1
 40
1.0
176
     1
 40
1.0
176
     1
1001
ACAD
1000
AcDbSavedByObjectVersion
1070
     0
  0
VISUALSTYLE
  5
35
102
{ACAD_REACTORS
330
29
102
}
330
29
100
AcDbVisualStyle
  2
Brighten
 70
    12
177
     3
291
     1
 70
    58
 90
        2
176
     1
 90
        2
176
     1
 90
        0
176
     1
 90
        0
176
     1
 40
0.6
176
     1
 40
30.0
176
     1
 62
     7
420
 16777215
176
     1
 90
        1
176
     1
 90
        4
176
     1
 62
     7
176
     1
 62
   257
176
     1
 90
        1
176
     1
 90
        1
176
     1
 40
1.0
176
     1
 90
        8
176
     1
 62
     7
176
     1
 40
1.0
176
     1
 90
        1
176
     1
 90
        6
176
     1
 90
        2
176
     1
 62
     7
176
     1
 90
        5
176
     1
 90
        0
176
     1
 90
        0
176
     1
290
     0
176
     1
 90
        1
176
     1
 40
50.0
176
     1
 90
        0
176
     1
290
     0
176
     1
290
     1
176
     1
290
     1
176
     1
290
     0
176
     1
290
     0
176
     1
290
     0
176
     1
290
     0
176
     1
290
     0
176
     1
290
     0
176
     1
 90
       50
176
     1
 40
0.0
176
     1
 40
1.0
176
     1
 90
        0
176
     1
 62
    18
420
        0
176
     1
 90
       50
176
     1
 90
        3
176
     1
 62
     5
420
      255
176
     1
290
     0
176
     1
 90
       50
176
     1
 90
       50
176
     1
 90
       50
176
     1
290
     0
176
     1
 90
       50
176
     1
 62
   256
176
     0
 40
1.0
176
     0
 90
        2
176
     1
  1
strokes_ogs.tif
176
     1
290
     0
176
     1
 40
1.0
176
     1
 40
1.0
176
     1
1001
ACAD
1000
AcDbSavedByObjectVersion
1070
     0
  0
VISUALSTYLE
  5
39
102
{ACAD_REACTORS
330
29
102
}
330
29
100
AcDbVisualStyle
  2
ColorChange
 70
    16
177
     3
291
     1
 70
    58
 90
        2
176
     1
 90
        2
176
     1
 90
        3
176
     1
 90
        0
176
     1
 40
0.6
176
     1
 40
30.0
176
     1
 62
     8
420
  8421504
176
     1
 90
        1
176
     1
 90
        4
176
     1
 62
     7
176
     1
 62
   257
176
     1
 90
        1
176
     1
 90
        1
176
     1
 40
1.0
176
     1
 90
        8
176
     1
 62
     8
420
  8421504
176
     1
 40
1.0
176
     1
 90
        1
176
     1
 90
        6
176
     1
 90
        2
176
     1
 62
     7
176
     1
 90
        5
176
     1
 90
        0
176
     1
 90
        0
176
     1
290
     0
176
     1
 90
        1
176
     1
 40
0.0
176
     1
 90
        0
176
     1
290
     0
176
     1
290
     1
176
     1
290
     1
176
     1
290
     0
176
     1
290
     0
176
     1
290
     0
176
     1
290
     0
176
     1
290
     0
176
     1
290
     0
176
     1
 90
       50
176
     1
 40
0.0
176
     1
 40
1.0
176
     1
 90
        0
176
     1
 62
    18
420
        0
176
     1
 90
       50
176
     1
 90
        3
176
     1
 62
     5
420
      255
176
     1
290
     0
176
     1
 90
       50
176
     1
 90
       50
176
     1
 90
       50
176
     1
290
     0
176
     1
 90
       50
176
     1
 62
   256
176
     0
 40
1.0
176
     0
 90
        2
176
     1
  1
strokes_ogs.tif
176
     1
290
     0
176
     1
 40
1.0
176
     1
 40
1.0
176
     1
1001
ACAD
1000
AcDbSavedByObjectVersion
1070
     0
  0
VISUALSTYLE
  5
32
102
{ACAD_REACTORS
330
29
102
}
330
29
100
AcDbVisualStyle
  2
Conceptual
 70
     9
177
     3
291
     0
 70
    58
 90
        3
176
     1
 90
        2
176
     1
 90
        0
176
     1
 90
        0
176
     1
 40
0.6
176
     1
 40
30.0
176
     1
 62
     7
420
 16777215
176
     1
 90
        2
176
     1
 90
        2
176
     1
 62
     7
176
     1
 62
   257
176
     1
 90
        1
176
     1
 90
        1
176
     1
 40
179.0
176
     1
 90
        8
176
     1
 62
     7
176
     1
 40
1.0
176
     1
 90
        1
176
     1
 90
        6
176
     1
 90
        2
176
     1
 62
     7
176
     1
 90
        3
176
     1
 90
        0
176
     1
 90
        0
176
     1
290
     0
176
     1
 90
        1
176
     1
 40
0.0
176
     1
 90
        0
176
     1
290
     0
176
     1
290
     1
176
     1
290
     1
176
     1
290
     0
176
     1
290
     0
176
     1
290
     0
176
     1
290
     0
176
     1
290
     0
176
     1
290
     0
176
     1
 90
       50
176
     1
 40
0.0
176
     1
 40
1.0
176
     1
 90
        0
176
     1
 62
    18
420
        0
176
     1
 90
       50
176
     1
 90
        3
176
     1
 62
     5
420
      255
176
     1
290
     0
176
     1
 90
       50
176
     1
 90
       50
176
     1
 90
       50
176
     1
290
     0
176
     1
 90
       50
176
     1
 62
   256
176
     0
 40
1.0
176
     0
 90
        2
176
     1
  1
strokes_ogs.tif
176
     1
290
     0
176
     1
 40
1.0
176
     1
 40
1.0
176
     1
1001
ACAD
1000
AcDbSavedByObjectVersion
1070
     0
  0
VISUALSTYLE
  5
34
102
{ACAD_REACTORS
330
29
102
}
330
29
100
AcDbVisualStyle
  2
Dim
 70
    11
177
     3
291
     1
 70
    58
 90
        2
176
     1
 90
        2
176
     1
 90
        0
176
     1
 90
        0
176
     1
 40
0.6
176
     1
 40
30.0
176
     1
 62
     7
420
 16777215
176
     1
 90
        1
176
     1
 90
        4
176
     1
 62
     7
176
     1
 62
   257
176
     1
 90
        1
176
     1
 90
        1
176
     1
 40
1.0
176
     1
 90
        8
176
     1
 62
     7
176
     1
 40
1.0
176
     1
 90
        1
176
     1
 90
        6
176
     1
 90
        2
176
     1
 62
     7
176
     1
 90
        5
176
     1
 90
        0
176
     1
 90
        0
176
     1
290
     0
176
     1
 90
        1
176
     1
 40
-50.0
176
     1
 90
        0
176
     1
290
     0
176
     1
290
     1
176
     1
290
     1
176
     1
290
     0
176
     1
290
     0
176
     1
290
     0
176
     1
290
     0
176
     1
290
     0
176
     1
290
     0
176
     1
 90
       50
176
     1
 40
0.0
176
     1
 40
1.0
176
     1
 90
        0
176
     1
 62
    18
420
        0
176
     1
 90
       50
176
     1
 90
        3
176
     1
 62
     5
420
      255
176
     1
290
     0
176
     1
 90
       50
176
     1
 90
       50
176
     1
 90
       50
176
     1
290
     0
176
     1
 90
       50
176
     1
 62
   256
176
     0
 40
1.0
176
     0
 90
        2
176
     1
  1
strokes_ogs.tif
176
     1
290
     0
176
     1
 40
1.0
176
     1
 40
1.0
176
     1
1001
ACAD
1000
AcDbSavedByObjectVersion
1070
     0
  0
VISUALSTYLE
  5
41
102
{ACAD_REACTORS
330
29
102
}
330
29
100
AcDbVisualStyle
  2
EdgeColorOff
 70
    22
177
     3
291
     1
 70
    58
 90
        2
176
     0
 90
        2
176
     0
 90
        0
176
     0
 90
        0
176
     0
 40
0.6
176
     0
 40
30.0
176
     0
 62
     7
420
 16777215
176
     0
 90
        1
176
     0
 90
        4
176
     0
 62
     7
176
     0
 62
   257
176
     0
 90
        1
176
     0
 90
        1
176
     0
 40
1.0
176
     0
 90
        8
176
     2
 62
     7
176
     0
 40
1.0
176
     0
 90
        1
176
     0
 90
        6
176
     0
 90
        2
176
     0
 62
     7
176
     0
 90
        5
176
     0
 90
        0
176
     0
 90
        0
176
     0
290
     0
176
     0
 90
        1
176
     0
 40
0.0
176
     0
 90
        0
176
     0
290
     0
176
     0
290
     1
176
     0
290
     1
176
     0
290
     0
176
     0
290
     0
176
     0
290
     0
176
     0
290
     0
176
     0
290
     0
176
     0
290
     0
176
     0
 90
       50
176
     0
 40
0.0
176
     0
 40
1.0
176
     0
 90
        0
176
     0
 62
    18
420
        0
176
     0
 90
       50
176
     0
 90
        3
176
     0
 62
     5
420
      255
176
     0
290
     0
176
     0
 90
       50
176
     0
 90
       50
176
     0
 90
       50
176
     0
290
     0
176
     0
 90
       50
176
     0
 62
   256
176
     0
 40
1.0
176
     0
 90
        2
176
     0
  1
strokes_ogs.tif
176
     0
290
     0
176
     0
 40
1.0
176
     0
 40
1.0
176
     0
1001
ACAD
1000
AcDbSavedByObjectVersion
1070
     0
  0
VISUALSTYLE
  5
38
102
{ACAD_REACTORS
330
29
102
}
330
29
100
AcDbVisualStyle
  2
Facepattern
 70
    15
177
     3
291
     1
 70
    58
 90
        2
176
     1
 90
        2
176
     1
 90
        0
176
     1
 90
        0
176
     1
 40
0.6
176
     1
 40
30.0
176
     1
 62
     7
420
 16777215
176
     1
 90
        1
176
     1
 90
        4
176
     1
 62
     7
176
     1
 62
   257
176
     1
 90
        1
176
     1
 90
        1
176
     1
 40
1.0
176
     1
 90
        8
176
     1
 62
     7
176
     1
 40
1.0
176
     1
 90
        1
176
     1
 90
        6
176
     1
 90
        2
176
     1
 62
     7
176
     1
 90
        5
176
     1
 90
        0
176
     1
 90
        0
176
     1
290
     0
176
     1
 90
        1
176
     1
 40
0.0
176
     1
 90
        0
176
     1
290
     0
176
     1
290
     1
176
     1
290
     1
176
     1
290
     0
176
     1
290
     0
176
     1
290
     0
176
     1
290
     0
176
     1
290
     0
176
     1
290
     0
176
     1
 90
       50
176
     1
 40
0.0
176
     1
 40
1.0
176
     1
 90
        0
176
     1
 62
    18
420
        0
176
     1
 90
       50
176
     1
 90
        3
176
     1
 62
     5
420
      255
176
     1
290
     0
176
     1
 90
       50
176
     1
 90
       50
176
     1
 90
       50
176
     1
290
     0
176
     1
 90
       50
176
     1
 62
   256
176
     0
 40
1.0
176
     0
 90
        2
176
     1
  1
strokes_ogs.tif
176
     1
290
     0
176
     1
 40
1.0
176
     1
 40
1.0
176
     1
1001
ACAD
1000
AcDbSavedByObjectVersion
1070
     0
  0
VISUALSTYLE
  5
2A
102
{ACAD_REACTORS
330
29
102
}
330
29
100
AcDbVisualStyle
  2
Flat
 70
     0
177
     3
291
     1
 70
    58
 90
        2
176
     1
 90
        1
176
     1
 90
        1
176
     1
 90
        2
176
     1
 40
0.6
176
     1
 40
30.0
176
     1
 62
     7
420
 16777215
176
     1
 90
        0
176
     1
 90
        0
176
     1
 62
     7
176
     1
 62
   257
176
     1
 90
        1
176
     1
 90
        1
176
     1
 40
1.0
176
     1
 90
        8
176
     1
 62
     7
176
     1
 40
1.0
176
     1
 90
        1
176
     1
 90
        6
176
     1
 90
        2
176
     1
 62
     7
176
     1
 90
        5
176
     1
 90
        0
176
     1
 90
        0
176
     1
290
     0
176
     1
 90
       13
176
     1
 40
0.0
176
     1
 90
        0
176
     1
290
     0
176
     1
290
     1
176
     1
290
     1
176
     1
290
     0
176
     1
290
     0
176
     1
290
     0
176
     1
290
     0
176
     1
290
     0
176
     1
290
     0
176
     1
 90
       50
176
     1
 40
0.0
176
     1
 40
1.0
176
     1
 90
        0
176
     1
 62
    18
420
        0
176
     1
 90
       50
176
     1
 90
        3
176
     1
 62
     5
420
      255
176
     1
290
     0
176
     1
 90
       50
176
     1
 90
       50
176
     1
 90
       50
176
     1
290
     0
176
     1
 90
       50
176
     1
 62
   256
176
     0
 40
1.0
176
     0
 90
        2
176
     1
  1
strokes_ogs.tif
176
     1
290
     0
176
     1
 40
1.0
176
     1
 40
1.0
176
     1
1001
ACAD
1000
AcDbSavedByObjectVersion
1070
     0
  0
VISUALSTYLE
  5
2B
102
{ACAD_REACTORS
330
29
102
}
330
29
100
AcDbVisualStyle
  2
FlatWithEdges
 70
     1
177
     3
291
     1
 70
    58
 90
        2
176
     1
 90
        1
176
     1
 90
        1
176
     1
 90
        2
176
     1
 40
0.6
176
     1
 40
30.0
176
     1
 62
     7
420
 16777215
176
     1
 90
        1
176
     1
 90
        0
176
     1
 62
     7
176
     1
 62
   257
176
     1
 90
        1
176
     1
 90
        1
176
     1
 40
1.0
176
     1
 90
        0
176
     1
 62
   257
176
     1
 40
1.0
176
     1
 90
        1
176
     1
 90
        6
176
     1
 90
        2
176
     1
 62
     7
176
     1
 90
        5
176
     1
 90
        0
176
     1
 90
        0
176
     1
290
     0
176
     1
 90
       13
176
     1
 40
0.0
176
     1
 90
        0
176
     1
290
     0
176
     1
290
     1
176
     1
290
     1
176
     1
290
     0
176
     1
290
     0
176
     1
290
     0
176
     1
290
     0
176
     1
290
     0
176
     1
290
     0
176
     1
 90
       50
176
     1
 40
0.0
176
     1
 40
1.0
176
     1
 90
        0
176
     1
 62
    18
420
        0
176
     1
 90
       50
176
     1
 90
        3
176
     1
 62
     5
420
      255
176
     1
290
     0
176
     1
 90
       50
176
     1
 90
       50
176
     1
 90
       50
176
     1
290
     0
176
     1
 90
       50
176
     1
 62
   256
176
     0
 40
1.0
176
     0
 90
        2
176
     1
  1
strokes_ogs.tif
176
     1
290
     0
176
     1
 40
1.0
176
     1
 40
1.0
176
     1
1001
ACAD
1000
AcDbSavedByObjectVersion
1070
     0
  0
VISUALSTYLE
  5
2C
102
{ACAD_REACTORS
330
29
102
}
330
29
100
AcDbVisualStyle
  2
Gouraud
 70
     2
177
     3
291
     1
 70
    58
 90
        2
176
     1
 90
        2
176
     1
 90
        1
176
     1
 90
        2
176
     1
 40
0.6
176
     1
 40
30.0
176
     1
 62
     7
420
 16777215
176
     1
 90
        0
176
     1
 90
        0
176
     1
 62
     7
176
     1
 62
   257
176
     1
 90
        1
176
     1
 90
        1
176
     1
 40
1.0
176
     1
 90
        0
176
     1
 62
     7
176
     1
 40
1.0
176
     1
 90
        1
176
     1
 90
        6
176
     1
 90
        2
176
     1
 62
     7
176
     1
 90
        5
176
     1
 90
        0
176
     1
 90
        0
176
     1
290
     0
176
     1
 90
       13
176
     1
 40
0.0
176
     1
 90
        0
176
     1
290
     0
176
     1
290
     1
176
     1
290
     1
176
     1
290
     0
176
     1
290
     0
176
     1
290
     0
176
     1
290
     0
176
     1
290
     0
176
     1
290
     0
176
     1
 90
       50
176
     1
 40
0.0
176
     1
 40
1.0
176
     1
 90
        0
176
     1
 62
    18
420
        0
176
     1
 90
       50
176
     1
 90
        3
176
     1
 62
     5
420
      255
176
     1
290
     0
176
     1
 90
       50
176
     1
 90
       50
176
     1
 90
       50
176
     1
290
     0
176
     1
 90
       50
176
     1
 62
   256
176
     0
 40
1.0
176
     0
 90
        2
176
     1
  1
strokes_ogs.tif
176
     1
290
     0
176
     1
 40
1.0
176
     1
 40
1.0
176
     1
1001
ACAD
1000
AcDbSavedByObjectVersion
1070
     0
  0
VISUALSTYLE
  5
2D
102
{ACAD_REACTORS
330
29
102
}
330
29
100
AcDbVisualStyle
  2
GouraudWithEdges
 70
     3
177
     3
291
     1
 70
    58
 90
        2
176
     1
 90
        2
176
     1
 90
        1
176
     1
 90
        2
176
     1
 40
0.6
176
     1
 40
30.0
176
     1
 62
     7
420
 16777215
176
     1
 90
        1
176
     1
 90
        0
176
     1
 62
     7
176
     1
 62
   257
176
     1
 90
        1
176
     1
 90
        1
176
     1
 40
1.0
176
     1
 90
        0
176
     1
 62
   257
176
     1
 40
1.0
176
     1
 90
        1
176
     1
 90
        6
176
     1
 90
        2
176
     1
 62
     7
176
     1
 90
        5
176
     1
 90
        0
176
     1
 90
        0
176
     1
290
     0
176
     1
 90
       13
176
     1
 40
0.0
176
     1
 90
        0
176
     1
290
     0
176
     1
290
     1
176
     1
290
     1
176
     1
290
     0
176
     1
290
     0
176
     1
290
     0
176
     1
290
     0
176
     1
290
     0
176
     1
290
     0
176
     1
 90
       50
176
     1
 40
0.0
176
     1
 40
1.0
176
     1
 90
        0
176
     1
 62
    18
420
        0
176
     1
 90
       50
176
     1
 90
        3
176
     1
 62
     5
420
      255
176
     1
290
     0
176
     1
 90
       50
176
     1
 90
       50
176
     1
 90
       50
176
     1
290
     0
176
     1
 90
       50
176
     1
 62
   256
176
     0
 40
1.0
176
     0
 90
        2
176
     1
  1
strokes_ogs.tif
176
     1
290
     0
176
     1
 40
1.0
176
     1
 40
1.0
176
     1
1001
ACAD
1000
AcDbSavedByObjectVersion
1070
     0
  0
VISUALSTYLE
  5
31
102
{ACAD_REACTORS
330
29
102
}
330
29
100
AcDbVisualStyle
  2
Hidden
 70
     6
177
     3
291
     0
 70
    58
 90
        1
176
     1
 90
        2
176
     1
 90
        2
176
     1
 90
        0
176
     1
 40
0.6
176
     1
 40
30.0
176
     1
 62
     7
420
 16777215
176
     1
 90
        2
176
     1
 90
        2
176
     1
 62
     7
176
     1
 62
   257
176
     1
 90
        2
176
     1
 90
        1
176
     1
 40
40.0
176
     1
 90
        0
176
     1
 62
   257
176
     1
 40
1.0
176
     1
 90
        1
176
     1
 90
        6
176
     1
 90
        2
176
     1
 62
     7
176
     1
 90
        3
176
     1
 90
        0
176
     1
 90
        0
176
     1
290
     0
176
     1
 90
        1
176
     1
 40
0.0
176
     1
 90
        0
176
     1
290
     0
176
     1
290
     1
176
     1
290
     1
176
     1
290
     0
176
     1
290
     0
176
     1
290
     0
176
     1
290
     0
176
     1
290
     0
176
     1
290
     0
176
     1
 90
       50
176
     1
 40
0.0
176
     1
 40
1.0
176
     1
 90
        0
176
     1
 62
    18
420
        0
176
     1
 90
       50
176
     1
 90
        3
176
     1
 62
     5
420
      255
176
     1
290
     0
176
     1
 90
       50
176
     1
 90
       50
176
     1
 90
       50
176
     1
290
     0
176
     1
 90
       50
176
     1
 62
   256
176
     0
 40
1.0
176
     0
 90
        2
176
     1
  1
strokes_ogs.tif
176
     1
290
     0
176
     1
 40
1.0
176
     1
 40
1.0
176
     1
1001
ACAD
1000
AcDbSavedByObjectVersion
1070
     0
  0
VISUALSTYLE
  5
3F
102
{ACAD_REACTORS
330
29
102
}
330
29
100
AcDbVisualStyle
  2
JitterOff
 70
    20
177
     3
291
     1
 70
    58
 90
        2
176
     0
 90
        2
176
     0
 90
        0
176
     0
 90
        0
176
     0
 40
0.6
176
     0
 40
30.0
176
     0
 62
     7
420
 16777215
176
     0
 90
        1
176
     0
 90
        4
176
     0
 62
     7
176
     0
 62
   257
176
     0
 90
        1
176
     0
 90
        1
176
     0
 40
1.0
176
     0
 90
       10
176
     2
 62
     7
176
     0
 40
1.0
176
     0
 90
        1
176
     0
 90
        6
176
     0
 90
        2
176
     0
 62
     7
176
     0
 90
        5
176
     0
 90
        0
176
     0
 90
        0
176
     0
290
     0
176
     0
 90
        1
176
     0
 40
0.0
176
     0
 90
        0
176
     0
290
     0
176
     0
290
     1
176
     0
290
     1
176
     0
290
     0
176
     0
290
     0
176
     0
290
     0
176
     0
290
     0
176
     0
290
     0
176
     0
290
     0
176
     0
 90
       50
176
     0
 40
0.0
176
     0
 40
1.0
176
     0
 90
        0
176
     0
 62
    18
420
        0
176
     0
 90
       50
176
     0
 90
        3
176
     0
 62
     5
420
      255
176
     0
290
     0
176
     0
 90
       50
176
     0
 90
       50
176
     0
 90
       50
176
     0
290
     0
176
     0
 90
       50
176
     0
 62
   256
176
     0
 40
1.0
176
     0
 90
        2
176
     0
  1
strokes_ogs.tif
176
     0
290
     0
176
     0
 40
1.0
176
     0
 40
1.0
176
     0
1001
ACAD
1000
AcDbSavedByObjectVersion
1070
     0
  0
VISUALSTYLE
  5
37
102
{ACAD_REACTORS
330
29
102
}
330
29
100
AcDbVisualStyle
  2
Linepattern
 70
    14
177
     3
291
     1
 70
    58
 90
        2
176
     1
 90
        2
176
     1
 90
        0
176
     1
 90
        0
176
     1
 40
0.6
176
     1
 40
30.0
176
     1
 62
     7
420
 16777215
176
     1
 90
        1
176
     1
 90
        4
176
     1
 62
     7
176
     1
 62
   257
176
     1
 90
        7
176
     1
 90
        7
176
     1
 40
1.0
176
     1
 90
        8
176
     1
 62
     7
176
     1
 40
1.0
176
     1
 90
        1
176
     1
 90
        6
176
     1
 90
        2
176
     1
 62
     7
176
     1
 90
        5
176
     1
 90
        0
176
     1
 90
        0
176
     1
290
     0
176
     1
 90
        1
176
     1
 40
0.0
176
     1
 90
        0
176
     1
290
     0
176
     1
290
     1
176
     1
290
     1
176
     1
290
     0
176
     1
290
     0
176
     1
290
     0
176
     1
290
     0
176
     1
290
     0
176
     1
290
     0
176
     1
 90
       50
176
     1
 40
0.0
176
     1
 40
1.0
176
     1
 90
        0
176
     1
 62
    18
420
        0
176
     1
 90
       50
176
     1
 90
        3
176
     1
 62
     5
420
      255
176
     1
290
     0
176
     1
 90
       50
176
     1
 90
       50
176
     1
 90
       50
176
     1
290
     0
176
     1
 90
       50
176
     1
 62
   256
176
     0
 40
1.0
176
     0
 90
        2
176
     1
  1
strokes_ogs.tif
176
     1
290
     0
176
     1
 40
1.0
176
     1
 40
1.0
176
     1
1001
ACAD
1000
AcDbSavedByObjectVersion
1070
     0
  0
VISUALSTYLE
  5
40
102
{ACAD_REACTORS
330
29
102
}
330
29
100
AcDbVisualStyle
  2
OverhangOff
 70
    21
177
     3
291
     1
 70
    58
 90
        2
176
     0
 90
        2
176
     0
 90
        0
176
     0
 90
        0
176
     0
 40
0.6
176
     0
 40
30.0
176
     0
 62
     7
420
 16777215
176
     0
 90
        1
176
     0
 90
        4
176
     0
 62
     7
176
     0
 62
   257
176
     0
 90
        1
176
     0
 90
        1
176
     0
 40
1.0
176
     0
 90
        9
176
     2
 62
     7
176
     0
 40
1.0
176
     0
 90
        1
176
     0
 90
        6
176
     0
 90
        2
176
     0
 62
     7
176
     0
 90
        5
176
     0
 90
        0
176
     0
 90
        0
176
     0
290
     0
176
     0
 90
        1
176
     0
 40
0.0
176
     0
 90
        0
176
     0
290
     0
176
     0
290
     1
176
     0
290
     1
176
     0
290
     0
176
     0
290
     0
176
     0
290
     0
176
     0
290
     0
176
     0
290
     0
176
     0
290
     0
176
     0
 90
       50
176
     0
 40
0.0
176
     0
 40
1.0
176
     0
 90
        0
176
     0
 62
    18
420
        0
176
     0
 90
       50
176
     0
 90
        3
176
     0
 62
     5
420
      255
176
     0
290
     0
176
     0
 90
       50
176
     0
 90
       50
176
     0
 90
       50
176
     0
290
     0
176
     0
 90
       50
176
     0
 62
   256
176
     0
 40
1.0
176
     0
 90
        2
176
     0
  1
strokes_ogs.tif
176
     0
290
     0
176
     0
 40
1.0
176
     0
 40
1.0
176
     0
1001
ACAD
1000
AcDbSavedByObjectVersion
1070
     0
  0
VISUALSTYLE
  5
33
102
{ACAD_REACTORS
330
29
102
}
330
29
100
AcDbVisualStyle
  2
Realistic
 70
     8
177
     3
291
     0
 70
    58
 90
        2
176
     1
 90
        3
176
     1
 90
        0
176
     1
 90
        2
176
     1
 40
0.6
176
     1
 40
30.0
176
     1
 62
     7
420
 16777215
176
     1
 90
        0
176
     1
 90
        0
176
     1
 62
     7
176
     1
 62
   257
176
     1
 90
        1
176
     1
 90
        1
176
     1
 40
1.0
176
     1
 90
        8
176
     1
 62
   257
176
     1
 40
1.0
176
     1
 90
        1
176
     1
 90
        6
176
     1
 90
        2
176
     1
 62
     7
176
     1
 90
        3
176
     1
 90
        0
176
     1
 90
        0
176
     1
290
     0
176
     1
 90
       13
176
     1
 40
0.0
176
     1
 90
        0
176
     1
290
     0
176
     1
290
     1
176
     1
290
     1
176
     1
290
     0
176
     1
290
     0
176
     1
290
     0
176
     1
290
     0
176
     1
290
     0
176
     1
290
     0
176
     1
 90
       50
176
     1
 40
0.0
176
     1
 40
1.0
176
     1
 90
        0
176
     1
 62
    18
420
        0
176
     1
 90
       50
176
     1
 90
        3
176
     1
 62
     5
420
      255
176
     1
290
     0
176
     1
 90
       50
176
     1
 90
       50
176
     1
 90
       50
176
     1
290
     0
176
     1
 90
       50
176
     1
 62
   256
176
     0
 40
1.0
176
     0
 90
        2
176
     1
  1
strokes_ogs.tif
176
     1
290
     0
176
     1
 40
1.0
176
     1
 40
1.0
176
     1
1001
ACAD
1000
AcDbSavedByObjectVersion
1070
     0
  0
VISUALSTYLE
  5
3E
102
{ACAD_REACTORS
330
29
102
}
330
29
100
AcDbVisualStyle
  2
Shaded
 70
    27
177
     3
291
     0
 70
    58
 90
        2
176
     1
 90
        2
176
     1
 90
        1
176
     1
 90
        2
176
     1
 40
0.6
176
     1
 40
30.0
176
     1
 62
     7
420
 16777215
176
     1
 90
        0
176
     1
 90
        4
176
     1
 62
     7
176
     1
 62
   257
176
     1
 90
        1
176
     1
 90
        1
176
     1
 40
1.0
176
     1
 90
        8
176
     1
 62
   257
176
     1
 40
1.0
176
     1
 90
        1
176
     1
 90
        6
176
     1
 90
        2
176
     1
 62
     8
420
  7895160
176
     1
 90
        3
176
     1
 90
        0
176
     1
 90
        0
176
     1
290
     0
176
     1
 90
        5
176
     1
 40
0.0
176
     1
 90
        0
176
     1
290
     0
176
     1
290
     1
176
     1
290
     1
176
     1
290
     0
176
     1
290
     0
176
     1
290
     0
176
     1
290
     0
176
     1
290
     0
176
     1
290
     0
176
     1
 90
       50
176
     1
 40
0.0
176
     1
 40
1.0
176
     1
 90
        0
176
     1
 62
    18
420
        0
176
     1
 90
       50
176
     1
 90
        3
176
     1
 62
     5
420
      255
176
     1
290
     0
176
     1
 90
       50
176
     1
 90
       50
176
     1
 90
       50
176
     1
290
     0
176
     1
 90
       50
176
     1
 62
   256
176
     0
 40
1.0
176
     0
 90
        2
176
     1
  1
strokes_ogs.tif
176
     1
290
     0
176
     1
 40
1.0
176
     1
 40
1.0
176
     1
1001
ACAD
1000
AcDbSavedByObjectVersion
1070
     0
  0
VISUALSTYLE
  5
3D
102
{ACAD_REACTORS
330
29
102
}
330
29
100
AcDbVisualStyle
  2
Shaded with edges
 70
    26
177
     3
291
     0
 70
    58
 90
        2
176
     1
 90
        2
176
     1
 90
        1
176
     1
 90
        2
176
     1
 40
0.6
176
     1
 40
30.0
176
     1
 62
     7
420
 16777215
176
     1
 90
        1
176
     1
 90
        2
176
     1
 62
     7
176
     1
 62
   257
176
     1
 90
        2
176
     1
 90
        1
176
     1
 40
1.0
176
     1
 90
        8
176
     1
 62
   257
176
     1
 40
1.0
176
     1
 90
        1
176
     1
 90
        6
176
     1
 90
        2
176
     1
 62
     7
176
     1
 90
        3
176
     1
 90
        0
176
     1
 90
        0
176
     1
290
     0
176
     1
 90
        5
176
     1
 40
0.0
176
     1
 90
        0
176
     1
290
     0
176
     1
290
     1
176
     1
290
     1
176
     1
290
     0
176
     1
290
     0
176
     1
290
     0
176
     1
290
     0
176
     1
290
     0
176
     1
290
     0
176
     1
 90
       50
176
     1
 40
0.0
176
     1
 40
1.0
176
     1
 90
        0
176
     1
 62
    18
420
        0
176
     1
 90
       50
176
     1
 90
        3
176
     1
 62
     5
420
      255
176
     1
290
     0
176
     1
 90
       50
176
     1
 90
       50
176
     1
 90
       50
176
     1
290
     0
176
     1
 90
       50
176
     1
 62
   256
176
     0
 40
1.0
176
     0
 90
        2
176
     1
  1
strokes_ogs.tif
176
     1
290
     0
176
     1
 40
1.0
176
     1
 40
1.0
176
     1
1001
ACAD
1000
AcDbSavedByObjectVersion
1070
     0
  0
VISUALSTYLE
  5
3A
102
{ACAD_REACTORS
330
29
102
}
330
29
100
AcDbVisualStyle
  2
Shades of Gray
 70
    23
177
     3
291
     0
 70
    58
 90
        2
176
     1
 90
        2
176
     1
 90
        3
176
     1
 90
        0
176
     1
 40
0.6
176
     1
 40
30.0
176
     1
 62
     7
420
 16777215
176
     1
 90
        2
176
     1
 90
        2
176
     1
 62
     7
176
     1
 62
     7
176
     1
 90
        1
176
     1
 90
        1
176
     1
 40
40.0
176
     1
 90
        8
176
     1
 62
     7
176
     1
 40
1.0
176
     1
 90
        1
176
     1
 90
        6
176
     1
 90
        2
176
     1
 62
     7
176
     1
 90
        3
176
     1
 90
        0
176
     1
 90
        0
176
     1
290
     0
176
     1
 90
        1
176
     1
 40
0.0
176
     1
 90
        0
176
     1
290
     0
176
     1
290
     1
176
     1
290
     1
176
     1
290
     0
176
     1
290
     0
176
     1
290
     0
176
     1
290
     0
176
     1
290
     0
176
     1
290
     0
176
     1
 90
       50
176
     1
 40
0.0
176
     1
 40
1.0
176
     1
 90
        0
176
     1
 62
    18
420
        0
176
     1
 90
       50
176
     1
 90
        3
176
     1
 62
     5
420
      255
176
     1
290
     0
176
     1
 90
       50
176
     1
 90
       50
176
     1
 90
       50
176
     1
290
     0
176
     1
 90
       50
176
     1
 62
   256
176
     0
 40
1.0
176
     0
 90
        2
176
     1
  1
strokes_ogs.tif
176
     1
290
     0
176
     1
 40
1.0
176
     1
 40
1.0
176
     1
1001
ACAD
1000
AcDbSavedByObjectVersion
1070
     0
  0
VISUALSTYLE
  5
3B
102
{ACAD_REACTORS
330
29
102
}
330
29
100
AcDbVisualStyle
  2
Sketchy
 70
    24
177
     3
291
     0
 70
    58
 90
        1
176
     1
 90
        2
176
     1
 90
        2
176
     1
 90
        0
176
     1
 40
0.6
176
     1
 40
30.0
176
     1
 62
     7
420
 16777215
176
     1
 90
        2
176
     1
 90
        2
176
     1
 62
     7
176
     1
 62
     7
176
     1
 90
        1
176
     1
 90
        1
176
     1
 40
40.0
176
     1
 90
       11
176
     1
 62
     7
176
     1
 40
1.0
176
     1
 90
        1
176
     1
 90
        6
176
     1
 90
        2
176
     1
 62
     7
176
     1
 90
        6
176
     1
 90
        0
176
     1
 90
        0
176
     1
290
     0
176
     1
 90
        1
176
     1
 40
0.0
176
     1
 90
        0
176
     1
290
     0
176
     1
290
     1
176
     1
290
     1
176
     1
290
     0
176
     1
290
     0
176
     1
290
     0
176
     1
290
     0
176
     1
290
     0
176
     1
290
     0
176
     1
 90
       50
176
     1
 40
0.0
176
     1
 40
1.0
176
     1
 90
        0
176
     1
 62
    18
420
        0
176
     1
 90
       50
176
     1
 90
        3
176
     1
 62
     5
420
      255
176
     1
290
     0
176
     1
 90
       50
176
     1
 90
       50
176
     1
 90
       50
176
     1
290
     0
176
     1
 90
       50
176
     1
 62
   256
176
     0
 40
1.0
176
     0
 90
        2
176
     1
  1
strokes_ogs.tif
176
     1
290
     0
176
     1
 40
1.0
176
     1
 40
1.0
176
     1
1001
ACAD
1000
AcDbSavedByObjectVersion
1070
     0
  0
VISUALSTYLE
  5
36
102
{ACAD_REACTORS
330
29
102
}
330
29
100
AcDbVisualStyle
  2
Thicken
 70
    13
177
     3
291
     1
 70
    58
 90
        2
176
     1
 90
        2
176
     1
 90
        0
176
     1
 90
        0
176
     1
 40
0.6
176
     1
 40
30.0
176
     1
 62
     7
420
 16777215
176
     1
 90
        1
176
     1
 90
        4
176
     1
 62
     7
176
     1
 62
   257
176
     1
 90
        1
176
     1
 90
        1
176
     1
 40
1.0
176
     1
 90
       12
176
     1
 62
     7
176
     1
 40
1.0
176
     1
 90
        1
176
     1
 90
        6
176
     1
 90
        2
176
     1
 62
     7
176
     1
 90
        5
176
     1
 90
        0
176
     1
 90
        0
176
     1
290
     0
176
     1
 90
        1
176
     1
 40
0.0
176
     1
 90
        0
176
     1
290
     0
176
     1
290
     1
176
     1
290
     1
176
     1
290
     0
176
     1
290
     0
176
     1
290
     0
176
     1
290
     0
176
     1
290
     0
176
     1
290
     0
176
     1
 90
       50
176
     1
 40
0.0
176
     1
 40
1.0
176
     1
 90
        0
176
     1
 62
    18
420
        0
176
     1
 90
       50
176
     1
 90
        3
176
     1
 62
     5
420
      255
176
     1
290
     0
176
     1
 90
       50
176
     1
 90
       50
176
     1
 90
       50
176
     1
290
     0
176
     1
 90
       50
176
     1
 62
   256
176
     0
 40
1.0
176
     0
 90
        2
176
     1
  1
strokes_ogs.tif
176
     1
290
     0
176
     1
 40
1.0
176
     1
 40
1.0
176
     1
1001
ACAD
1000
AcDbSavedByObjectVersion
1070
     0
  0
VISUALSTYLE
  5
30
102
{ACAD_REACTORS
330
29
102
}
330
29
100
AcDbVisualStyle
  2
Wireframe
 70
     5
177
     3
291
     0
 70
    58
 90
        0
176
     1
 90
        2
176
     1
 90
        0
176
     1
 90
        0
176
     1
 40
0.6
176
     1
 40
30.0
176
     1
 62
     7
420
 16777215
176
     1
 90
        1
176
     1
 90
        4
176
     1
 62
     7
176
     1
 62
   257
176
     1
 90
        1
176
     1
 90
        1
176
     1
 40
1.0
176
     1
 90
        0
176
     1
 62
   257
176
     1
 40
1.0
176
     1
 90
        1
176
     1
 90
        6
176
     1
 90
        2
176
     1
 62
     7
176
     1
 90
        3
176
     1
 90
        0
176
     1
 90
        0
176
     1
290
     0
176
     1
 90
        1
176
     1
 40
0.0
176
     1
 90
        0
176
     1
290
     0
176
     1
290
     1
176
     1
290
     1
176
     1
290
     0
176
     1
290
     0
176
     1
290
     0
176
     1
290
     0
176
     1
290
     0
176
     1
290
     0
176
     1
 90
       50
176
     1
 40
0.0
176
     1
 40
1.0
176
     1
 90
        0
176
     1
 62
    18
420
        0
176
     1
 90
       50
176
     1
 90
        3
176
     1
 62
     5
420
      255
176
     1
290
     0
176
     1
 90
       50
176
     1
 90
       50
176
     1
 90
       50
176
     1
290
     0
176
     1
 90
       50
176
     1
 62
   256
176
     0
 40
1.0
176
     0
 90
        2
176
     1
  1
strokes_ogs.tif
176
     1
290
     0
176
     1
 40
1.0
176
     1
 40
1.0
176
     1
1001
ACAD
1000
AcDbSavedByObjectVersion
1070
     0
  0
VISUALSTYLE
  5
3C
102
{ACAD_REACTORS
330
29
102
}
330
29
100
AcDbVisualStyle
  2
X-Ray
 70
    25
177
     3
291
     0
 70
    58
 90
        2
176
     1
 90
        2
176
     1
 90
        1
176
     1
 90
        1
176
     1
 40
0.5
176
     1
 40
30.0
176
     1
 62
     7
420
 16777215
176
     1
 90
        1
176
     1
 90
        0
176
     1
 62
     7
176
     1
 62
   257
176
     1
 90
        1
176
     1
 90
        1
176
     1
 40
1.0
176
     1
 90
        8
176
     1
 62
     7
176
     1
 40
1.0
176
     1
 90
        1
176
     1
 90
        6
176
     1
 90
        2
176
     1
 62
     7
176
     1
 90
        3
176
     1
 90
        0
176
     1
 90
        0
176
     1
290
     0
176
     1
 90
       13
176
     1
 40
0.0
176
     1
 90
        0
176
     1
290
     0
176
     1
290
     1
176
     1
290
     1
176
     1
290
     0
176
     1
290
     0
176
     1
290
     0
176
     1
290
     0
176
     1
290
     0
176
     1
290
     0
176
     1
 90
       50
176
     1
 40
0.0
176
     1
 40
1.0
176
     1
 90
        0
176
     1
 62
    18
420
        0
176
     1
 90
       50
176
     1
 90
        3
176
     1
 62
     5
420
      255
176
     1
290
     0
176
     1
 90
       50
176
     1
 90
       50
176
     1
 90
       50
176
     1
290
     0
176
     1
 90
       50
176
     1
 62
   256
176
     0
 40
1.0
176
     0
 90
        2
176
     1
  1
strokes_ogs.tif
176
     1
290
     0
176
     1
 40
1.0
176
     1
 40
1.0
176
     1
1001
ACAD
1000
AcDbSavedByObjectVersion
1070
     0
  0
DICTIONARYVAR
  5
50D
102
{ACAD_REACTORS
330
508
102
}
330
508
100
DictionaryVariables
280
     0
  1
0
  0
DICTIONARYVAR
  5
50E
102
{ACAD_REACTORS
330
508
102
}
330
508
100
DictionaryVariables
280
     0
  1
1:1
  0
DICTIONARYVAR
  5
50A
102
{ACAD_REACTORS
330
508
102
}
330
508
100
DictionaryVariables
280
     0
  1
STANDARD
  0
DICTIONARYVAR
  5
509
102
{ACAD_REACTORS
330
508
102
}
330
508
100
DictionaryVariables
280
     0
  1
STANDARD
  0
DICTIONARYVAR
  5
50B
102
{ACAD_REACTORS
330
508
102
}
330
508
100
DictionaryVariables
280
     0
  1
Imperial24
  0
DICTIONARYVAR
  5
50C
102
{ACAD_REACTORS
330
508
102
}
330
508
100
DictionaryVariables
280
     0
  1
Imperial24
  0
DICTIONARY
  5
514
330
6B
100
AcDbDictionary
280
     1
281
     1
  3
ACAD_XREC_ROUNDTRIP
360
515
  0
DICTIONARY
  5
1A
330
19
100
AcDbDictionary
280
     1
281
     1
  3
BUMPTILE
360
1C
  3
DIFFUSETILE
360
1B
  3
OPACITYTILE
360
1F
  3
REFLECTIONTILE
360
1E
  3
REFRACTIONTILE
360
20
  3
SPECULARTILE
360
1D
  0
DICTIONARY
  5
12
330
11
100
AcDbDictionary
280
     1
281
     1
  3
BUMPTILE
360
14
  3
DIFFUSETILE
360
13
  3
OPACITYTILE
360
17
  3
REFLECTIONTILE
360
16
  3
REFRACTIONTILE
360
18
  3
SPECULARTILE
360
15
  0
DICTIONARY
  5
22
330
21
100
AcDbDictionary
280
     1
281
     1
  3
BUMPTILE
360
24
  3
DIFFUSETILE
360
23
  3
OPACITYTILE
360
27
  3
REFLECTIONTILE
360
26
  3
REFRACTIONTILE
360
28
  3
SPECULARTILE
360
25
  0
DICTIONARY
  5
512
330
69
100
AcDbDictionary
280
     1
281
     1
  3
ACAD_XREC_ROUNDTRIP
360
513
  0
DICTIONARY
  5
50F
330
65
100
AcDbDictionary
280
     1
281
     1
  3
ACAD_ROUNDTRIP_2008_TABLESTYLE_CELLSTYLEMAP
360
510
  0
XRECORD
  5
515
102
{ACAD_REACTORS
330
514
102
}
330
514
100
AcDbXrecord
280
     1
102
DISPLAYNAME
  1
Imperial24
102
FLAGS
 90
        0
  0
XRECORD
  5
1C
102
{ACAD_REACTORS
330
1A
102
}
330
1A
100
AcDbXrecord
280
     1
270
     1
271
     1
  0
XRECORD
  5
1B
102
{ACAD_REACTORS
330
1A
102
}
330
1A
100
AcDbXrecord
280
     1
270
     1
271
     1
  0
XRECORD
  5
1F
102
{ACAD_REACTORS
330
1A
102
}
330
1A
100
AcDbXrecord
280
     1
270
     1
271
     1
  0
XRECORD
  5
1E
102
{ACAD_REACTORS
330
1A
102
}
330
1A
100
AcDbXrecord
280
     1
270
     1
271
     1
  0
XRECORD
  5
20
102
{ACAD_REACTORS
330
1A
102
}
330
1A
100
AcDbXrecord
280
     1
270
     1
271
     1
  0
XRECORD
  5
1D
102
{ACAD_REACTORS
330
1A
102
}
330
1A
100
AcDbXrecord
280
     1
270
     1
271
     1
  0
XRECORD
  5
14
102
{ACAD_REACTORS
330
12
102
}
330
12
100
AcDbXrecord
280
     1
270
     1
271
     1
  0
XRECORD
  5
13
102
{ACAD_REACTORS
330
12
102
}
330
12
100
AcDbXrecord
280
     1
270
     1
271
     1
  0
XRECORD
  5
17
102
{ACAD_REACTORS
330
12
102
}
330
12
100
AcDbXrecord
280
     1
270
     1
271
     1
  0
XRECORD
  5
16
102
{ACAD_REACTORS
330
12
102
}
330
12
100
AcDbXrecord
280
     1
270
     1
271
     1
  0
XRECORD
  5
18
102
{ACAD_REACTORS
330
12
102
}
330
12
100
AcDbXrecord
280
     1
270
     1
271
     1
  0
XRECORD
  5
15
102
{ACAD_REACTORS
330
12
102
}
330
12
100
AcDbXrecord
280
     1
270
     1
271
     1
  0
XRECORD
  5
24
102
{ACAD_REACTORS
330
22
102
}
330
22
100
AcDbXrecord
280
     1
270
     1
271
     1
  0
XRECORD
  5
23
102
{ACAD_REACTORS
330
22
102
}
330
22
100
AcDbXrecord
280
     1
270
     1
271
     1
  0
XRECORD
  5
27
102
{ACAD_REACTORS
330
22
102
}
330
22
100
AcDbXrecord
280
     1
270
     1
271
     1
  0
XRECORD
  5
26
102
{ACAD_REACTORS
330
22
102
}
330
22
100
AcDbXrecord
280
     1
270
     1
271
     1
  0
XRECORD
  5
28
102
{ACAD_REACTORS
330
22
102
}
330
22
100
AcDbXrecord
280
     1
270
     1
271
     1
  0
XRECORD
  5
25
102
{ACAD_REACTORS
330
22
102
}
330
22
100
AcDbXrecord
280
     1
270
     1
271
     1
  0
XRECORD
  5
513
102
{ACAD_REACTORS
330
512
102
}
330
512
100
AcDbXrecord
280
     1
102
DISPLAYNAME
  1
Imperial24
102
FLAGS
 90
        0
  0
CELLSTYLEMAP
  5
510
102
{ACAD_REACTORS
330
50F
102
}
330
50F
100
AcDbCellStyleMap
 90
        3
300
CELLSTYLE
  1
TABLEFORMAT_BEGIN
 90
        5
170
     1
 91
        0
 92
    32768
 62
   257
 93
        1
300
CONTENTFORMAT
  1
CONTENTFORMAT_BEGIN
 90
        0
 91
        0
 92
      512
 93
        0
300

 40
0.0
140
1.0
 94
        5
 62
     0
340
55
144
0.25
309
CONTENTFORMAT_END
171
     1
301
MARGIN
  1
CELLMARGIN_BEGIN
 40
1.5
 40
1.5
 40
1.5
 40
1.5
 40
0.18
 40
0.18
309
CELLMARGIN_END
 94
        0
309
TABLEFORMAT_END
  1
CELLSTYLE_BEGIN
 90
        1
 91
        1
300
_TITLE
309
CELLSTYLE_END
300
CELLSTYLE
  1
TABLEFORMAT_BEGIN
 90
        5
170
     1
 91
        0
 92
        0
 62
   257
 93
        1
300
CONTENTFORMAT
  1
CONTENTFORMAT_BEGIN
 90
        0
 91
        0
 92
      512
 93
        0
300

 40
0.0
140
1.0
 94
        5
 62
     0
340
55
144
0.18
309
CONTENTFORMAT_END
171
     1
301
MARGIN
  1
CELLMARGIN_BEGIN
 40
1.5
 40
1.5
 40
1.5
 40
1.5
 40
0.18
 40
0.18
309
CELLMARGIN_END
 94
        0
309
TABLEFORMAT_END
  1
CELLSTYLE_BEGIN
 90
        2
 91
        1
300
_HEADER
309
CELLSTYLE_END
300
CELLSTYLE
  1
TABLEFORMAT_BEGIN
 90
        5
170
     1
 91
        0
 92
        0
 62
   257
 93
        1
300
CONTENTFORMAT
  1
CONTENTFORMAT_BEGIN
 90
        0
 91
        0
 92
      512
 93
        0
300

 40
0.0
140
1.0
 94
        2
 62
     0
340
55
144
0.18
309
CONTENTFORMAT_END
171
     1
301
MARGIN
  1
CELLMARGIN_BEGIN
 40
1.5
 40
1.5
 40
1.5
 40
1.5
 40
0.18
 40
0.18
309
CELLMARGIN_END
 94
        0
309
TABLEFORMAT_END
  1
CELLSTYLE_BEGIN
 90
        3
 91
        2
300
_DATA
309
CELLSTYLE_END
  0
ENDSEC
  0
EOF
